date,open,close,high,low,volume,total_turnover,open_interest,speculation,factor_id,factor_name,factor_value,daily_return,ret_5,close_rank_20,close_rank_60,oi_ret_5,open_interest_mad_score,volume_mad_score,range_pct,range_mad_score,close_location,crowded_chase_score,signal,position,position_scale
2018-01-02,3917.31118326928,3935.989301179684,3944.1479647656174,3915.6471933122,59048.0,2294692290.0,145717.0,-0.903315712032744,14,uptrend_crowded_chase,0.0,,,,,,,,0.007241069340527686,,0.7137388509195856,0.0,0,1.0,1.0
2018-01-03,3940.3175974782425,3895.016572041342,3948.631727540601,3892.5993833141297,67196.0,2594582890.0,152003.0,-0.816286535545645,14,uptrend_crowded_chase,0.0,-0.01040976638987856,,,,,,,0.014385649763000921,,0.04313916828898907,0.0,0,1.0,1.0
2018-01-04,3899.895359657864,3887.952313912835,3903.548822259914,3860.6339553277294,64829.0,2479841590.0,149876.0,-0.8380552514419177,14,uptrend_crowded_chase,0.0,-0.001813665743867321,,,,,,,0.01103790979601673,,0.6365709726718976,0.0,0,1.0,1.0
2018-01-05,3888.7156204360094,3873.029756738988,3893.984273513355,3871.241328073636,40576.0,1552717600.0,152100.0,-1.3213614404504863,14,uptrend_crowded_chase,0.0,-0.003838153343714512,,,,,,,0.005872132895479836,,0.07863663350432469,0.0,0,1.0,1.0
2018-01-08,3866.34181607485,3797.850739578664,3886.155121584457,3795.29514700716,113466.0,4287520340.0,165094.0,-0.3750117760813744,14,uptrend_crowded_chase,0.0,-0.019410906159322394,,,,,,,0.023924050945555917,,0.028126714578048148,0.0,0,1.0,1.0
2018-01-09,3797.808592517056,3800.229308924485,3811.4158838184367,3795.16261198922,43229.0,1631729380.0,163875.0,-1.3325923757560751,14,uptrend_crowded_chase,3.5995097452252507,0.0006262935299254924,-0.034491961706935914,,,0.1174375575833686,3.5995097452252507,-2.926388803957362,0.004276918708838841,-1.2010581076174378,0.31173396892047434,3.5995097452252507,0,1.0,1.0
2018-01-10,3799.157857221187,3799.708462046998,3816.6885966252494,3782.75554566184,51490.0,1936350960.0,166390.0,-1.172946816369366,14,uptrend_crowded_chase,2.1340530390616483,-0.00013705669714814128,-0.02446924377125148,,,0.09043417293380251,2.1340530390616483,-0.5616831866670922,0.008930435401122485,-0.034687911642568854,0.4995989427369421,2.1340530390616483,0,1.0,1.0
2018-01-11,3806.581727243216,3801.120774504377,3808.714679042477,3787.398806726588,35442.0,1330665940.0,164389.0,-1.534338012854685,14,uptrend_crowded_chase,1.2223918944892442,0.00037168968921852397,-0.0223334887873331,,,0.09242728485556384,1.2223918944892442,-2.5137866600813052,0.005607786118994958,-0.7327908972861307,0.6437441346259354,1.2223918944892442,0,1.0,1.0
2018-01-12,3798.975281157873,3800.343543616794,3813.8826832239088,3761.1406243381753,88440.0,3310382150.0,163985.0,-0.6174506042372856,14,uptrend_crowded_chase,2.418507981868429,-0.00020447413636437428,-0.018767274637051745,0.375,,0.07523676096128362,0.6015748491315301,1.4448656447913146,0.01387823450180475,1.4390006206824828,0.7432952013411587,2.418507981868429,0,1.0,1.0
2018-01-15,3794.343866227576,3780.729048908599,3805.243245848698,3777.2567195933498,55531.0,2082831090.0,165063.0,-1.0893857958332067,14,uptrend_crowded_chase,0.31988689814243615,-0.005161242525334342,-0.0045082579185207194,0.0,,-0.00018778944617814375,0.31988689814243615,-0.1328248133210597,0.007402415220267387,-0.31018485688967323,0.12407146508887237,0.31988689814243615,0,1.0,1.0
2018-01-16,3775.343442841234,3749.658201788607,3794.786903106584,3748.627851999784,62722.0,2336578270.0,166610.0,-0.9769434886521264,14,uptrend_crowded_chase,1.6496336150886368,-0.008218215777446747,-0.013307383061626377,0.0,,0.016551809857112687,0.9956739014566095,0.2784992999150489,0.01231020232318286,1.0294201273490056,0.022321728114364912,1.6496336150886368,0,1.0,1.0
2018-01-17,3751.528450010511,3743.9429067084766,3763.11097230281,3737.481073012977,52828.0,1958590080.0,167743.0,-1.1553916930365238,14,uptrend_crowded_chase,1.5343606826160594,-0.001524217614662704,-0.014676272112855604,0.0,,0.008098615790666841,1.5343606826160594,-0.33377124447706696,0.006845697150965789,-0.5288148444740972,0.2521209163729684,1.5343606826160594,0,1.0,1.0
2018-01-18,3736.474846384448,3763.179022802085,3771.933066825775,3727.451394310712,50242.0,1875778040.0,166476.0,-1.197999824601802,14,uptrend_crowded_chase,1.5566924901714851,0.00513792987044237,-0.009981727483320824,0.16666666666666666,,0.012615584478750108,0.9361755633008856,-0.25012876920202043,0.011820238220275087,0.9077005204078656,0.8031988563216568,1.5566924901714851,0,1.0,1.0
2018-01-19,3760.131580211335,3771.182426267581,3787.40670584903,3750.338506915094,56857.0,2123427360.0,168786.0,-1.088092296670499,14,uptrend_crowded_chase,2.534958792724052,0.002126766602651875,-0.007673284537181635,0.23076923076923078,,0.028856680107121946,1.967211356869759,0.3128705608965058,0.009829330630028187,0.36108584927361825,0.5623127087894267,2.534958792724052,0,1.0,1.0
2018-01-22,3782.681810089021,3766.020217555929,3797.252606469147,3739.3455020172846,73929.0,2751982900.0,170347.0,-0.8347323599817551,14,uptrend_crowded_chase,4.655757511071682,-0.0013688568009055935,-0.0038904748693684432,0.21428571428571427,,0.03151031394222592,2.755505120914941,1.891665830588619,0.01537620647438873,1.4802675211534349,0.4606466821496611,4.655757511071682,0,1.0,1.0
2018-01-23,3765.974886767799,3756.9600905796033,3778.627127681391,3751.92845889388,44264.0,1646157880.0,169133.0,-1.3405136820676302,14,uptrend_crowded_chase,1.1859846601656132,-0.0024057563297430473,0.0019473478376010878,0.13333333333333333,,0.01502963572246152,1.05265132683228,-1.2271246605328636,0.007106455257391907,-0.5612241059446691,0.18846002120064678,1.1859846601656132,0,1.0,1.0
2018-01-24,3764.331046696972,3783.405337311839,3803.273404419015,3756.484596267466,76434.0,2854655410.0,172259.0,-0.8125715348102537,14,uptrend_crowded_chase,3.9641030758083557,0.007039001238939413,0.01054033984670344,0.4375,,0.026566111947875726,2.074466318855437,2.094276397755032,0.012366850490514303,0.8099971161508053,0.5753671039701789,3.9641030758083557,0,1.0,1.0
2018-01-25,3776.048427843842,3754.751290055058,3793.2919201144177,3743.3386637521935,69750.0,2592617930.0,173636.0,-0.9120437332977994,14,uptrend_crowded_chase,2.891796502539118,-0.007573612844015365,-0.002239524799633852,0.11764705882352941,,0.04210999911268587,2.099870593183718,0.8321084172305228,0.013304012037902982,0.5164492838332188,0.22846611280170243,2.891796502539118,0,1.0,1.0
2018-01-26,3749.9181971395255,3750.435630748788,3766.821999100336,3736.364524334408,54214.0,2002012480.0,174602.0,-1.1695699204193617,14,uptrend_crowded_chase,2.2811336481174154,-0.0011493861970832686,-0.005501403319628451,0.1111111111111111,,0.0338774577599672,2.170022537006304,-0.39756767049681546,0.008121049863172058,-1.314087258050435,0.46199189271333546,2.2811336481174154,0,1.0,1.0
2018-01-29,3756.255808904607,3711.0213327724296,3757.3456034005017,3697.548560001312,92627.0,3398308640.0,180661.0,-0.6680416711401992,14,uptrend_crowded_chase,5.343285294265015,-0.01050925861870855,-0.01460398022483067,0.0,,0.05878481381536993,3.135459673201961,3.039180028749527,0.016113365577048937,1.3764712133765815,0.22530834310948622,5.343285294265015,0,1.0,1.0
2018-01-30,3715.139539265508,3719.250097025318,3726.802616313285,3705.34783813133,43986.0,1615575300.0,175212.0,-1.3821252678379228,14,uptrend_crowded_chase,1.3339183260453944,0.0022173853273812494,-0.01003736868241989,0.05,0.05,0.035311281643988224,1.2839183260453944,-1.2572376411099935,0.005768576358743612,-1.5313225870408576,0.6479796144283165,1.3339183260453944,0,1.0,1.0
2018-01-31,3719.768302287358,3718.947389725375,3726.792311555495,3686.0488308499353,70579.0,2572392940.0,175403.0,-0.9103535337275276,14,uptrend_crowded_chase,1.3621489030969975,-8.138933710999385e-05,-0.017037018727753428,0.05,0.047619047619047616,0.018087025388684452,0.9424401364680299,0.7119289657725517,0.0109556485843615,0.027488567485383468,0.8074557771140718,1.3621489030969975,0,1.0,1.0
2018-02-01,3727.292730519721,3717.5921356977647,3731.689511404357,3706.195928840232,44677.0,1642704320.0,173798.0,-1.3584348774745656,14,uptrend_crowded_chase,0.2766185610245452,-0.0003644187146488731,-0.009896568770270897,0.05,0.045454545454545456,0.0009325512859437168,0.2266185610245452,-1.3078103085377435,0.006857552317083232,-1.1791353361244687,0.4470225724010067,0.2766185610245452,0,1.0,1.0
2018-02-02,3721.624442185426,3720.728670708265,3727.7991186697423,3689.472826989243,55878.0,2040637800.0,175838.0,-1.146392373846709,14,uptrend_crowded_chase,1.098114066926579,0.000843700679367787,-0.007920935849948685,0.2,0.17391304347826086,0.007054018520664229,0.8981140669265789,-0.4554983432108937,0.010300748878096396,-0.01996860253887904,0.8155196432668468,1.098114066926579,0,1.0,1.0
2018-02-05,3736.791607826166,3768.035754235275,3801.160457678015,3732.915753689869,117779.0,4378494940.0,172539.0,-0.3818133107995921,14,uptrend_crowded_chase,2.56706319410322,0.012714467437370258,0.015363539131221016,0.6,0.5,-0.04599904909185071,-0.7952905293558243,2.3052896689294524,0.01811147994321423,1.628836719276987,0.514618695562168,2.56706319410322,0,1.0,1.0
2018-02-06,3771.4485202844585,3777.800283634744,3785.29443858101,3756.0203477876,53166.0,1972760250.0,170642.0,-1.1661487003825302,14,uptrend_crowded_chase,0.7,0.00259141102588889,0.01574247095032799,0.7,0.56,-0.026428874631676536,-1.7132527022967536,-0.40352463930408433,0.007748977869535436,-0.626701112731609,0.7440004200590591,0.7,0,1.0,1.0
2018-02-07,3784.130637745253,3762.095033071627,3788.356218309532,3749.0870079939978,70836.0,2638802900.0,169783.0,-0.8741538050329442,14,uptrend_crowded_chase,0.7347159024200207,-0.004157247441362033,0.01160211178718451,0.5,0.38461538461538464,-0.03256503247514608,-2.1322863580740616,0.4694318048400415,0.010438122899695092,-0.04615791300378541,0.33125252514903225,0.7347159024200207,0,1.0,1.0
2018-02-08,3755.493261519061,3772.841737735121,3782.168345700567,3752.732745000944,51035.0,1896593100.0,168265.0,-1.1930284457415412,14,uptrend_crowded_chase,0.75,0.0028565744801827275,0.014861663146644943,0.75,0.5555555555555556,-0.03235358768821506,-2.878000855452347,-0.901016120884804,0.0078019707016106265,-0.6234818693077555,0.6831521102416204,0.75,0,1.0,1.0
2018-02-09,3774.6516969448458,3791.0213498408993,3815.958394753467,3767.5976220236817,73232.0,2723882390.0,161219.0,-0.7891312052205527,14,uptrend_crowded_chase,2.1408899757436926,0.004818546170105575,0.018892180901558087,0.95,0.6785714285714286,-0.08679942748244507,-5.515472166651992,0.8901499066452434,0.01275666061121364,1.4916300448421416,0.4843538780510643,2.1408899757436926,0,1.0,1.0
2018-02-12,3791.72138378807,3839.5362849803137,3845.191361518701,3777.0618309327824,68932.0,2585945490.0,160769.0,-0.8468480406702606,14,uptrend_crowded_chase,2.126844438564688,0.01279732575007797,0.018975544662672705,1.0,0.8620689655172413,-0.070654745784541,-3.341046617434023,0.3360754259911534,0.01774420803169146,1.9176134511382223,0.916995222339664,2.126844438564688,0,1.0,1.0
2018-02-13,3850.91807658612,3857.932117733205,3869.0997598328186,3832.5536742942622,68574.0,2599971160.0,152956.0,-0.8022368441900266,14,uptrend_crowded_chase,1.2101488557936526,0.004791160022332042,0.02121124148504827,1.0,0.8666666666666667,-0.10941749634220699,-3.8327293999037426,0.420297711587305,0.009472972676364667,-0.23310142761217476,0.6944230295791397,1.2101488557936526,0,1.0,1.0
2018-02-14,3854.273550783882,3817.072889035114,3859.863093797624,3809.129619531879,45207.0,1700907620.0,145893.0,-1.171621534206459,14,uptrend_crowded_chase,1.2977447753294127,-0.010590966209664376,0.01461362764103269,0.9,0.8064516129032258,-0.15164767476890972,-4.086656927858836,-2.0911674568917573,0.01329119871184053,0.7954895506588253,0.1565686091519644,1.2977447753294127,0,1.0,1.0
2018-02-22,3793.0538030610087,3810.959051104169,3821.791940772655,3779.094854823773,59071.0,2200994210.0,149479.0,-0.9284158044936738,14,uptrend_crowded_chase,0.9584724274366836,-0.0016017084579410534,0.010103077737877664,0.85,0.78125,-0.11838420286027151,-2.459446031064214,-0.19716545027661736,0.011203764033232299,0.2169448548733672,0.7462850349680645,0.9584724274366836,0,1.0,1.0
2018-02-23,3804.7356998811374,3888.035445017405,3890.175636514821,3801.613833353366,103132.0,3908981660.0,161151.0,-0.4463320925018271,14,uptrend_crowded_chase,4.034196302465519,0.02022493363997291,0.025590490325404502,1.0,0.9393939393939394,-0.00042187549094840904,-0.35929152698463407,2.407476789120557,0.022778033897542946,3.660915815810482,0.9758339213857913,4.034196302465519,0,1.0,1.0
2018-02-26,3899.275073131264,3902.533092842225,3917.721867346367,3884.193780644021,65765.0,2533973780.0,158010.0,-0.8765705402426657,14,uptrend_crowded_chase,1.0,0.003728784891454451,0.016407400057226962,1.0,0.9705882352941176,-0.01731022992618314,-0.2571332574705518,-0.14658319998095098,0.008591365122269233,-0.6837940396749902,0.5469835592175516,1.0,0,1.0,1.0
2018-02-27,3904.999253117286,3883.083794495962,3906.912386859928,3865.876712672208,50330.0,1920430900.0,160464.0,-1.1594682975575838,14,uptrend_crowded_chase,0.9,-0.004983762567429717,0.00651947105215922,0.9,0.8571428571428571,0.047919320012308475,-0.04363536427969993,-1.8104193993373452,0.010567805476123257,-0.07265756629637131,0.41932007123945864,0.9,0,1.0,1.0
2018-02-28,3878.377164374183,3882.1817859629127,3892.839514325407,3867.922410677567,44109.0,1681237820.0,158010.0,-1.275994478899778,14,uptrend_crowded_chase,0.85,-0.0002322918022855669,0.017057284160024944,0.85,0.8333333333333334,0.07978484585282075,-0.35098181983487775,-2.6386536256096393,0.006418324803319285,-1.4468411485067627,0.5722725837993577,0.85,0,1.0,1.0
2018-03-01,3883.711367032188,3867.758684497748,3904.046534028008,3866.386080421177,71838.0,2771190020.0,159422.0,-0.7971411904356772,14,uptrend_crowded_chase,1.1311182651207483,-0.0037152050729090114,0.014904288561463863,0.8,0.7837837837837838,0.06439885966170777,0.06589554629140601,0.5304454376586846,0.009737022570145474,-0.329726345971099,0.036446828041444314,1.1311182651207483,0,1.0,1.0
2018-03-02,3861.91251802169,3884.721416283507,3898.9857389612566,3858.512022817026,81612.0,3151227030.0,159855.0,-0.6722908443595274,14,uptrend_crowded_chase,1.8557662798421375,0.004385674797589223,-0.0008523658749420848,0.9,0.868421052631579,-0.008074659299861509,0.3437887568769985,1.2239550459302782,0.01041869205204213,-0.15127364312129643,0.6475657775797593,1.8557662798421375,0,1.0,1.0
2018-03-05,3848.174812018086,3804.170400582856,3850.417973558168,3803.493995810729,100584.0,3787977980.0,153726.0,-0.4241785976502792,14,uptrend_crowded_chase,1.7680870505453292,-0.020735339054946622,-0.02520483232795112,0.5,0.6410256410256411,-0.027486525222247593,-1.8081534435454747,1.6860070943506844,0.012334877990809661,0.8501670067399738,0.014414906932396346,1.7680870505453292,0,1.0,1.0
2018-03-06,3782.893705147951,3818.6230168875736,3830.374111235309,3766.784657731756,87723.0,3275922000.0,148630.0,-0.5272758734695112,14,uptrend_crowded_chase,2.424417376080716,0.003799150611787372,-0.016600408597866934,0.6,0.7,-0.07660962218504785,-2.3523553288078842,0.7456438955497261,0.0166524564541547,2.9031908566117055,0.8152037216819472,2.424417376080716,0,1.0,1.0
2018-03-07,3822.5093132643465,3795.823790471708,3833.713396538064,3791.049534183175,56192.0,2093563320.0,148715.0,-0.9732573246094368,14,uptrend_crowded_chase,0.4637642265165738,-0.00597053605842679,-0.022244706778918877,0.4,0.4878048780487805,-0.06062659954131888,-2.3303791756077703,-0.4891940210263773,0.011239684640257486,0.12752845303314753,0.11190398677033328,0.4637642265165738,0,1.0,1.0
2018-03-08,3800.070089682476,3800.7331932056254,3820.84313037138,3795.998153676139,45854.0,1711431860.0,146533.0,-1.1617882231630303,14,uptrend_crowded_chase,0.4,0.001293369504201225,-0.017329284673515355,0.4,0.5952380952380952,-0.08430411533493931,-2.898537095907993,-1.225954069010198,0.006536890497774309,-2.2582388268159406,0.19058337576921625,0.4,0,1.0,1.0
2018-03-09,3805.665076765609,3804.119161762399,3818.5927103228137,3767.492896454628,79281.0,2970498680.0,146641.0,-0.6149889194660324,14,uptrend_crowded_chase,1.102928028921525,0.0008908724671403689,-0.020748528886331274,0.4,0.627906976744186,-0.08627973141111944,-2.870217196975645,0.34659851078028914,0.013432758463988767,1.059257547062761,0.7167592704398136,1.102928028921525,0,1.0,1.0
2018-03-12,3785.112506247303,3729.9400695264335,3788.41753216078,3721.080826957893,100747.0,3697261570.0,152460.0,-0.4142898428516073,14,uptrend_crowded_chase,1.941105824657693,-0.019499676293420642,-0.019512882768092932,0.0,0.11363636363636363,-0.008269530381031842,-0.5447931394537272,1.1580324659945993,0.01805302604002331,2.724179183320787,0.13156632095151508,1.941105824657693,0,1.0,1.0
2018-03-13,3740.021079782394,3741.036867057352,3750.533746288994,3730.818627129966,41178.0,1515575020.0,151870.0,-1.305120758587626,14,uptrend_crowded_chase,0.05,0.0029750605436209554,-0.020317834331145757,0.05,0.13333333333333333,0.02156489558137409,-0.1498249746348951,-1.418300503278027,0.005269961205844912,-1.9190882473900508,0.5182946065384045,0.05,0,1.0,1.0
2018-03-14,3743.356317142293,3765.324877726372,3767.870304031725,3737.458169116194,48395.0,1786568680.0,151300.0,-1.1398681181932584,14,uptrend_crowded_chase,0.15,0.006492320587079492,-0.00803486000111342,0.15,0.30434782608695654,0.017232898172220956,-0.12711346974559373,-1.0402153489240735,0.00807689532858982,-0.5384082805669198,0.9163022815588967,0.15,0,1.0,1.0
2018-03-15,3769.3018808094025,3761.3771191190535,3777.9185312906698,3744.892988277798,54588.0,2046421710.0,151655.0,-1.0217941258713186,14,uptrend_crowded_chase,0.11611387396249191,-0.001048450993079375,-0.010354863676547144,0.1,0.2553191489361702,0.03435754518368661,0.01611387396249191,-0.7582943028722152,0.008780173316045132,-0.5160855191954864,0.4991327723159872,0.11611387396249191,0,1.0,1.0
2018-03-16,3757.39440608373,3743.001116949208,3760.0509997102295,3734.7707169414016,49380.0,1812690130.0,151305.0,-1.119752183257875,14,uptrend_crowded_chase,0.1,-0.004885445300456648,-0.01606628031727475,0.1,0.14583333333333334,0.03131024424499884,-0.04635313763870179,-0.6834429322566106,0.006754014219860283,-1.0264143131593826,0.3255659789515942,0.1,0,1.0,1.0
2018-03-19,3730.50576189467,3586.635694504276,3731.6180062519866,3579.8585148441,205258.0,7406374000.0,162490.0,0.2336512630157655,14,uptrend_crowded_chase,9.176051114189452,-0.041775414315767034,-0.038420020791473886,0.0,0.0,0.06371419485455654,4.092843806077501,3.6419007397203695,0.04231249124086524,6.524513876503532,0.044657369350041456,9.176051114189452,0,1.0,1.0
2018-03-20,3569.594640480603,3556.351779746153,3591.7419754600432,3537.5895629820047,150551.0,5236548620.0,152297.0,-0.0115306645253578,14,uptrend_crowded_chase,2.2557088754524846,-0.008443543570518353,-0.04936735292225802,0.0,0.0,0.0028076700003865085,0.35534974626854055,2.7801544621988317,0.015226956114533705,1.0205637961690563,0.34647056161639045,2.2557088754524846,0,1.0,1.0
2018-03-21,3556.598416111606,3551.163605573392,3564.4799172354565,3536.8006134568946,65260.0,2252754100.0,152941.0,-0.8516729349413633,14,uptrend_crowded_chase,1.3227981305011831,-0.0014588472946653885,-0.056877236123725305,0.0,0.0,0.010787605312227555,1.0947089813426,0.45617829831716594,0.007794432150386,-0.4333992892573932,0.5189072756816181,1.3227981305011831,0,1.0,1.0
2018-03-22,3549.6499134698583,3574.0958209742275,3591.3468204283363,3546.251415947768,67570.0,2339079230.0,151710.0,-0.8088067061959181,14,uptrend_crowded_chase,0.8122711552695303,0.006457662318020141,-0.04979061982189359,0.1,0.038461538461538464,0.00036259951281536473,-0.05756825389349086,0.30566871641393645,0.012617290285260565,1.1188735941251242,0.6174554890278862,0.8122711552695303,0,1.0,1.0
2018-03-23,3567.868285813928,3602.293397799754,3640.2616538963766,3527.214807454397,116901.0,4085064850.0,136712.0,-0.1565491005832414,14,uptrend_crowded_chase,2.859570183031601,0.007889429449555285,-0.03759221938574786,0.2,0.07547169811320754,-0.10142114383030076,-21.488048415122133,1.2453843931631003,0.031381909788643955,4.073755972900102,0.664136972488574,2.859570183031601,0,1.0,1.0
2018-03-26,3631.9509242909376,3578.731794342408,3642.830008132881,3564.949685145465,86213.0,3059203180.0,144337.0,-0.5153298648051274,14,uptrend_crowded_chase,1.2708346819950433,-0.00654072304930442,-0.002203708666029036,0.15,0.05555555555555555,-0.11846561824594026,-10.340710922550588,0.480282341821014,0.021761989291999066,1.7613870221690728,0.1769652290626738,1.2708346819950433,0,1.0,1.0
2018-03-27,3577.2753738356514,3593.300813178815,3605.8544153074113,3550.505568249655,63883.0,2235481430.0,142896.0,-0.8050638076417189,14,uptrend_crowded_chase,0.6245118542866063,0.004071000475486697,0.01038958902859144,0.25,0.09090909090909091,-0.06371546880103374,-12.256044981487975,-0.08526003708622003,0.015403343592820974,0.7490237085732125,0.7731912624034154,0.6245118542866063,0,1.0,1.0
2018-03-28,3583.708377168988,3566.292064249364,3593.644420662804,3546.155764241911,85856.0,3006574590.0,138336.0,-0.4770140342420076,14,uptrend_crowded_chase,0.41093512879358474,-0.0075164174483788315,0.004260141282206309,0.1,0.03571428571428571,-0.10036671762131633,-8.174395153096405,0.6218702575871695,0.013315975126363695,-0.06829433609809055,0.4240233673697694,0.41093512879358474,0,1.0,1.0
2018-03-29,3553.42154423608,3453.4019650051723,3557.379005119651,3437.7257460799187,223996.0,7709045170.0,155623.0,0.3641917788219725,14,uptrend_crowded_chase,3.2065217384644153,-0.03165475435281073,-0.033769059928604905,0.0,0.0,0.02546561197076791,0.6286588336224326,2.8590398817010323,0.0346479385406712,2.296685927982933,0.13101372291120042,3.2065217384644153,0,1.0,1.0
2018-03-30,3445.071569135164,3575.499845572688,3583.445043675212,3439.2249935266705,193976.0,6568100310.0,126273.0,0.4292882102893882,14,uptrend_crowded_chase,2.3656919265879157,0.035355826458890904,-0.007437915035857778,0.25,0.08620689655172414,-0.0794302935637532,-3.2644800893196013,1.8149148002640463,0.040335633163883416,2.4164690529117854,0.9449091988642303,2.3656919265879157,0,1.0,1.0
2018-04-02,3578.2010181552487,3614.509227658714,3637.8524274789656,3562.018659164013,125395.0,4372041350.0,123650.0,0.0140137610281759,14,uptrend_crowded_chase,0.7759766007075739,0.010910189839423046,0.009997237952524385,0.5,0.1694915254237288,-0.1546958492013193,-2.83974294172865,0.3588922487244412,0.020980377566797246,0.19306095269070656,0.6921793504537066,0.7759766007075739,0,1.0,1.0
2018-04-03,3601.71532161471,3614.3957884602833,3620.968052502367,3591.356659706378,58523.0,2052512560.0,122568.0,-0.739246138650561,14,uptrend_crowded_chase,0.5,-3.138439862393483e-05,0.005870639943112987,0.5,0.16666666666666666,-0.15345111492807817,-1.882851820383931,-0.908687319702962,0.00819262596822662,-1.290736310284836,0.7780494795579521,0.5,0,1.0,1.0
2018-04-04,3600.629603041229,3637.662186656866,3639.9771628089584,3595.405964986702,60092.0,2135718380.0,119717.0,-0.6892539030005895,14,uptrend_crowded_chase,0.6,0.0064371473292619275,0.020012416572091407,0.6,0.2,-0.14455488428445484,-1.3536143518976702,-0.8011402442817013,0.012252703944238046,-0.5144415630701489,0.9480611635943913,0.6,0,1.0,1.0
2018-04-09,3732.418382965696,3769.668802781495,3798.97375805711,3701.321155175503,112643.0,4159959770.0,117347.0,-0.0409118318419702,14,uptrend_crowded_chase,1.624974591324347,0.03628886063385317,0.09158124104323573,0.9,0.5333333333333333,-0.28230105831100616,-1.1661112009711707,0.546276223986204,0.02590482294082516,0.9036729586624896,0.6999060505213139,1.624974591324347,0,1.0,1.0
2018-04-10,3756.5099931670657,3754.751745566261,3761.484002391527,3725.3331371696136,70001.0,2590689560.0,114576.0,-0.4927288306029791,14,uptrend_crowded_chase,0.8,-0.003957126738621475,0.05013338211034446,0.8,0.4166666666666667,-0.09720787151627164,-1.2036838004627004,-0.6841018112277205,0.00962803073854397,-0.9224166730137556,0.8137732863670084,0.8,0,1.0,1.0
2018-04-11,3752.762694471741,3795.4507075307697,3800.856885750281,3749.283674374516,65937.0,2464065100.0,115048.0,-0.556649691880832,14,uptrend_crowded_chase,1.0,0.01083932167088486,0.050059764265496076,1.0,0.6666666666666666,-0.07210556138334745,-0.7451970928144204,-0.54662247952868,0.01358816524041152,-0.4548964107826154,0.8951746832261114,1.0,0,1.0,1.0
2018-04-12,3810.809580391681,3816.3684707472144,3819.340707887944,3786.543041050564,62435.0,2361765350.0,115442.0,-0.6146422237657557,14,uptrend_crowded_chase,1.0,0.005511272528171851,0.05588006795818301,1.0,0.8333333333333334,-0.05989773868058812,-0.7500165698073564,-0.5449058934471428,0.008593946598389744,-0.7126967203674889,0.9093765676849241,1.0,0,1.0,1.0
2018-04-13,3817.3806052400914,3855.392911003907,3872.644452018355,3807.916139446485,103305.0,4077447340.0,113387.0,-0.0931209686094195,14,uptrend_crowded_chase,1.58381190822274,0.01022554309307866,0.05985457504704206,1.0,0.8833333333333333,-0.054323877926576,-0.994182469765037,0.7227047336792635,0.016789031381762687,0.44491908276621683,0.7334776648890251,1.58381190822274,0,1.0,1.0
2018-04-16,3882.319990486173,3886.22300877036,3895.1966731641655,3854.9663647098223,77392.0,3025684260.0,111740.0,-0.3672913279503753,14,uptrend_crowded_chase,1.0,0.007996616292585745,0.030918951262472794,1.0,0.9666666666666667,-0.04896061338876123,-1.1795401586135452,-0.19368287612731447,0.01035203290278303,-0.5267407025430472,0.7769426897636276,1.0,0,1.0,1.0
2018-04-17,3899.738457563392,3946.764285650098,3950.463082102443,3849.966657542229,115745.0,4552645190.0,111283.0,0.0393129892149837,14,uptrend_crowded_chase,2.7389479710766755,0.015578436117307026,0.05113854472817603,1.0,1.0,-0.029161851990497922,-1.1143523255804482,1.4132831155046686,0.02546299127252305,2.0646128266486827,0.9631947457978581,2.7389479710766755,0,1.0,1.0
2018-04-18,3948.583660637071,3903.975847995647,3993.8929986556286,3896.174552932761,130700.0,5176245330.0,110260.0,0.1700634074686386,14,uptrend_crowded_chase,2.843033440584738,-0.010841396789269542,0.028593479095788688,0.95,0.9833333333333333,-0.04250821942254035,-1.2183008307072323,1.7926467585929664,0.025030494431218797,1.9934201225765105,0.0798344161655109,2.843033440584738,0,1.0,1.0
2018-04-19,3906.561386828928,3875.921415236101,3912.921304973787,3871.811034603745,79502.0,3142419310.0,109805.0,-0.3229238868027037,14,uptrend_crowded_chase,0.9703287018461765,-0.0071861184218006136,0.01560461075636832,0.85,0.8666666666666667,-0.05006217395360757,-1.2285009221959289,0.24065740369235308,0.01060657994985109,-0.38088039748657304,0.09998427632213257,0.9703287018461765,0,1.0,1.0
2018-04-20,3869.718653879306,3866.466086591885,3894.129752036903,3856.201255750229,69314.0,2716792020.0,114468.0,-0.5016484019565268,14,uptrend_crowded_chase,0.9316136373533983,-0.002439504734809028,0.002872126354845239,0.8,0.8333333333333334,0.009488561676882057,0.13161363735339823,-0.33730040350343954,0.009809602732118193,-0.5860151250192772,0.27063637756877,0.9316136373533983,0,1.0,1.0
2018-04-23,3877.764738340268,3902.537132033777,3929.858725857696,3845.804871278885,100896.0,3994702410.0,114039.0,-0.1224502117903403,14,uptrend_crowded_chase,2.4296660065005256,0.009329202593287844,0.00419793800474122,0.9,0.9666666666666667,0.020365751121987685,0.040952162007235816,0.8451531268783581,0.021538258762193205,2.132274562108221,0.6749513278025663,2.4296660065005256,0,1.0,1.0
2018-04-24,3886.542235292045,3826.648229617842,3893.4850851397273,3821.669766927338,103644.0,4075287360.0,117517.0,-0.1256210538838637,14,uptrend_crowded_chase,3.529212168723151,-0.019446042368951533,-0.030434058722225155,0.65,0.75,0.05450649769592708,1.65832782658471,0.9353616585631963,0.018767159640268594,1.506407025713686,0.06932313069727532,3.529212168723151,0,1.0,1.0
2018-04-25,3827.20797633358,3834.7983642863655,3855.974825257173,3822.2293579545935,73890.0,2879980840.0,120559.0,-0.4895617588582002,14,uptrend_crowded_chase,3.0697793362484247,0.002129836394535234,-0.017719751966395525,0.65,0.75,0.08929804649721973,2.419779336248425,-0.6449445541403367,0.008799802257363112,-0.843650957048157,0.37246502527500136,3.0697793362484247,0,1.0,1.0
2018-04-26,3820.828138387696,3852.885764740172,3872.285562793516,3815.840774292297,68006.0,2646328830.0,116654.0,-0.5396163519147543,14,uptrend_crowded_chase,1.5956301453851693,0.004716649673749407,-0.005943270780820464,0.65,0.7666666666666667,0.06050622311321696,0.8811949732550216,-1.0975658897589284,0.014650003126948566,0.12887034426029548,0.6563048853850335,1.5956301453851693,0,1.0,1.0
2018-04-27,3854.36294664289,3879.001592987256,3906.4915418366304,3853.6274689664624,90521.0,3553476040.0,111112.0,-0.2049568336272335,14,uptrend_crowded_chase,0.8212179043581529,0.00677825137876753,0.0032421094908452464,0.8,0.85,-0.029756606337153713,-0.6620995099316718,0.0424358087163056,0.013628267893918774,-0.2521902180294919,0.4799880645426531,0.8212179043581529,0,1.0,1.0
2018-05-02,3902.47092304778,4010.9109457736186,4013.442121086722,3899.90352784117,109950.0,4414036360.0,118411.0,-0.0741359065391006,14,uptrend_crowded_chase,4.174365621530295,0.03400600634576634,0.0277700916284076,1.0,1.0,0.03762112838688125,1.639409838995452,0.9362079459848356,0.02830743309451684,2.1337036190848493,0.9777064763553182,4.174365621530295,0,1.0,1.0
2018-05-03,4015.201096413427,3981.126620122645,4029.254878110587,3971.230534480566,74971.0,3030140860.0,117738.0,-0.451360444780428,14,uptrend_crowded_chase,1.6731544478779705,-0.007425825717311874,0.04036911187946601,0.95,0.9833333333333333,0.0018788129052271785,0.7231544478779707,-0.8717738297225304,0.01457485510175348,-0.2213954103117679,0.170550583134195,1.6731544478779705,0,1.0,1.0
2018-05-04,3972.8460625482167,3963.949225101186,3983.682492132146,3953.9848195572304,52302.0,2103550800.0,115628.0,-0.7933435301844509,14,uptrend_crowded_chase,0.9195340595913066,-0.004314707031581322,0.03367865753193389,0.9,0.9666666666666667,-0.04176111821681161,0.01953405959130657,-1.7459246596615858,0.007491940710758576,-1.0723244473256204,0.3355281636572532,0.9195340595913066,0,1.0,1.0
2018-05-07,3938.740205010408,3994.356031684634,4006.3741156298383,3933.592474891839,76223.0,3082590640.0,118922.0,-0.4448045615981653,14,uptrend_crowded_chase,2.2351398718093294,0.00767083654626588,0.03671800192965313,0.95,0.9833333333333333,0.019255527524927984,0.9749432190553767,-0.06027565227015187,0.01822112004054462,0.620393305507905,0.8348747867821905,2.2351398718093294,0,1.0,1.0
2018-05-08,3985.21655003794,3978.7806224812016,3992.2662928926734,3957.868255333792,48166.0,1944750550.0,114638.0,-0.8671259594919372,14,uptrend_crowded_chase,0.85,-0.0038993542588299235,0.02572286375812105,0.85,0.95,0.03124063583616099,-1.01418790664312,-2.1260661347123713,0.00864537174141316,-0.8986211530613002,0.6079523319204606,0.85,0,1.0,1.0
2018-05-09,3979.748538317887,3967.874492894139,4030.4068584165634,3954.021357947751,95927.0,3904288620.0,117579.0,-0.2035229625524128,14,uptrend_crowded_chase,1.658848634436263,-0.0027410733643971064,-0.010729845030547969,0.8,0.9333333333333333,-0.007051175449692693,0.20231604446597543,0.6852830421898933,0.019250987047500466,0.6277821377506814,0.18135817480235542,1.658848634436263,0,1.0,1.0
2018-05-10,3981.3273244135776,4008.158600348572,4008.817200697145,3959.6068053089866,59616.0,2421517680.0,119344.0,-0.6940860847936294,14,uptrend_crowded_chase,2.012296692776944,0.010152565945968028,0.00679003277346002,0.95,0.9833333333333333,0.013548262337568673,1.062296692776944,-0.7655909767600549,0.012277556926983551,-0.35819357502659754,0.9866166418014266,2.012296692776944,0,1.0,1.0
2018-05-11,4010.594146718017,3992.309084287832,4019.6460257927015,3977.375215250034,47072.0,1915884380.0,115331.0,-0.8961279105520609,14,uptrend_crowded_chase,0.85,-0.003954313599107917,0.007154445623839045,0.85,0.95,-0.0025718864708572653,-1.082184438864162,-1.4798017347760546,0.010588060606086002,-0.51134490272853,0.35329034021535294,0.85,0,1.0,1.0
2018-05-14,3989.815090541513,3985.42540078344,4012.728965910269,3978.270878343789,52141.0,2114138210.0,113091.0,-0.7742412169044104,14,uptrend_crowded_chase,0.8,-0.0017242361147545848,-0.002235812438939666,0.8,0.9333333333333333,-0.05027501165844939,-1.6793340328711692,-0.7965034726910595,0.008646024978840771,-0.9641504827769376,0.20762970161498737,0.8,0,1.0,1.0
2018-05-15,3985.19452726195,3915.625232714205,4000.4564858979215,3911.8536629190407,104213.0,4187465690.0,115485.0,-0.1027037697839717,14,uptrend_crowded_chase,1.8003352754986328,-0.01751385637666536,-0.015873051509839753,0.5,0.8333333333333334,0.007361313948043957,-0.4000686480720996,1.0855922173466641,0.022628014100691582,1.5150783336506015,0.0425671515687867,1.8003352754986328,0,1.0,1.0
2018-05-16,3904.2536516194136,3907.827078862048,3926.249423685198,3877.1857034051336,78721.0,3122615380.0,109495.0,-0.3299689301982085,14,uptrend_crowded_chase,0.6411971719267932,-0.001991547553378048,-0.015133395509264957,0.45,0.8166666666666667,-0.07123156197662439,-3.2177229556857507,0.38239434385358634,0.012555243435784704,-0.12269666926713498,0.6245220558491682,0.6411971719267932,0,1.0,1.0
2018-05-17,3885.126978025498,3889.5318474011738,3902.226679790992,3860.8172499245593,52786.0,2080961400.0,107183.0,-0.7082916499334941,14,uptrend_crowded_chase,0.3,-0.004681689105394571,-0.029596322095907457,0.3,0.75,-0.10747242524112721,-2.814506742365849,-0.6451297884493031,0.010646378919380944,-0.3166155908574752,0.693431365011164,0.3,0,1.0,1.0
2018-05-18,3886.66442632171,3992.745731605584,4011.4630724495087,3885.205343082115,123862.0,5004637620.0,107886.0,0.1380929285650325,14,uptrend_crowded_chase,4.893739491197287,0.026536325772309466,0.00010937212238171234,0.85,0.95,-0.06673114089353227,-2.3361926659359193,3.2592453810237334,0.03162178056267612,4.82823360137084,0.8517529109884447,4.893739491197287,0,1.0,1.0
2018-05-21,3991.0886541667833,4016.996187686038,4018.867226306844,3961.834583719689,71465.0,2908796350.0,106497.0,-0.3989089963775626,14,uptrend_crowded_chase,1.2257719884794085,0.006073628953753074,0.007921560116616932,1.0,1.0,-0.06007598862031216,-1.847286037377542,0.13288705518434574,0.014197833386545518,0.3186569217744714,0.9671935485376361,1.2257719884794085,0,1.0,1.0
2018-05-22,4033.1977707416745,4001.489384221524,4131.455753551389,3998.705209274316,181738.0,7553308650.0,110543.0,0.4971615039407516,14,uptrend_crowded_chase,4.657672623428848,-0.0038602982776159145,0.021928592856625295,0.85,0.95,-0.04373606586426071,-0.5602134216926745,2.613599150117251,0.033175283383364194,5.001746096740444,0.020972983292608313,4.657672623428848,0,1.0,1.0
2018-05-23,4010.875564434471,3978.021181100835,4016.396562932037,3947.9648391224,86878.0,3528938630.0,103158.0,-0.1717569578029369,14,uptrend_crowded_chase,0.9889180374426374,-0.00586486702007194,0.017962438158657612,0.5,0.8333333333333334,-0.05961709264778925,-1.5961497692630415,0.29142903073958265,0.01720245335413217,0.6864070441456923,0.4392164964606979,0.9889180374426374,0,1.0,1.0
2018-05-24,3979.4686780799966,3989.138735091584,4006.724156184133,3970.5021899234257,53921.0,2184592290.0,100782.0,-0.6254397558367789,14,uptrend_crowded_chase,0.65,0.002794744795117543,0.02560896570546478,0.65,0.8833333333333333,-0.06157788570875944,-1.9688623774442047,-0.6545461838343677,0.009080147035767504,-0.8762335082281347,0.5145094839419213,0.65,0,1.0,1.0
2018-05-25,3986.805561903248,3947.18229636309,4001.805850666613,3934.530677516847,75645.0,3033249900.0,99810.0,-0.2772170345016967,14,uptrend_crowded_chase,0.61294680869502,-0.010517668478013165,-0.01141155443028219,0.3,0.7666666666666667,-0.07780673537906146,-1.9133244105894016,0.016813880348672063,0.017043847509083374,0.6090797370413682,0.18805776713614974,0.61294680869502,0,1.0,1.0
2018-05-28,3972.372580031633,4035.203154688849,4057.755266249194,3962.365586755951,118342.0,4842112080.0,109995.0,0.0731438273481767,14,uptrend_crowded_chase,2.3488680863936158,0.02229966890732693,0.004532483017689604,1.0,1.0,0.03231809447523304,0.4414843936269392,0.8754092428911937,0.0236393747319516,0.9393581426421596,0.7635791242810223,2.3488680863936158,0,1.0,1.0
2018-05-29,4040.8347875827376,4024.05316728645,4059.962365208092,4011.296117394732,81261.0,3339822310.0,109447.0,-0.2977742171555022,14,uptrend_crowded_chase,1.4236119867659696,-0.002763178698807933,0.005638846164105482,0.95,0.9833333333333333,-0.009964171716799086,0.4736119867659695,-0.04013351463506935,0.012093838175149434,-0.5662373443673064,0.2621334182294599,1.4236119867659696,0,1.0,1.0
2018-05-30,4025.951093998066,3996.428382443551,4062.3550644730985,3987.043611682732,87180.0,3576369490.0,110364.0,-0.2358090468983142,14,uptrend_crowded_chase,1.9320246732279591,-0.00686491547066892,0.004627225573902605,0.7,0.9,0.0675222002427951,0.8609933667900207,0.23051387642392313,0.01884468970373961,0.511548736451954,0.12461279676734233,1.9320246732279591,0,1.0,1.0
2018-05-31,4000.049110808349,3988.8418166504944,4008.2199953640143,3960.6923302393743,76578.0,3100313270.0,109234.0,-0.3551825409325452,14,uptrend_crowded_chase,0.935338152766503,-0.0018983364812402703,-7.443171591836606e-05,0.5,0.8166666666666667,0.08053260189823241,0.43533815276650295,-0.2481362080265557,0.011915154149820318,-0.6105892217823959,0.5922758110944188,0.935338152766503,0,1.0,1.0
2018-06-01,3989.496785724056,3976.780868912653,4026.2030490118304,3975.868012675418,79720.0,3254525590.0,111933.0,-0.3393799826632293,14,uptrend_crowded_chase,1.4929550719922753,-0.0030236716049996115,0.007498658619551346,0.3,0.7333333333333333,0.11463209930932905,1.1929550719922752,-0.265665374693416,0.012657231563823954,-0.5884790904253819,0.018135603024783828,1.4929550719922753,0,1.0,1.0
2018-06-04,3975.450189494056,3967.304116025844,3997.8558612069046,3959.781218861929,66474.0,2709684880.0,110665.0,-0.5096967261274176,14,uptrend_crowded_chase,0.6725724948961065,-0.0023830211417710245,-0.01682667168420182,0.2,0.7,0.006072709680134736,0.4725724948961064,-1.6509782498635774,0.009597107060982225,-1.2036859317525548,0.1975828714490246,0.6725724948961065,0,1.0,1.0
2018-06-05,3967.108883558854,3975.891071012262,3992.126285033117,3929.010477436708,80486.0,3268478820.0,107235.0,-0.2869394316305123,14,uptrend_crowded_chase,0.3996806919097207,0.002164430740696499,-0.011968553662690673,0.3,0.7166666666666667,-0.02041772593013924,-1.9275491187464389,-8.708562701651534e-05,0.01587463199295843,0.1993613838194415,0.7427710325015522,0.3996806919097207,0,1.0,1.0
2018-06-06,3980.4252595091225,3978.478299640549,3998.24136790763,3964.785707802345,65760.0,2682824810.0,108777.0,-0.5032881642675864,14,uptrend_crowded_chase,0.45,0.0006507292534119191,-0.004491531208680621,0.45,0.75,-0.014484078693049796,-0.22135928238993738,-1.922239228113651,0.008409159881130352,-1.382581805450878,0.40927579354624444,0.45,0,1.0,1.0
2018-06-07,3982.484736870967,4010.2535587344382,4018.1064044904647,3948.553478984904,93320.0,3804503010.0,114226.0,-0.2021444949086925,14,uptrend_crowded_chase,4.909063206370071,0.007986787083081648,0.005367909550728633,0.85,0.9333333333333333,0.04468657190076719,2.7607983783714323,1.6101324787134637,0.01734377252881496,0.9863971772838125,0.8870953924806712,4.909063206370071,0,1.0,1.0
2018-06-08,4001.8649293255226,3939.2409812931937,4023.362026688692,3937.395900423345,108545.0,4413083300.0,110548.0,-0.0182849822377109,14,uptrend_crowded_chase,3.053471394119135,-0.01770775249025769,-0.009439767705813673,0.15,0.5833333333333334,-0.012450662229394283,0.5889080888199077,2.888212437775793,0.02182301785384181,1.7409141728226623,0.02146288253298062,3.053471394119135,0,1.0,1.0
2018-06-11,3933.750584609807,3943.140468196829,3954.292666957661,3916.9563763255687,55889.0,2240044010.0,109313.0,-0.6708477459775557,14,uptrend_crowded_chase,0.2,0.0009899081884436889,-0.006090697138998347,0.2,0.5833333333333334,-0.012292293083337569,-0.6966469564750499,-2.2837828516752725,0.009468668674937116,-0.8452081062382113,0.7013040510444736,0.2,0,1.0,1.0
2018-06-12,3945.8356761328632,3955.645374813833,3968.352790273668,3943.263405326181,44421.0,1784810610.0,108774.0,-0.8955600046808946,14,uptrend_crowded_chase,0.3,0.0031713064035789884,-0.005092115411822529,0.3,0.6166666666666667,0.014249647388661302,-1.071688348861901,-3.35015373826631,0.006342678013361525,-1.2704119583068239,0.49351426962310746,0.3,0,1.0,1.0
2018-06-13,3956.72713477721,4016.4429975589615,4033.170459806636,3918.0685131724654,142175.0,5748231700.0,107741.0,0.2773284943796883,14,uptrend_crowded_chase,3.5380248864043944,0.015369836520795266,0.00954251727899158,0.85,0.95,-0.009569716202335599,-1.5106109474177638,2.4177859008759257,0.028657682109300423,2.9582638719328638,0.8546726381540758,3.5380248864043944,0,1.0,1.0
2018-06-14,4015.78219100445,4009.004657529038,4036.641569825596,3999.026671010986,66630.0,2722302200.0,105206.0,-0.4567654063233067,14,uptrend_crowded_chase,0.75,-0.0018519720146518148,-0.00031142699260999773,0.75,0.9,-0.08225860916416927,-2.110192283152573,-0.6137862398220838,0.00938260292214132,-0.5246673085268576,0.2652668711733067,0.75,0,1.0,1.0
2018-06-15,4011.123844925277,4017.4625447993576,4043.93014743264,4001.973609190211,71354.0,2924432510.0,102122.0,-0.3585147729644133,14,uptrend_crowded_chase,0.9,0.0021097224854642604,0.019857014048550337,0.9,0.9666666666666667,-0.0792816387947326,-3.1108341421636805,-0.08164395865635606,0.010443541856225152,-0.12352879901664518,0.3691661957345029,0.9,0,1.0,1.0
2018-06-19,4042.648748371441,4069.629843978093,4120.027936997725,4022.768001605941,127524.0,5277535170.0,96589.0,0.2778397190795638,14,uptrend_crowded_chase,3.907138183887737,0.012985136413099063,0.03207833370417745,1.0,1.0,-0.12375046371167642,-5.267920361196508,2.2743450700445593,0.023898963571761033,3.539931297730915,0.4818206200053726,3.907138183887737,0,1.0,1.0
2018-06-20,4075.3310309225135,4127.858791699308,4135.635591919301,4057.2261942552864,108287.0,4524568540.0,109774.0,-0.0136385969965493,14,uptrend_crowded_chase,2.5226639124947523,0.014308168053017933,0.04353611119489709,1.0,1.0,0.009151371588457025,0.612508685111656,0.9391559534835938,0.01899517440414575,0.8811545012825992,0.9008180084061294,2.5226639124947523,0,1.0,1.0
2018-06-21,4138.366412908866,4088.24451141606,4148.132312231369,4075.388199773072,75320.0,3148150940.0,102531.0,-0.308419488088439,14,uptrend_crowded_chase,1.198478499624075,-0.00959681090906217,0.017876891045319754,0.95,0.9833333333333333,-0.049565006935784695,-3.10086446721069,-0.19014293295584267,0.017793483793634525,0.4969569992481499,0.17673336313448762,1.198478499624075,0,1.0,1.0
2018-06-22,4090.516149134851,4076.098036625272,4097.665568882696,4064.076800303251,57149.0,2379139260.0,98402.0,-0.5433992367799478,14,uptrend_crowded_chase,0.9,-0.0029710734660977067,0.016735670029774274,0.9,0.9666666666666667,-0.06685920384284572,-2.599400898668851,-1.0054416736401135,0.008240422158063265,-0.935204987849785,0.35789452339070554,0.9,0,1.0,1.0
2018-06-25,4066.828337653921,4107.2744970676,4116.948897516394,4066.133161860013,61241.0,2563771580.0,106227.0,-0.5507614139303848,14,uptrend_crowded_chase,0.95,0.007648604170507278,0.022355392556056453,0.95,0.9833333333333333,0.039410136799455486,-0.04442925732326127,-0.3668762396564977,0.012372130397581444,-0.21905084983061673,0.8096180184379791,0.95,0,1.0,1.0
2018-06-26,4092.646932952925,4087.193268795624,4095.053716294522,4069.2413991833855,59108.0,2460644480.0,101646.0,-0.5421299095454769,14,uptrend_crowded_chase,0.85,-0.004889185830241782,0.004315730297564935,0.85,0.95,0.051031325487869594,-0.8267235252136959,-0.5223863909962609,0.006315413882726089,-0.8344395195368965,0.6954768738872126,0.85,0,1.0,1.0
2018-06-27,4089.663754814873,4076.069089172781,4107.223369612203,4056.1171858485295,74654.0,3102439590.0,102621.0,-0.3181784842166738,14,uptrend_crowded_chase,0.9818642432444219,-0.002721716075374414,-0.012546384249061737,0.75,0.9166666666666666,-0.06738111670855851,-0.27333998436298,0.3136226270398771,0.012538105376924617,0.1501058594489669,0.3904009623671661,0.9818642432444219,0,1.0,1.0
2018-06-28,4079.6679218113,4071.43641270836,4098.7607230215135,4069.80624096556,58236.0,2410419910.0,98927.0,-0.5298784841924069,14,uptrend_crowded_chase,0.7,-0.0011365549413101528,-0.004111324227492941,0.7,0.9,-0.03578298747390285,-0.8104442706261584,-0.7882793353437628,0.007111613475179578,-0.7545527258479784,0.05630118817700753,0.7,0,1.0,1.0
2018-06-29,4068.056140315468,4140.727436928275,4142.55750742877,4045.618541217265,90409.0,3720201370.0,102978.0,-0.1301715532178228,14,uptrend_crowded_chase,2.8942284302803536,0.017018815276995003,0.015855703106815167,1.0,1.0,0.04545424412765087,0.13917003986665075,1.3406414801355895,0.0234110956801874,2.169475300691816,0.9811214151334975,2.8942284302803536,0,1.0,1.0
2018-07-02,4113.932090091145,4055.97185043338,4176.77408548468,4036.697495369877,138075.0,5720422340.0,99220.0,0.3304574089143485,14,uptrend_crowded_chase,2.9561076152448003,-0.020468767332768367,-0.012490678836013513,0.55,0.85,-0.06823870691024858,-1.0279367868141158,2.023700663297459,0.03453588813734882,2.788514567192142,0.13759868831548852,2.9561076152448003,0,1.0,1.0
2018-07-03,4061.104862108085,4042.22563818208,4065.6727478901366,4031.721423277986,54519.0,2230977910.0,97386.0,-0.5801331983837547,14,uptrend_crowded_chase,0.5,-0.0033891291059703343,-0.011002080806126191,0.5,0.8333333333333334,-0.04281372543587558,-1.0611035054838363,-0.876218840152436,0.008399166115679663,-0.6093677443424071,0.30939042950726164,0.5,0,1.0,1.0
2018-07-04,4040.580467915537,3994.7417345855774,4055.337563738215,3989.181228347718,71594.0,2902266790.0,99874.0,-0.3328981199480728,14,uptrend_crowded_chase,0.6306971604978713,-0.011746970072125329,-0.01995239845252683,0.25,0.6333333333333333,-0.027133198634816225,-0.4933540102676142,0.24289313839603258,0.016560854189328542,0.51850118259971,0.08405100138993227,0.6306971604978713,0,1.0,1.0
2018-07-05,3995.099975933576,3996.3760775421824,4016.388577951992,3986.321176505922,46446.0,1885438940.0,97908.0,-0.7457379147840322,14,uptrend_crowded_chase,0.25,0.0004091235592167397,-0.018435836289101393,0.25,0.6333333333333333,-0.010353942168823238,-1.0551282344089454,-1.8596531656360584,0.007523666657658983,-0.6963669683268157,0.33441203937411823,0.25,0,1.0,1.0
2018-07-06,4000.7136528269457,4001.162243889782,4018.3752218278623,3984.089571401346,58214.0,2367628150.0,100201.0,-0.5430522930027846,14,uptrend_crowded_chase,0.4859559180829216,0.0011976266133950642,-0.033705476915434684,0.25,0.65,-0.027337204541673543,0.23595591808292163,-0.16321592580414576,0.008568922812084021,-0.39940066929836693,0.4979538750483269,0.4859559180829216,0,1.0,1.0
2018-07-09,4007.083586067,4032.962786960739,4047.689739603576,4004.3775890699726,67125.0,2758641850.0,102061.0,-0.4190141209167412,14,uptrend_crowded_chase,1.470800279642573,0.007947826439560046,-0.005672885394947369,0.45,0.8,0.02823106687286625,0.721040955968437,0.5419699219931875,0.010739536371036968,0.057548725355084616,0.6599810339269258,1.470800279642573,0,1.0,1.0
2018-07-10,4036.6053636096703,4037.263383840848,4045.618358812641,4021.015344322309,37984.0,1558897910.0,102493.0,-0.992629485136227,14,uptrend_crowded_chase,1.3592388074298154,0.001066361656996584,-0.0012276044895562777,0.45,0.8166666666666667,0.051112040412496285,0.9092388074298153,-2.5042390335008125,0.006093983015526221,-0.8850481894662466,0.6604084846970162,1.3592388074298154,0,1.0,1.0
2018-07-11,4041.594096121482,3964.912953659796,4068.8358294986215,3962.271689946881,92508.0,3786982290.0,106495.0,-0.1408029084254382,14,uptrend_crowded_chase,5.062672105034904,-0.01792066142393245,-0.0074670111130165084,0.05,0.31666666666666665,0.06418864416989578,2.031286381248683,1.6813833235358222,0.02687679169687115,4.281388124036621,0.02478567108997029,5.062672105034904,0,1.0,1.0
2018-07-12,3960.886843988999,3947.628508986773,3969.77033492823,3936.318332254784,57548.0,2303264760.0,106156.0,-0.6122903281641631,14,uptrend_crowded_chase,1.927753826946978,-0.004359350350193414,-0.01219794323896306,0.0,0.26666666666666666,0.08088144810428588,1.927753826946978,-0.25757658588169835,0.008473949004394108,-0.26089013945759293,0.33810163302919066,1.927753826946978,0,1.0,1.0
2018-07-13,3951.640789659224,3949.958009418448,3972.725980072632,3937.633190716486,44141.0,1782869550.0,107024.0,-0.8856640526160487,14,uptrend_crowded_chase,2.106675870199783,0.0005901012282112372,-0.012797340210217278,0.05,0.26666666666666666,0.06587493973516878,2.056675870199783,-1.0819149555528544,0.008884344915178687,-0.1824977972123073,0.35120658483089784,2.106675870199783,0,1.0,1.0
2018-07-16,3977.919156365274,3977.839369035239,3991.990157040785,3949.010705138835,62932.0,2572001470.0,108659.0,-0.546159759684262,14,uptrend_crowded_chase,2.602417711560214,0.007058647092022197,-0.013668218834977375,0.15,0.38333333333333336,0.06264386431666935,1.8861260071297272,0.26087408029171016,0.010804722844395327,0.8717093285692629,0.6707545727239964,2.602417711560214,0,1.0,1.0
2018-07-17,3984.547985428652,3942.715917137204,3991.9817172646985,3929.472289244055,60587.0,2454291580.0,110158.0,-0.5978353502351701,14,uptrend_crowded_chase,2.870153478829377,-0.0088297813560414,-0.02341870165867055,0.0,0.18333333333333332,0.07212119528179173,1.2897447288311072,0.17088418204114325,0.015854408315076247,2.989933317955397,0.21186608664496862,2.870153478829377,0,1.0,1.0
2018-07-18,3947.8886130990127,3947.958551181683,3971.9482825270607,3942.436350944628,47551.0,1918059440.0,108447.0,-0.8244587551085016,14,uptrend_crowded_chase,0.8967848270405543,0.001329701189398902,-0.004276109633747027,0.1,0.23333333333333334,0.018163538682415492,0.7967848270405543,-0.969347800682088,0.007475238455479559,-0.869260112726397,0.1871175467329385,0.8967848270405543,0,1.0,1.0
2018-07-19,3950.481785668197,3970.90701603048,3986.911204962387,3913.306715693693,110962.0,4501461360.0,111288.0,-0.0029336353997946,14,uptrend_crowded_chase,4.627431349484647,0.005812742092220713,0.005896833248294264,0.25,0.3333333333333333,0.04721172541831997,1.0772858139029111,2.546564556273243,0.018535938759470738,4.05372651489023,0.7825650433700665,4.627431349484647,0,1.0,1.0
2018-07-20,3976.9381651804974,3959.105428882645,3992.0631280597777,3949.591167623735,55844.0,2269068900.0,109249.0,-0.6710675914893284,14,uptrend_crowded_chase,1.0030375030601,-0.002972012968370241,0.0023158270144607584,0.2,0.25,0.020576572239678015,0.6349559497491357,-0.24080291117573513,0.010727665933369485,0.33616310662192855,0.2240127642150412,1.0030375030601,0,1.0,1.0
2018-07-23,3960.400709090577,3926.087466233052,3962.239368198472,3918.345828380223,77664.0,3140470990.0,114387.0,-0.3871956065807695,14,uptrend_crowded_chase,3.405634821755474,-0.008339753321222165,-0.013010053448874848,0.0,0.1,0.05137289806252099,2.8149259718777797,1.072294536841237,0.011179969930818608,0.10912316291415056,0.17637305819683471,3.405634821755474,0,1.0,1.0
2018-07-24,3919.542969297631,3905.150648766089,3934.981514099859,3902.211950248928,65464.0,2623783130.0,115527.0,-0.5680038956514653,14,uptrend_crowded_chase,2.625607311496443,-0.005332743512984184,-0.009527764404185457,0.0,0.05,0.047588570031269484,2.4837898983249365,0.28363482634301296,0.008391369961946286,-0.5737916438111595,0.08967768172103482,2.625607311496443,0,1.0,1.0
2018-07-25,3914.446486974173,3930.929062222764,3939.017696160266,3913.211553643153,54091.0,2156385370.0,114974.0,-0.7540382024271038,14,uptrend_crowded_chase,1.9570924519860082,0.00660113162723186,-0.004313492337406077,0.1,0.1,0.058444441472239816,1.8570924519860081,-0.5415060986908465,0.006564896519023143,-1.2143536328824842,0.6865616807262818,1.9570924519860082,0,1.0,1.0
2018-07-26,3942.242675891876,3973.695081819005,3981.573755222609,3936.221927883023,91098.0,3695868080.0,110610.0,-0.1940746507860571,14,uptrend_crowded_chase,2.705628972704574,0.010879366917921018,0.0007021231616024526,0.5,0.3333333333333333,-0.0061109348431074295,0.2844415358396464,3.0649878661850884,0.011413011417782427,0.7773870075447663,0.8262766052487744,2.705628972704574,0,1.0,1.0
2018-07-27,3980.626308017647,3909.7056132608577,3987.953203048091,3900.577378694728,84171.0,3361128620.0,111486.0,-0.2810485786081677,14,uptrend_crowded_chase,2.863599690840701,-0.016103265912606246,-0.012477519608698362,0.05,0.05,0.02026934186294227,0.4006977868058907,1.155276846115159,0.022348440776973972,3.6705269619544616,0.10447094071712117,2.863599690840701,0,1.0,1.0
2018-07-30,3907.588594977785,3898.588884679431,3928.058996001778,3895.198144791937,62424.0,2505054850.0,113501.0,-0.5978618306408716,14,uptrend_crowded_chase,0.8455615967076706,-0.0028433671690577533,-0.007004067481972132,0.0,0.016666666666666666,-0.007775788669627914,0.8455615967076706,-0.10377838051634915,0.008428909069888463,-0.5652144304667513,0.10318478562352466,0.8455615967076706,0,1.0,1.0
2018-07-31,3894.224208461261,3876.2555688038574,3914.6813774306825,3873.052445215255,61780.0,2487598650.0,110706.0,-0.5832983512973647,14,uptrend_crowded_chase,0.0,-0.005728563984609525,-0.007399222862595978,0.0,0.0,-0.042626230088744776,-0.21665231287224068,-0.12733885962930458,0.010739470470022047,-0.047864501105693784,0.07694464926523864,0.0,0,1.0,1.0
2018-08-01,3868.6498826502975,3845.988064230402,3889.495152554612,3830.233385247785,80787.0,3175996040.0,114027.0,-0.3446192009635138,14,uptrend_crowded_chase,1.9427114627996933,-0.007808438849349564,-0.021608377217657515,0.0,0.0,-0.008270753388124774,0.8276141767911169,0.8729981241163186,0.015408723666615335,1.3571964479008343,0.2658489562258123,1.9427114627996933,0,1.0,1.0
2018-08-02,3848.5434535170816,3856.108814551574,3868.1994724347146,3839.856358288724,57637.0,2298383250.0,111713.0,-0.6617683598849949,14,uptrend_crowded_chase,0.05,0.002631508510205771,-0.029591165111139905,0.05,0.016666666666666666,0.00992258155820025,-0.28548342203184385,-0.9281127997142237,0.0073501852538584355,-0.9549013222518984,0.5734181564924883,0.05,0,1.0,1.0
2018-08-03,3866.689091726618,3902.9648608520192,3957.92928452579,3861.9398651079136,120648.0,4818115010.0,105068.0,0.1382694554679613,14,uptrend_crowded_chase,3.6293593528411368,0.012151121390461483,-0.0017241074074669793,0.2,0.08333333333333333,-0.05929126288824982,-2.8565696762726436,2.835046180234697,0.024593974796104593,4.0236725254475765,0.4273908102882572,3.6293593528411368,0,1.0,1.0
2018-08-06,3932.69269947444,3923.8705333873872,3950.078166059877,3911.455739714091,75241.0,3041894640.0,103602.0,-0.319860339511076,14,uptrend_crowded_chase,0.4672241741739802,0.0053563568417074325,0.006484820394196289,0.35,0.16666666666666666,-0.09125501279698334,-3.436057817179322,0.23444834834796044,0.009842941049444831,-0.243856010587296,0.3214400245636241,0.4672241741739802,0,1.0,1.0
2018-08-07,3926.408735658736,3884.5630824950463,3928.435984060984,3880.580622528989,69082.0,2741420290.0,105473.0,-0.4231607911921675,14,uptrend_crowded_chase,0.4325897938966473,-0.010017519833511845,0.002143180072554429,0.15,0.05,-0.04842304279647536,-1.9826970828466297,-0.06611309344473405,0.012319367845420029,0.5651795877932947,0.08321867892262771,0.4325897938966473,0,1.0,1.0
2018-08-08,3877.6681746061727,3937.1600175822496,3955.041059490723,3872.804229156435,102212.0,3977036600.0,104651.0,-0.02358191680155,14,uptrend_crowded_chase,2.3495559301813396,0.013539987373154094,0.02370572966666029,0.55,0.23333333333333334,-0.08580425794901103,-1.6981684302415856,1.522507920668768,0.020887347724512395,2.0766039396939107,0.7825664992706057,2.3495559301813396,0,1.0,1.0
2018-08-09,3937.1043972822354,3940.2547622157126,3972.430902557198,3901.899711949452,120575.0,4736302870.0,107198.0,0.1175943742087904,14,uptrend_crowded_chase,1.9611305608911425,0.000786034761006027,0.02182146607134161,0.6,0.25,-0.04125549072611712,-0.774095435213521,1.5560819386168971,0.01790015998054001,1.1661791831653878,0.5438026770251114,1.9611305608911425,0,1.0,1.0
2018-08-10,3951.835493705928,3927.674157826601,3987.626989150493,3925.389529992685,125549.0,4936661560.0,107371.0,0.1564059936264736,14,uptrend_crowded_chase,1.347435405006379,-0.003192840348738568,0.00633090428828198,0.5,0.18333333333333332,0.02168236740077667,-0.2853380552308057,1.4125997798563839,0.015845881470026937,0.28227103015637406,0.03670824395519241,1.347435405006379,0,1.0,1.0
2018-08-13,3987.816003070672,3995.9746713140216,4024.204900652568,3950.860247253484,154371.0,6213967290.0,110744.0,0.3321375647299396,14,uptrend_crowded_chase,3.052224068758,0.01738955695989186,0.01837576885198322,1.0,0.6,0.06666459672708491,0.7611624125238244,1.8302856272018513,0.018354634208671228,0.7518376852665001,0.615101741841499,3.052224068758,1,0.0,0.0
2018-08-14,4021.362997700648,3946.544572215069,4033.6815988221497,3941.052009057408,114959.0,4644216970.0,112615.0,0.0206006213017931,14,uptrend_crowded_chase,2.838564786032835,-0.0123699730766057,0.015955845845142536,0.75,0.2833333333333333,0.06551992576201648,1.1629688183093783,0.5601491494316276,0.023471061347408385,1.2910427860152858,0.059295989236383156,2.838564786032835,1,0.0,0.0
2018-08-15,3979.735256708825,3981.6178026685934,3989.308040518612,3956.540207426533,88548.0,3554403690.0,116241.0,-0.2721208442513642,14,uptrend_crowded_chase,2.8613497518656175,0.008887073188138084,0.011291841044765327,0.95,0.55,0.10503461760751165,1.9113497518656177,-0.6188875281302649,0.008229778626697172,-1.3608311431084397,0.7653113701962329,2.8613497518656175,0,1.0,1.0
2018-08-16,3962.3278209777536,3858.104695593105,3970.7138755312735,3854.290430832853,138315.0,5445867250.0,117770.0,0.1608001228057571,14,uptrend_crowded_chase,3.598308375371053,-0.031020834544366882,-0.020848922615453458,0.1,0.03333333333333333,0.09405597810721211,2.2228597238402723,0.941642186246019,0.030176331096303445,1.6092551168155422,0.03276199884080494,3.598308375371053,0,1.0,1.0
2018-08-17,3858.3558649624856,3852.213606862357,3881.7703455594615,3832.567837579197,85322.0,3329196460.0,118793.0,-0.330950148142528,14,uptrend_crowded_chase,2.4790300140652026,-0.0015269385347362885,-0.019212528313703126,0.05,0.016666666666666666,0.10109235564241992,2.429030014065203,-1.4359754769218203,0.012772528473658527,-0.6477598047254608,0.39928390014265464,2.4790300140652026,0,1.0,1.0
2018-08-20,3860.6975985195777,3879.50471139574,3901.013326971753,3838.835028434847,111154.0,4328377770.0,119922.0,-0.0759249042733767,14,uptrend_crowded_chase,2.011798745036679,0.007084525241478401,-0.02914682136360547,0.25,0.08333333333333333,0.0796203000550264,1.7234590609739358,0.07667936812548676,0.016027380596874145,-0.13181578161670812,0.6540816316604938,2.011798745036679,0,1.0,1.0
2018-08-21,3882.8744908307976,3868.1142199772567,3893.056982143154,3852.11207330925,70469.0,2742546690.0,113439.0,-0.4760923507096413,14,uptrend_crowded_chase,0.42470367627024264,-0.0029360684586938746,-0.01987317026392832,0.2,0.06666666666666667,0.0072903257588983195,0.22470367627024262,-2.0782988714056922,0.010585237794282354,-1.0603467786033014,0.3908214018236214,0.42470367627024264,0,1.0,1.0
2018-08-22,3875.510908644487,3855.218643363184,3877.8781721882174,3836.797786934897,80148.0,3110795780.0,115462.0,-0.3650665459675465,14,uptrend_crowded_chase,0.41649933756901547,-0.0033338148463848416,-0.031745678658733345,0.1,0.03333333333333333,-0.006724150616548741,0.31649933756901544,-1.5122885947492977,0.010655786105423849,-1.0486190536884918,0.4484100213446331,0.41649933756901547,0,1.0,1.0
2018-08-23,3855.222170240416,3850.648990265872,3897.315223955713,3847.557622787601,89094.0,3454289140.0,117011.0,-0.2725759553304638,14,uptrend_crowded_chase,0.5360751564064413,-0.0011853161960552194,-0.0019324787468182336,0.05,0.016666666666666666,-0.0064656223810146685,0.48607515640644133,-0.7200416003011384,0.012921874025364384,-0.48157214633476164,0.06212854731132241,0.5360751564064413,0,1.0,1.0
2018-08-24,3852.088303594297,3804.922938870876,3858.625774780159,3792.5813702467767,99731.0,3829441170.0,118127.0,-0.1692837554509034,14,uptrend_crowded_chase,0.8395743415750678,-0.011874894728288066,-0.012276232010404953,0.0,0.0,-0.005622165746112628,0.5691326287632829,0.007913358768550219,0.017357619482559452,0.5329700668550197,0.18686774014081806,0.8395743415750678,0,1.0,1.0
2018-08-27,3791.599800845562,3792.5348118601705,3817.2210932139706,3783.7475379954594,72654.0,2789932040.0,116828.0,-0.474994320691547,14,uptrend_crowded_chase,0.07503577791852113,-0.0032558154816091367,-0.022417784229028515,0.0,0.0,-0.026138763748628335,0.07503577791852113,-1.0739981495002198,0.008826169535433468,-0.9897149607924459,0.26251391008062586,0.07503577791852113,0,1.0,1.0
2018-08-28,3792.4214520832975,3845.119694502533,3865.638831480757,3787.9662779095993,122010.0,4710250610.0,120983.0,0.0084529687287392,14,uptrend_crowded_chase,3.4844463521002145,0.013865365843951372,-0.005944634560160145,0.1,0.03333333333333333,0.06438479234626371,2.019713276654512,1.3520328285790524,0.02020029537239322,1.3774333223123516,0.735825126961666,3.4844463521002145,0,1.0,1.0
2018-08-29,3833.5162098255846,3827.865725591024,3854.979320283416,3813.591618206678,82366.0,3189750850.0,119792.0,-0.3745841750837441,14,uptrend_crowded_chase,1.3582466829522237,-0.00448723844310428,-0.007095036702846613,0.1,0.03333333333333333,0.03681543398928255,1.2582466829522236,-0.3212911562118598,0.01081221365735024,-0.38120819250937105,0.3448876518411142,1.3582466829522237,0,1.0,1.0
2018-08-30,3817.456912847384,3796.023966010578,3845.1322146832968,3785.4619291892977,88204.0,3408324580.0,115330.0,-0.2681452707795259,14,uptrend_crowded_chase,0.4306241621367653,-0.008318410796797071,-0.014185926682328431,0.05,0.016666666666666666,-0.014470363234595496,-1.2087332969355307,0.04935755093570177,0.01571915404862666,0.7118907733378288,0.1770066413096441,0.4306241621367653,0,1.0,1.0
2018-08-31,3799.457215304192,3783.451003037303,3815.085988307735,3781.915146499826,54476.0,2109167480.0,109966.0,-0.7024109893981738,14,uptrend_crowded_chase,0.0,-0.0033121400406985746,-0.005643198608365152,0.0,0.0,-0.07158908978262168,-2.449240273587002,-2.8712362232463238,0.008767350702118292,-1.072016510285133,0.04630140369579105,0.0,0,1.0,1.0
2018-09-03,3779.045932054884,3750.467627357578,3788.870549754686,3747.886102927349,78540.0,2988090220.0,108533.0,-0.3234462250526244,14,uptrend_crowded_chase,0.0,-0.00871780172473402,-0.011092102403658433,0.0,0.0,-0.07364849348934399,-2.6450988216753597,-0.34837067533130467,0.01092782311421074,-0.20633132266273174,0.06298790468258789,0.0,0,1.0,1.0
2018-09-04,3750.8337727719545,3754.812130150073,3765.673823767768,3742.45855343543,45453.0,1720803160.0,107814.0,-0.8637286951265635,14,uptrend_crowded_chase,0.05,0.0011583896260840554,-0.02348628170966316,0.05,0.016666666666666666,-0.11524251968613264,-2.478917085643774,-3.8412371633650184,0.006182804765630253,-1.5438038956253992,0.5321315038677178,0.05,0,1.0,1.0
2018-09-05,3756.303869439811,3756.0769378832456,3771.933761690713,3751.7555008210174,44174.0,1678781990.0,109101.0,-0.9041376779885828,14,uptrend_crowded_chase,0.1,0.00033684980481885063,-0.01875425964600519,0.1,0.03333333333333333,-0.09348284678846852,-1.7625009468519057,-4.029993711772063,0.005372163883593637,-1.785163672914634,0.21416300890025053,0.1,0,1.0,1.0
2018-09-06,3770.082319452734,3775.355176808506,3789.790660895622,3765.577980808962,62982.0,2407380860.0,105142.0,-0.512462846184705,14,uptrend_crowded_chase,0.15,0.005132546335998356,-0.00544485213664081,0.15,0.05,-0.09248576677142673,-1.8306439907815157,-1.0393653478994782,0.006413351579579886,-0.8854294924311392,0.4038047818147433,0.15,0,1.0,1.0
2018-09-07,3784.62419958578,3767.158607686729,3794.521401620294,3761.782932340821,54249.0,2075236900.0,103425.0,-0.6452621532765229,14,uptrend_crowded_chase,0.15,-0.002171072319798517,-0.004306226071778108,0.15,0.05,-0.06132451475740908,-1.4265734737648927,-0.9716829394997873,0.008690494000616696,-0.21620891088172497,0.16420057089469445,0.15,0,1.0,1.0
2018-09-10,3783.468067397679,3794.7751042061386,3813.7453734921705,3778.103728512552,81989.0,3152244940.0,105560.0,-0.2526944197107588,14,uptrend_crowded_chase,0.7356489194862639,0.007330855797539115,0.011813853964599552,0.35,0.11666666666666667,-0.027774762567364775,-0.5388461713705788,0.5933446190508092,0.009392294405039468,0.17795321992171861,0.46774989490860963,0.7356489194862639,0,1.0,1.0
2018-09-11,3788.2378198900137,3756.265196985845,3794.39395746743,3744.362647300378,69363.0,2644646750.0,106962.0,-0.4331200470657038,14,uptrend_crowded_chase,0.7834242692042142,-0.010148139524160271,0.00038698789324342897,0.15,0.05,-0.007933888974591241,-0.3582142051030447,-0.038840686131902856,0.01331942968435749,1.2668485384084283,0.2379020186704068,0.7834242692042142,0,1.0,1.0
2018-09-12,3752.439160956823,3775.250169763861,3777.501468524928,3747.03876830544,47636.0,1808272610.0,104557.0,-0.7861435993383129,14,uptrend_crowded_chase,0.25,0.005054215233059267,0.005104589761524059,0.25,0.08333333333333333,-0.0425416814557984,-1.1215810964880515,-1.0697523957269939,0.008069054724761025,-0.3020302842006488,0.9260965461089725,0.25,0,1.0,1.0
2018-09-13,3766.690578697764,3786.27655962384,3805.222300773001,3764.605708094545,66574.0,2550813190.0,104849.0,-0.4542071089342308,14,uptrend_crowded_chase,0.8861320581421812,0.0029207044206738253,0.0028928093659699172,0.4,0.13333333333333333,-0.0027905975984037212,-0.8426983211096072,0.37511807790619,0.010727317996678722,0.5971460383781725,0.5335467625473612,0.8861320581421812,0,1.0,1.0
2018-09-14,3792.631212138476,3843.732854455277,3847.721197555202,3787.544095026491,106659.0,4124774630.0,111093.0,-0.040730858817443,14,uptrend_crowded_chase,4.845489162689491,0.015174880631843024,0.020326791288347135,0.7,0.23333333333333334,0.07152097601249885,1.9565579417845278,2.1515801424293493,0.015655901387360824,2.226282299380576,0.9337232446839402,4.845489162689491,0,1.0,1.0
2018-09-17,3871.16677057075,3884.298564134703,3911.716085475488,3860.0031035084335,126463.0,4955738270.0,108506.0,0.1531443042746988,14,uptrend_crowded_chase,3.610966214820445,0.010553727643274335,0.023591242555938585,1.0,0.4166666666666667,0.027525959355598317,0.9203770884608117,2.104666930918987,0.013313338589505275,1.2765113218002793,0.46981356909079314,3.610966214820445,0,1.0,1.0
2018-09-18,3890.4801339429455,3871.240664317148,3895.703255659917,3863.5979046829066,51178.0,2001601220.0,109526.0,-0.7608522117904856,14,uptrend_crowded_chase,2.281841712190187,-0.0033617137307940803,0.030608985601858762,0.95,0.38333333333333336,0.023688332796041323,1.3318417121901869,-0.584492540683146,0.00829329761720549,-0.18393222965031492,0.23805251777855227,2.281841712190187,0,1.0,1.0
2018-09-19,3885.029964661736,3899.4272040720352,3906.4971493623934,3857.829486285553,72798.0,2855614190.0,108447.0,-0.3985730920751889,14,uptrend_crowded_chase,2.447094928913899,0.007281009422817508,0.03289239884093331,1.0,0.48333333333333334,0.036529197128917446,0.7417506733880311,0.33520765058397173,0.012480721021287106,1.0754808604677641,0.854730125849775,2.447094928913899,0,1.0,1.0
2018-09-20,3915.655134329183,3847.7992373453535,3928.721824925679,3839.989457675808,81589.0,3191543840.0,105159.0,-0.2537790415357064,14,uptrend_crowded_chase,3.086295832958751,-0.013239884738140084,0.016248859995484644,0.8,0.2833333333333333,0.0029522706293168,-0.3841738938312362,0.5972766431241523,0.02306055014218689,3.9753150227933496,0.08801500412530647,3.086295832958751,0,1.0,1.0
2018-09-21,3840.712744827848,3841.868877389982,3850.3373019991136,3827.1723710481738,61036.0,2360466870.0,104551.0,-0.5382111366009414,14,uptrend_crowded_chase,0.7,-0.001541234245751033,-0.0004849392858128354,0.7,0.23333333333333334,-0.060692697729544776,-0.59830586969185,-0.4966635832827146,0.006029599575162283,-1.4672042474505096,0.634429102030718,0.7,0,1.0,1.0
2018-09-25,3818.380839195691,3849.4166659011366,3854.789340311251,3799.375385765493,60575.0,2344625580.0,108857.0,-0.5861528275919243,14,uptrend_crowded_chase,2.198462528014971,0.001964613773149493,-0.008980230962584934,0.85,0.31666666666666665,0.00322962330379184,1.0075319242855851,-0.7296992492602608,0.014395416073460076,0.6818612074587715,0.9030447392871406,2.198462528014971,0,1.0,1.0
2018-09-26,3850.712284522198,3868.050373117203,3882.760181786401,3845.588039380742,72424.0,2834238310.0,108947.0,-0.4083237892716052,14,uptrend_crowded_chase,1.3753461372689963,0.004840657386124825,-0.0008241004568254606,0.85,0.4166666666666667,-0.005300438549076247,0.38106834478776486,0.2885555849624631,0.009610046100744708,-0.8996662768950017,0.6042786958935501,1.3753461372689963,0,1.0,1.0
2018-09-27,3867.43146083936,3867.447454963476,3869.231276486574,3835.7259755114287,51504.0,2004469980.0,103083.0,-0.6938750144130577,14,uptrend_crowded_chase,0.8,-0.00015587132936978332,-0.008201140176476107,0.8,0.4166666666666667,-0.050727085403469374,-2.0559292938535045,-1.3533040022783724,0.008663414659233398,-0.65007285984646,0.9467600209166486,0.8,0,1.0,1.0
2018-09-28,3857.625609069555,3874.8341475206735,3877.7382718504527,3854.506146066323,54223.0,2117747990.0,99281.0,-0.604849040691439,14,uptrend_crowded_chase,0.9,0.0019099658478145543,0.007026070880447488,0.9,0.48333333333333334,-0.05751927712955052,-3.5709068112016826,-1.120273588724963,0.005995643916526107,-1.3198871523329132,0.8749953251474254,0.9,0,1.0,1.0
2018-10-08,3889.100548227,3946.078770117704,3955.954090741633,3888.514594421865,85522.0,3382883590.0,104075.0,-0.1963381402953295,14,uptrend_crowded_chase,2.0837845803662893,0.01838649601109177,0.027124791619259625,1.0,0.7666666666666667,-0.0045631975493911625,-1.6698384476994612,0.8312428928066661,0.017090255985375755,1.3363262679259127,0.8535676990067583,2.0837845803662893,0,1.0,1.0
2018-10-09,3953.111319311664,3999.411689902909,4003.7157257690233,3951.887801147228,68864.0,2764251360.0,107734.0,-0.4475316809792317,14,uptrend_crowded_chase,1.5576540047200182,0.013515421990325294,0.03896565038813726,1.0,0.9666666666666667,-0.010369868216017153,0.28815063436129207,0.11599283977289516,0.012958887116483252,0.4230139009445573,0.9169552727121123,1.5576540047200182,0,1.0,1.0
2018-10-10,4016.1738418105247,4044.901524280865,4052.770006461772,3969.889707538669,81389.0,3301618040.0,108707.0,-0.2894160607360572,14,uptrend_crowded_chase,3.1979239974735165,0.011374131473586901,0.045721005184619745,1.0,1.0,-0.0022053359669040873,0.6332069282368282,1.0415195789520166,0.020490065932529267,2.08791455952136,0.9050620921600749,3.1979239974735165,0,1.0,1.0
2018-10-11,4004.51909710854,4058.126010586469,4094.551124009037,3986.995893396694,142256.0,5833618190.0,113919.0,0.2221405818435328,14,uptrend_crowded_chase,5.834810675989759,0.003269421078911261,0.049303463807446546,1.0,1.0,0.0999531805657412,2.1040720333663137,3.254935235093724,0.026503669509463836,2.2065420501531676,0.6613357322076365,5.834810675989759,1,0.0,0.0
2018-10-12,4058.3754662790498,4072.074901341752,4079.464922762916,4042.64986078314,67744.0,2780988580.0,114030.0,-0.5207256767168125,14,uptrend_crowded_chase,3.068733154912431,0.0034372739335581937,0.05090301837751787,1.0,1.0,0.1385073583014833,2.068733154912431,-0.1874793552903298,0.009040860709032034,-0.5288285395741905,0.7992663593715101,3.068733154912431,0,1.0,1.0
2018-10-15,4097.160321673681,4151.970478524095,4159.892286355293,4093.1695073607743,128099.0,5366206740.0,118761.0,0.0756903322673111,14,uptrend_crowded_chase,4.527149620927619,0.019620360410368853,0.05217627939045144,1.0,1.0,0.1320012771226189,1.7051968019266535,2.8722182121918483,0.01607014773819806,0.7716874258100848,0.8812728134142992,4.527149620927619,1,0.0,0.0
2018-10-16,4157.161119102295,4109.515205027892,4158.357584475232,4096.077579319283,87837.0,3671652140.0,110424.0,-0.2288446773487482,14,uptrend_crowded_chase,1.7147815629488399,-0.010225331253148506,0.02752992781487218,0.95,0.9833333333333333,0.024662275442780768,0.22362440686523094,0.8532440381973493,0.015155073542434101,0.2290702739698687,0.21576147392667944,1.7147815629488399,0,1.0,1.0
2018-10-17,4119.267285712998,4199.929980518186,4209.627552483437,4112.774882690419,145176.0,6144473520.0,130378.0,0.1075088758700244,14,uptrend_crowded_chase,5.992880772701493,0.022001323995510136,0.0383268802235881,1.0,1.0,0.18178173412485776,2.6968780900987963,3.308525308396415,0.02306054392389386,1.2834800568089804,0.899872951504843,5.992880772701493,1,0.0,0.0
2018-10-18,4197.259181741934,4179.000048788421,4201.371070876199,4161.983161172779,100672.0,4264870530.0,122980.0,-0.200154033089511,14,uptrend_crowded_chase,2.8549507404952106,-0.004983400158300566,0.029785678879026056,0.95,0.9833333333333333,0.07653407099007303,1.7060544172369012,0.39779264651661883,0.009425199627561597,-0.7290203068646063,0.432033274773259,2.8549507404952106,0,1.0,1.0
2018-10-19,4187.013804626416,4170.144308312656,4196.731174772086,4123.1774808006285,110488.0,4668481680.0,116064.0,-0.0492348453248643,14,uptrend_crowded_chase,1.8411183532498192,-0.0021191051381614923,0.02408339958054051,0.9,0.9666666666666667,0.017680191431225012,0.4739075889820755,0.6874745242704675,0.017638165140913112,0.24694700426502,0.6385379846490509,1.8411183532498192,0,1.0,1.0
2018-10-22,4169.772181228999,4146.617776786174,4170.889549150543,4131.427344236892,79349.0,3346511890.0,116534.0,-0.3843272314221531,14,uptrend_crowded_chase,1.1386824805803912,-0.005641658846094466,-0.001289195519478703,0.8,0.9333333333333333,-0.018929994282952833,0.33868248058039113,-0.48703836176806903,0.009516721105709352,-1.2652076428489323,0.384936234113641,1.1386824805803912,0,1.0,1.0
2018-10-23,4145.362798064985,4154.938334287397,4176.657010922072,4136.162337884251,69325.0,2931550010.0,120537.0,-0.5531511682393627,14,uptrend_crowded_chase,1.7146886806258466,0.0020065889718130503,0.011053160042802768,0.85,0.95,0.08762925821992695,0.8646886806258467,-0.8586818107247696,0.00974615500395043,-0.7211784883403316,0.4636658353954246,1.7146886806258466,0,1.0,1.0
2018-10-24,4135.1773654634735,4098.633464876239,4141.222147254785,4090.0981125629855,108721.0,4528974320.0,110737.0,-0.0183730528054077,14,uptrend_crowded_chase,0.8561879111435179,-0.013551312891101008,-0.02411862009886412,0.65,0.8833333333333333,-0.16327990305704176,-1.1649667657621203,0.4123758222870357,0.01247343416529283,-0.35400174368294207,0.16695380880457183,0.8561879111435179,0,1.0,1.0
2018-10-25,4110.169148505955,4122.920769237543,4139.484379941666,4100.815897551112,71979.0,3006730170.0,113567.0,-0.4560185613216582,14,uptrend_crowded_chase,0.7,0.005925707816870629,-0.01341930578994277,0.7,0.9,-0.07962876939727259,-0.5650639124454053,-1.0532556877176422,0.009378905042044854,-0.7152124147651792,0.5716508722315621,0.7,0,1.0,1.0
2018-10-26,4123.666610936098,4249.660595507028,4254.26585247239,4122.944509952306,154141.0,6538101200.0,127488.0,0.1898455254153919,14,uptrend_crowded_chase,7.356128632278372,0.030740301199851494,0.01906799413053073,1.0,1.0,0.09388047942158728,2.0804117142177496,1.5251101053778886,0.03090160721515593,7.026323730743355,0.9649313898488531,7.356128632278372,0,1.0,1.0
2018-10-29,4246.07274590164,4224.901115614492,4268.891957681864,4218.226011783404,101930.0,4370576870.0,121637.0,-0.1767548963848848,14,uptrend_crowded_chase,1.515708987503538,-0.005826225256368334,0.01887884127313777,0.95,0.9833333333333333,0.04285812364450159,0.5657089875035382,-0.07334315539161446,0.011992220530607929,-0.29380797502009626,0.13174734454706954,1.515708987503538,0,1.0,1.0
2018-10-30,4228.41251884134,4241.862330780912,4284.210092479335,4209.165305281528,118507.0,5094893690.0,123804.0,-0.0437276393457614,14,uptrend_crowded_chase,2.613022159254398,0.0040145827564423975,0.020920646589673852,0.95,0.9833333333333333,0.026742910165035383,0.7391264447581392,0.5471563987514361,0.017691471656976487,1.3006350302410823,0.435700156137421,2.613022159254398,0,1.0,1.0
2018-10-31,4244.327875092118,4202.933303449048,4252.761286978775,4181.802131343633,114397.0,4892376620.0,116003.0,-0.013941198015288,14,uptrend_crowded_chase,1.5438307078883078,-0.009177343415739059,0.02544746669020803,0.85,0.95,0.04645803229525569,-0.7170700171620872,0.27960295375950206,0.016883245702926413,1.1080584620171134,0.29779345478781494,1.5438307078883078,0,1.0,1.0
2018-11-01,4203.981894162369,4197.638831609115,4235.024382251871,4182.082165247974,101622.0,4343626900.0,114448.0,-0.1188605242289887,14,uptrend_crowded_chase,0.7952181662350638,-0.001259708745696364,0.018122604472311954,0.75,0.9166666666666666,0.007727600237975807,-0.7492640884104667,-0.23607080074697606,0.012612380227958348,0.09043633247012758,0.2938423670469947,0.7952181662350638,0,1.0,1.0
2018-11-02,4159.551579318863,4206.373779749181,4208.885582776016,4145.400725486225,122778.0,5204520470.0,112272.0,0.089453348058814,14,uptrend_crowded_chase,1.642581386303046,0.0020809194145743337,-0.010185946567971116,0.85,0.95,-0.12709774401214524,-0.7980570964664282,1.0295407019796348,0.015092538279747537,0.5556220706264576,0.960434611747345,1.642581386303046,0,1.0,1.0
2018-11-05,4201.839436744454,4129.576571257193,4209.539458885002,4123.459902867163,115567.0,4878645520.0,106698.0,0.0798480343671741,14,uptrend_crowded_chase,1.5927787061103877,-0.0182573429070223,-0.022562550400291204,0.4,0.8,-0.13103878557562787,-1.6312822708690595,0.46232041435095655,0.02084464461004865,1.923236997869819,0.07105831713121824,1.5927787061103877,0,1.0,1.0
2018-11-06,4143.464917039227,4143.522818772783,4162.813220111073,4130.032869565218,91933.0,3853405910.0,105067.0,-0.1335381910307043,14,uptrend_crowded_chase,0.4,0.003377161622975855,-0.02318309844582478,0.4,0.8,-0.16410142800682515,-1.4678357324249032,-1.4246220823012936,0.007911227228516596,-1.1666443767643426,0.4115254712939737,0.4,0,1.0,1.0
2018-11-07,4126.856757793765,4163.715457018549,4163.937923582213,4095.393157626516,112324.0,4695780350.0,105499.0,0.0626860779807898,14,uptrend_crowded_chase,0.8326433544891778,0.004873302049715145,-0.009331065615130196,0.55,0.85,-0.09491457864270103,-1.1143706839379994,0.05278739269083149,0.016462403990684663,0.5124993162875239,0.9967544339737356,0.8326433544891778,0,1.0,1.0
2018-11-08,4159.129710076494,4184.723187836826,4190.798533172326,4139.347463937997,108830.0,4601592910.0,112076.0,-0.0293901808902023,14,uptrend_crowded_chase,0.65,0.005045429024902459,-0.0030768830503071776,0.65,0.8833333333333333,-0.020943358767855358,-0.17582587374990283,-0.2953553598107352,0.012294975539570752,-0.6759124266669974,0.8819199401312622,0.65,0,1.0,1.0
2018-11-09,4187.516177503534,4207.699785789557,4226.261576001864,4173.223872906076,101495.0,4343058220.0,115774.0,-0.1316304787014648,14,uptrend_crowded_chase,1.067394339023937,0.0054905896809409604,0.0003152373302532929,0.85,0.95,0.030715516376261576,0.21739433902393715,-1.1995713365492553,0.01260491617650798,-0.6438002731401935,0.6500265070155018,1.067394339023937,0,1.0,1.0
2018-11-12,4199.002518913491,4123.698715793108,4202.259023942663,4121.452008106952,106552.0,4498546080.0,110029.0,-0.0321108385113637,14,uptrend_crowded_chase,1.0165872918548164,-0.01996365574372516,-0.0014233554851594832,0.15,0.7166666666666667,0.030741553420513767,-0.4804328313804937,-0.3308241852896249,0.019595761331018792,1.7331745837096328,0.027803374037764134,1.0165872918548164,0,1.0,1.0
2018-11-13,4119.263280825638,4125.045996269172,4141.653052060829,4101.9464912435415,80404.0,3379724490.0,115792.0,-0.3647315519326221,14,uptrend_crowded_chase,0.8572531967772996,0.00032671651566196225,-0.0044592061662841465,0.2,0.7166666666666667,0.09719723622435694,0.6572531967772995,-3.780819113589185,0.009625725592684266,-1.309412236012814,0.5817553711570319,0.8572531967772996,0,1.0,1.0
2018-11-14,4126.187793263748,4187.976998615962,4207.9956836824085,4100.15910020806,150077.0,6413384310.0,121384.0,0.2121894214961658,14,uptrend_crowded_chase,5.5742131507089,0.015255830457092223,0.00582689711817741,0.6,0.8666666666666667,0.14025760002472865,1.6807101278196692,3.7419261729889093,0.025749086852670355,2.845079872789552,0.8143609114692625,5.5742131507089,0,1.0,1.0
2018-11-15,4184.788218573636,4159.008392271864,4186.956651571019,4138.984260088929,91471.0,3900225280.0,115940.0,-0.2370508337568835,14,uptrend_crowded_chase,1.1033531379824377,-0.006917088215544487,-0.006144921518274726,0.4,0.7833333333333333,0.03389560331341457,0.7033531379824376,-1.6954419437665709,0.011534574340179597,-0.4573542485051395,0.41740950501520974,1.1033531379824377,0,1.0,1.0
2018-11-16,4160.4806114101175,4153.597706753498,4192.708336175729,4133.623851071182,95045.0,4074207030.0,114859.0,-0.1893548254890457,14,uptrend_crowded_chase,0.8797946802557699,-0.0013009556625133145,-0.012857875273985853,0.35,0.75,-0.007934725739032089,0.49268299044877095,-0.8346210418396391,0.014224893520255692,0.07422337961399805,0.33805584743563744,0.8797946802557699,0,1.0,1.0
2018-11-19,4133.768486114737,4127.892068479978,4165.204644903555,4111.879850088183,93265.0,3965266740.0,116472.0,-0.2222059972744987,14,uptrend_crowded_chase,0.8756566280872486,-0.006188764557464088,0.0010168911396970515,0.2,0.6666666666666666,0.05690693336093311,0.6756566280872487,-0.7512649725113344,0.012918165962369266,-0.09801420190250883,0.30027716838356794,0.8756566280872486,0,1.0,1.0
2018-11-20,4125.231495497344,4191.08657793819,4198.77000481642,4112.564304197331,134199.0,5753470560.0,132990.0,0.0090498355199178,14,uptrend_crowded_chase,8.174497646024154,0.015309147722334382,0.016009659462887793,0.65,0.8666666666666667,0.1384784593013002,4.999949516768117,2.759144335424294,0.020568818853056937,2.2899519230877807,0.9108710117422544,8.174497646024154,0,1.0,1.0
2018-11-21,4157.728989994509,4060.413105041091,4222.918018151016,4055.653754527163,279225.0,11883716000.0,122533.0,0.8236375269653727,14,uptrend_crowded_chase,9.015912879938153,-0.031178900857109948,-0.030459549710284417,0.0,0.5333333333333333,0.00942130723857737,1.8848633598991507,6.700540772097114,0.04119390300858579,7.561558267980887,0.02845407865861228,9.015912879938153,0,1.0,1.0
2018-11-22,4045.479189686924,4052.624287824436,4073.000128943869,4036.692375690608,91547.0,3817902770.0,123214.0,-0.2970701794020284,14,uptrend_crowded_chase,1.975594396394826,-0.0019182327056783688,-0.025579199273823905,0.0,0.5,0.06084986509534751,1.975594396394826,-0.7250027704641714,0.00895907211589855,-1.0400083841717522,0.43880192813630176,1.975594396394826,0,1.0,1.0
2018-11-23,4038.04673901625,4040.607903845674,4071.226158124752,4015.710386614192,104026.0,4348694330.0,120473.0,-0.1467847935374641,14,uptrend_crowded_chase,1.1476647738532713,-0.002965087095505914,-0.027202875888560185,0.0,0.4666666666666667,0.04772037228688042,0.8804718773087209,0.5079160376851224,0.01373946020788671,0.026469755403978733,0.4484764699117297,1.1476647738532713,0,1.0,1.0
2018-11-26,4040.6309657588577,3974.8531139443294,4046.948732310835,3947.0492572819785,164151.0,6697684160.0,119848.0,0.3145624627029992,14,uptrend_crowded_chase,3.1225716100889658,-0.01627348940211748,-0.03707435950281579,0.0,0.43333333333333335,0.028573372444055778,0.2853051129158622,4.070823629309261,0.02513287212510962,1.6037093650369467,0.27831834606057293,3.1225716100889658,0,1.0,1.0
2018-11-27,3983.9914632007153,3966.104557777457,3989.9872532723,3956.9227976304223,68572.0,2800382040.0,117667.0,-0.5399743129771298,14,uptrend_crowded_chase,0.0,-0.0022009759646667293,-0.05368107195519045,0.0,0.4166666666666667,-0.12241533630270673,-0.5026185488910889,-1.6941118389113268,0.0083367584389673,-0.8119323670807708,0.2776927661075896,0.0,0,1.0,1.0
2018-11-28,3947.7093010419417,3943.563982011448,3952.6724727152464,3885.990070418969,131140.0,5235012640.0,107624.0,0.1976217836522316,14,uptrend_crowded_chase,0.6720798720201397,-0.005683303462539202,-0.028777644049215678,0.0,0.38333333333333336,-0.1297367102782765,-3.22664715320593,0.9740557947117482,0.016909172160119345,0.3701039493285312,0.8634048805961068,0.6720798720201397,0,1.0,1.0
2018-11-29,3944.032860392275,3903.826887258628,3951.720217924475,3898.687554474977,73670.0,2937281810.0,105232.0,-0.3565717758642729,14,uptrend_crowded_chase,0.0,-0.010076442257328733,-0.03671630775466894,0.0,0.36666666666666664,-0.1577552444479391,-2.948182428916999,-1.1230170567099091,0.013584788716576292,-0.06742924790240888,0.09690881900633506,0.0,0,1.0,1.0
2018-11-30,3891.4528691045,3942.052343561732,3952.404319624067,3885.8788022139183,75417.0,3020298490.0,99592.0,-0.2780491262878239,14,uptrend_crowded_chase,0.29550150177524287,0.00979179082655146,-0.024391270479410143,0.05,0.36666666666666664,-0.19034382135455807,-3.6701338344776726,-0.6467998155113571,0.016875858464639567,0.4910030035504857,0.8443908974279444,0.29550150177524287,0,1.0,1.0
2018-12-03,3929.215865751335,3903.253140895998,3966.30347570108,3901.838338338338,82892.0,3305499200.0,97902.0,-0.1664284226617472,14,uptrend_crowded_chase,0.10650637115230412,-0.009842386473914222,-0.01801323746961836,0.0,0.3333333333333333,-0.20225729487809296,-3.8178416664666472,-0.4035327591318385,0.0165157459779675,0.21301274230460823,0.021946785744038248,0.10650637115230412,0,1.0,1.0
2018-12-04,3897.11738997555,3867.150690018568,3899.269325590872,3854.1760482088007,68486.0,2688401120.0,99635.0,-0.3748841636667605,14,uptrend_crowded_chase,0.0,-0.009249323467947712,-0.024949888818448396,0.0,0.21666666666666667,-0.16634509263781716,-1.750337559103386,-0.8283731035732181,0.011660594840139234,-0.9725619115667441,0.2877289601249092,0.0,0,1.0,1.0
2018-12-05,3865.512590054208,3864.878596241204,3893.6995014916,3839.793072737238,78866.0,3121158230.0,101043.0,-0.2477959590577888,14,uptrend_crowded_chase,0.0,-0.000587536912701303,-0.019952861454554105,0.0,0.2,-0.06309750237037903,-0.9477393144384978,-0.3218902924145227,0.013947767675494072,-0.30323954018087157,0.4653530957926035,0.0,0,1.0,1.0
2018-12-06,3865.195728301737,3830.17453352232,3884.05272660536,3825.7203544484782,70374.0,2756238890.0,103006.0,-0.3809633621927905,14,uptrend_crowded_chase,0.16389095701995682,-0.00897934096885622,-0.01886670589228634,0.0,0.11666666666666667,-0.021380197598780626,-0.2938089701479943,-0.6480515442591637,0.015229690356496087,0.32778191403991364,0.07635861373616763,0.16389095701995682,0,1.0,1.0
2018-12-07,3827.594118558398,3829.348415358986,3850.137495626093,3814.090332513508,60138.0,2383351420.0,97246.0,-0.4806019292764659,14,uptrend_crowded_chase,0.0,-0.0002156868195178907,-0.028590165320056427,0.0,0.1,-0.023837989532236037,-1.0417203977626985,-1.6049691276755935,0.00941339340343243,-1.656665766501092,0.4232810997587507,0.0,0,1.0,1.0
2018-12-10,3795.7086882980257,3751.948009163524,3798.798974813836,3746.8442026453713,64582.0,2474259780.0,98652.0,-0.4236627717670546,14,uptrend_crowded_chase,0.0,-0.02021242201023543,-0.038763853193939046,0.0,0.0,0.007631527621008161,-0.6271827041606983,-1.1504932977882494,0.01384741260848331,-0.2170388231553479,0.09823556730464743,0.0,0,1.0,1.0
2018-12-11,3735.080818014985,3750.5538171223575,3758.925324047205,3724.800967314937,68701.0,2589847730.0,96447.0,-0.3392298795058031,14,uptrend_crowded_chase,0.0,-0.00037159151399790424,-0.030150589475904543,0.0,0.0,-0.03251987381562138,-1.049455627397844,-0.44875932924043066,0.009098484756165912,-1.333409462940162,0.7546764913247033,0.0,0,1.0,1.0
2018-12-12,3751.684069542016,3753.763828830757,3773.910247858081,3746.77499712045,58892.0,2174510460.0,93428.0,-0.4614858281720682,14,uptrend_crowded_chase,0.1,0.0008558767224575714,-0.028749872639857732,0.1,0.03333333333333333,-0.07835508263763202,-2.0896364936815623,-1.9214123320182943,0.007228811394371508,-1.8528896478489136,0.2575554498420434,0.1,0,1.0,1.0
2018-12-13,3750.611693561289,3729.554246183727,3758.2723840402728,3722.4894197733047,48232.0,1778244690.0,91647.0,-0.6419215393386434,14,uptrend_crowded_chase,0.0,-0.006449415506934231,-0.026270418347244306,0.0,0.0,-0.11684299843446588,-2.7610512595361705,-3.1813545000593795,0.009594434590563482,-1.1451860506491167,0.1974354711843747,0.0,0,1.0,1.0
2018-12-14,3737.5791077044014,3674.234336241553,3744.7380219252273,3672.753239671542,61238.0,2203924300.0,93528.0,-0.4234929448415388,14,uptrend_crowded_chase,0.7095212337756591,-0.014832847651641057,-0.04050665081696192,0.0,0.0,-0.03898299384273152,-2.0542548418938846,-0.6758805640868678,0.0195917776783176,1.4190424675513182,0.020575134405375037,0.7095212337756591,0,1.0,1.0
2018-12-17,3667.642619904525,3678.862100068977,3689.2340740895374,3662.018262011812,43874.0,1562469740.0,94235.0,-0.7644697729650953,14,uptrend_crowded_chase,0.05,0.0012595178760856918,-0.019479456782462545,0.05,0.016666666666666666,-0.045806843489405225,-0.8408966227761244,-3.0636481460206397,0.007397888623554291,-1.111553970662311,0.6188989697996362,0.05,0,1.0,1.0
2018-12-18,3681.2704996678726,3666.9635541175503,3690.5916557360506,3664.849988858052,61949.0,2194775030.0,97048.0,-0.4488942355737914,14,uptrend_crowded_chase,0.04450831474073403,-0.0032343006146393627,-0.022287445289597918,0.0,0.0,0.0062120667996925505,0.04450831474073403,-0.11681287119524121,0.007019886207784656,-0.75457106513758,0.08210677535047073,0.04450831474073403,0,1.0,1.0
2018-12-19,3664.731967897139,3658.677912224203,3675.372491479525,3649.84800593429,41955.0,1500559940.0,95949.0,-0.8272191849825247,14,uptrend_crowded_chase,0.0,-0.002259537563181868,-0.025330820196051596,0.0,0.0,0.02662571412932735,-0.18576935740782005,-3.3069237168433525,0.0069764232210639526,-0.7164204517151628,0.3459386585584382,0.0,0,1.0,1.0
2018-12-20,3660.753584964437,3655.693715324962,3669.12144769892,3633.7969575596553,57726.0,2038032810.0,97873.0,-0.5279630412676721,14,uptrend_crowded_chase,0.5728393782854758,-0.0008156489778098353,-0.01980411759242895,0.0,0.0,0.06572647934910592,0.5084577295029263,-0.3620455980985425,0.009662869181622472,0.12876329756509894,0.6198747010637667,0.5728393782854758,0,1.0,1.0
2018-12-21,3659.587744698206,3650.876743421401,3673.704908939632,3645.686506147864,50664.0,1811481290.0,94283.0,-0.621085298457862,14,uptrend_crowded_chase,0.0,-0.0013176628784210553,-0.00635713203966326,0.0,0.0,0.00804004096747235,-0.7159723007197993,-1.7812085097265524,0.007674431310850207,-0.5491189010792354,0.18524386675824614,0.0,0,1.0,1.0
2018-12-24,3641.549012370417,3658.056774165936,3664.020253057066,3607.970921934093,69972.0,2472963340.0,93458.0,-0.2894169754860773,14,uptrend_crowded_chase,2.489822608576861,0.0019666593120331033,-0.00565536987718307,0.1,0.03333333333333333,-0.008279524954494022,-0.6828118825062728,1.0136735344196657,0.015322159983630271,3.765971682734057,0.8936030319782782,2.489822608576861,0,1.0,1.0
2018-12-25,3651.8874032900176,3648.0773399123286,3672.353155134495,3637.611999397447,77777.0,2769806790.0,90794.0,-0.1547474464715757,14,uptrend_crowded_chase,0.9467497218196752,-0.002728069811295586,-0.005150368670562511,0.0,0.0,-0.06661249733985741,-1.8975456216914828,1.2762992276451222,0.009523141233042706,0.6172002159942284,0.3012375464447003,0.9467497218196752,0,1.0,1.0
2018-12-26,3651.983504181575,3603.012153230716,3654.7103697083294,3601.0760093217964,58325.0,2068033010.0,91992.0,-0.45567079883887,14,uptrend_crowded_chase,1.650177028102557,-0.012353133577671205,-0.015214719723618986,0.0,0.0,-0.042115183558193436,-1.0297401765893863,0.0013551233016926246,0.014885978205330398,3.2989989329034213,0.03609894655154586,1.650177028102557,0,1.0,1.0
2018-12-27,3605.896344855421,3598.498588571365,3624.8270596319776,3583.77298401251,48578.0,1717462280.0,88917.0,-0.6045325968141003,14,uptrend_crowded_chase,0.2654850733203401,-0.0012527197987117766,-0.015645491993443117,0.0,0.0,-0.09596736953963614,-1.7400043034887898,-0.7479308538678884,0.011408667978876876,0.5309701466406802,0.3586880068947962,0.2654850733203401,0,1.0,1.0
2018-12-28,3600.200477674868,3568.882228768381,3607.909003078167,3565.40966723173,40007.0,1437512220.0,83849.0,-0.7399631233364417,14,uptrend_crowded_chase,0.3275106407738197,-0.008230199088320789,-0.022458855890100327,0.0,0.0,-0.11728333553232595,-3.6197549542031218,-1.6006633954213516,0.011908304371563313,0.6550212815476394,0.08170860714620191,0.3275106407738197,0,1.0,1.0
2019-01-02,3555.2547586108203,3496.073530331131,3565.416334140896,3489.2980222330425,82892.0,2858780570.0,95974.0,-0.1465387657772912,14,uptrend_crowded_chase,3.2041124248159676,-0.020400980971113758,-0.04428122739339879,0.0,0.0,0.026565183938435766,0.5477998754163128,1.6699602170912429,0.02177251457884644,3.642664881708066,0.08901285286372256,3.2041124248159676,0,1.0,1.0
2019-01-03,3502.569927336037,3488.367339994432,3515.369624541263,3485.1658694645894,38826.0,1333446620.0,96981.0,-0.9154249577252732,14,uptrend_crowded_chase,0.7930117515254493,-0.002204241492589354,-0.04377922533893841,0.0,0.0,0.06592187889969559,0.7930117515254493,-1.485218853356373,0.008658421586048274,-0.3971176377051814,0.10599577839627572,0.7930117515254493,0,1.0,1.0
2019-01-04,3489.281724998453,3523.6395803332657,3527.960425486876,3488.1512467259263,52210.0,1801813700.0,92359.0,-0.570409109807298,14,uptrend_crowded_chase,0.20845743469961311,0.010111389340920152,-0.02202950462608888,0.1,0.03333333333333333,0.003981540483394497,-0.3995119620132052,-0.0928008568557377,0.011297744236708932,0.21691486939922622,0.891461082893559,0.20845743469961311,0,1.0,1.0
2019-01-07,3541.4276934122354,3592.033896433697,3594.997791763277,3523.739302566956,64833.0,2253251080.0,90570.0,-0.3343082993978576,14,uptrend_crowded_chase,1.7721799733981725,0.01941013390874735,-0.0017964970608018715,0.2,0.06666666666666667,0.018419682051639796,-0.6193625576836648,0.6148337067205722,0.019837922260997776,2.5295262400757728,0.9584064247922216,1.7721799733981725,0,1.0,1.0
2019-01-08,3600.0097381423466,3596.109685128228,3615.625523996696,3582.087095564721,80289.0,2834836490.0,90386.0,-0.1184567628804559,14,uptrend_crowded_chase,0.8845145095010675,0.001134674341068287,0.007629127164906047,0.25,0.08333333333333333,0.07507182600865825,-0.6581754148039857,1.269029019002135,0.009326308530207947,-0.5051844139986857,0.41810514741168736,0.8845145095010675,0,1.0,1.0
2019-01-09,3595.8116397085646,3599.2110771572807,3609.849794035261,3581.8104953997804,42013.0,1479434270.0,89337.0,-0.7544366415762725,14,uptrend_crowded_chase,0.35,0.0008624297645531964,0.029500966135681095,0.35,0.11666666666666667,-0.07166158567597947,-0.9174771553270953,-1.0918064083459806,0.007790401294726618,-0.9785705125615755,0.6205783526796875,0.35,0,1.0,1.0
2019-01-10,3603.8257614523777,3607.648013227372,3615.5638698181433,3590.831073879865,55515.0,1961222580.0,93745.0,-0.523925075588685,14,uptrend_crowded_chase,1.8038780466506636,0.002344107052691946,0.03419383958374356,0.45,0.15,-0.033936752933541925,1.3470671865922876,0.01362172011675203,0.006855656607184506,-1.2849469802352758,0.6799449358444632,1.8038780466506636,0,1.0,1.0
2019-01-11,3600.6623578021604,3590.8983598436303,3607.3138921049,3573.7942976753043,53502.0,1882026890.0,92857.0,-0.5513416389908501,14,uptrend_crowded_chase,0.684907982439398,-0.004642818069370724,0.019087871496778597,0.2,0.06666666666666667,0.005377518141889581,0.484907982439398,-0.019417191472983528,0.009334598496142132,-0.4372604743751286,0.5102705584416086,0.684907982439398,0,1.0,1.0
2019-01-14,3599.89921612542,3531.879858326928,3605.1166444138166,3528.297866594653,69666.0,2429193850.0,96278.0,-0.3235274460800336,14,uptrend_crowded_chase,4.390358175004811,-0.016435581183999903,-0.016746511820640686,0.15,0.05,0.061116807566099496,1.437886007212045,0.8588738366224685,0.021750110677760465,4.746070498963063,0.04662911639530855,4.390358175004811,0,1.0,1.0
2019-01-15,3536.164157579656,3531.929689586457,3547.1117337860223,3516.990795427605,43107.0,1495055220.0,97354.0,-0.8146684229135537,14,uptrend_crowded_chase,1.3239704458223964,1.4108990545436129e-05,-0.01784706284326887,0.2,0.06666666666666667,0.07426443168040997,1.1239704458223965,-0.6255019713934834,0.008528181760589946,-0.5765396170829374,0.4959637704871531,1.3239704458223964,0,1.0,1.0
2019-01-16,3527.18017622046,3522.083961428711,3539.5640778765364,3505.412328753841,51081.0,1764819310.0,101630.0,-0.6879261590430584,14,uptrend_crowded_chase,2.0579832757470133,-0.0027876342461671255,-0.0214288948536705,0.1,0.03333333333333333,0.12892303137312133,1.8875970752377582,-0.18202789705210065,0.00969646081601134,0.1407724010185098,0.4881633621450744,2.0579832757470133,0,1.0,1.0
2019-01-17,3521.6188321884206,3528.3391201900613,3540.469049370098,3517.7799379584835,42024.0,1449355610.0,102704.0,-0.8936101809177619,14,uptrend_crowded_chase,2.251367780410538,0.0017759822962348792,-0.02198354516475165,0.2,0.06666666666666667,0.0912727344745079,2.051367780410538,-0.7577540224594271,0.0064305359090292055,-1.6701085334923658,0.4653854459091979,2.251367780410538,0,1.0,1.0
2019-01-18,3531.5641904651234,3503.6442193419,3539.375113052514,3498.6835969406698,64108.0,2207148110.0,107704.0,-0.5188175625456048,14,uptrend_crowded_chase,3.9250303131751094,-0.006999015686120047,-0.024298694019713074,0.1,0.03333333333333333,0.14832604830528595,3.066795600694412,0.6381589661292566,0.01161405484244267,0.8783104588321383,0.12190802592844605,3.9250303131751094,0,1.0,1.0
2019-01-21,3500.976030031979,3540.453411632595,3558.671872603419,3499.7305556842944,84613.0,2931936570.0,108643.0,-0.2499793584579331,14,uptrend_crowded_chase,4.2719660199322735,0.01050597320569513,0.00242747591921999,0.4,0.13333333333333333,0.12082743761460435,1.8541625186893902,1.4539983048927907,0.016647957215159465,2.581608697592977,0.6909050913161244,4.2719660199322735,0,1.0,1.0
2019-01-22,3537.863803422328,3450.767750675241,3544.308058415824,3449.7120673651825,133439.0,4553193000.0,119587.0,0.1096003046210033,14,uptrend_crowded_chase,7.096477712547465,-0.02533168793089624,-0.022979488847276186,0.0,0.0,0.2056903201278235,2.648502377662829,2.5164349175719876,0.02741302744356842,6.379515752197283,0.011159915957680063,7.096477712547465,0,1.0,1.0
2019-01-23,3451.246580385005,3449.1128267912623,3462.342998385459,3437.101049381188,62782.0,2121637940.0,120069.0,-0.648398169347125,14,uptrend_crowded_chase,2.1816062967231016,-0.0004795813579905328,-0.020718170105135325,0.0,0.0,0.16672781038321283,1.9828081469231669,0.3975962995998695,0.007318388893573402,-0.6228781484395164,0.47586568723523487,2.1816062967231016,0,1.0,1.0
2019-01-24,3444.9604880353427,3461.4700616719583,3467.805857919192,3426.3627927319,73211.0,2471812530.0,120314.0,-0.4967593090354322,14,uptrend_crowded_chase,2.7344776978210428,0.0035827285163623213,-0.01895199305969797,0.1,0.03333333333333333,0.15825392736742927,1.8255131048296693,0.9354836877789661,0.011972677633754937,0.6824454982037812,0.847120471939019,2.7344776978210428,0,1.0,1.0
2019-01-25,3457.866311491735,3438.253052845956,3462.1716614196807,3434.760659456523,56302.0,1901756200.0,123737.0,-0.7874282869321897,14,uptrend_crowded_chase,1.3236974829004224,-0.00670726841843261,-0.018663757619838073,0.0,0.0,0.13877162174862434,1.3236974829004224,-0.4160442267539245,0.007972363157059823,-0.6623740404260937,0.1274084542450119,1.3236974829004224,0,1.0,1.0
2019-01-28,3441.2258550902247,3441.0423860969104,3455.9131336994,3428.9694793110275,53094.0,1789097810.0,124404.0,-0.8514704066157072,14,uptrend_crowded_chase,0.9715310035939905,0.0008112646765907616,-0.028078614227504683,0.05,0.016666666666666666,0.13546705656141356,0.9215310035939904,-0.6673260349437518,0.007830085004833115,-0.6330989346742412,0.4480797820466733,0.9715310035939905,0,1.0,1.0
2019-01-29,3438.26466610651,3456.4546057815937,3466.334019148833,3402.2360979444607,101428.0,3419693270.0,120555.0,-0.1727568931714304,14,uptrend_crowded_chase,3.226815009749176,0.004478939215324607,0.001647997059564421,0.2,0.06666666666666667,0.0080619403762352,0.5448586276206127,2.001923319948829,0.018544412849269273,2.961989444308298,0.8458699879557843,3.226815009749176,0,1.0,1.0
2019-01-30,3450.755940524502,3452.749393549924,3471.591906507339,3447.88989105948,52298.0,1770247780.0,117487.0,-0.8093695597435807,14,uptrend_crowded_chase,0.2,-0.0010719690128352388,0.0010543484487994803,0.2,0.06666666666666667,-0.021738888367414333,-0.38245920184042936,-0.6600706043902728,0.006864678766474288,-0.8298257784974004,0.20502486386166313,0.2,0,1.0,1.0
2019-01-31,3452.401275884594,3427.1139751737246,3454.766752347747,3423.2569323039083,51951.0,1742437050.0,117859.0,-0.8191880280928525,14,uptrend_crowded_chase,0.0,-0.007424639165555691,-0.009925287778349001,0.0,0.0,-0.02061599720587637,-0.43116797090264414,-0.7261295249665887,0.009194272578063734,-0.14952836905337893,0.1224076451230146,0.0,0,1.0,1.0
2019-02-01,3424.0822708927885,3440.3675443500792,3443.025700416212,3417.2136251489565,48921.0,1637004310.0,112683.0,-0.8343718145746654,14,uptrend_crowded_chase,0.1,0.0038672682823985838,0.0006149900753735782,0.1,0.03333333333333333,-0.09357977870364387,-2.2849776690629393,-0.9445093664331758,0.007502708630548925,-0.6915389708193188,0.8970188937305247,0.1,0,1.0,1.0
2019-02-11,3399.5938085154794,3477.4711354669007,3487.529165223415,3371.074191064523,93872.0,3159871270.0,114050.0,-0.1947047965468929,14,uptrend_crowded_chase,7.0140872713091085,0.010784775358596344,0.010586544797348552,0.45,0.15,-0.0868973853985775,-1.8367901057920304,1.8676615532543752,0.03348840856539744,11.260512989363843,0.9136316002887858,7.0140872713091085,0,1.0,1.0
2019-02-12,3467.032662639607,3459.9751434669583,3476.507676474558,3451.8906179678024,53114.0,1798443410.0,120411.0,-0.8184703438462879,14,uptrend_crowded_chase,0.5804710690972749,-0.005031240035754725,0.001018540118963518,0.4,0.13333333333333333,-0.0011951895050898997,0.18047106909727484,-0.46109017900360183,0.007114807906420093,-0.6639676880953177,0.32841151581685774,0.5804710690972749,0,1.0,1.0
2019-02-13,3453.754534341242,3465.836223585437,3473.2055185537583,3437.264043775832,52217.0,1769394940.0,122423.0,-0.852074148554816,14,uptrend_crowded_chase,1.9994391220431837,0.0016939659608670166,0.0037902635099900106,0.5,0.16666666666666666,0.04115457175689485,0.5859183906203044,-0.38295260629747657,0.010370217303789597,1.8270414628457583,0.7949640348968868,1.9994391220431837,0,1.0,1.0
2019-02-14,3466.835784751905,3484.6259564330026,3495.6731905225583,3456.945973733885,70615.0,2414513290.0,122983.0,-0.5548035479172033,14,uptrend_crowded_chase,4.168293987054675,0.005421413949020293,0.016781461508400097,0.6,0.2,0.042557139707254166,0.6428128177236868,4.77994597944355,0.011113737104890371,1.0710163592184263,0.7147423696921401,4.168293987054675,0,1.0,1.0
2019-02-15,3489.080888737412,3538.741154700222,3544.9075326690427,3482.1877390885884,101450.0,3504530330.0,121590.0,-0.1810886630365031,14,uptrend_crowded_chase,8.52424805139913,0.015529700732245466,0.02859392465543298,0.9,0.35,0.07607616258641237,0.2613991242817859,10.856947059327942,0.017723758488848124,3.8687507949067466,0.9016837011602943,8.52424805139913,1,0.0,0.0
2019-02-18,3541.150337452317,3534.139872457717,3548.89897438359,3519.494380215788,65326.0,2279575040.0,122626.0,-0.6297489534316922,14,uptrend_crowded_chase,2.802288723304202,-0.0013002596237912112,0.016295961859424057,0.9,0.35,0.07250212406581191,0.5588565511093112,2.686864344389782,0.008320155746227801,-0.3986945480940758,0.49806816439472396,2.802288723304202,1,0.0,0.0
2019-02-19,3539.310150345256,3519.059264658245,3546.125781569802,3506.659729813838,62009.0,2130971690.0,123480.0,-0.688799663833425,14,uptrend_crowded_chase,1.8766143994893607,-0.004267122508930243,0.01707645828116644,0.7,0.26666666666666666,0.025168308806257755,0.8684037454745053,0.22574116897697735,0.011214943764181378,0.39068013905273363,0.3141822982719106,1.8766143994893607,0,1.0,1.0
2019-02-20,3515.956941279154,3504.2363001773465,3524.94128512258,3500.195834033798,48333.0,1655660470.0,123487.0,-0.9380213301926228,14,uptrend_crowded_chase,1.4509885110307974,-0.004212195182321854,0.011079599298602805,0.7,0.26666666666666666,0.00865362644721479,0.7509885110307973,-1.0113158192335407,0.007061581745366323,-0.9808903546878852,0.16328116747810198,1.4509885110307974,0,1.0,1.0
2019-02-21,3503.6982796932703,3547.6474427361145,3556.22448600446,3501.775552089984,82559.0,2839894690.0,127480.0,-0.4344463002923396,14,uptrend_crowded_chase,5.310490574449275,0.012388189277238837,0.018085581376895643,1.0,0.43333333333333335,0.035913355110906764,2.4590041685983315,1.696367880692431,0.015347898795851616,2.0066049310094574,0.8424754600004206,5.310490574449275,0,1.0,1.0
2019-02-22,3552.817982971917,3552.2823062881603,3568.4728285077954,3544.869117133884,56685.0,1964176300.0,127096.0,-0.8074330809481604,14,uptrend_crowded_chase,4.1689576882851505,0.0013064611483690758,0.0038265448067464902,1.0,0.45,0.044287977109394916,3.168957688285151,-0.3410703459999447,0.006644660907757392,-0.8049594365487974,0.31406879354022993,4.1689576882851505,0,1.0,1.0
2019-02-25,3540.878154696219,3548.172903731051,3567.109518276598,3524.8110794439626,59452.0,2055383060.0,125139.0,-0.7442558552016163,14,uptrend_crowded_chase,2.69985038405264,-0.0011568344525532126,0.003970706248130229,0.95,0.45,0.020286046692055137,1.6410087515867586,-0.24273756241190111,0.011921188730164987,0.21768326493176268,0.552309374337088,2.69985038405264,0,1.0,1.0
2019-02-26,3552.472885532592,3508.846021137705,3559.1166108776683,3498.987556783024,92090.0,3123460330.0,128680.0,-0.3345623426375499,14,uptrend_crowded_chase,5.320153498308265,-0.01108369959986788,-0.0029022652795623882,0.7,0.2833333333333333,0.041249502736866006,2.9199558764761364,1.974375009196245,0.017136418563943736,1.4260202344680124,0.1639550879873082,5.320153498308265,0,1.0,1.0
2019-02-27,3509.4371786307925,3520.410872553201,3532.0411983275544,3506.210895872493,43039.0,1471116630.0,126594.0,-1.0788784338391786,14,uptrend_crowded_chase,2.2793989333357643,0.003295913056836408,0.004615719657671491,0.75,0.31666666666666665,0.024849227852463684,1.5293989333357643,-1.6820918367927145,0.007337297659329132,-0.743148417148785,0.5497410146634009,2.2793989333357643,0,1.0,1.0
2019-02-28,3527.441952111478,3561.409654633638,3561.5820285797986,3520.94796492194,70900.0,2427421750.0,122884.0,-0.549970387414806,14,uptrend_crowded_chase,1.2144758961271347,0.01164602188911612,0.0038792501565232396,1.0,0.5166666666666667,-0.03671866859624906,-0.48881484819825627,0.3872387171120719,0.011409544983119451,0.04171307514219729,0.9957578954541243,1.2144758961271347,0,1.0,1.0
2019-03-01,3567.2226109881526,3548.775786741472,3575.3404097773728,3541.7637972595794,48370.0,1658587180.0,124056.0,-0.941853289726956,14,uptrend_crowded_chase,0.9,-0.003547434616438583,-0.0009871173640904063,0.9,0.5,-0.024209629855874937,-0.08672791953376399,-0.9846576293629928,0.009461463483615517,-0.3116706441025244,0.20883552437509242,0.9,0,1.0,1.0
2019-03-04,3544.1977567076865,3579.6816868861924,3608.448479787436,3536.485640508372,102509.0,3566801940.0,128094.0,-0.2228137697963529,14,uptrend_crowded_chase,4.491686142183299,0.0087088906152335,0.008880284025056584,1.0,0.5666666666666667,0.023339249909977156,1.2555994467369331,1.8475790929625526,0.020103139210028886,2.6245942979301797,0.6002548928108696,4.491686142183299,0,1.0,1.0
2019-03-05,3584.8481517312403,3597.08703382876,3598.598765994954,3574.716206094839,59900.0,2081137790.0,131604.0,-0.7871209084446685,14,uptrend_crowded_chase,2.8779817530602645,0.004862261079338515,0.025148157587845388,1.0,0.6333333333333333,0.022468711195246627,1.8779817530602645,-0.040126646313178596,0.006639416749028304,-0.7869020062761621,0.9367014184192672,2.8779817530602645,0,1.0,1.0
2019-03-06,3604.393392893616,3646.680077808153,3667.296735087478,3600.3840200921395,124121.0,4403723510.0,133148.0,-0.0702043952267034,14,uptrend_crowded_chase,5.263244639767608,0.013787001402244536,0.03586774664270198,1.0,0.7166666666666667,0.05047617627168499,2.344575982189863,2.3473962250837954,0.018348940287505666,1.489941090071695,0.6918873000331659,5.263244639767608,1,0.0,0.0
2019-03-07,3645.771734953015,3645.601064571615,3674.911813828372,3640.738656044337,71383.0,2527608840.0,129066.0,-0.5922641556734437,14,uptrend_crowded_chase,1.7355861129495715,-0.0002958891960673782,0.02363991174911262,0.95,0.7166666666666667,0.04908308047882848,0.6706721335990319,0.22982795870107958,0.009373806178666639,-0.33066075024384833,0.14228736360880745,1.7355861129495715,0,1.0,1.0
2019-03-08,3639.287422360248,3640.876793487024,3643.361841044657,3612.670893088435,52223.0,1833285030.0,124060.0,-0.8652423086709741,14,uptrend_crowded_chase,0.9,-0.0012958826270109691,0.025952895387093555,0.9,0.7166666666666667,3.2242983124319835e-05,-1.226277706988982,-0.6827275451255758,0.00842954862167358,-0.39279684236627954,0.9190299510729395,0.9,0,1.0,1.0
2019-03-11,3673.38648498017,3687.092073632829,3706.334036044318,3668.223746973512,91595.0,3252524170.0,122717.0,-0.2925042063896279,14,uptrend_crowded_chase,1.4419236122464272,0.012693447970685945,0.030005569249389907,1.0,0.9,-0.0428834779711913,-1.1456637876723959,0.8838472244928544,0.010336137072176978,-0.026261795594212056,0.4950979674874958,1.4419236122464272,0,1.0,1.0
2019-03-12,3699.04551306446,3688.971043221085,3702.823882820661,3669.819373525163,58417.0,2073779340.0,126119.0,-0.7696189623244724,14,uptrend_crowded_chase,1.0,0.0005096074496464542,0.025544005059706,1.0,0.9166666666666666,-0.0425715078771951,-0.24910681579002936,-0.4686309641707169,0.008946806279801931,-0.315359605408952,0.5802743353779986,1.0,0,1.0,1.0
2019-03-13,3690.5869657381527,3662.829779623323,3703.676365292215,3658.7265662794,87134.0,3089014600.0,128598.0,-0.3892440959808972,14,uptrend_crowded_chase,2.5223318163118713,-0.007086329301987826,0.00442860395499145,0.9,0.85,-0.034770031910682064,0.5992007149947205,0.7542066485392029,0.01227187767853022,1.2920555540950993,0.0912843535240989,2.5223318163118713,0,1.0,1.0
2019-03-14,3667.263279230609,3669.309695014152,3675.848916004937,3648.932683979276,53319.0,1891279990.0,126137.0,-0.8610758774085736,14,uptrend_crowded_chase,0.9,0.0017691008812033004,0.006503352951298114,0.9,0.8833333333333333,-0.022955283577177354,-0.21215993957080967,-0.8540381476885448,0.007335502931855187,-1.160350660343807,0.7570528822700466,0.9,0,1.0,1.0
2019-03-15,3665.041915407088,3692.466950343222,3694.30201918831,3659.8653311736784,51635.0,1833063660.0,124555.0,-0.8805476482993254,14,uptrend_crowded_chase,1.0,0.00631106590990016,0.014169706854262332,1.0,0.9666666666666667,0.003982065877721652,-0.6928989903110712,-0.6223320183297076,0.009326200742685259,-0.040173984748307676,0.9467118079326169,1.0,0,1.0,1.0
2019-03-18,3717.264203314776,3732.293894631999,3740.0625918706464,3689.079590640496,106411.0,3801620710.0,124497.0,-0.1569726642064084,14,uptrend_crowded_chase,2.6812288058454694,0.010785998852359535,0.012259477142547714,1.0,1.0,0.014400727801847424,-0.7881157173402236,1.4248480268407706,0.013659964265803699,1.9376095848501687,0.8476218141106016,2.6812288058454694,0,1.0,1.0
2019-03-19,3729.4474335089294,3696.73830342812,3729.9004159707056,3693.6902060956063,64901.0,2328000220.0,125229.0,-0.657281029325193,14,uptrend_crowded_chase,1.050067562597268,-0.009526471442942164,0.0021055356943797676,0.95,0.9833333333333333,-0.007081844451853669,-0.26859520758720973,-0.021960815472798167,0.009795178046961082,0.2001351251945359,0.0841778421894746,1.050067562597268,0,1.0,1.0
2019-03-20,3689.735458621965,3701.8106165286217,3702.5646641602425,3681.929370449541,47588.0,1701079270.0,125201.0,-0.9673398172402682,14,uptrend_crowded_chase,0.95,0.0013721049974777522,0.010642273665610436,0.95,0.9833333333333333,-0.02677081372850232,-0.2274911641129916,-0.9430587108513153,0.005574378553717719,-2.837302971634247,0.9634583523650201,0.95,0,1.0,1.0
2019-03-21,3705.284895081472,3712.1921766943983,3715.946317796147,3700.529286715465,52033.0,1864976170.0,125369.0,-0.879383256023383,14,uptrend_crowded_chase,1.0641141595459624,0.002804454695608305,0.011686798129499687,0.95,0.9833333333333333,-0.006107229148302196,0.11411415954596242,-0.6665066293759345,0.004153079998786745,-3.6770146691550236,0.7564939006672485,1.0641141595459624,0,1.0,1.0
2019-03-22,3716.01012878136,3710.1191467048425,3724.7140099044864,3695.6660585569152,72646.0,2582664750.0,120146.0,-0.5031093399087502,14,uptrend_crowded_chase,1.677686987909314,-0.0005584382194894211,0.004780596982724372,0.9,0.9666666666666667,-0.03603971551308227,-4.3066181956171485,1.5553739758186278,0.007829385041008777,-0.5876353384579333,0.4975596376828739,1.677686987909314,0,1.0,1.0
2019-03-25,3709.828623230592,3721.699852495152,3727.165591010352,3707.540611121277,48913.0,1755993760.0,120674.0,-0.9030494849716044,14,uptrend_crowded_chase,0.95,0.003121383797227928,-0.0028384801507952417,0.95,0.9833333333333333,-0.03118892443720611,-3.8496352986648636,-0.9016596175063133,0.005273122676971828,-1.6767791904497333,0.721490745667326,0.95,0,1.0,1.0
2019-03-26,3726.686609875663,3674.913050017547,3728.640557735217,3662.930087748765,103620.0,3712576320.0,119678.0,-0.1440744414699442,14,uptrend_crowded_chase,3.5426696023503386,-0.01257135296556422,-0.0059039216788306925,0.55,0.85,-0.045339258380437286,-4.713353286129207,2.9514320421076565,0.01788082305406883,3.0339071625930205,0.18236001464078233,3.5426696023503386,0,1.0,1.0
2019-03-27,3680.919833534115,3700.736089030207,3702.586886069807,3678.6153003715153,44310.0,1571034950.0,115107.0,-0.9546517453483262,14,uptrend_crowded_chase,0.75,0.007026843536484861,-0.00029027079170851344,0.75,0.9166666666666666,-0.084058315294822,-7.871547960477549,-0.9663824391935718,0.006477518288685501,-0.44914293712761055,0.9227920479314887,0.75,0,1.0,1.0
2019-03-28,3707.431452872766,3709.382991299208,3712.9356274952265,3686.1705724066287,47741.0,1712678120.0,115047.0,-0.8795501730356607,14,uptrend_crowded_chase,0.8,0.00233653577585069,-0.0007567456805783745,0.8,0.9333333333333333,-0.08592064818413192,-5.44890215034314,-0.4832641948655207,0.007215500570142902,-0.11727633300508737,0.8672658739442611,0.8,0,1.0,1.0
2019-03-29,3713.8360576046666,3693.321094199487,3714.612366426792,3679.33417064248,68890.0,2441337600.0,114714.0,-0.5099310446232174,14,uptrend_crowded_chase,1.7180463629568585,-0.004330072450700273,-0.004527631550667266,0.6,0.8666666666666667,-0.046265595681289184,-2.0933002632009736,1.5838564451039618,0.009551889717825519,0.6522362808097554,0.3964750250415885,1.7180463629568585,0,1.0,1.0
2019-04-01,3697.82693517386,3769.0796328476586,3771.033328877601,3690.993962956491,78681.0,2850807090.0,112215.0,-0.3550149708421687,14,uptrend_crowded_chase,3.6773850686870277,0.02051230768078982,0.01273068281439782,1.0,1.0,-0.07267602079921431,-1.2148724468274574,1.0313177440009844,0.021235785315747675,4.3234523933730715,0.9755908107534477,3.6773850686870277,0,1.0,1.0
2019-04-02,3773.810116034784,3783.100357973868,3784.891166594693,3765.904914255329,45342.0,1680104270.0,111740.0,-0.9019409887643648,14,uptrend_crowded_chase,1.0,0.0037199333768431764,0.029439419785946885,1.0,1.0,-0.06863005882558326,-1.125720743378766,-0.8444938326352172,0.005018701737411099,-0.7893630094569597,0.9056786674476008,1.0,0,1.0,1.0
2019-04-03,3781.0825934797904,3810.430008031007,3811.8202451202906,3777.7796023046026,46029.0,1710998170.0,114556.0,-0.9117921537704552,14,uptrend_crowded_chase,1.4138796888420928,0.007224140908536736,0.02964110824491306,1.0,1.0,-0.004798344158091439,-0.6402728974135532,-0.5230390816939243,0.008933543653588344,0.8277593776841856,0.9591594936437968,1.4138796888420928,0,1.0,1.0
2019-04-04,3815.429633343128,3882.021218972843,3882.8304387076473,3812.175428284958,67386.0,2578280830.0,120741.0,-0.5832104743844287,14,uptrend_crowded_chase,4.695736608255589,0.018788223583938723,0.04654095521507995,1.0,1.0,0.04830701507127877,1.1868132813392762,1.6513160408524692,0.018200572958584772,3.366530612980157,0.9885468881829743,4.695736608255589,0,1.0,1.0
2019-04-08,3915.80119922026,3929.957786825884,3951.862075763311,3905.285992689869,87453.0,3400603390.0,124274.0,-0.3513872990841503,14,uptrend_crowded_chase,3.9882587620569105,0.012348352868025936,0.0640715189908736,1.0,1.0,0.08004673104935023,1.8992287332552813,1.2441394859650303,0.011851547929999592,0.9339205716382283,0.5297095098596383,3.9882587620569105,1,0.0,0.0
2019-04-09,3940.041758860683,3960.4450071728047,4012.375613827955,3924.828764533129,97130.0,3938145030.0,126171.0,-0.261587842308379,14,uptrend_crowded_chase,5.3377201265628065,0.007757645756176101,0.05077244127648317,1.0,1.0,0.11722145573014053,2.2734388587122667,1.5521809046935076,0.022105306130060925,2.5763816310075733,0.4068249506014,5.3377201265628065,1,0.0,0.0
2019-04-10,3958.301168141593,3986.4504057816944,3988.5431286839657,3952.681202500373,52851.0,2151959000.0,126053.0,-0.8692258198169321,14,uptrend_crowded_chase,3.2503263071193755,0.006566281961191578,0.05375222134385438,1.0,1.0,0.12052770939904178,2.2503263071193755,-0.48241221224552294,0.008995954428927814,-0.23225942258125237,0.9416449944278565,3.2503263071193755,0,1.0,1.0
2019-04-11,3995.447791685328,3993.797696178582,4027.4019913545326,3963.5580196302576,93133.0,3832774420.0,125791.0,-0.3005932205264348,14,uptrend_crowded_chase,4.603068190993796,0.0018430657976409304,0.04812257088074112,1.0,1.0,0.09355801317508039,2.1989311612621028,1.123472702907406,0.015985780097315227,1.6848013565559807,0.4736496764161472,4.603068190993796,1,0.0,0.0
2019-04-12,3990.2709597100966,4041.938579204204,4042.553076514014,3985.1537926070064,60952.0,2503510900.0,127872.0,-0.740943094415325,14,uptrend_crowded_chase,2.34668209549329,0.012053911261375339,0.04119435500501312,1.0,1.0,0.057382007992650585,1.0775703632288722,-0.2652177996832192,0.014200929277433126,0.5382234645288357,0.9892943383961829,2.34668209549329,0,1.0,1.0
2019-04-15,4075.6367213729136,4078.1066129177625,4089.602249992061,4059.34321779852,87125.0,3558989060.0,122049.0,-0.3370787343613396,14,uptrend_crowded_chase,1.3292864569176275,0.008948189836343268,0.037697307230247334,1.0,1.0,-0.018066201835644335,-0.06780450217765022,0.6585729138352552,0.007419872765879319,-0.9310480534510059,0.6200923743769867,1.3292864569176275,0,1.0,1.0
2019-04-16,4083.96547333366,4066.974357710757,4091.667273235165,4057.0129521454014,65897.0,2709170470.0,121752.0,-0.6138932719807495,14,uptrend_crowded_chase,0.95,-0.002729760710949325,0.02689832843153117,0.95,0.9833333333333333,-0.03565194079011924,-0.32621618502495225,-0.31368971964457704,0.008520909659550916,-0.6558310415963134,0.28745060506460357,0.95,0,1.0,1.0
2019-04-17,4062.488565727565,4068.245664575247,4086.430439617107,4059.148009163841,48489.0,2000948880.0,122883.0,-0.9298957150680623,14,uptrend_crowded_chase,0.95,0.0003125927907756676,0.020518318420548187,0.95,0.9833333333333333,-0.025469770266200342,-0.06752133437298458,-0.794345466162508,0.006706190506348015,-0.7395485694711447,0.33346205819125563,0.95,0,1.0,1.0
2019-04-18,4066.6294167713695,4108.988087741393,4116.22649770965,4057.18363772018,90879.0,3814753250.0,133392.0,-0.3837632102770824,14,uptrend_crowded_chase,4.525461500483467,0.010014740142395118,0.028842320098744656,1.0,1.0,0.05867036209154364,2.7419412054526795,0.7751962169374016,0.01436919716696592,0.7918443731241724,0.877404143878741,4.525461500483467,0,1.0,1.0
2019-04-19,4115.708651911469,4159.174486204956,4169.460988024356,4109.472104567004,136695.0,5747946420.0,142080.0,-0.0386381126276601,14,uptrend_crowded_chase,6.510971219276988,0.012213809675741594,0.029004870980457786,1.0,1.0,0.10536051565782678,4.333157592623184,2.13483874655806,0.014423266842091316,0.2207885067495487,0.8285265331415491,6.510971219276988,1,0.0,0.0
2019-04-22,4174.902674591383,4122.063769596778,4188.540428782687,4113.524572055487,102720.0,4294235050.0,131144.0,-0.2442891161825041,14,uptrend_crowded_chase,3.109470061956729,-0.008922615949695345,0.010778814987273178,0.95,0.9833333333333333,0.07187335268212713,1.3773443835417016,0.5660230472609684,0.018198616256375432,0.9982283095690871,0.11383190053197174,3.109470061956729,0,1.0,1.0
2019-04-23,4125.707128858403,4159.448597305058,4162.410617774832,4122.076938388045,61887.0,2595185750.0,135810.0,-0.7859467086369963,14,uptrend_crowded_chase,2.7030057638175693,0.009069444287596928,0.02273784672848378,1.0,1.0,0.10927066118347817,1.7030057638175695,-1.103481103495846,0.009696881315691484,-0.6725632988172208,0.9265621060412275,2.7030057638175693,0,1.0,1.0
2019-04-24,4157.226254786528,4145.499970352362,4168.460309485531,4137.8596936907925,65720.0,2768004250.0,134918.0,-0.7192638933153417,14,uptrend_crowded_chase,2.037944277790853,-0.0033534798246415143,0.018989587194749857,0.9,0.9666666666666667,0.09343450332056591,1.1379442777908528,-0.45284609774889306,0.007381646608029665,-0.965553865295776,0.2496772193350081,2.037944277790853,0,1.0,1.0
2019-04-25,4162.8560812502765,4142.728107323271,4166.200069230656,4132.1730259357455,53419.0,2241385480.0,132236.0,-0.90642171709549,14,uptrend_crowded_chase,1.1686054193515996,-0.0006686438424592378,0.008211272182203633,0.85,0.95,-0.008703956646847644,0.31860541935159964,-1.1537014642210266,0.008213680071052472,-0.6749949432396378,0.31019684243632434,1.1686054193515996,0,1.0,1.0
2019-04-26,4131.198511185006,4100.68569676153,4135.513097037485,4072.767295990991,94364.0,3927976420.0,122280.0,-0.259153852538048,14,uptrend_crowded_chase,2.208267717087205,-0.010148484156471738,-0.014062595747646567,0.7,0.9,-0.15007678222122678,-1.6603507656537817,0.9938899970224122,0.015301294877597332,2.0226454371519984,0.44494452704256987,2.208267717087205,0,1.0,1.0
2019-04-29,4094.738280680732,4082.514903447756,4102.371740463435,4082.008412224092,52428.0,2166653300.0,119469.0,-0.8236161237346342,14,uptrend_crowded_chase,0.65,-0.004431159727292577,-0.009594433361444832,0.65,0.8833333333333333,-0.093239032632221,-1.3133903647856857,-1.1776703862625004,0.004987937269291106,-1.3460432397968307,0.02487271322795675,0.65,0,1.0,1.0
2019-04-30,4076.039212236965,4172.90157055604,4174.711160466408,4074.434542956709,96646.0,4054632240.0,126070.0,-0.2657824898912196,14,uptrend_crowded_chase,3.029340734280888,0.022139947862027443,0.003234316505245083,1.0,1.0,-0.07441954187279975,-0.5880781995230663,0.9731644574416329,0.024030429621740908,3.0855170111201433,0.9819540192388998,3.029340734280888,0,1.0,1.0
2019-05-06,4183.749719362775,4202.819072744906,4222.591185976654,4161.127965924951,101750.0,4346500650.0,128875.0,-0.2363241180144195,14,uptrend_crowded_chase,1.5714348917594292,0.007169472292364754,0.01382682494330667,1.0,1.0,-0.04582424414728514,-0.3915213339325705,0.7302096705373861,0.014624284078819577,0.41266011298147254,0.6783098377352308,1.5714348917594292,0,1.0,1.0
2019-05-07,4197.099200407514,4244.1589599229565,4247.48309533424,4192.762368983256,84088.0,3590176340.0,134990.0,-0.4733368320996824,14,uptrend_crowded_chase,1.606813186833059,0.00983622812748175,0.024484071841543775,1.0,1.0,0.02061249659932507,0.6068131868330591,-0.2914224838005302,0.01289318493197458,-0.23849046539520322,0.9392527177003819,1.606813186833059,0,1.0,1.0
2019-05-08,4248.159381729716,4233.273353078312,4253.72505590459,4221.458292203161,79033.0,3380356640.0,136406.0,-0.545770245947037,14,uptrend_crowded_chase,1.80428630165816,-0.002564844283033718,0.03233304528105885,0.95,0.9833333333333333,0.10932223568906707,0.8542863016581601,-0.3613957133319679,0.007622178161012181,-0.9577476697920212,0.3661681408299172,1.80428630165816,0,1.0,1.0
2019-05-09,4253.934519361228,4241.187662945625,4283.228765050792,4232.122798357442,110242.0,4735523870.0,138850.0,-0.230716264416905,14,uptrend_crowded_chase,2.768182847878553,0.0018695485047186544,0.03886642504694038,0.95,0.9833333333333333,0.15033729026087528,1.285353445010931,0.9314254378892476,0.012049918738529976,0.1342333678459962,0.17737389926648864,2.768182847878553,0,1.0,1.0
2019-05-10,4242.033115648391,4213.452332685365,4242.034440274327,4193.05251995111,94873.0,4034368650.0,144040.0,-0.417551883655981,14,uptrend_crowded_chase,2.9516928195559884,-0.006539519696941887,0.009717641656216136,0.85,0.95,0.133253730537497,1.7924573599756366,0.46808235297601036,0.011625127438429732,0.15038856618469332,0.4164763773989003,2.9516928195559884,0,1.0,1.0
2019-05-13,4212.03757460475,4230.9031661952295,4247.729475083144,4206.846159147611,76741.0,3285261920.0,149896.0,-0.6695056045484952,14,uptrend_crowded_chase,2.9365705577958576,0.004141694774731697,0.006682203769476258,0.85,0.95,0.15109877795908666,2.0865705577958575,-0.7959534076289797,0.009663023314310255,-0.4138712511655743,0.5884309160625032,2.9365705577958576,0,1.0,1.0
2019-05-14,4221.756795795133,4240.919445520226,4257.336018957346,4206.401148746578,101004.0,4330231320.0,149762.0,-0.3938872473235241,14,uptrend_crowded_chase,2.8488953671313824,0.002367409257916009,-0.0007632877169118091,0.9,0.9666666666666667,0.10384666572022816,1.5948126188652005,0.6708691095505527,0.01201033664163835,0.03729638698181142,0.6776948018285258,2.8488953671313824,0,1.0,1.0
2019-05-15,4254.991363847738,4264.743091476171,4274.1682077650985,4228.963659961065,96067.0,4138201520.0,155822.0,-0.483668465439226,14,uptrend_crowded_chase,2.4537889887341304,0.005617566252315909,0.007433901799649867,1.0,1.0,0.13307859743144768,1.4000275999369294,0.1075227775944026,0.010599594590910469,-0.38896619309271374,0.7915007063053353,2.4537889887341304,0,1.0,1.0
2019-05-16,4269.455657414264,4306.41818719914,4354.468575564561,4259.068173334261,173158.0,7523135110.0,165567.0,0.0448285257646605,14,uptrend_crowded_chase,6.833481345295217,0.009772006151147705,0.01538024945781613,1.0,1.0,0.17598173297805886,1.6602309606838155,4.212844793441907,0.022153074337712728,4.133655975780896,0.49632928958281225,6.833481345295217,1,0.0,0.0
2019-05-17,4310.398314142005,4247.681452163231,4332.8400441032345,4232.12123207582,116585.0,5044591460.0,161194.0,-0.3239879878351863,14,uptrend_crowded_chase,5.182848167209412,-0.013639347709078598,0.008123770432226785,0.9,0.9666666666666667,0.11251756975546812,1.528397662125554,1.3594981463916438,0.023711479582848815,4.149402863776072,0.15449169598203444,5.182848167209412,1,0.0,0.0
2019-05-20,4239.525474655175,4200.985009191583,4256.824906447988,4187.356874535123,117063.0,5003035690.0,158297.0,-0.3017607639313835,14,uptrend_crowded_chase,2.4894828655482226,-0.01099339569069302,-0.007071340521969671,0.5,0.8333333333333334,0.054531295052994366,0.7592795567837172,0.8598027865697492,0.0165361294460398,1.6006038309592616,0.19617850515117807,2.4894828655482226,0,1.0,1.0
2019-05-21,4206.171625046613,4239.554617117116,4246.011976446524,4203.293485763589,97231.0,4162999190.0,163392.0,-0.5190626309588476,14,uptrend_crowded_chase,1.6126184026871155,0.009181086778730307,-0.00032182370371391933,0.7,0.9,0.08710485427805459,0.9126184026871157,-0.053724485658643906,0.010076174160007322,-0.6940755186399349,0.8488392444073969,1.6126184026871155,0,1.0,1.0
2019-05-22,4226.972406153997,4207.425474617912,4233.596257834025,4164.941158592567,130744.0,5567452310.0,156705.0,-0.1811238441668241,14,uptrend_crowded_chase,2.273868356821678,-0.007578424009324847,-0.013439875656945821,0.5,0.8333333333333334,0.005650726814431906,0.30017083711342746,1.3894310709612847,0.016317603165078635,1.557963968455216,0.618807874356557,2.273868356821678,0,1.0,1.0
2019-05-23,4202.008294884081,4191.408615165085,4224.051314017228,4184.777827343554,72281.0,3082176530.0,156979.0,-0.7755507377260293,14,uptrend_crowded_chase,0.4233498250550458,-0.0038068076426907016,-0.0267065498599095,0.35,0.7833333333333333,-0.05326390829073624,0.07334982505504581,-2.5081603251236464,0.00936999712497056,-0.8304602825066674,0.16883623999638395,0.4233498250550458,0,1.0,1.0
2019-05-24,4191.652304047688,4269.44339848329,4282.099600571444,4176.31289609989,156377.0,6745452740.0,167204.0,-0.066944865335944,14,uptrend_crowded_chase,5.048079700538953,0.0186177942746657,0.0051232529004678895,0.95,0.9833333333333333,0.03660601527327323,1.2638814299355339,1.8698344868090069,0.02477763366277077,3.798562054397831,0.8803611271248454,5.048079700538953,0,1.0,1.0
2019-05-27,4251.880331634015,4252.748210265512,4284.537654993151,4239.549207027286,91421.0,3948454060.0,167902.0,-0.6079052644955829,14,uptrend_crowded_chase,2.3128851137679125,-0.003910389870424136,0.012321681929517325,0.85,0.95,0.058907460515637666,1.4628851137679124,-0.7502899799762209,0.010578676597234084,-0.5631202127212515,0.29338649886835777,2.3128851137679125,0,1.0,1.0
2019-05-28,4244.784707219674,4280.584653222421,4287.122103782007,4231.654888639451,108746.0,4689349000.0,169143.0,-0.4417296232997375,14,uptrend_crowded_chase,2.581576113919732,0.006545518704755615,0.00967791190604017,0.95,0.9833333333333333,0.034592289363857276,1.6266897709408137,0.009772685957837013,0.012957859646765777,-0.2120424297419853,0.8821384750832777,2.581576113919732,0,1.0,1.0
2019-05-29,4287.461336305508,4344.804529114874,4466.949707670844,4282.835472517159,341395.0,15179511820.0,165242.0,0.7256290986138665,14,uptrend_crowded_chase,5.983269837641165,0.01500259452738728,0.03265157168575561,1.0,1.0,0.05304600910461055,0.3854519558917019,4.855104210474627,0.04237572344622658,4.3405315530243005,0.33657938804127396,5.983269837641165,1,0.0,0.0
2019-05-30,4327.815664677058,4326.939331407346,4359.729019266686,4300.480114284266,123142.0,5400876500.0,155072.0,-0.23055136416675,14,uptrend_crowded_chase,1.0328573633504006,-0.0041118530391440755,0.03233536232947842,0.95,0.9833333333333333,-0.012222513246070932,-1.9154236305894004,0.1657147267008013,0.01369302882348226,-0.30231428444922936,0.4465773187020186,1.0328573633504006,0,1.0,1.0
2019-05-31,4348.189069072926,4394.6980156664295,4413.579256268469,4342.723202291899,168647.0,7470451210.0,165194.0,0.0206872322157276,14,uptrend_crowded_chase,2.2959956278986904,0.01565972597934362,0.029337458186618814,1.0,1.0,-0.012094082994702049,0.37924122478878225,1.672342278095214,0.0161230768812736,0.161166528124602,0.7335267836354097,2.2959956278986904,0,1.0,1.0
2019-06-03,4403.335799644803,4403.508904117504,4431.231277702038,4379.462896740731,142102.0,6328251930.0,173066.0,-0.1971279150348638,14,uptrend_crowded_chase,2.6196054280222,0.0020048905339264955,0.035450181011910775,1.0,1.0,0.03029254876938481,1.380401173900478,0.4784085082434438,0.011756165841495442,-0.6770905797232518,0.4644921654927947,2.6196054280222,0,1.0,1.0
2019-06-04,4401.927040160479,4360.040445894908,4435.989245596846,4351.324728040266,164898.0,7343761160.0,163626.0,0.0077437651823243,14,uptrend_crowded_chase,1.9817421512931872,-0.009871322885699474,0.018561901961843486,0.9,0.9666666666666667,-0.03316117523596418,-0.32989024889847496,0.7438939011558625,0.019418287194169003,1.4195904014305119,0.10294416251551457,1.9817421512931872,0,1.0,1.0
2019-06-05,4357.658998638559,4345.648292603781,4367.693042850854,4334.176815023816,93542.0,4133345130.0,160244.0,-0.5382871203057217,14,uptrend_crowded_chase,0.85,-0.0033009219684367874,0.00019420056374297445,0.85,0.95,-0.030713412460022127,-1.0414839356156844,-1.2591296169632493,0.0077125955830531,-1.2974465046652437,0.3422663683742643,0.85,0,1.0,1.0
2019-06-06,4332.579596071293,4327.53381107905,4344.474060048018,4283.331925376198,143424.0,6292985430.0,157685.0,-0.0947940939552419,14,uptrend_crowded_chase,0.9479584654783983,-0.0041684186811807855,0.00013739034134108152,0.75,0.9166666666666666,0.016709846939642503,-1.5899666416421516,0.23547367995087423,0.014128632459274607,0.16044325100592235,0.722936579498001,0.9479584654783983,0,1.0,1.0
2019-06-10,4338.9355138048495,4312.298927460812,4400.045145421263,4307.059090505712,107704.0,4749646880.0,157570.0,-0.3804830802970205,14,uptrend_crowded_chase,1.5809050443110237,-0.0035204539775599564,-0.01874965877333945,0.65,0.8833333333333333,-0.04725073684075909,-1.614823674939362,-1.2087890977670501,0.02156298913403563,1.8618100886220474,0.05635078248946042,1.5809050443110237,0,1.0,1.0
2019-06-11,4325.395044782917,4366.382099772395,4370.911427337147,4310.462368884944,103962.0,4578482600.0,155093.0,-0.3999994892344495,14,uptrend_crowded_chase,0.9,0.012541610222607913,-0.008431186391015033,0.9,0.9666666666666667,-0.10964808764301459,-1.455811690204776,-0.7629975977528474,0.01384419802732192,-0.016212062674958522,0.9250719915127679,0.9,0,1.0,1.0
2019-06-12,4363.835195278776,4364.3251595650745,4393.261823003227,4342.546259590793,111049.0,4915786540.0,158556.0,-0.3561362978729125,14,uptrend_crowded_chase,0.85,-0.00047108570901932545,0.0009827233768440191,0.85,0.95,-0.03147549252683035,-0.52725705373737,-0.55414191830276,0.011620482333055087,-0.7308598093579209,0.42943227894698094,0.85,0,1.0,1.0
2019-06-13,4376.114680598553,4424.461939971253,4429.117884630499,4370.973588897878,112752.0,5028747990.0,164188.0,-0.375821396155275,14,uptrend_crowded_chase,1.7457744479762436,0.013779170480544778,0.01813622319634378,1.0,1.0,0.024314459137773525,0.7457744479762436,-0.5059417902342629,0.013141551791266956,-0.24796779264123275,0.9199243089871288,1.7457744479762436,0,1.0,1.0
2019-06-14,4437.331599872103,4418.21585351491,4447.326771536825,4405.003211685923,96399.0,4313724810.0,161327.0,-0.5149375329609182,14,uptrend_crowded_chase,1.2530164181180412,-0.0014117166202549658,0.020954669886969368,0.95,0.9833333333333333,0.022833988945926365,0.30301641811804136,-0.8666115399109826,0.009579332756508786,-1.3582875455443237,0.3121817227930011,1.2530164181180412,0,1.0,1.0
2019-06-17,4381.228400783899,4411.703016517533,4412.553362408201,4374.105793245908,74600.0,3301807310.0,159588.0,-0.7604549870093114,14,uptrend_crowded_chase,0.9,-0.001474087553281489,0.02305129832807129,0.9,0.9666666666666667,0.01272569024507142,-0.254070663632117,-1.666175406494901,0.008714904203284803,-1.4314844717976771,0.9778829738993755,0.9,0,1.0,1.0
2019-06-18,4416.418486953914,4377.3034829410935,4420.827726681996,4360.599162761874,89650.0,3980795930.0,154582.0,-0.5448114998282677,14,uptrend_crowded_chase,0.9442870475041341,-0.00779733664021498,0.0025012431159581183,0.75,0.9166666666666666,-0.0033002371118033835,-1.5875668214278513,-0.9492999160592621,0.013759284489832647,0.3885740950082682,0.27734880415501045,0.9442870475041341,0,1.0,1.0
2019-06-19,4377.284259545526,4411.916147052834,4414.260466507176,4365.282797444223,79983.0,3558162180.0,157168.0,-0.6755011848399562,14,uptrend_crowded_chase,0.9,0.007907302805626903,0.010904546693423445,0.9,0.9666666666666667,-0.00879254628756776,-0.6890658749958993,-1.7439213279672257,0.011101223919604528,-0.5558687612742043,0.9521349321192009,0.9,0,1.0,1.0
2019-06-20,4409.728861398412,4447.317998351811,4449.951893015271,4397.796964743447,83185.0,3725488320.0,166243.0,-0.6923835302746479,14,uptrend_crowded_chase,3.992122684824499,0.008024144185656334,0.005165839076176404,1.0,1.0,0.012438460646411187,2.992122684824499,-1.1670777726594121,0.011727276594827042,-0.27466201800170553,0.9494986427796023,3.992122684824499,0,1.0,1.0
2019-06-21,4439.488352095059,4340.282569111074,4444.894495357676,4332.504846437624,134157.0,5933053110.0,151025.0,-0.118434630119441,14,uptrend_crowded_chase,4.521029338085556,-0.024067410803636058,-0.017639084867670407,0.35,0.7833333333333333,-0.06598797505482423,-2.1675930952253255,1.722430113419458,0.025894546525589427,6.619628562751656,0.06920319396123754,4.521029338085556,0,1.0,1.0
2019-06-24,4340.998390803076,4266.444494069123,4360.166498662428,4260.386593204775,161258.0,7036543760.0,152254.0,0.0574553880254431,14,uptrend_crowded_chase,4.145740067585625,-0.017012273709422043,-0.032925725486180335,0.05,0.6666666666666666,-0.047045315396141874,-1.2815544153686493,2.804985452017573,0.023387133149478382,5.386494683153677,0.060712633837071046,4.145740067585625,0,1.0,1.0
2019-06-25,4260.509601512526,4252.45814983663,4279.019657573502,4244.860012606889,99770.0,4289028530.0,154862.0,-0.4396668608406343,14,uptrend_crowded_chase,0.0,-0.0032782201319941917,-0.028521059504099222,0.0,0.6166666666666667,0.0018096978866406488,-0.6057237643252117,-0.015050556588615142,0.008032917376958883,-2.1646350364769362,0.22243021662453752,0.0,0,1.0,1.0
2019-06-26,4267.280438230893,4287.7003267889095,4293.940670624097,4265.894873392114,72874.0,3149477980.0,154228.0,-0.7497001045561409,14,uptrend_crowded_chase,0.15,0.008287483547282815,-0.028154619472290143,0.15,0.7,-0.018883269926794455,-0.7352998780194282,-1.3171606597380117,0.006540988197509238,-1.6565204329457914,0.7774945107257918,0.15,0,1.0,1.0
2019-06-27,4295.3056963466615,4223.91529183603,4314.09108632364,4212.31494430815,155649.0,6721419650.0,150564.0,0.0332152292306802,14,uptrend_crowded_chase,2.7079807179213007,-0.014876281011142578,-0.050233130753990496,0.0,0.4666666666666667,-0.09906233042079116,-1.0189797252915036,2.0247846250490285,0.024095213796593608,3.391176810793573,0.1139790455617178,2.7079807179213007,0,1.0,1.0
2019-06-28,4208.840662265758,4284.664601051924,4290.360738865264,4202.56288596678,105372.0,4544003660.0,142976.0,-0.305179837840822,14,uptrend_crowded_chase,1.3849675917422446,0.01438222715623838,-0.012814365694752583,0.15,0.6833333333333333,-0.0547686020181235,-2.6452179727616274,0.4562428501199807,0.020491184508800983,2.0136923333645083,0.9351221285567725,1.3849675917422446,0,1.0,1.0
2019-07-01,4287.443479726881,4344.444977168951,4360.984308904123,4274.716638066888,127281.0,5580512150.0,140160.0,-0.0963873864955103,14,uptrend_crowded_chase,1.3345364944116573,0.01395217168278462,0.018282315217801992,0.4,0.7833333333333333,-0.08276555163480204,-3.2749749969485418,0.9897009212402359,0.019857006197705765,0.8793720675830786,0.8082789117330165,1.3345364944116573,0,1.0,1.0
2019-07-02,4334.829365672439,4377.81627048411,4385.388692115965,4328.4383500224185,91007.0,4049789850.0,143831.0,-0.4577025726087203,14,uptrend_crowded_chase,0.7,0.007681370920919139,0.02947897809465716,0.7,0.8833333333333333,-0.07389539852198546,-2.658307938929709,-0.3462467546136894,0.01300884700838495,-0.4171594582839729,0.8670346594333617,0.7,0,1.0,1.0
2019-07-03,4384.271297110532,4362.740928941676,4392.14534589845,4350.134921761466,77908.0,3469745020.0,147006.0,-0.63494475890465,14,uptrend_crowded_chase,0.55,-0.003443575657588349,0.017501363536048586,0.55,0.8166666666666667,-0.04795862473341472,-0.7361174213762077,-0.7974947974789792,0.009629364846831414,-0.7470248151325332,0.30006855296451795,0.55,0,1.0,1.0
2019-07-04,4365.921410811432,4367.655688089728,4383.412013725464,4342.498333443556,91638.0,4086543600.0,151659.0,-0.5037885467382611,14,uptrend_crowded_chase,0.7981562025764184,0.0011265301396761185,0.034030132311488215,0.65,0.85,0.007246336589062707,0.14815620257641837,-0.3124244841232258,0.00936742344262095,-0.6927891918887407,0.614888576946146,0.7981562025764184,0,1.0,1.0
2019-07-05,4373.897612374267,4434.829171073465,4435.957596913915,4366.957706754701,134053.0,6007926220.0,163573.0,-0.1990241297331693,14,uptrend_crowded_chase,3.610754317480619,0.015379756963653124,0.0350469836039613,0.95,0.9833333333333333,0.13458258986709737,2.2880057531453097,0.7454971286706181,0.015558635405681868,-0.08412461398800876,0.9836459762784188,3.610754317480619,0,1.0,1.0
2019-07-08,4451.814519495448,4450.8532409458985,4485.188488978322,4425.8721866064725,172830.0,7862449700.0,173761.0,-0.0053723393810655,14,uptrend_crowded_chase,5.346271145707474,0.0036132327208795445,0.024492947738122606,1.0,1.0,0.21489616460538485,3.6190512938022676,1.4544397038104138,0.013326950847573639,-0.10955983971730252,0.4211498920283584,5.346271145707474,1,0.0,0.0
2019-07-09,4472.703733221717,4549.870369060895,4566.345601421934,4459.70767801751,215359.0,9916599650.0,183845.0,0.1582133917640698,14,uptrend_crowded_chase,6.24803966420332,0.022246774439580008,0.039301352077472984,1.0,1.0,0.24545401204963113,3.439201751792909,2.0672680727298043,0.023437573986626294,1.5504077520910173,0.8455030646221788,6.24803966420332,1,0.0,0.0
2019-07-10,4546.54850762551,4519.276657176545,4547.870077236926,4501.235822072635,138864.0,6401902220.0,173865.0,-0.224784099106929,14,uptrend_crowded_chase,2.985295695372531,-0.0067240842931235445,0.03588013379305588,0.95,0.9833333333333333,0.16780573373651464,1.8071236634080798,0.4563440639289029,0.010318964449816665,-0.5303326930649642,0.38685800899688766,2.985295695372531,0,1.0,1.0
2019-07-11,4537.297058602966,4512.8619955246095,4560.177485620378,4477.099472323867,154381.0,7112760910.0,176074.0,-0.1314807881936384,14,uptrend_crowded_chase,2.9780394507418304,-0.0014194000807074003,0.03324582288637101,0.9,0.9666666666666667,0.14926978166273663,1.579714570903205,0.4555769173194779,0.01840916327131191,0.5410728423577729,0.43046916725251155,2.9780394507418304,0,1.0,1.0
2019-07-12,4522.19078525959,4445.608868012927,4541.969050229249,4432.143077441197,183612.0,8463080660.0,166486.0,0.097913613726527,14,uptrend_crowded_chase,2.372278701148571,-0.014902544677496743,0.0024306904558519804,0.75,0.9166666666666666,0.017651847927369957,0.3836856607904771,0.9283126874609984,0.024704371448030858,1.5488733932551892,0.1226102553875536,2.372278701148571,0,1.0,1.0
2019-07-15,4432.049596585663,4513.66867847212,4520.482409668948,4429.708996199633,141813.0,6470763050.0,170825.0,-0.1861303523507141,14,uptrend_crowded_chase,1.688901054547543,0.015309446350284528,0.014113122613962359,0.9,0.9666666666666667,-0.017041151126624854,0.3122746570454737,0.09773143480022858,0.02011078347470608,0.85552136020391,0.924936928816368,1.688901054547543,0,1.0,1.0
2019-07-16,4513.296164436417,4536.661085603157,4558.6079449018,4495.08915655623,152575.0,6993807430.0,173802.0,-0.1302604418143844,14,uptrend_crowded_chase,1.620365934210827,0.005093951011667874,-0.002903221935192213,0.95,0.9833333333333333,-0.05617629104875377,0.5521087490008625,0.2365143704199293,0.014001219651858824,-0.06665070272964754,0.6544824000854264,1.620365934210827,0,1.0,1.0
2019-07-17,4539.062776745359,4512.612359486253,4544.874425909082,4498.604463659077,110098.0,5029528930.0,174716.0,-0.4617909202622058,14,uptrend_crowded_chase,1.087324821285375,-0.005300974805726888,-0.0014746381325669855,0.75,0.9166666666666666,0.004882662512761371,0.337324821285375,-1.5382023491407102,0.010253475938995263,-0.6352893070349336,0.3027427546080303,1.087324821285375,0,1.0,1.0
2019-07-18,4516.447145811141,4641.400916968963,4648.37443810469,4504.87944068018,238771.0,11096656420.0,198480.0,0.1848165942243891,14,uptrend_crowded_chase,9.420262524681455,0.028539689923060996,0.028482794637156195,1.0,1.0,0.11978397816618447,5.923252841956912,2.5720009302811215,0.0309163116894066,2.4220184351679634,0.9514023397268944,9.420262524681455,0,1.0,1.0
2019-07-19,4633.186691525458,4620.557341931373,4742.869361256742,4592.482348157186,380938.0,18021763370.0,182057.0,0.7383168073687713,14,uptrend_crowded_chase,6.461881501653707,-0.004490793924176284,0.03935309630526351,0.95,0.9833333333333333,0.08940860305608034,2.060236583164239,4.826776755972563,0.03254737512611311,2.076513081006373,0.18668496165690737,6.461881501653707,1,0.0,0.0
2019-07-22,4580.045406772423,4577.766906948061,4614.711999403306,4558.360280326116,167452.0,7841358850.0,182425.0,-0.0856423866189576,14,uptrend_crowded_chase,2.9884905955372867,-0.009260881711171676,0.014200915716666707,0.9,0.9666666666666667,0.06569948898484235,2.0333487756236117,0.11028363982734983,0.012309870778186878,-0.8240496931048895,0.3443839325533598,2.9884905955372867,0,1.0,1.0
2019-07-23,4559.2166538165,4577.236477638864,4613.612681802909,4554.286511045816,128970.0,6022499320.0,184047.0,-0.3556113405973847,14,uptrend_crowded_chase,1.8701660155921163,-0.00011587075532215607,0.00894388874771157,0.85,0.95,0.057274439528741894,1.0201660155921164,-1.0647768475313972,0.012961132999555173,-0.6855475246674528,0.386843888627418,1.8701660155921163,0,1.0,1.0
2019-07-24,4584.364405813468,4575.212957657319,4603.470110156197,4521.311047402285,161468.0,7496600700.0,183243.0,-0.1265061602406586,14,uptrend_crowded_chase,1.9730911488087237,-0.0004420833381518774,0.013872363319545666,0.8,0.9333333333333333,0.04765134233412738,0.9274234036644114,0.24993638791560643,0.01795742919822037,0.24139910237301787,0.656067735539831,1.9730911488087237,0,1.0,1.0
2019-07-25,4594.777424197918,4563.640425005113,4601.160019365297,4551.88375482759,107931.0,5048727140.0,185786.0,-0.5431033396434044,14,uptrend_crowded_chase,1.708879675312899,-0.0025293975951081737,-0.016753668419282275,0.75,0.9166666666666666,-0.06609286568128603,0.958879675312899,-1.9863935617750454,0.010797578237696451,-0.8979421784449865,0.2385868792575932,1.708879675312899,0,1.0,1.0
2019-07-26,4537.082846717308,4428.678808969215,4539.562175702273,4417.536909957027,258540.0,11829262730.0,178165.0,0.3723403336395158,14,uptrend_crowded_chase,2.0411602690718755,-0.02957323615953944,-0.04152714029125182,0.25,0.7333333333333333,-0.02160973764094365,-0.4966842540524532,1.905857252129707,0.02755342417203818,1.6764632860140438,0.09130813150982582,2.0411602690718755,0,1.0,1.0
2019-07-29,4288.298973549151,4316.360179542386,4352.765305603724,4270.313394619593,215929.0,9436013310.0,164418.0,0.2725376842658718,14,uptrend_crowded_chase,0.6166137050757912,-0.025361656212086525,-0.057103546930036164,0.0,0.4,-0.10392716397199919,-3.3146123919146753,0.780893204011789,0.01910218507132847,0.4523342061397934,0.5584683771811515,0.6166137050757912,0,1.0,1.0
2019-07-30,4322.406319222999,4304.891536795876,4353.124288481421,4286.068744970644,168653.0,7412031230.0,163945.0,0.0283123439456168,14,uptrend_crowded_chase,0.02648164321139649,-0.002657017086031388,-0.05949986245488348,0.0,0.35,-0.11566015405084862,-3.407398016318789,0.05296328642279298,0.015576593030886559,-0.061378933693599015,0.2807044852631333,0.02648164321139649,0,1.0,1.0
2019-07-31,4325.679301694007,4328.51660551322,4354.29241820215,4311.057173930408,98909.0,4366435100.0,159435.0,-0.4774360801542067,14,uptrend_crowded_chase,0.1,0.005487959107775442,-0.05392019003863291,0.1,0.43333333333333335,-0.13917682520205332,-4.305788231522897,-1.1609436956495522,0.009988466768655424,-0.8770025261263124,0.40382405319781856,0.1,0,1.0,1.0
2019-08-01,4333.725682180968,4262.200195509586,4352.07344580052,4261.924041372351,159890.0,6978990560.0,158560.0,0.0083530082156511,14,uptrend_crowded_chase,0.28359250090724175,-0.015320816817282812,-0.06605258114637491,0.0,0.21666666666666667,-0.15846240312058235,-4.483028470158697,-0.10903541777369463,0.021150908050528765,0.5671850018144835,0.003063294083708982,0.28359250090724175,0,1.0,1.0
2019-08-02,4262.272795950744,4280.339355852318,4301.688668614874,4231.119665984364,108029.0,4699960260.0,159125.0,-0.3872903472794775,14,uptrend_crowded_chase,0.05,0.004255820822739009,-0.03349519337832141,0.05,0.26666666666666666,-0.11302003033871522,-3.1661842530650777,-1.0996181879286258,0.016486777510765414,-0.04275855205640557,0.6974689740998854,0.05,0,1.0,1.0
2019-08-05,4267.356960540193,4165.713679664678,4289.996101829754,4161.354509081672,181611.0,7793596480.0,157460.0,0.1426955792636453,14,uptrend_crowded_chase,1.634843948769729,-0.02677957672466247,-0.03490128108208024,0.0,0.0,-0.043240507923364646,-0.8082594704551678,0.32056678741958516,0.030881045275880856,2.949121110119873,0.03388616768405844,1.634843948769729,0,1.0,1.0
2019-08-06,4181.603942572531,4277.668275158087,4279.362752376282,4181.173357420471,146017.0,6237417140.0,150866.0,-0.0326689723225349,14,uptrend_crowded_chase,0.5720617289848513,0.02687524974170108,-0.006323797337307813,0.1,0.25,-0.08313898011421905,-1.4887584348490304,-0.25042550774023403,0.022953952630228668,0.9441234579697027,0.9827427674958509,0.5720617289848513,0,1.0,1.0
2019-08-07,4294.884858948379,4243.675178073605,4317.957824498721,4230.402421527575,137064.0,5908986920.0,153167.0,-0.1110808593731561,14,uptrend_crowded_chase,0.24219521888515133,-0.007946641697742729,-0.019600578020551707,0.05,0.11666666666666667,-0.04010748624982696,-1.5899373670824837,-0.5129343303412869,0.02063197565721583,0.3843904377703027,0.15159266128218382,0.24219521888515133,0,1.0,1.0
2019-08-08,4251.426268917308,4141.825244305819,4276.365243528005,4128.164113949311,193119.0,8220888740.0,159022.0,0.1942640217796432,14,uptrend_crowded_chase,1.7039583547562056,-0.02400040754627697,-0.028242444203016803,0.0,0.0,0.0029094868469048407,-0.03606600157208699,0.6091970402055984,0.03578159889349272,2.798719669306813,0.09217966418571634,1.7039583547562056,0,1.0,1.0
2019-08-09,4140.964188514358,4133.32899605743,4169.2569198340025,4101.918717667842,155123.0,6483016230.0,148634.0,0.0427314423474238,14,uptrend_crowded_chase,0.0,-0.002051329485730835,-0.034345491694224295,0.0,0.0,-0.06820314861170118,-2.268807735146195,-0.22405618537156158,0.016291517619427463,-0.638428352732438,0.46645555389319016,0.0,0,1.0,1.0
2019-08-12,4132.881330514633,4097.550384549541,4153.334732237853,4083.756613092511,152110.0,6345465340.0,157717.0,-0.0361983444549104,14,uptrend_crowded_chase,0.0,-0.008656124770618612,-0.01636293330669425,0.0,0.0,0.001630830022241625,-0.22680009903231535,-0.16656574272200478,0.016980418204910253,-0.55982305129766,0.1982486969533686,0.0,0,1.0,1.0
2019-08-13,4096.304528024905,4085.936694256658,4118.803180261146,4062.322101071632,135021.0,5594485750.0,154283.0,-0.1333582564191338,14,uptrend_crowded_chase,0.0,-0.0028343007902171813,-0.04482151690323477,0.0,0.0,0.022396552706991812,-2.3133637818671713,-0.8389422639222228,0.013823287881309002,-1.17018119916894,0.4180974146366925,0.0,0,1.0,1.0
2019-08-14,4089.601317462905,4085.500937145271,4112.280197200893,4073.538855607549,119428.0,4957628320.0,151524.0,-0.2380303489155971,14,uptrend_crowded_chase,0.0,-0.00010664803299553771,-0.03727293779354157,0.0,0.0,-0.01078480115928393,-2.479220567018538,-1.63734630887928,0.00948264171012874,-1.8877938262876646,0.3087678703356329,0.0,0,1.0,1.0
2019-08-15,4091.816391854474,4133.062998150864,4150.895390070922,4077.9645481834177,174986.0,7331774560.0,156830.0,0.10954355457701,14,uptrend_crowded_chase,0.9658231076908523,0.011641671789414998,-0.00211555187341661,0.15,0.05,-0.013880141282250236,0.22231703519022228,1.18701214500126,0.017645712615591315,-0.23496993092637705,0.7554890159150388,0.9658231076908523,0,1.0,1.0
2019-08-16,4149.074290745078,4144.701029179657,4162.8564073774,4125.727323671005,110788.0,4666615770.0,153326.0,-0.3249479083855051,14,uptrend_crowded_chase,0.3,0.002815836834328511,0.002751301223075542,0.3,0.1,0.03107946531850203,-0.5181474229926647,-1.5428898587479667,0.008958205536417942,-1.6553191939411556,0.5110200310540921,0.3,0,1.0,1.0
2019-08-19,4173.018326453838,4090.37002928062,4182.697678823345,4087.4542931430647,154271.0,6451913220.0,164614.0,-0.0648925431594939,14,uptrend_crowded_chase,2.994429782386003,-0.013108544987089243,-0.0017523531366437917,0.1,0.03333333333333333,0.04280105152547087,2.3634204620976997,0.17974563568199678,0.023284784750154018,0.8822730048946094,0.030613528873734974,2.994429782386003,0,1.0,1.0
2019-08-20,4079.4788390316407,4073.7089865466673,4098.215980242104,4068.7491738879257,101995.0,4218112040.0,171779.0,-0.5212849744467423,14,uptrend_crowded_chase,3.8458387112866195,-0.004073236067809516,-0.0029926326874272213,0.0,0.0,0.10742018860606173,3.8458387112866195,-2.8040065031104637,0.00723340976282094,-1.4891872122886722,0.16831863620125112,3.8458387112866195,0,1.0,1.0
2019-08-21,4071.6225795176506,4142.6400886428,4151.872141415966,4067.316655015728,174816.0,7289992360.0,157486.0,0.1043974267873597,14,uptrend_crowded_chase,1.576876113990807,0.0169209686611822,0.013985837324872685,0.4,0.13333333333333333,0.03859253718140465,0.44450001178076975,0.9863537234170782,0.020411014375120426,0.4783984810029962,0.8908166321760965,1.576876113990807,0,1.0,1.0
2019-08-22,4149.2961037138175,4142.630759786682,4160.021422293602,4125.12486241745,95679.0,4021138450.0,156386.0,-0.4913284713954038,14,uptrend_crowded_chase,0.4,-2.2519108391350073e-06,0.0023149324460087772,0.4,0.13333333333333333,-0.0028351061082414475,-0.1539014995189882,-2.394753889768101,0.008423767866279583,-1.062763945630599,0.5016510920090802,0.4,0,1.0,1.0
2019-08-23,4151.614862014751,4274.364896185419,4276.438532110092,4144.934171002006,275213.0,11822344110.0,165680.0,0.5074871262282562,14,uptrend_crowded_chase,4.926919105894285,0.03179963265794905,0.03128425092495157,0.7,0.2833333333333333,0.07749184350295657,2.102287209790161,2.3102403390797166,0.030765824701921036,1.9390234531285317,0.9842314284697475,4.926919105894285,0,1.0,1.0
2019-08-26,4298.280513983555,4324.65927614354,4361.607675764895,4296.413618502438,187368.0,8230382830.0,162325.0,0.143474099091549,14,uptrend_crowded_chase,2.415331314124171,0.01176651530219286,0.05727825237955919,0.95,0.4166666666666667,-0.014002840909482117,1.01151681271701,0.9076290028143215,0.015074958071747354,-0.035669361001132376,0.4332550975833795,2.415331314124171,0,1.0,1.0
2019-08-27,4325.243106490504,4262.002737067357,4329.034017023831,4252.487252228568,153781.0,6681603300.0,160756.0,-0.044358175080953,14,uptrend_crowded_chase,1.4865790242604462,-0.014488202439859377,0.046221698983045956,0.65,0.25,-0.06632107946162336,0.5354427553055757,0.18870703432165903,0.017960280534201345,0.4135655035880821,0.12430943181256436,1.4865790242604462,0,1.0,1.0
2019-08-28,4238.644736680391,4261.98643437863,4353.139692068256,4234.915713144473,272038.0,11921657410.0,172200.0,0.4572851704267618,14,uptrend_crowded_chase,4.033340381305116,-3.825123945810915e-06,0.028809248011436583,0.65,0.25,0.08932002656768212,1.9753676055656073,1.7038108904403055,0.02773917297580982,1.1121346610387135,0.22897826211389405,4.033340381305116,0,1.0,1.0
2019-08-29,4246.52289617832,4258.167795089322,4286.542985355306,4238.199153930603,124717.0,5396539950.0,171626.0,-0.3192705201485867,14,uptrend_crowded_chase,2.1359764754603034,-0.0008959764063315445,0.027889773914725913,0.65,0.25,0.09299038069002563,1.4859764754603033,-0.7064458254443283,0.01135320019104347,-0.607308694713902,0.4130545835991653,2.1359764754603034,0,1.0,1.0
2019-08-30,4245.651744629685,4292.192817642747,4302.76426491087,4240.484721483571,154692.0,6698188880.0,165099.0,-0.0651092507235801,14,uptrend_crowded_chase,1.119886354073216,0.00799053118401405,0.004170893662644115,0.95,0.4166666666666667,-0.003512923114779909,0.16450129371519126,0.010770120716049688,0.014509959378177003,-0.18903997208509452,0.8302581122730406,1.119886354073216,0,1.0,1.0
2019-09-02,4314.098918918918,4301.217348302435,4339.2407082927175,4263.849849053044,155344.0,6780946430.0,169861.0,-0.0893384429079691,14,uptrend_crowded_chase,1.6329128805974853,0.0021025454920369224,-0.005420525952280153,0.95,0.43333333333333335,0.04537995714120768,0.6165799581243134,0.018455584203765318,0.017527795769127625,0.11421026074257871,0.4956502635232902,1.6329128805974853,0,1.0,1.0
2019-09-03,4310.788459294185,4361.300208826847,4388.765943787677,4281.920665916655,287054.0,12713596880.0,185321.0,0.4375808947655629,14,uptrend_crowded_chase,4.977378851853172,0.013968803633725768,0.023298312527085585,1.0,0.55,0.1422017691455011,2.345980409065822,2.0419994172701204,0.02449849190724777,1.2207974683045797,0.7429391779580038,4.977378851853172,1,0.0,0.0
2019-09-04,4353.705689471342,4343.103055188024,4395.59614877897,4319.173855086992,178192.0,7905481140.0,182902.0,-0.0260888696234137,14,uptrend_crowded_chase,3.1546346831745837,-0.004172414822991022,0.019032585405500013,0.95,0.5333333333333333,0.06029389828052878,2.0750921028829454,0.25908516058327646,0.017596242299774127,-0.020714347797270265,0.3131180568523504,3.1546346831745837,0,1.0,1.0
2019-09-05,4362.544033796675,4351.0961972223295,4380.219451819089,4333.435966429624,159972.0,7106522400.0,183103.0,-0.1350500361160505,14,uptrend_crowded_chase,2.949381779124359,0.0018404219132579502,0.021823565111777965,0.95,0.5666666666666667,0.06473114530747459,1.999381779124359,-0.13009343011681312,0.010752114701424089,-0.9919615174813499,0.3774885655843429,2.949381779124359,0,1.0,1.0
2019-09-06,4358.469794858676,4271.8230135650665,4402.139213468368,4271.58792351864,264830.0,11686693470.0,176409.0,0.4062829480176821,14,uptrend_crowded_chase,3.6572344263705023,-0.018219129172062365,-0.004745780290659862,0.65,0.3333333333333333,0.06625986870681011,0.5234845995405252,3.074005551357234,0.030561025008565588,1.8934941023027199,0.0018007485526701514,3.6572344263705023,0,1.0,1.0
2019-09-09,4270.808391568821,4270.732019765918,4296.738471665842,4243.690669269939,157599.0,6849455960.0,176263.0,-0.1119233656115919,14,uptrend_crowded_chase,0.9445941383945697,-0.0002553930244029168,-0.007087604756487953,0.6,0.3333333333333333,0.03699674230181671,0.34459413839456976,-0.4703380043258205,0.012421243512912027,-0.7488286527969638,0.509754396500092,0.9445941383945697,0,1.0,1.0
2019-09-10,4271.404342172216,4250.144915411266,4278.110253589306,4229.752058172553,150209.0,6513253170.0,178097.0,-0.1703006880429259,14,uptrend_crowded_chase,0.8014198505767074,-0.004820509519063765,-0.025486732876267792,0.4,0.23333333333333334,-0.03976111092120149,0.4014198505767073,-0.5081490072201291,0.011378010957086064,-0.7350141635189942,0.4217042646642737,0.8014198505767074,0,1.0,1.0
2019-09-11,4248.892837337486,4259.895186118108,4279.183792274995,4242.165727930488,118314.0,5141534880.0,178650.0,-0.4120864772918149,14,uptrend_crowded_chase,0.7263860377162563,0.002294103119045765,-0.01915862184539252,0.45,0.2833333333333333,-0.02352190580474023,0.27638603771625625,-2.32301033104667,0.008689900273870286,-1.0623336578730695,0.47894071452848774,0.7263860377162563,0,1.0,1.0
2019-09-12,4262.066337025537,4318.321936554695,4328.92102637129,4246.6119363482985,181823.0,7975662790.0,181952.0,-0.0007092296359415,14,uptrend_crowded_chase,2.504829972594915,0.013715537092786834,-0.007532414633479534,0.8,0.55,-0.006305920007056542,0.5549207141515529,1.1859340872806994,0.019060433944547633,1.113884429606024,0.8712281983237227,2.504829972594915,0,1.0,1.0
2019-09-16,4373.101053037822,4486.721581096877,4503.046059112151,4355.375384361506,325702.0,14660042620.0,207881.0,0.4490170522872885,14,uptrend_crowded_chase,9.815387016819562,0.038996547042191576,0.05030605595068094,1.0,0.8,0.16416063791688984,4.5956426514352655,5.673254739564336,0.03291282333470394,2.7662339912042566,0.8894534880209702,9.815387016819562,1,0.0,0.0
2019-09-17,4518.791213110354,4479.382343679604,4539.790695445025,4455.404650561695,205689.0,9338910320.0,206419.0,-0.003542764341046,14,uptrend_crowded_chase,6.582911949811841,-0.0016357684078714962,0.048855868958296744,0.95,0.7833333333333333,0.1579308857966648,4.9014318508724966,1.330412683113592,0.018838768028453454,0.13254751476509624,0.2841428716212428,6.582911949811841,1,0.0,0.0
2019-09-18,4480.026105443816,4446.537975178344,4484.795138554101,4436.995927520544,175781.0,7960113650.0,204660.0,-0.1521111636089486,14,uptrend_crowded_chase,4.352371523769679,-0.007332343162803068,0.04620855610239216,0.9,0.75,0.13902171997426294,3.452371523769679,-0.10174621585270244,0.010749758868671314,-0.7677959198304505,0.1996277229576278,4.352371523769679,0,1.0,1.0
2019-09-19,4443.051241714194,4473.626760530329,4481.806263656227,4430.449448605554,165435.0,7525646370.0,213075.0,-0.2530658479821414,14,uptrend_crowded_chase,4.539573432535397,0.006092107051193896,0.05017296554824102,0.9,0.7666666666666667,0.17621563193894296,3.639573432535397,-0.34177397905411305,0.011479906080628276,-0.572960128422813,0.8407318849927252,4.539573432535397,0,1.0,1.0
2019-09-20,4485.693847004848,4476.18920657974,4505.324142034388,4454.663250997246,217024.0,9895635850.0,217577.0,-0.0025448643627191,14,uptrend_crowded_chase,5.124133644575561,0.0005727894137299572,0.036557549979934434,0.9,0.7666666666666667,0.17880989483735732,3.4337059558062677,1.5808553775385872,0.011317861846115397,-0.19130783453463987,0.42490282231143994,5.124133644575561,1,0.0,0.0
2019-09-23,4442.052187052575,4384.152256575537,4445.204079824272,4371.499528639472,200754.0,8981260410.0,196714.0,0.0203293806691027,14,uptrend_crowded_chase,1.8983339688437013,-0.02056145210951188,-0.02286063948195005,0.75,0.65,-0.05521490335678614,0.16465640937228743,0.49757413860500377,0.01681158565473059,1.469780980337824,0.17166820410235015,1.8983339688437013,0,1.0,1.0
2019-09-24,4376.664644520964,4384.134392713776,4403.684550197832,4369.16366736686,112145.0,5005816990.0,198292.0,-0.5699480149723885,14,uptrend_crowded_chase,0.7,-4.074644472940037e-06,-0.021263634951863897,0.7,0.6333333333333333,-0.04016739183706264,-0.11291022221891389,-2.3622297643792103,0.00787404758584601,-1.2325835789142492,0.4336715668663066,0.7,0,1.0,1.0
2019-09-25,4375.580532767252,4305.391380889055,4379.320231254627,4302.26685412817,190468.0,8395460710.0,183476.0,0.0374003327039718,14,uptrend_crowded_chase,1.2790687802141574,-0.01796090283080476,-0.03174303133745937,0.45,0.45,-0.10926619690850359,-1.4405726275737039,0.271857834890663,0.017896950662484454,1.3862797255376516,0.04055015986848741,1.2790687802141574,0,1.0,1.0
2019-09-26,4309.279791870061,4318.946330832881,4333.297233166925,4285.676849691558,136867.0,6014655840.0,178501.0,-0.2655845520708378,14,uptrend_crowded_chase,0.5,0.0031483664885834095,-0.03457606947950009,0.5,0.5,-0.17705001296346445,-1.8642856554207679,-1.9031150200133726,0.011025926193017458,-0.4983972014315238,0.6986395050458312,0.5,0,1.0,1.0
2019-09-27,4315.923218029349,4335.344902583724,4360.478449999727,4303.970214996209,146949.0,6485487210.0,175638.0,-0.1783394708948326,14,uptrend_crowded_chase,0.5,0.0037968917635706756,-0.03146522577485833,0.5,0.55,-0.21412775216501423,-2.1135093982754145,-1.4628676851442939,0.013034311288553098,-0.2097753564948139,0.5552232800327681,0.5,0,1.0,1.0
2019-09-30,4277.154618392936,4249.688111774248,4285.42674561257,4203.710852327589,186137.0,8019022340.0,159679.0,0.1533174117079346,14,uptrend_crowded_chase,0.8384375407318932,-0.019757780000024483,-0.030670500687929758,0.0,0.21666666666666667,-0.20858534722096778,-3.5817955489761237,0.08029359500411519,0.019228680113859985,1.5965814864596712,0.5626477004456749,0.8384375407318932,0,1.0,1.0
2019-10-08,4292.321333151073,4329.517056784731,4345.102964804672,4267.058844122528,158664.0,6962097290.0,168496.0,-0.0601232519388546,14,uptrend_crowded_chase,1.1105824785327236,0.018784659699921935,-0.0124579520235093,0.45,0.5666666666666667,-0.16282868115893656,-1.4326246387664907,-0.7597589497075456,0.018026056869285753,1.3211649570654471,0.8002936302733242,1.1105824785327236,0,1.0,1.0
2019-10-09,4337.851904197798,4300.181967119205,4341.318083721368,4286.755328463854,103954.0,4559660980.0,174570.0,-0.518377313734524,14,uptrend_crowded_chase,0.2993943810056136,-0.00677560320949766,-0.0012099744968536719,0.25,0.43333333333333335,-0.04975806141341721,-0.7461989016121776,-2.5740002010481304,0.012688475900489913,0.09878876201122722,0.24607699138327532,0.2993943810056136,0,1.0,1.0
2019-10-10,4301.00684947093,4372.468810797987,4378.819091556165,4291.391472294915,142927.0,6315447150.0,189665.0,-0.2829253476681045,14,uptrend_crowded_chase,1.8904143557401802,0.01681018250658095,0.012392485542830123,0.65,0.6666666666666666,0.06066515462849331,0.40877746280408767,-0.511670960976869,0.01999502410293804,1.6632737858721853,0.927365278708983,1.8904143557401802,0,1.0,1.0
2019-10-11,4364.9969862567,4340.91745779458,4401.936652874161,4330.093850485488,205340.0,9136352440.0,186232.0,0.0976739335768125,14,uptrend_crowded_chase,1.5169788138645608,-0.007215912649963463,0.0012853775964938308,0.55,0.6166666666666667,0.05856814959312828,0.32661440726188523,0.9535089534460711,0.01655014247268678,0.3272198597592797,0.15065680832626374,1.5169788138645608,0,1.0,1.0
2019-10-14,4370.447014797524,4331.968516376411,4379.527228729897,4314.849281555641,132867.0,5887589400.0,186732.0,-0.3403258059372028,14,uptrend_crowded_chase,1.0096956786218185,-0.002061532269428512,0.019361516054365424,0.5,0.6,0.15650888380687888,0.5096956786218184,-0.4477000552832635,0.014930382556971409,-0.40282784598734184,0.2646842636277076,1.0096956786218185,0,1.0,1.0
2019-10-15,4339.151591365649,4351.420834135906,4362.757245381765,4295.366491109565,182441.0,8080161250.0,197282.0,-0.078207344157159,14,uptrend_crowded_chase,2.784038944390651,0.0044904106957284196,0.005059173359035496,0.6,0.6833333333333333,0.1577221666015074,1.728476980797482,0.9111239271863371,0.015487068900239393,-0.0593207812118705,0.8317809116652821,2.784038944390651,0,1.0,1.0
2019-10-16,4359.9959035924685,4344.049361958288,4384.3674092250285,4325.781388975335,142531.0,6325565320.0,192699.0,-0.3015698660841392,14,uptrend_crowded_chase,1.8076800150559509,-0.001694037984051322,0.01020128803257836,0.55,0.6666666666666666,0.09880357865656997,1.2576800150559508,-0.29303395789063275,0.013486499661523845,-0.6842825171087014,0.3118145404841361,1.8076800150559509,0,1.0,1.0
2019-10-17,4329.345180663582,4355.386975889132,4365.119170309831,4313.64019853677,154805.0,6850632750.0,198002.0,-0.246110871278018,14,uptrend_crowded_chase,2.192375554589479,0.0026099183011432103,-0.003906679646672573,0.6,0.7166666666666667,0.04301777358023173,1.3416598712171441,0.5014313667446697,0.01181960915483331,-0.9738408033312029,0.8109481583353684,2.192375554589479,0,1.0,1.0
2019-10-18,4363.247158663443,4356.255189230481,4385.655787720531,4344.142365564029,131923.0,5887548970.0,197669.0,-0.4043754955964757,14,uptrend_crowded_chase,1.2762962366942001,0.00019934241116925655,0.003533292578130176,0.6,0.7333333333333333,0.059600706350424915,0.6762962366942001,-0.9852465569961985,0.00952961209874287,-1.6318566974988997,0.2917808997000387,1.2762962366942001,0,1.0,1.0
2019-10-21,4452.821004893542,4551.671908971998,4562.616310652392,4443.027803083479,310633.0,14151787380.0,228589.0,0.306686519828586,14,uptrend_crowded_chase,7.2546207028971015,0.04485887792446719,0.05071675654267316,1.0,0.9166666666666666,0.20225119739245478,2.7241616597472342,4.2644786088363205,0.026273534200298328,2.796439477463415,0.9084828308097506,7.2546207028971015,1,0.0,0.0
2019-10-22,4592.75202881913,4527.161381836969,4596.141087051185,4514.592777580119,257616.0,11946947510.0,212905.0,0.1906240472746007,14,uptrend_crowded_chase,5.1344161321874004,-0.005384950327090965,0.04038693438299923,0.95,0.9166666666666666,0.07621187958823405,2.2396914552228275,3.180686616530909,0.018013121820273318,0.7087627373982363,0.15412464511369117,5.1344161321874004,1,0.0,0.0
2019-10-23,4528.713789438692,4496.614449111723,4613.817064046397,4484.959164006788,395683.0,18558148450.0,204497.0,0.6600600801801131,14,uptrend_crowded_chase,5.5468266294246416,-0.006747480407436002,0.03512047733377033,0.9,0.9166666666666666,0.059423919455342755,0.9079233691880907,4.070819529217793,0.028656648573698266,3.4069869912553084,0.09045068328253043,5.5468266294246416,1,0.0,0.0
2019-10-24,4498.85178434429,4508.56050887528,4541.450666150857,4491.307524121406,189791.0,8844134400.0,206416.0,-0.0839700832663277,14,uptrend_crowded_chase,1.8817715644446311,0.0026566786854311797,0.03516875396700603,0.9,0.9333333333333333,0.04161641832915919,0.7933205084941644,0.37690211190093326,0.011121763128329406,-1.0149382045404665,0.34407466416326776,1.8817715644446311,0,1.0,1.0
2019-10-25,4506.524273581121,4601.472772558445,4631.063167630443,4501.005384998381,325465.0,15237736560.0,228850.0,0.3521881618858228,14,uptrend_crowded_chase,5.658304593858937,0.020607966445224335,0.056290913336342285,1.0,1.0,0.14647285245522035,2.5994277655892337,1.2741591546860418,0.028264381657907633,2.843594501853366,0.772482703663265,5.658304593858937,1,0.0,0.0
2019-10-28,4667.083553044031,4718.127122295959,4757.3123280952295,4656.109493219742,488458.0,23249456040.0,255266.0,0.6489473515807496,14,uptrend_crowded_chase,7.213002091458443,0.02535152450172018,0.03657012558305306,1.0,1.0,0.11038050750589612,4.666826966473771,1.9662144973591869,0.02144978976875037,1.1261357526101563,0.6128052554310295,7.213002091458443,1,0.0,0.0
2019-10-29,4706.802913750616,4729.594027502715,4738.493679444851,4679.617258819168,320303.0,15091886580.0,250448.0,0.2460161086445521,14,uptrend_crowded_chase,4.708491441813551,0.0024303934399239058,0.04471513794005855,1.0,1.0,0.16240525731788402,3.3721298725893796,0.6727231384483425,0.012448514668133416,-0.5495646022941479,0.8488418309476191,4.708491441813551,0,1.0,1.0
2019-10-30,4728.36563312615,4712.663387073584,4760.0174160566985,4688.517556482392,278631.0,13357838060.0,257349.0,0.0794551854619762,14,uptrend_crowded_chase,2.834231551136572,-0.003579723826332426,0.048047023022963486,0.9,0.9666666666666667,0.22987983488391883,1.934231551136572,-0.0278224173700498,0.015171857971104853,-0.07548853545036331,0.3377045876026981,2.834231551136572,0,1.0,1.0
2019-10-31,4681.585241889452,4624.729833567406,4701.598966805637,4622.870058275624,305350.0,14529443380.0,247788.0,0.2088851177968066,14,uptrend_crowded_chase,1.7887194128500408,-0.018658993075417185,0.0257663891753126,0.85,0.95,0.18267999188955564,0.8520930260255787,0.11696203756295404,0.01702346112384341,0.05629073608597029,0.02362252095839961,1.7887194128500408,0,1.0,1.0
2019-11-01,4599.6692622801065,4769.752041299544,4773.425533823149,4595.701544794978,414417.0,19629440910.0,278744.0,0.3965789153908768,14,uptrend_crowded_chase,4.259628173405142,0.03135798477989593,0.03657074094725843,1.0,1.0,0.19722703077934156,1.3799565087028447,1.4367070502263908,0.03726063482741315,2.322636279178203,0.979330350710152,4.259628173405142,0,1.0,1.0
2019-11-04,4751.696969477086,4670.020690480734,4756.529298441021,4663.143281219078,375925.0,17687271780.0,267321.0,0.3409394719375568,14,uptrend_crowded_chase,2.235769278407839,-0.02090912692216962,-0.010196086406382365,0.8,0.9333333333333333,0.04614404474710376,1.0603933667637986,0.7248493228923263,0.019996917232572197,0.025902500395754247,0.0736449574170286,2.235769278407839,0,1.0,1.0
2019-11-05,4665.61686079212,4633.171210364971,4686.703061860882,4621.236355271262,294548.0,13882759740.0,262268.0,0.1160750962080126,14,uptrend_crowded_chase,1.1967085918272802,-0.007890646007388424,-0.020387123414196462,0.75,0.9166666666666666,0.046115567572092786,0.44670859182728007,-0.3484363704615341,0.014129999436058631,-0.6329666173843586,0.18230419270244289,1.1967085918272802,0,1.0,1.0
2019-11-06,4634.117938553021,4558.966720405342,4677.305837025905,4557.938725570836,372901.0,17381075950.0,243152.0,0.4276262066740277,14,uptrend_crowded_chase,1.4200309475919113,-0.016015917951321068,-0.032613546532904936,0.6,0.8666666666666667,-0.05674637814127159,-0.5715863743379224,0.6488225169088023,0.0261829310840979,0.9912393782750206,0.008612044155001088,1.4200309475919113,0,1.0,1.0
2019-11-07,4565.971403777016,4575.9278531757645,4608.119491980693,4554.55604777057,250451.0,11607650090.0,239470.0,0.0448351445637645,14,uptrend_crowded_chase,0.6,0.0037203896870987574,-0.010552395955635063,0.6,0.8666666666666667,-0.03414539382750981,-0.9687871299582207,-1.1757360214464552,0.01170548267559526,-0.8790981275957791,0.3989998350620486,0.6,0,1.0,1.0
2019-11-08,4584.664842869664,4556.921227510711,4604.323187397908,4536.208384153779,277816.0,12803191620.0,235501.0,0.1652438643221029,14,uptrend_crowded_chase,0.5,-0.004153611305707683,-0.04462093877124185,0.5,0.8333333333333334,-0.168578638147034,-1.2666924781676747,-0.6957367192609873,0.014947548979541711,-0.46025648964321636,0.3040872522628543,0.5,0,1.0,1.0
2019-11-11,4502.3149034141,4378.266564758459,4504.8538715668565,4371.721094602763,407933.0,18279368940.0,213918.0,0.6455101812125409,14,uptrend_crowded_chase,2.1375986955523936,-0.039205124212745024,-0.06247384006605794,0.25,0.6333333333333333,-0.22285741945035298,-2.9800530830517844,1.2178475120386871,0.030407645353461604,2.5573498790661,0.04916497879002212,2.1375986955523936,0,1.0,1.0
2019-11-12,4368.133042280484,4386.478236150058,4407.194165555499,4359.837023559157,183583.0,8173357100.0,207546.0,-0.1226861205420263,14,uptrend_crowded_chase,0.25,0.001875553091649662,-0.05324495103117055,0.25,0.6666666666666666,-0.23401387986909405,-2.708079187493278,-2.44126938883377,0.010796164815331777,-0.9474346862343553,0.5625595521148405,0.25,0,1.0,1.0
2019-11-13,4386.426733909702,4348.427445506384,4402.87962358727,4341.0187568468245,207501.0,9229853450.0,210621.0,-0.0149241508921214,14,uptrend_crowded_chase,0.05,-0.008674565014386237,-0.046181358147803886,0.05,0.5,-0.14362645236287896,-1.8186445404319609,-1.2482085138026677,0.01422603171276812,-0.3045059744024023,0.1197637383686345,0.05,0,1.0,1.0
2019-11-14,4335.272942253775,4365.005043624999,4393.245120427618,4329.265305062826,185152.0,8260030850.0,212149.0,-0.1361117486375495,14,uptrend_crowded_chase,0.15,0.003812320275861092,-0.04609399805208503,0.15,0.5833333333333334,-0.12113929005360724,-0.9354035648567404,-1.4659187343730644,0.014657443628440443,-0.21607000614903196,0.5586095920783348,0.15,0,1.0,1.0
2019-11-15,4327.135837498591,4307.431811330709,4348.32053185163,4285.921382691562,244975.0,10764122850.0,212308.0,0.1431181139979111,14,uptrend_crowded_chase,0.0,-0.013189728698796088,-0.054749556493055684,0.0,0.31666666666666665,-0.10367710920798778,-0.6956185574423155,-0.3519574487235808,0.014486392795801686,-0.060030560745098695,0.34472310806623,0.0,0,1.0,1.0
2019-11-18,4165.262443503227,4259.931715330004,4269.43260982762,4150.3737930773095,263414.0,11305975290.0,213679.0,0.2092520501021136,14,uptrend_crowded_chase,2.7271562214600023,-0.011027474857699504,-0.027027785466731347,0.0,0.15,-0.0011178751248905883,-0.5168090503912735,-0.003185534240879005,0.02794852704372211,5.4543124429200045,0.9201999922648273,2.7271562214600023,0,1.0,1.0
2019-11-19,4274.813987342957,4262.9555002348525,4290.904760380465,4246.534633636439,187072.0,8109535300.0,212900.0,-0.129329002410653,14,uptrend_crowded_chase,0.05,0.0007098200410036171,-0.02815988801613656,0.05,0.18333333333333332,0.025469570050567825,-0.12721953595953833,-1.2207311562488194,0.010408301644617488,-1.6977147151102356,0.3700883410396028,0.05,0,1.0,1.0
2019-11-20,4257.42074621054,4228.407143190408,4296.328412914506,4226.724830868287,226777.0,9806506300.0,214330.0,0.0564502724273751,14,uptrend_crowded_chase,0.5577111622877822,-0.008104320357681827,-0.027600851990759123,0.0,0.05,0.01745657352067198,0.36588707190991265,-0.2600268036010087,0.01646094609368702,0.38364818075573914,0.024169910120474855,0.5577111622877822,0,1.0,1.0
2019-11-21,4206.7588788421735,4159.600638272972,4236.063729120936,4144.19138165978,257337.0,10956077530.0,222162.0,0.1469796644810904,14,uptrend_crowded_chase,6.644481818976439,-0.016272440800371935,-0.047057083164661284,0.0,0.03333333333333333,0.046117987487507506,5.37561670617382,0.40597949461929794,0.02208681925274938,2.13175073098594,0.16772464227832248,6.644481818976439,0,1.0,1.0
2019-11-22,4162.713404858246,4186.640193524377,4212.673692660138,4139.981320208099,241111.0,10239241920.0,214960.0,0.1148054440614508,14,uptrend_crowded_chase,1.436495862039663,0.006500517141624362,-0.02804260707937145,0.05,0.03333333333333333,0.012413913783264618,1.0291740548776445,0.10491345458646834,0.017362937604352806,0.6097301597375687,0.6418675267073229,1.436495862039663,0,1.0,1.0
2019-11-25,4171.938955737697,4175.433623740438,4192.901399536779,4153.174842432638,149138.0,6329041320.0,218429.0,-0.38158896713139,14,uptrend_crowded_chase,3.190619624786197,-0.002676745377181544,-0.01983555071680787,0.05,0.016666666666666666,0.02198613004295069,3.140619624786197,-2.5428109954546705,0.009514354839283227,-1.2417633036380777,0.5602997825723937,3.190619624786197,0,1.0,1.0
2019-11-26,4199.281019217524,4212.152777265179,4225.034368794834,4182.012614720831,201487.0,8680355140.0,216760.0,-0.073065887521463,14,uptrend_crowded_chase,1.8042665947387462,0.00879409346036919,-0.01191725387864706,0.15,0.05,0.017968178798479784,1.6542665947387463,-0.32500122145594446,0.010213721189366708,-0.8952840957546175,0.7005795833545655,1.8042665947387462,0,1.0,1.0
2019-11-27,4226.563632498578,4130.852437843074,4237.143453285949,4127.674573039297,246252.0,10479740870.0,238469.0,0.0321160790018779,14,uptrend_crowded_chase,10.23608554110953,-0.019301374788900927,-0.02307126585585295,0.0,0.0,0.10672243949570692,8.762051586225297,0.6343330925433569,0.026500312440066683,2.3137348172251087,0.029029846625057247,10.23608554110953,0,1.0,1.0
2019-11-28,4132.051432512067,4138.070695338787,4155.538929324084,4105.791813409255,212792.0,8993443920.0,234188.0,-0.0958090488171379,14,uptrend_crowded_chase,5.714321378297233,0.0017474014393703552,-0.005175963946174367,0.05,0.016666666666666666,0.052717366114265474,5.664321378297233,-0.5919574264253659,0.01202181392668454,-0.45462030397888764,0.6488593627175484,5.714321378297233,0,1.0,1.0
2019-11-29,4138.251882368448,4141.508956143051,4169.398083928594,4124.858935647839,174723.0,7337582120.0,227330.0,-0.2632008435724527,14,uptrend_crowded_chase,2.824505211223212,0.0008308849841878185,-0.010779822314592846,0.1,0.03333333333333333,0.055950742004018394,2.724505211223212,-2.0682089959007097,0.010754328616069031,-0.6165722699886335,0.37382889296082067,2.824505211223212,0,1.0,1.0
2019-12-02,4173.709544530442,4255.330250467988,4265.145095355972,4168.90395727075,314891.0,13394876270.0,224899.0,0.3365751346620488,14,uptrend_crowded_chase,3.154375981350857,0.02748304918092881,0.019134929189935646,0.4,0.16666666666666666,0.029190393596218556,1.1443253936284155,1.7828277864839757,0.02261660844646274,1.437273388960907,0.8980181959268444,3.154375981350857,0,1.0,1.0
2019-12-03,4268.505475171462,4240.122116897919,4273.12271457479,4213.478849483484,230678.0,9764280770.0,221116.0,0.0423353479999052,14,uptrend_crowded_chase,0.6185726182548014,-0.003573902065156065,0.0066401531738600195,0.4,0.13333333333333333,0.019896699992735023,0.09756306340983341,0.24201910968993584,0.014066544181265598,-0.03000358572375901,0.44670591641987584,0.6185726182548014,0,1.0,1.0
2019-12-04,4230.733288688938,4226.402372138569,4254.215406758772,4219.640474364114,170871.0,7214672940.0,227727.0,-0.2872386572696191,14,uptrend_crowded_chase,1.1178309277651537,-0.003235695666564231,0.023130803080776863,0.35,0.11666666666666667,-0.04609177972966094,0.7678309277651537,-2.051318035659438,0.008180700593626272,-0.9995246287370291,0.19557226308560804,1.1178309277651537,0,1.0,1.0
2019-12-05,4220.079147267827,4179.674261302954,4230.997812983877,4177.20334671337,200172.0,8387772950.0,235956.0,-0.1644683500055015,14,uptrend_crowded_chase,2.0012080784273896,-0.011056238077012726,0.010053855776565035,0.25,0.08333333333333333,0.007521135372426713,1.7512080784273896,-0.5360559625215586,0.012870492509083231,-0.029852515558912787,0.04593250497474838,2.0012080784273896,0,1.0,1.0
2019-12-06,4181.662806856988,4183.44013501778,4218.399979169705,4172.849222560852,196200.0,8195076510.0,244116.0,-0.2185089750265523,14,uptrend_crowded_chase,1.78362698200585,0.0009009969388507066,0.010124613834900265,0.3,0.1,0.07124081584656139,1.4836269820058499,-0.22570795178349307,0.010888349095178338,-0.4069239374435195,0.23250793719791607,1.78362698200585,0,1.0,1.0
2019-12-09,4176.643866530987,3998.150438747749,4180.994665835084,3997.282986550178,410796.0,16537008040.0,260970.0,0.4536912827210936,14,uptrend_crowded_chase,11.506166467633186,-0.044291226906547854,-0.06043709808232978,0.0,0.0,0.14875404565280625,2.836372969949926,3.4748748132611285,0.045949166270603234,13.86471218210539,0.004721813011276136,11.506166467633186,0,1.0,1.0
2019-12-10,3992.979053526857,3950.477861904204,3998.9495378593774,3928.318786707308,277351.0,10910558460.0,247379.0,0.1143622784725756,14,uptrend_crowded_chase,3.2271297976454427,-0.011923657594654302,-0.06831035687378251,0.0,0.0,0.11223412288407175,1.583784649032918,1.4191101768940642,0.017879039858237338,1.8675801203309854,0.31373126910666904,3.2271297976454427,0,1.0,1.0
2019-12-11,3948.4477637818136,3919.5913701968425,3980.6037393196575,3905.486772227705,250007.0,9821258270.0,259751.0,-0.0382345623573027,14,uptrend_crowded_chase,2.6651544640250804,-0.007818419134862253,-0.0725938930860669,0.0,0.0,0.13157593671246914,1.8904971863819058,0.47084844448344193,0.0191644893554759,1.078466110802907,0.18776846983014855,2.6651544640250804,0,1.0,1.0
2019-12-12,3922.232097628368,3917.688608169674,3947.889337506994,3916.810718463338,176231.0,6909152550.0,259888.0,-0.3884551345140921,14,uptrend_crowded_chase,1.6512792005721653,-0.00048544908064562797,-0.0626808781628857,0.0,0.0,0.09660542201162059,1.6512792005721653,-0.8919443428414279,0.007932896703134204,-1.0481058159127679,0.028247384644168993,1.6512792005721653,0,1.0,1.0
2019-12-13,3902.888655687476,3836.921127470129,3911.403860407895,3829.6760715219098,305701.0,11769386789.999998,273923.0,0.1097604550761275,14,uptrend_crowded_chase,2.627152982730792,-0.020616105254286476,-0.0828311141940552,0.0,0.0,0.1152035228383923,1.4956954899218653,1.1735526736663682,0.02130035676283825,1.0893623119514855,0.08864862303232353,2.627152982730792,0,1.0,1.0
2019-12-16,3816.281227624458,3798.7456315716654,3837.9444297164105,3793.7603125909823,231030.0,8767396700.0,289120.0,-0.2242942546246498,14,uptrend_crowded_chase,1.8889424227981302,-0.009949512807325922,-0.049874263170181954,0.0,0.0,0.10243636865635963,1.8889424227981302,-0.11774508887311602,0.011631238680002848,-0.5624924034874321,0.11283056684217538,1.8889424227981302,0,1.0,1.0
2019-12-17,3801.488809248953,3782.170316476234,3829.48591477435,3774.915671061293,274587.0,10350043290.0,292755.0,-0.0640679311258165,14,uptrend_crowded_chase,2.1812934737899727,-0.004363365358731275,-0.042604350995361084,0.0,0.0,0.16841450817655534,1.776503318214424,0.6760819985587606,0.014428288296625168,0.1334983125923365,0.13294141497860285,2.1812934737899727,0,1.0,1.0
2019-12-18,3767.155740295758,3795.8150611449255,3806.415184213418,3737.5510065357694,256236.0,9634094820.0,285224.0,-0.1071759416584779,14,uptrend_crowded_chase,1.5668675164820214,0.003607649451758288,-0.03157888089892924,0.05,0.016666666666666666,0.09355135664469749,1.0923572163922286,0.2241068759406163,0.01814213194487856,0.6249137242389688,0.8460720301037892,1.5668675164820214,0,1.0,1.0
2019-12-19,3787.283524662986,3779.172004208832,3802.128046346467,3747.2113761752007,247368.0,9237044090.000002,283214.0,-0.1353256892233411,14,uptrend_crowded_chase,0.9746256633724526,-0.004384580562540319,-0.03535671611878222,0.0,0.0,0.08595202664890245,0.9746256633724526,-0.11028879385542008,0.014531402675005496,-0.28036300874875425,0.5819840848681641,0.9746256633724526,0,1.0,1.0
2019-12-20,3789.004536150121,3718.117187500001,3824.221900475725,3714.434142114385,312350.0,11710769880.0,295424.0,0.0557127413741085,14,uptrend_crowded_chase,3.0704971182257186,-0.016155606741591777,-0.03096335213136403,0.0,0.0,0.07556456756926266,1.1013169632915278,1.552685034504308,0.029527783236751433,2.3856752753640738,0.033546958609848965,3.0704971182257186,0,1.0,1.0
2019-12-23,3728.176912274572,3667.1956927188207,3732.3009447147047,3660.343102594267,317686.0,11602909210.0,323313.0,-0.0175574206790512,14,uptrend_crowded_chase,2.589346233745661,-0.013695505604926606,-0.034629836164739025,0.0,0.0,0.11177906741001742,1.8503374865326436,1.1701762551619712,0.0196220349689299,0.30784123926406387,0.09523062285670728,2.589346233745661,0,1.0,1.0
2019-12-24,3668.5160531290576,3673.7407866659846,3713.4707016524367,3614.745243265,585932.0,21415741620.0,332263.0,0.5672769178969207,14,uptrend_crowded_chase,6.292047515467467,0.0017847681159091078,-0.02866860049583142,0.05,0.016666666666666666,0.1265907422399124,2.7882742265296327,5.141304994316397,0.026873278252446432,1.7662415835592733,0.5975717344300729,6.292047515467467,0,1.0,1.0
2019-12-25,3667.1804546254248,3640.6070060357342,3684.171950637684,3636.147359266798,308234.0,11292315760.0,366484.0,-0.1730956293896035,14,uptrend_crowded_chase,4.715730322907993,-0.009019085056439224,-0.040889256354437964,0.0,0.0,0.25068002769412523,4.354050125186074,0.7233603954438389,0.013191369266516902,-0.882726666307176,0.0928617327421919,4.715730322907993,0,1.0,1.0
2019-12-26,3630.54350569851,3621.4749682869738,3650.3232024371982,3617.487107611493,297089.0,10750163860.0,382335.0,-0.2522654304373832,14,uptrend_crowded_chase,4.30874978024453,-0.00525517797362951,-0.04172793292981436,0.0,0.0,0.3000943920237251,4.23001297040251,0.1574736196840407,0.00906705005922975,-1.2272511853618153,0.12144747104211445,4.30874978024453,0,1.0,1.0
2019-12-27,3615.383884613079,3549.1363853932667,3632.619299411968,3546.5849885655384,385362.0,13825714850.0,394859.0,-0.024345586888946,14,uptrend_crowded_chase,5.46139039891193,-0.019974895181430585,-0.04544794948229003,0.0,0.0,0.29011712658422617,3.656778770234978,2.27486961058393,0.024240914268752817,1.3343536467699753,0.029655573487215623,5.46139039891193,0,1.0,1.0
2019-12-30,3530.2270531889603,3510.9429919216072,3552.6260437265137,3485.866173796824,458130.0,15993794329.999998,411468.0,0.1074217338169086,14,uptrend_crowded_chase,3.816768397034604,-0.010761320311286737,-0.042608225437069436,0.0,0.0,0.24111035856235397,2.5292742722749395,2.122891478988944,0.019014797472729852,0.45209677053038505,0.37562712676333315,3.816768397034604,0,1.0,1.0
2019-12-31,3525.570623857516,3550.069853164712,3556.8933340207245,3510.272034802039,391857.0,13523749830.0,394728.0,-0.0072999427891997,14,uptrend_crowded_chase,1.5974959386248067,0.011144259913400179,-0.0336634892560036,0.1,0.03333333333333333,0.17227009611588961,0.9955146417374288,1.0039625937747556,0.013132501935736573,-0.7702939839442446,0.8536402680670574,1.5974959386248067,0,1.0,1.0
2020-01-02,3578.751974602786,3496.034721859307,3595.224749264009,3492.1383933449565,418911.0,14670859720.0,420974.0,-0.004912587196941,14,uptrend_crowded_chase,2.175712898636597,-0.015220864247850074,-0.039711038279260036,0.0,0.0,0.1386162098892001,1.0253834092327352,0.9423221646102783,0.029486651054834993,1.3583368141974457,0.03779674312486121,2.175712898636597,0,1.0,1.0
2020-01-03,3496.2429004361697,3457.0806411414687,3513.578765506693,3454.6531778916124,431696.0,14723763740.0,449386.0,-0.0401605697932636,14,uptrend_crowded_chase,1.65067837949114,-0.011142360936598816,-0.0453943016547389,0.0,0.0,0.16158501896833322,1.1626238644857214,0.976109030010837,0.017044898205100682,-0.24908173803669756,0.04119540166002731,1.65067837949114,0,1.0,1.0
2020-01-06,3482.4868846374466,3446.132811116821,3505.0324227679075,3411.5178700988,502913.0,17149092009.999998,463154.0,0.0823575807398163,14,uptrend_crowded_chase,2.6143294833279875,-0.003166784683689916,-0.029022151614224945,0.0,0.0,0.15953087302389513,1.7109679461543472,0.950236124200127,0.02713608493771355,0.856486950147153,0.3701556605900976,2.6143294833279875,0,1.0,1.0
2020-01-07,3453.370458338268,3516.547892151571,3517.869148091398,3429.131357525716,615207.0,20876555260.0,444624.0,0.3247298153604432,14,uptrend_crowded_chase,2.5118490912697644,0.020433072343468472,0.0015964087832984752,0.2,0.06666666666666667,0.07749772836349145,1.1567784301600108,1.6620046600191387,0.025234347231195733,0.648136662200368,0.9851105607723113,2.5118490912697644,0,1.0,1.0
2020-01-08,3503.462832462432,3481.966805918903,3531.945764111798,3478.324077322632,460904.0,15743165020.0,463667.0,-0.0059768438013695,14,uptrend_crowded_chase,1.5802710083583718,-0.009833816371404458,-0.01918357949635796,0.1,0.03333333333333333,0.16096970205525807,1.276328962482647,0.40788409175144913,0.0153998271028936,-0.7812691109041721,0.06793386807456624,1.5802710083583718,0,1.0,1.0
2020-01-09,3454.315984363589,3379.19339670036,3458.930696701918,3374.382848410297,539345.0,18213660790.0,497630.0,0.0804986113636666,14,uptrend_crowded_chase,3.001598182255105,-0.029515907229167415,-0.03342109974720353,0.0,0.0,0.1672857549411244,1.6880650024685544,1.7781819955471694,0.025020127103165625,0.8488843640259317,0.05689734732776157,3.001598182255105,0,1.0,1.0
2020-01-10,3370.8428606358925,3378.675857254506,3416.242987764834,3358.666812620633,469597.0,15541974550.0,491336.0,-0.0452533313970486,14,uptrend_crowded_chase,1.3960304956841634,-0.00015315472809562802,-0.022679477867509346,0.0,0.0,0.08924600485685552,1.2488775416365905,0.29430590809514584,0.01704104731460895,-0.6131607843877153,0.34752299164992345,1.3960304956841634,0,1.0,1.0
2020-01-13,3388.074521852365,3415.9908915286287,3437.0798958435103,3359.260614194732,564627.0,18854711070.0,486580.0,0.1487640081585287,14,uptrend_crowded_chase,1.746512952465835,0.011044277655106294,-0.008746592554691457,0.1,0.03333333333333333,0.04934171581038349,0.8014581623271396,1.5204859045042893,0.022780880898061934,0.16962367577310136,0.729000270009397,1.746512952465835,0,1.0,1.0
2020-01-14,3424.750963649871,3396.4114883378184,3431.193251994852,3389.2803959771472,381926.0,12782374780.0,491246.0,-0.2517181480932091,14,uptrend_crowded_chase,0.8200472631378019,-0.005731690690208069,-0.03416316441527212,0.1,0.03333333333333333,0.09971603947690078,0.7200472631378019,-1.4563542299085743,0.012340335133601988,-1.3647231665255306,0.17014093140440828,0.8200472631378019,0,1.0,1.0
2020-01-15,3380.2434817139515,3407.3906824782684,3434.868806840233,3369.097600557568,399400.0,13423604050.0,493393.0,-0.2113425957409108,14,uptrend_crowded_chase,0.9395021716199529,0.003232586563244544,-0.021417815733873358,0.15,0.05,0.062139394560290384,0.7895021716199528,-0.8144642613468425,0.01930251397964971,-0.07895382382893343,0.5822165060517241,0.9395021716199529,0,1.0,1.0
2020-01-16,3410.270526420467,3482.84860929582,3529.485700032164,3409.3040733201688,759197.0,25931980690.0,436110.0,0.5543667906536435,14,uptrend_crowded_chase,2.8156386000096347,0.022145369829640327,0.030674542835185115,0.4,0.13333333333333333,-0.13196232389036133,-1.6028215182406067,2.614338305235079,0.03450670419358083,2.21693889478419,0.6119449202655111,2.8156386000096347,0,1.0,1.0
2020-01-17,3483.7445078508285,3493.864862438126,3523.5792679074293,3472.278617391036,418240.0,14402452020.0,434350.0,-0.0377952302700723,14,uptrend_crowded_chase,0.45,0.003163000858809273,0.0340929435229167,0.45,0.15,-0.12327755076892721,-1.6787273743598583,-0.7542343301654412,0.014683066614257749,-1.0469133992583004,0.42077916809635624,0.45,0,1.0,1.0
2020-01-20,3497.992953737642,3582.699967675898,3601.465718503305,3452.7204790815344,710702.0,24823810770.0,371240.0,0.649404460228615,14,uptrend_crowded_chase,3.008604915364386,0.025426027833194587,0.04880255288756574,0.75,0.25,-0.2705525742567829,-4.625765633387958,1.708565921560015,0.04151763774912527,2.808643909168757,0.873839654295109,3.008604915364386,0,1.0,1.0
2020-01-21,3581.9889325953263,3562.2055039567185,3593.4997580440336,3545.5455401470085,349818.0,12214805600.0,366718.0,-0.047180141082695,14,uptrend_crowded_chase,0.75,-0.005720396322350774,0.04881446673590162,0.75,0.25,-0.29235186033741556,-4.125179490518597,-1.2713738974091184,0.013461945933147292,-1.0396994021731856,0.3474139406357318,0.75,0,1.0,1.0
2020-01-22,3510.302522019474,3456.4215492693083,3528.4626675419886,3421.9992596357843,507348.0,17333997940.0,345905.0,0.3830329877820235,14,uptrend_crowded_chase,1.3829751260765861,-0.02969619651923805,0.014389564144543288,0.3,0.1,-0.3551418458391655,-5.0569097844667175,0.337690948969078,0.030801627170942397,1.8282593031840944,0.3233250777004112,1.3829751260765861,0,1.0,1.0
2020-01-23,3430.894307166294,3469.5417082624226,3493.158361910127,3426.1671976350385,329945.0,11218134430.0,315537.0,0.0446500246302494,14,uptrend_crowded_chase,0.4,0.0037958792948411535,-0.0038206946457222113,0.4,0.13333333333333333,-0.3236185558331659,-3.8337309888996716,-1.4878748672840603,0.01930836113471548,-0.16775538113239657,0.6474661411954805,0.4,0,1.0,1.0
2020-02-03,3254.796079407793,3267.128455994623,3272.5573137846445,3242.67601171408,138312.0,4973164590.0,322881.0,-0.8477718314838404,14,uptrend_crowded_chase,0.0,-0.05834005447629276,-0.06489558565389941,0.0,0.0,-0.29656682641961396,-1.6327870387067671,-4.0769915524678195,0.009146044446381549,-1.3094796019727528,0.8183192359823784,0.0,0,1.0,1.0
2020-02-04,3111.755244374391,3326.2265537895087,3332.7051800800355,3061.3805711466503,652542.0,21088145780.0,308536.0,0.7490369747250643,14,uptrend_crowded_chase,4.06229673148027,0.018088697334949,-0.07158662913455294,0.05,0.016666666666666666,-0.18501022351083485,-1.0417145390317646,1.4668486214733711,0.08157129544416332,6.557744841487169,0.9761222311680641,4.06229673148027,0,1.0,1.0
2020-02-05,3331.926728879112,3384.623097423918,3434.193580016913,3323.4690990056265,749316.0,25146156120.0,349329.0,0.7631466188495453,14,uptrend_crowded_chase,1.6783281614350982,0.017556393916667856,-0.049851814089768576,0.2,0.06666666666666667,-0.0485789887634791,-0.23092704120968485,1.9003991380773575,0.03271397665978243,1.0562571847928388,0.5523078352659674,1.6783281614350982,0,1.0,1.0
2020-02-06,3393.067384440278,3450.949638963494,3459.528889345423,3379.8632477181063,545836.0,18372062890.0,358551.0,0.4202476549895564,14,uptrend_crowded_chase,0.6282444995313614,0.01959643352610163,-0.001583114278109643,0.45,0.15,0.03590673845253001,0.010408226158867356,0.33567254674498814,0.023085135966007496,-0.13404715850796353,0.8923092790482575,0.6282444995313614,0,1.0,1.0
2020-02-07,3434.836390840852,3435.405995444887,3466.879462820973,3415.3353682661927,710588.0,23954995610.0,392965.0,0.5923722469275648,14,uptrend_crowded_chase,1.721570931243166,-0.004504164112715259,-0.009838680635037234,0.4,0.13333333333333333,0.219444600105966,1.011777888427262,0.6195860856318081,0.015003785469060773,-0.8095512926370044,0.3893875205696677,1.721570931243166,0,1.0,1.0
2020-02-10,3404.6369677915395,3494.5147080426445,3508.434921388005,3395.457213979584,726109.0,24978255460.0,415249.0,0.5588218009936343,14,uptrend_crowded_chase,3.1893931858415603,0.017205742982381533,0.06959819765605069,0.85,0.2833333333333333,0.25159450601635136,1.5449121522486111,0.7228233909315339,0.0323300134202904,0.8661386762543642,0.8767879640623427,3.1893931858415603,0,1.0,1.0
2020-02-11,3493.405727449751,3479.920111341428,3522.95432775024,3445.3897431938294,674833.0,23072092910.0,422125.0,0.4691637741491291,14,uptrend_crowded_chase,2.5771756463727593,-0.00417643018288838,0.04620658126152555,0.65,0.23333333333333334,0.3134629484893736,1.70365197223694,0.44704734827163894,0.022289185405038242,-0.3207431726177655,0.445182145241628,2.5771756463727593,0,1.0,1.0
2020-02-12,3473.198441502235,3410.7568335604124,3489.333860270272,3389.986221429004,704810.0,23982254840.0,436705.0,0.4786703530099211,14,uptrend_crowded_chase,2.346856349005948,-0.01987496136925815,0.007721313536028562,0.35,0.11666666666666667,0.22324373837785316,1.4436030876556865,0.6054464063036713,0.029127740173010522,0.5010601163968523,0.20907001287261884,2.346856349005948,0,1.0,1.0
2020-02-13,3398.859527917762,3411.446551378635,3429.72617666268,3358.310545318042,810326.0,26953231740.0,454109.0,0.5790993785027707,14,uptrend_crowded_chase,2.5694878788197064,0.00020221840837075788,-0.01144701943454729,0.4,0.13333333333333333,0.2362663479945475,1.53247774465902,1.2740202683213724,0.020934119960278243,-0.543784551428593,0.7440388758053404,2.5694878788197064,0,1.0,1.0
2020-02-14,3428.3527341879944,3444.4322944916776,3444.820451827503,3382.987576109602,619069.0,20590703970.0,459069.0,0.2990162110253603,14,uptrend_crowded_chase,1.5632036282185566,0.009669136718472915,0.002627432990091716,0.55,0.18333333333333332,0.15547997618084786,1.0132036282185566,-1.0533517913962311,0.01795154336950793,-0.45229968329919995,0.9937224764121241,1.5632036282185566,0,1.0,1.0
2020-02-17,3447.022284575922,3510.494801266864,3524.819029786129,3419.778742772417,901751.0,30423864020.0,448667.0,0.6980574642595057,14,uptrend_crowded_chase,3.1527600134504437,0.01917950510475519,0.0045729077023031195,0.9,0.38333333333333336,0.07740262417567223,0.5994003421298894,2.615738595798837,0.02992178965079366,0.690980746842272,0.8636310988240663,3.1527600134504437,1,0.0,0.0
2020-02-18,3506.605188749553,3513.19607804246,3537.5652035637463,3479.368881714802,689133.0,23391258160.0,453753.0,0.4178812886393731,14,uptrend_crowded_chase,1.6215126998168423,0.0007694860492661881,0.009562278913410216,0.9,0.4166666666666667,0.07225151842172117,0.7215126998168423,-0.25925290378821364,0.016565065130486913,-1.129453851408993,0.5812600393451134,1.6215126998168423,0,1.0,1.0
2020-02-19,3524.9761812317724,3602.55799906701,3611.104059160888,3521.2317537687886,1044360.0,35951611720.0,452309.0,0.8367939620060035,14,uptrend_crowded_chase,4.259492538806015,0.025436075595969054,0.05623419518487949,1.0,0.5166666666666667,0.03510766464977699,0.6311177889140438,5.014108822489012,0.024946803192446736,0.2426406772949294,0.9049088586679401,4.259492538806015,0,1.0,1.0
2020-02-20,3609.490413594101,3630.17772949588,3657.288341415077,3585.2359433093543,1218458.0,42318471060.0,417916.0,1.070060948469853,14,uptrend_crowded_chase,3.020919454326182,0.007666699727255866,0.06411684158699527,1.0,0.55,-0.08305680193813103,-1.2508538603564145,4.041838908652364,0.019848173691410013,-0.352720783153315,0.6237375488957726,3.020919454326182,0,1.0,1.0
2020-02-21,3636.449003209296,3694.605082023495,3696.650178739914,3619.1067941689416,955973.0,33710685680.0,416527.0,0.8307783845385853,14,uptrend_crowded_chase,2.053672163391006,0.017747713012542077,0.07263106548266096,1.0,0.6166666666666667,-0.09724924012383163,-1.3232904379437118,2.1073443267820116,0.020988274213194803,-0.0965838190414767,0.9736264192266844,2.053672163391006,0,1.0,1.0
2020-02-24,3693.9680130423367,3673.619069450408,3719.79958382135,3653.945714091629,1028807.0,36240729700.0,412251.0,0.9145227703544342,14,uptrend_crowded_chase,1.6331317252788142,-0.005680177476937054,0.046467599987521924,0.95,0.6,-0.08464857732901976,-1.547810569446013,1.3662634505576285,0.017926156328335194,-0.7159409570379515,0.29874258626748823,1.6331317252788142,0,1.0,1.0
2020-02-25,3655.6679176399375,3675.2003812494577,3678.9270853900207,3619.600558481195,1165752.0,40496517270.0,403935.0,1.0598676773929894,14,uptrend_crowded_chase,1.4821297175139323,0.000430450672526117,0.04611308324620067,0.95,0.6333333333333333,-0.1162990231997707,-1.9912071307015127,1.064259435027865,0.016142392456069663,-1.0754023077547743,0.9371831736199507,1.4821297175139323,0,1.0,1.0
2020-02-26,3670.4421935904593,3666.156954030231,3700.563307083966,3646.225127173784,877798.0,30591102510.0,404679.0,0.7743223385818377,14,uptrend_crowded_chase,0.85,-0.0024606623533686145,0.017653832354591392,0.85,0.5833333333333334,-0.11127141433704857,-1.9511680816891301,-0.20815138190278826,0.014821563995084103,-1.1942740561589784,0.3668107192657793,0.85,0,1.0,1.0
2020-02-27,3656.952848002324,3537.508993917849,3666.401009854824,3533.913291155608,1020339.0,34721703970.0,425343.0,0.8749943017513963,14,uptrend_crowded_chase,3.7798718889712957,-0.03509068534857973,-0.025527327443248926,0.7,0.45,0.017615446858686212,-0.25576776328629264,0.5016681917052432,0.03745226342237053,5.658075586237348,0.027139894909082123,3.7798718889712957,0,1.0,1.0
2020-02-28,3505.639505974248,3457.514559371248,3530.407482730222,3432.6204005646173,1033776.0,34353954210.0,389852.0,0.9752062172496232,14,uptrend_crowded_chase,1.79022843949077,-0.02261321022339091,-0.06417208805504993,0.4,0.26666666666666666,-0.06618410551543619,-1.2603580952690163,0.29492341790537197,0.028282478782500738,2.4855334610761677,0.2545751264412622,1.79022843949077,0,1.0,1.0
2020-03-02,3487.5986531616995,3647.409545926916,3650.837447774172,3485.458638423306,1121713.0,38446271560.0,377208.0,1.089815500693455,14,uptrend_crowded_chase,3.0195222741516328,0.05492239679540223,-0.007134524028756473,0.8,0.6166666666666667,-0.08883562770718179,-2.1627753987299565,0.6203947941132534,0.045341442267031705,3.818649754190012,0.9792724239537659,3.0195222741516328,0,1.0,1.0
2020-03-03,3680.335268113522,3633.793402435975,3716.7433874301096,3593.988196542028,970985.0,33501669760.0,375866.0,0.949078323288577,14,uptrend_crowded_chase,1.7737417844810488,-0.003733099702539877,-0.011266590802704868,0.75,0.6,-0.07202127703601668,-2.548422964173629,-0.5083763671755009,0.033781554781235054,2.0474835689620976,0.3242649504756037,1.7737417844810488,0,1.0,1.0
2020-03-04,3651.540773403343,3656.268937188101,3661.179967576778,3572.153112897653,974623.0,33366601280.0,382937.0,0.9341802447674274,14,uptrend_crowded_chase,0.8767580801971123,0.006185143805109927,-0.002697106797694526,0.8,0.65,-0.055223675457447996,-1.3711558789891698,-0.5601949284403841,0.024349099097615092,0.1535161603942245,0.9448365281871695,0.8767580801971123,0,1.0,1.0
2020-03-05,3660.759373549037,3615.557023722532,3673.027654489586,3610.012726111727,807365.0,27841056040.0,398229.0,0.7067486417546465,14,uptrend_crowded_chase,0.6,-0.011134824643637686,0.022062991200552107,0.6,0.5666666666666667,-0.06586868554804504,-0.29394128098973354,-2.6128321525656863,0.017428829904881378,-0.5822421461899898,0.0879838754645514,0.6,0,1.0,1.0
2020-03-06,3590.745518266297,3577.509689995504,3606.4216434960135,3541.8534449806484,840443.0,28434692270.0,398091.0,0.7472485114076384,14,uptrend_crowded_chase,0.5,-0.01052322877979539,0.03470560385610555,0.5,0.5333333333333333,0.020913442444918218,-0.15205109387653953,-2.9488830027437145,0.018048364396029425,-0.5134007428961461,0.5522261087456287,0.5,0,1.0,1.0
2020-03-09,3533.465261695229,3606.0173730343367,3631.594725171296,3497.823552316142,808954.0,27694261320.0,368387.0,0.7866080390927002,14,uptrend_crowded_chase,1.4878575183058884,0.00796858303935677,-0.011348375435054181,0.55,0.5833333333333334,-0.023662743414339715,-1.8767085755829465,-1.8369993689461943,0.03709665234989987,1.875715036611777,0.8087977283068742,1.4878575183058884,0,1.0,1.0
2020-03-10,3621.4224330036727,3579.2302045664583,3638.3390379215216,3572.502565706441,507948.0,17452730670.0,360323.0,0.3433782287252744,14,uptrend_crowded_chase,0.45,-0.007428463508853844,-0.0150154925794459,0.45,0.55,-0.04223184548255077,-2.179504427330291,-3.574982729717475,0.0183940312447869,-0.5606561072297233,0.1021871104824492,0.45,0,1.0,1.0
2020-03-11,3578.002979667344,3483.4895712016937,3588.325991646419,3482.3832085507565,624570.0,21160186620.0,396690.0,0.4539082937189507,14,uptrend_crowded_chase,0.9525187382376998,-0.026748945413630154,-0.04725565021463807,0.2,0.35,0.03528463444791896,0.5914276870339242,-2.4734547043254973,0.030412831997977112,0.3221821024075512,0.010443020455090053,0.9525187382376998,0,1.0,1.0
2020-03-12,3471.4189535411188,3434.76284829563,3496.615534182401,3383.821379230521,663251.0,21729125500.0,391083.0,0.528233687071022,14,uptrend_crowded_chase,0.48269178703897087,-0.013987905492495623,-0.05000451500022485,0.05,0.16666666666666666,-0.018107403030255043,0.28415299637146724,-1.7802847593136475,0.03283899352988805,0.2970775813350073,0.45163217089433183,0.48269178703897087,0,1.0,1.0
2020-03-13,3420.511494002181,3446.9397257338164,3463.6523977715665,3347.415548183752,626688.0,20310331300.0,363953.0,0.5434240707088407,14,uptrend_crowded_chase,0.3314395768520827,0.0035451872446532473,-0.03649744531142041,0.1,0.23333333333333334,-0.08965588394483959,-1.4958735930145903,-0.9616663221467932,0.03372175286966149,0.4628791537041653,0.8562188144550151,0.3314395768520827,0,1.0,1.0
2020-03-16,3456.2681945820937,3454.68800582579,3495.496222300691,3422.094501007315,485868.0,16059070630.0,362526.0,0.2928407862103133,14,uptrend_crowded_chase,0.1,0.002247872231164072,-0.04196578983234589,0.1,0.26666666666666666,-0.01603782016719002,-0.8608682153747973,-1.7833109436700783,0.021246989936456025,-1.098326463309044,0.4440427859750487,0.1,0,1.0,1.0
2020-03-17,3447.4885419840984,3450.613771231784,3479.4534537358427,3418.010454697671,369021.0,12066600860.0,359779.0,0.0253635989359572,14,uptrend_crowded_chase,0.1,-0.0011793350331882335,-0.03593410481689119,0.1,0.25,-0.0015108973547839355,-0.8310559724730929,-2.94664090790046,0.017806397096780318,-1.0136986247084974,0.5306270371642865,0.1,0,1.0,1.0
2020-03-18,3453.43323706151,3348.833763715098,3476.4536969564147,3323.643934109986,603356.0,19440706130.0,376410.0,0.4718284291071176,14,uptrend_crowded_chase,1.5222501875285517,-0.02949620394065522,-0.03865543580202069,0.0,0.03333333333333333,-0.052476144397122226,0.035844704920161966,-0.19217052003300772,0.04563074002123837,2.9728109652167793,0.16484437339535402,1.5222501875285517,0,1.0,1.0
2020-03-19,3348.2515046234435,3374.9351020323666,3376.960970142853,3273.600606423078,606235.0,19321394870.0,338177.0,0.5836982726220569,14,uptrend_crowded_chase,0.2563904722975404,0.0077941576557423176,-0.017418304816284702,0.05,0.05,-0.14535038661729338,-1.9303729379815922,-0.09210242557898364,0.030625881859930353,0.41278094459508086,0.9803999518037793,0.2563904722975404,0,1.0,1.0
2020-03-20,3372.9567739278787,3277.414162272229,3392.480798870521,3262.792752929616,581275.0,18409530250.0,383060.0,0.4170323318548031,14,uptrend_crowded_chase,1.7318548523350572,-0.028895648897488746,-0.04918147021717856,0.0,0.016666666666666666,0.051166896453713306,1.3466899877205607,-0.287932972873852,0.03957023419066214,0.7703297292289931,0.11274292273071516,1.7318548523350572,0,1.0,1.0
2020-03-23,3257.27380512756,3275.9277981588243,3301.4517600226886,3219.829874888363,534139.0,16898953670.000002,377802.0,0.3462858558539495,14,uptrend_crowded_chase,0.9340943178924553,-0.00045351732793341704,-0.051744240685559606,0.0,0.016666666666666666,0.04127405299903586,0.9340943178924553,-1.2702684615614885,0.024915654484265394,-0.6965389184973777,0.6872902185258354,0.9340943178924553,0,1.0,1.0
2020-03-24,3305.2617587786585,3282.2467245343064,3315.7583296360244,3256.3033535997533,388285.0,12389092899.999998,385823.0,0.0063608909899637,14,uptrend_crowded_chase,1.114599064194607,0.0019288967171477989,-0.04879336195235051,0.1,0.05,0.0698887610218577,1.014599064194607,-3.5636187627098797,0.018114109336100172,-1.1419262834233963,0.4363532317080752,1.114599064194607,0,1.0,1.0
2020-03-25,3290.562900795549,3252.4294210013995,3297.158808660012,3219.690390442687,448713.0,14071202860.0,422229.0,0.0608356642687206,14,uptrend_crowded_chase,2.1206768288199553,-0.009084418703209307,-0.028787437512798553,0.0,0.0,0.11486884604127567,2.1206768288199553,-2.3425247182424718,0.023818631610297212,-0.6168143200771357,0.4226113210013982,2.1206768288199553,0,1.0,1.0
2020-03-26,3221.5692423049,3308.178399326768,3323.62772567038,3207.3801224782324,625014.0,19935157490.0,412339.0,0.4159282229291453,14,uptrend_crowded_chase,2.5786908438315703,0.01714071886245705,-0.01978014411755591,0.2,0.08333333333333333,0.19827639950088027,1.6759516206805678,0.6086513310769843,0.035139460198339016,0.7968271152250214,0.8670998289910928,2.5786908438315703,0,1.0,1.0
2020-03-27,3302.252279591266,3237.863041176671,3330.3901134616967,3233.4778533899625,577055.0,18317147590.0,439205.0,0.2729713081236198,14,uptrend_crowded_chase,2.9509795050582186,-0.02125500794165358,-0.01206778244594442,0.0,0.0,0.13677463959115954,2.744503940783942,0.20319565116577595,0.02993093248209638,0.20975547738277717,0.0452490508782101,2.9509795050582186,0,1.0,1.0
2020-03-30,3250.908789941514,3228.376370748292,3292.3150699394164,3216.550033069647,557928.0,17661157950.0,455317.0,0.2032360421352898,14,uptrend_crowded_chase,2.347713219356113,-0.002929917142181271,-0.014515407646425449,0.0,0.0,0.1866236308029361,2.33159625707738,0.03223392455746546,0.02346846469211652,-0.38402032530452734,0.15609228434711017,2.347713219356113,0,1.0,1.0
2020-03-31,3250.481455660903,3283.7714447189824,3291.624712005361,3243.339829053019,476991.0,15088523760.0,428194.0,0.1079212588722579,14,uptrend_crowded_chase,1.3663884078773405,0.017158802942746743,0.0004645355186978506,0.3,0.11666666666666667,0.10419764883736526,1.0663884078773405,-1.8350355458055034,0.014704093681670328,-1.4701372695225288,0.8373555695655346,1.3663884078773405,0,1.0,1.0
2020-04-01,3299.107380488342,3276.3688670034985,3318.9962651727355,3252.7793690987323,472746.0,15285773130.0,420981.0,0.1159705443484618,14,uptrend_crowded_chase,0.8338695101705564,-0.0022542913963725653,0.007360481321291301,0.2,0.08333333333333333,-0.002960118858361227,0.6338695101705564,-1.9295366072342346,0.020210452107782318,-0.8336897832101227,0.3562459025322304,0.8338695101705564,0,1.0,1.0
2020-04-02,3280.325871850333,3306.1455780259585,3316.987343283583,3230.42645413353,511650.0,16766805870.0,397560.0,0.2522949314329597,14,uptrend_crowded_chase,0.5035793537714641,0.009088326812753955,-0.0006144835784017699,0.4,0.15,-0.03649996045657389,-0.48791701712621416,-0.3645867429757557,0.026181814172180778,0.20715870754292814,0.8747498395166625,0.5035793537714641,0,1.0,1.0
2020-04-03,3307.810201854198,3382.368747219049,3383.805542600128,3283.1528491471413,657936.0,21148878080.0,373074.0,0.5673308707693835,14,uptrend_crowded_chase,1.7520085305917985,0.023054994825304043,0.04462996247977902,0.6,0.26666666666666666,-0.16318948307792347,-1.4954915849068544,1.5558820270936957,0.029758048567514184,0.7481350340899012,0.985725216764816,1.7520085305917985,0,1.0,1.0
2020-04-07,3464.730801753272,3543.213050701452,3578.44539882711,3445.066892710502,813689.0,28414832160.0,325040.0,0.9176299774360046,14,uptrend_crowded_chase,3.3346194800341014,0.04755374576312765,0.09752167770952469,0.9,0.75,-0.3370456279831089,-3.3618576829599096,2.9934375610969637,0.03764337741141551,1.8758013989712392,0.7358468830438443,3.3346194800341014,0,1.0,1.0
2020-04-08,3549.3986674417006,3552.6835044988325,3579.100579713774,3523.528485621246,453094.0,15579495520.0,304968.0,0.3958927564051625,14,uptrend_crowded_chase,0.95,0.002672843450806761,0.08189122303634111,0.95,0.75,-0.3393695108432109,-4.224993762456628,-0.7963746256032578,0.015642286745260584,-1.298668628360648,0.5246341595305554,0.95,0,1.0,1.0
2020-04-09,3567.107296460192,3643.260069676276,3659.863949958045,3563.0371620656947,711640.0,24571743610.0,302542.0,0.8553520547582658,14,uptrend_crowded_chase,1.8018252107764408,0.02549525311296219,0.11198104290629796,1.0,0.9,-0.33036759121432446,-4.333143968671517,1.3848347747431562,0.02657696295091935,0.2188156468097251,0.8285197656228289,1.8018252107764408,0,1.0,1.0
2020-04-10,3636.65535113762,3629.826303916167,3641.729489281695,3598.8159750138134,442173.0,15496163560.0,288573.0,0.4267531213449042,14,uptrend_crowded_chase,0.95,-0.0036872925630321296,0.09790274452568792,0.95,0.85,-0.32039777923014157,-2.799381187588,-1.0460259376026284,0.011822470464105332,-2.0201690376879875,0.722623850118079,0.95,0,1.0,1.0
2020-04-13,3702.375152552384,3610.3334449828144,3717.010695567709,3601.62975275374,533621.0,18991396570.0,262727.0,0.7085703789040676,14,uptrend_crowded_chase,1.3792855334961303,-0.005370190554937038,0.067397943512574,0.9,0.8166666666666667,-0.35066132114246606,-1.726397794493041,-0.005868701607998772,0.031958528089506735,0.9585710669922607,0.07543440031606972,1.3792855334961303,0,1.0,1.0
2020-04-14,3611.46125489273,3588.979003129555,3624.954089413572,3573.4500415136813,385114.0,13231677780.0,270326.0,0.3539107562781211,14,uptrend_crowded_chase,0.85,-0.005914811520507879,0.01291651158799012,0.85,0.7666666666666667,-0.18431961360380988,-1.0397221471718459,-1.6961659543230188,0.014350612766187754,-1.1710255401706362,0.30150953661074853,0.85,0,1.0,1.0
2020-04-15,3583.579269257519,3641.7753188508937,3659.2220749536286,3570.5316508548544,485902.0,16690895260.0,265563.0,0.6041548568074425,14,uptrend_crowded_chase,0.998655237524061,0.014710678350388973,0.025077329359410205,0.95,0.8833333333333333,-0.13835475240113304,-0.7128117483977037,-0.11321802070847226,0.024353623256131877,0.09731047504812226,0.8032847820943488,0.998655237524061,0,1.0,1.0
2020-04-16,3639.703287174501,3573.458545504445,3649.881855681343,3562.125801457594,475997.0,16551212590.000002,269633.0,0.5683497765822724,14,uptrend_crowded_chase,0.75,-0.018759194998335338,-0.01915908357814089,0.75,0.6833333333333333,-0.11515833570003053,-0.6405095369745438,-0.29006373938913754,0.024557736743343363,-0.08152420522275974,0.12913917047769585,0.75,0,1.0,1.0
2020-04-17,3578.535170416016,3630.561035658344,3633.8308487212953,3573.476866320724,434093.0,15105769640.0,271325.0,0.4699414325267076,14,uptrend_crowded_chase,0.9,0.01597961454617569,0.00020241512421237395,0.9,0.85,-0.061630722537584504,-0.6154712269224003,-0.8659920556847699,0.016623872125490075,-1.0747958725955788,0.945822745527385,0.9,0,1.0,1.0
2020-04-20,3614.3275925919,3526.927174291459,3620.813376027292,3509.0220445115565,540484.0,18384099300.0,281494.0,0.6523539014555632,14,uptrend_crowded_chase,1.3199278284499223,-0.02854486134485068,-0.023102096236363723,0.55,0.5833333333333334,0.06899566272009316,0.06994717532800651,0.7629881233241296,0.031696523911978414,0.636973182919702,0.16016563661183394,1.3199278284499223,0,1.0,1.0
2020-04-21,3514.658683700792,3531.7266223756087,3543.16925577582,3487.27618142198,408429.0,13823487440.0,274397.0,0.3977421297370325,14,uptrend_crowded_chase,0.55,0.0013608015836374943,-0.015952275202508304,0.55,0.5833333333333334,0.014947324771698689,-0.11588304156674731,-1.0677459928339674,0.01582599117375738,-0.7591491303656789,0.7952763641561036,0.55,0,1.0,1.0
2020-04-22,3505.55664979992,3471.585798966553,3520.153159977963,3461.105409760836,402963.0,13351944760.0,276163.0,0.3778534752136358,14,uptrend_crowded_chase,0.7288915692328908,-0.017028731223993288,-0.04673256996481634,0.45,0.4666666666666667,0.03913917043452031,0.2788915692328907,-0.9770373048011133,0.017008869616503313,-0.42930317474266005,0.17749006807505466,0.7288915692328908,0,1.0,1.0
2020-04-23,3443.442217807064,3509.733436670408,3523.344254359882,3440.0062141764693,466655.0,15443176050.0,280635.0,0.5085353340172435,14,uptrend_crowded_chase,1.6577018316034686,0.010988533745935669,-0.017832894385806042,0.45,0.5333333333333333,0.03999311749721457,0.9687860281788697,0.09342692309427005,0.023744834668262868,0.3844046837549278,0.8366794124325583,1.6577018316034686,0,1.0,1.0
2020-04-24,3478.210165955159,3496.738937043796,3520.132543911047,3467.6003444265366,493716.0,16467409070.0,280576.0,0.5651158200794407,14,uptrend_crowded_chase,1.685077573282146,-0.0037024178220610438,-0.03685989501352138,0.4,0.5333333333333333,0.03352726867330702,0.9615391624030584,0.6470768217581752,0.015023197450628661,-0.8270947864162815,0.5546806130942816,1.685077573282146,0,1.0,1.0
2020-04-27,3495.3025934455272,3464.307318771274,3497.667606731621,3445.768441429461,377426.0,12589764710.0,284392.0,0.2830209548450805,14,uptrend_crowded_chase,1.727141872731345,-0.009274818296827192,-0.017754791189518948,0.3,0.43333333333333335,0.010242435172850506,1.427141872731345,-1.4515750698039238,0.014981108927878836,-0.8335971104806182,0.3572095472803565,1.727141872731345,0,1.0,1.0
2020-04-28,3441.709646824087,3444.601139173837,3466.3762080160027,3408.0722661365608,385825.0,12512814280.0,286699.0,0.2969510138701695,14,uptrend_crowded_chase,1.6977405603109483,-0.0056883462649688354,-0.02466937351542997,0.25,0.35,0.04385692206936653,1.4305200350758065,-1.095735886714142,0.016926180862097063,0.034441050470283834,0.6265249288428719,1.6977405603109483,0,1.0,1.0
2020-04-29,3431.739369581964,3447.318733329111,3451.9921815018083,3401.5435894724324,359955.0,11568534250.0,284178.0,0.2363782212447888,14,uptrend_crowded_chase,1.0298393055346535,0.000788943057693503,-0.006990196135917337,0.25,0.36666666666666664,0.028609531288486423,0.7798393055346534,-1.589433042005431,0.014634153651541595,-0.8007835329657268,0.9073621684035144,1.0298393055346535,0,1.0,1.0
2020-04-30,3427.941830450457,3556.0628371587004,3557.6179175497573,3424.7136659512084,431581.0,14435216960.0,265639.0,0.4853169660000268,14,uptrend_crowded_chase,4.646843030253269,0.03154454584609123,0.013200261878646868,0.65,0.6666666666666666,-0.0549166484333643,-2.5181860115311583,0.15679806043708847,0.037373988504865556,7.8368880000694485,0.9882992427077941,4.646843030253269,0,1.0,1.0
2020-05-06,3412.850943481097,3373.916238301485,3440.938473514476,3355.7263539262326,548828.0,18150510730.0,301534.0,0.5989023162231984,14,uptrend_crowded_chase,5.918111211307596,-0.051221423017021483,-0.035124926668431034,0.05,0.18333333333333332,0.07203814628975636,3.3047928685107464,1.8999896281610893,0.025256145550057042,3.22664705743261,0.2134659302356102,5.918111211307596,0,1.0,1.0
2020-05-07,3383.0920721684192,3374.964318630261,3403.810567801477,3350.825606920488,354562.0,11316422920.0,315739.0,0.1159673019614691,14,uptrend_crowded_chase,5.3946413149205545,0.00031064207133479904,-0.02578957116676972,0.05,0.21666666666666667,0.10456235479748166,5.344641314920555,-1.07429608201227,0.015699413646688032,-0.39600534604827203,0.4555766638007245,5.3946413149205545,0,1.0,1.0
2020-05-08,3380.857977570744,3347.5138838940934,3389.2516980117366,3335.9892759223058,408617.0,13069089050.0,339242.0,0.1860645699928637,14,uptrend_crowded_chase,6.632505346655614,-0.008133548134016566,-0.028185340292556926,0.0,0.16666666666666666,0.16828083209058242,6.607197810188514,0.05061507293419884,0.015911038441301935,-0.2283010395054027,0.2163740873901139,6.632505346655614,0,1.0,1.0
2020-05-11,3396.201673256998,3355.968647146378,3403.664175076415,3337.9475815144374,444005.0,14392326170.0,333909.0,0.2849673228658293,14,uptrend_crowded_chase,6.272055321969182,0.0025256842975209803,-0.02649888021654312,0.05,0.2,0.1612676983720327,5.153070128199278,0.631619340364987,0.019582004622676504,1.5063510471748212,0.27422397685517097,6.272055321969182,0,1.0,1.0
2020-05-12,3330.2762255803195,3249.914125084948,3334.051110821166,3232.1928604107675,607777.0,18762721020.0,388472.0,0.4475869432331798,14,uptrend_crowded_chase,10.063419627101082,-0.031601761879274215,-0.0860920422650252,0.0,0.03333333333333333,0.3800828509661862,5.764364120319418,2.3499991239223266,0.03134182827299657,6.2481118896410015,0.17397966883172947,10.063419627101082,0,1.0,1.0
2020-05-13,3236.246303379658,3222.4408253017227,3248.145810407955,3192.7837765230424,589317.0,18666456790.0,417932.0,0.3436454993481005,14,uptrend_crowded_chase,5.053271610373021,-0.008453546378708432,-0.044896020618466426,0.0,0.0,0.3264359605700431,4.017776597342644,1.7521430896858434,0.017180155318982194,0.31884693637491046,0.5356929053642016,5.053271610373021,0,1.0,1.0
2020-05-14,3210.018727543368,3271.0768476469884,3282.0197610635564,3207.578902330576,594863.0,18419211760.0,373245.0,0.4660960864504174,14,uptrend_crowded_chase,3.4240550230857165,0.015092914030690352,-0.030781798317036868,0.1,0.08333333333333333,0.1673191175465778,1.567093134600989,1.800578235417826,0.02275729437127976,1.7133455415516292,0.8529985601614262,3.4240550230857165,0,1.0,1.0
2020-05-15,3288.170284778063,3305.9628188368347,3309.415871848942,3267.801896862661,419634.0,12988528280.0,361823.0,0.148227760817017,14,uptrend_crowded_chase,0.7166121228968807,0.010664980620966213,-0.012412514629789428,0.15,0.18333333333333332,0.06444142496705396,0.5666121228968807,-0.14027423116425017,0.012587550818530482,-1.2157192386915565,0.9170217934420887,0.7166121228968807,0,1.0,1.0
2020-05-18,3263.682532029205,3304.368891187197,3306.743976920146,3231.4571924676766,455469.0,14025852520.0,367420.0,0.214822049423102,14,uptrend_crowded_chase,1.136044873556334,-0.0004821371978401823,-0.015375517886037748,0.15,0.18333333333333332,0.09563710711654316,0.5546003470006399,0.13170935715188464,0.022784013205444598,0.7311796959595034,0.9684528201035252,1.136044873556334,0,1.0,1.0
2020-05-19,3306.501255011188,3356.509478760371,3402.691377257748,3302.971149731965,561353.0,18068244750.0,352525.0,0.4652283994265888,14,uptrend_crowded_chase,1.5235137533548162,0.015779287752113236,0.03279943702285881,0.35,0.3,-0.09709955341502052,0.05010166577906421,1.0140823722478116,0.029709502730977534,1.2327418029036925,0.5368853477050439,1.5235137533548162,0,1.0,1.0
2020-05-20,3332.878828813617,3365.371588275392,3377.9832867432024,3320.093912172278,448712.0,14027855950.0,366750.0,0.201700839528134,14,uptrend_crowded_chase,0.701654913773587,0.0026402754322902844,0.044354813857687025,0.4,0.31666666666666665,-0.13063832284209553,0.30165491377358694,-0.4315013006338575,0.017201480743643544,-0.572811659541937,0.7821413936272688,0.701654913773587,0,1.0,1.0
2020-05-21,3378.272760899586,3418.0634076498263,3421.3263619008662,3348.82422795851,505109.0,15989145300.0,352008.0,0.3611203449565109,14,uptrend_crowded_chase,1.055051217299322,0.01565705836407716,0.04493522067773226,0.55,0.4,-0.05858113786972474,-0.47602007487017944,0.4711653124758656,0.021211465469040756,0.5389371221227782,0.9549950591297883,1.055051217299322,0,1.0,1.0
2020-05-22,3424.0562257259703,3429.146880199275,3455.38222591076,3407.4419668433384,482935.0,15416689390.0,317953.0,0.417978495912382,14,uptrend_crowded_chase,0.6158352129617747,0.003242617595871078,0.03726117567340981,0.6,0.4166666666666667,-0.12925156885963496,-2.7360622875356664,0.03167042592354945,0.013980229118863468,-1.3499644361779308,0.4527491878050047,0.6158352129617747,0,1.0,1.0
2020-05-25,3411.1998480076804,3385.511541098278,3433.427525998971,3371.2518368438723,454944.0,14395610910.0,344248.0,0.2788120065926998,14,uptrend_crowded_chase,0.55,-0.01272483816687997,0.02455617171783997,0.55,0.4,-0.06514328002020342,-1.1376696780099003,-0.4725685227371537,0.018365227352002595,-0.427407559461537,0.22934533494006965,0.55,0,1.0,1.0
2020-05-26,3390.639139702397,3454.7234378669173,3456.3811699262887,3375.611079339554,524469.0,16054867330.0,327901.0,0.469674588624933,14,uptrend_crowded_chase,1.3869751066564298,0.020443556587666167,0.029260742365851522,0.8,0.55,-0.07240980816706433,-2.1163252161420796,0.36173518313605096,0.023379611143809882,0.8122150301768084,0.9794759167987891,1.3869751066564298,0,1.0,1.0
2020-05-27,3453.964487763534,3476.024910421649,3477.9492342571307,3441.5822817755925,332214.0,10231495680.0,320669.0,0.0353699010999678,14,uptrend_crowded_chase,0.9,0.006165898063285935,0.03287997157037936,0.9,0.6166666666666667,-0.1342709785446914,-2.2308409962734874,-3.0035645617638447,0.01046222435647816,-2.1092336734033976,0.9470859199307816,0.9,0,1.0,1.0
2020-05-28,3482.271354564074,3565.3319341758524,3566.528884768847,3454.1223922567865,839810.0,26544916330.0,308519.0,1.0013922459966538,14,uptrend_crowded_chase,4.321592776102966,0.02569228531315959,0.04308536997775714,1.0,0.7666666666666667,-0.13187047283297204,-2.1706040478037116,4.239018065433801,0.03152763742264127,2.4041674867721308,0.9893515884514746,4.321592776102966,0,1.0,1.0
2020-05-29,3575.963549838729,3769.702251281349,3770.4759012694544,3569.3401961133204,599093.0,19606226180.0,277442.0,0.7698049424966091,14,uptrend_crowded_chase,4.299447912815985,0.05732154000767342,0.0993119813702128,1.0,1.0,-0.1362916707826738,-2.8829178728840663,1.781349821241719,0.05335585989258609,4.817546004390253,0.9961535919865411,4.299447912815985,0,1.0,1.0
2020-06-01,3788.947681586901,3782.898713982908,3825.6563476920815,3756.795480193397,413705.0,14686048220.0,267026.0,0.4378071275105788,14,uptrend_crowded_chase,1.0,0.003500664461516312,0.11737876774619282,1.0,1.0,-0.2540162959241421,-3.001889269728489,-1.341969822272338,0.018203201487830157,-0.409238282156622,0.3790721020180218,1.0,0,1.0,1.0
2020-06-02,3775.242702690685,3651.169655327628,3777.081005876381,3635.366293117481,631009.0,21976496620.0,302142.0,0.736423019972373,14,uptrend_crowded_chase,3.003031017153613,-0.03482225367767933,0.056863080647058695,0.9,0.95,-0.08181462801462125,-0.6717903376954308,1.4756064521093732,0.038813510775133696,2.730455582197853,0.11151532471461435,3.003031017153613,0,1.0,1.0
2020-06-03,3655.6822206837433,3647.810444428069,3668.276270068901,3631.696633408312,364325.0,12523001120.0,312109.0,0.154693840647556,14,uptrend_crowded_chase,0.85,-0.0009200369242380324,0.04942011016416492,0.85,0.95,-0.027056952706194792,-0.23578851914395607,-1.5028841219120033,0.010027833742420217,-1.4008103051820326,0.44051315132711183,0.85,0,1.0,1.0
2020-06-04,3639.847527503234,3611.643028450505,3657.324140245775,3588.626413872645,522033.0,17642229410.0,340240.0,0.428079553329867,14,uptrend_crowded_chase,2.170903741531379,-0.00991482877977079,0.012989279856591374,0.8,0.8666666666666667,0.09786782116578685,1.269979523906605,0.20184843524954715,0.019021183940928766,-0.06838057531560056,0.3350418680939403,2.170903741531379,0,1.0,1.0
2020-06-05,3608.033696954852,3652.742097720334,3661.2586742664375,3583.551876665628,578559.0,20071959840.0,337023.0,0.5403893520514124,14,uptrend_crowded_chase,2.405987705736551,0.011379604503012564,-0.03102636382522239,0.9,0.9666666666666667,0.19453927494959444,1.1133397626335413,0.5163797563233623,0.021273551628325015,0.26891612988265773,0.8904011385226019,2.405987705736551,0,1.0,1.0
2020-06-08,3614.1025628167386,3558.1980841592026,3628.3121928484193,3536.0005647642806,647557.0,21502696460.0,377380.0,0.5399541832276645,14,uptrend_crowded_chase,3.569795005726935,-0.025883024596819015,-0.05939906056515165,0.65,0.75,0.3459066054231208,2.177695774314172,0.8789141350129047,0.025943364000757075,0.6052843278126218,0.24046287402373362,3.569795005726935,0,1.0,1.0
2020-06-09,3542.588410158448,3577.175800861307,3578.524640425742,3500.5056796538024,751100.0,24958652230.0,394981.0,0.6427011362135701,14,uptrend_crowded_chase,4.1433081936086475,0.005333518891652345,-0.020265794649764413,0.7,0.8,0.26794055693678764,2.740543048069567,1.405530291078161,0.021810211495100165,-0.05227789327789579,0.9827113877051277,4.1433081936086475,0,1.0,1.0
2020-06-10,3552.850297177752,3522.73515776413,3565.4274869661963,3512.2285542679483,683617.0,22193183740.0,415874.0,0.4970154895092152,14,uptrend_crowded_chase,3.5390666321147393,-0.015218889461364737,-0.03428777031300745,0.55,0.65,0.28702984399486553,2.712047365080681,0.5540385340681159,0.015101598705482357,-0.6038561652994423,0.1974965091081139,3.5390666321147393,0,1.0,1.0
2020-06-11,3527.5637330415543,3501.261649985177,3542.4399137202963,3458.755573502787,1255133.0,43037725060.0,425022.0,1.082855889755879,14,uptrend_crowded_chase,4.072094963591264,-0.006095691789836932,-0.03056264907572681,0.5,0.6166666666666667,0.22248968134517533,1.6403904902753321,3.5698523893895673,0.023901195792626305,0.2935565572422965,0.5079334600943238,4.072094963591264,0,1.0,1.0
2020-06-12,3488.595389886678,3473.9393751817142,3531.5686373318217,3460.489779183916,968844.0,32848362440.0,426492.0,0.8205099987895641,14,uptrend_crowded_chase,2.698833665161955,-0.007803551272318798,-0.048950272905993075,0.4,0.5666666666666667,0.23544243214708338,1.1614508135665487,2.2747657031908126,0.020460592564079373,-0.1884506781045397,0.18922076617791533,2.698833665161955,0,1.0,1.0
2020-06-15,3493.263661853357,3478.713661453541,3505.977774662367,3428.4752716970083,875216.0,29909500230.0,439148.0,0.689634226936038,14,uptrend_crowded_chase,2.155540811004274,0.0013743147925766586,-0.022338391743708552,0.45,0.5833333333333334,0.1515838487406551,0.9558657194263441,1.1650644470854012,0.02227906936524788,0.3342857360704587,0.6482163521736549,2.155540811004274,0,1.0,1.0
2020-06-16,3484.1302779661014,3496.170549965878,3527.5731822113385,3464.1163358469857,850931.0,29839933460.000004,467429.0,0.5990835786677248,14,uptrend_crowded_chase,2.025597158100174,0.005018202189438714,-0.022645029320595533,0.45,0.5833333333333334,0.16840980305892295,1.1415672204185459,0.8680598753632571,0.018150386389180026,-0.9375109010256291,0.505134054958312,2.025597158100174,0,1.0,1.0
2020-06-17,3480.591664387381,3431.245681335892,3483.8675363996617,3419.4650362757425,1052200.0,35927496960.0,499981.0,0.7440683915965335,14,uptrend_crowded_chase,2.694483427064257,-0.018570280740629053,-0.025971148079807826,0.2,0.43333333333333335,0.18418776793310343,1.8684859838040093,1.2519948865204948,0.018769422566921913,-0.6201960851061391,0.18292216975244951,2.694483427064257,0,1.0,1.0
2020-06-18,3460.955477777129,3582.044592493986,3613.543474713396,3436.6006410936207,1699059.0,60013254520.0,474766.0,1.2750077963056905,14,uptrend_crowded_chase,7.815510637662924,0.04394873616260053,0.02307252373131008,0.7,0.8,0.11068111878233822,0.9737126764346578,2.5241956588646777,0.049397161048902356,9.759400263591855,0.8219827185140677,7.815510637662924,0,1.0,1.0
2020-06-19,3579.3074766197515,3586.331270020954,3614.219622042941,3553.315673428115,900821.0,32333464670.0,456709.0,0.679260143137163,14,uptrend_crowded_chase,1.3292504741852464,0.0011967124965308606,0.032352865925693086,0.7,0.8,0.0684528171588088,0.5621429535119785,0.13421504134653578,0.016982242863044266,-1.1985853749697217,0.5420928748255557,1.3292504741852464,0,1.0,1.0
2020-06-22,3622.280369957085,3586.1461669032046,3649.3284878631966,3570.6655676322216,991315.0,35984029030.0,460111.0,0.7675645798479285,14,uptrend_crowded_chase,1.5956013008437904,-5.161350243820806e-05,0.030882825062633623,0.65,0.7833333333333333,0.0466312786215326,0.6314105605184035,0.44076522219334696,0.021935224212822294,0.18761625845742683,0.19679665114806197,1.5956013008437904,0,1.0,1.0
2020-06-23,3589.5083328462865,3706.081007935082,3707.532644310013,3570.579537186829,1243012.0,44376722830.0,450783.0,1.0143066748087772,14,uptrend_crowded_chase,3.973637365959907,0.03344393548114821,0.06004010816098582,0.9,0.9666666666666667,-0.03626139481923296,0.0872833022897741,1.8145970837977896,0.036953619424387664,4.158111043542476,0.9894004860099662,3.973637365959907,0,1.0,1.0
2020-06-24,3692.323385226896,3697.384647713901,3707.4224784590906,3671.079160576776,818047.0,29744176040.0,440182.0,0.6197315144128529,14,uptrend_crowded_chase,0.85,-0.0023465110996121474,0.0775633665131179,0.85,0.95,-0.12738181994816777,-0.5246082690581059,-0.958152958678866,0.009829466324199156,-2.666723440908673,0.7238053284597259,0.85,0,1.0,1.0
2020-06-29,3665.1474331406,3704.988102722721,3737.215891181744,3656.955632618604,829196.0,30603861170.0,435814.0,0.6432410098008821,14,uptrend_crowded_chase,0.904520392407592,0.002056441439903134,0.03432216072529015,0.85,0.95,-0.08560650425046035,-0.8628290368367797,-0.8863543354480041,0.02166275743346075,0.10904078481518395,0.5984589504696197,0.904520392407592,0,1.0,1.0
2020-06-30,3700.28261077093,3751.210365818628,3752.060979729341,3680.421876038146,689688.0,25109565590.0,435161.0,0.460523243861237,14,uptrend_crowded_chase,0.9,0.012475684621480632,0.04597430727494123,0.9,0.9666666666666667,-0.048330349031967756,-0.8949323393731896,-1.9281929179962434,0.019097596963363373,-0.5091734551067099,0.9881264021060389,0.9,0,1.0,1.0
2020-07-01,3760.997664656634,3807.5361838268745,3814.48763415248,3758.430685998503,669955.0,25475884740.0,437281.0,0.4266345369088981,14,uptrend_crowded_chase,1.0,0.01501537171081968,0.06173480015033794,1.0,1.0,-0.050891755680359196,-0.7908822903032116,-1.9778954590425988,0.014722630448553022,-1.848513448457734,0.8759930650075476,1.0,0,1.0,1.0
2020-07-02,3809.7048336606495,3824.9434984696127,3849.494004713058,3805.231166357576,659273.0,25085044360.000004,439758.0,0.404913137148445,14,uptrend_crowded_chase,1.0,0.004571805441187626,0.032072286137306394,1.0,1.0,-0.024761495111260245,-0.627516152338328,-1.2423353346181498,0.011572154823513574,-1.7327512496819297,0.4453472222843843,1.0,0,1.0,1.0
2020-07-03,3826.798809064718,3809.4964781963977,3832.586670749133,3802.755226173105,522977.0,19970938220.0,436992.0,0.1796225977505884,14,uptrend_crowded_chase,0.95,-0.004038496327957608,0.030321927839402907,0.95,0.9833333333333333,-0.007273389460140223,-0.5716512418664956,-1.6042950075047924,0.007830810383148604,-2.0765534235684395,0.2259780617097548,0.95,0,1.0,1.0
2020-07-06,3804.7297898172887,3821.860595948965,3837.899441586616,3784.297333878869,617492.0,23489050400.0,439937.0,0.3390345781099925,14,uptrend_crowded_chase,0.95,0.003245604195549978,0.03154463387894735,0.95,0.9833333333333333,0.00941598802019783,-0.0049326973412739785,-0.9916151661368233,0.014025134188453503,-0.5226127068229102,0.7007795714844106,0.95,0,1.0,1.0
2020-07-07,3826.572266610645,3871.512708946946,3882.024196909987,3826.29186599593,629834.0,24396854850.0,418288.0,0.4092861021101205,14,uptrend_crowded_chase,1.0,0.012991607556437357,0.032070273697397456,1.0,1.0,-0.03954588706374018,-4.311225384981352,-0.7610849805903204,0.014395492176807611,-0.1947744106084985,0.8113933547970498,1.0,0,1.0,1.0
2020-07-08,3880.482864758671,3882.0532694858302,3889.153866694641,3854.129915020644,411387.0,15951747010.0,419959.0,-0.020622710161787,14,uptrend_crowded_chase,1.0,0.0027225948437481495,0.019570946160795355,1.0,1.0,-0.04041892157665039,-5.84937912991416,-2.408664595764394,0.009022017278664361,-0.8059198085606557,0.7972645327145553,1.0,0,1.0,1.0
2020-07-09,3896.574273463555,3826.70355241365,3906.684623630301,3811.011622726998,788848.0,30467634400.0,438941.0,0.586208645676181,14,uptrend_crowded_chase,2.5457913168759094,-0.014257845843395955,0.0004601516191655719,0.9,0.9666666666666667,-0.0018595679190074321,0.44942282296250796,0.8220862777511369,0.02500141429637474,1.570650710075666,0.1640162798124383,2.5457913168759094,0,1.0,1.0
2020-07-10,3822.898216551004,3828.16349006324,3841.356525817401,3800.478886989944,557979.0,21365305890.0,432485.0,0.2547736835749448,14,uptrend_crowded_chase,0.9,0.0003815131299285124,0.004900125770868291,0.9,0.9666666666666667,-0.010367244602292658,-1.3732829501588786,-0.9631112139575053,0.010678132982972878,-0.5141107733335486,0.6772554351818524,0.9,0,1.0,1.0
2020-07-13,3839.354076914138,3902.5719284775646,3904.960687761159,3831.3238054479207,573356.0,22280563370.0,406362.0,0.3442624272861283,14,uptrend_crowded_chase,1.373196208287395,0.019437110929945156,0.021118335036644398,1.0,1.0,-0.07938714688713056,-7.14833359067082,-0.7434375975328762,0.018868808483938678,0.7463924165747897,0.9675602876092293,1.373196208287395,0,1.0,1.0
2020-07-14,3900.989760097236,3874.954888636733,3942.537326052239,3849.804746707714,760020.0,29860271190.0,386887.0,0.675212087995179,14,uptrend_crowded_chase,2.422649432965311,-0.007076625452898555,0.0008891045822558841,0.9,0.9666666666666667,-0.07803752976341549,-9.681032222571776,1.4442847864557065,0.02393126681718608,1.601014079474916,0.2712114998503352,2.422649432965311,0,1.0,1.0
2020-07-15,3880.369906650928,3902.370462294297,3913.094935093575,3857.0783322536186,481571.0,18946224630.0,392434.0,0.2046853060177716,14,uptrend_crowded_chase,0.9618741337674562,0.007075069115761723,0.005233620302989239,0.95,0.9833333333333333,-0.06778871724780267,-5.902716200780466,-1.7856227334611612,0.014354506672598877,0.02374826753491261,0.8085483186133482,0.9618741337674562,0,1.0,1.0
2020-07-16,3912.314430759835,3881.976200293623,3919.006331110998,3870.889375108506,441261.0,17386747260.0,380761.0,0.1474646554092995,14,uptrend_crowded_chase,0.85,-0.0052261214555943125,0.014443932518658498,0.85,0.95,-0.1421931259818674,-2.4965797721780487,-1.741267408553404,0.012394964193457036,-0.29560783995164824,0.23041410151845204,0.85,0,1.0,1.0
2020-07-17,3887.699178861895,3870.071981459402,3911.4603110665785,3862.729571725594,442285.0,17413406150.0,373235.0,0.1697462225960233,14,uptrend_crowded_chase,0.7,-0.0030665357591116438,0.01094741421178691,0.7,0.9,-0.14733939561967624,-1.7784766715520135,-1.2361837603905304,0.012591688106692093,-0.26320795752250753,0.15067306248795403,0.7,0,1.0,1.0
2020-07-20,3889.884579052701,3984.417834853209,3995.747801805056,3882.8507938625744,654361.0,26096391920.0,391918.0,0.5126065527005368,14,uptrend_crowded_chase,3.039522224590921,0.029546182588233716,0.020972299262034033,1.0,1.0,-0.03619175372046257,-0.6101271874841662,0.4832787710940992,0.028334630709392183,3.5957656780877425,0.8996433372475268,3.039522224590921,0,1.0,1.0
2020-07-21,4014.7297772492616,4054.601263166034,4072.442176097668,3994.220054852721,661906.0,26830710640.0,362106.0,0.6031865652546085,14,uptrend_crowded_chase,1.665570309398189,0.017614474992784235,0.04636089443418112,1.0,1.0,-0.06619567408581695,-1.4045359260288979,0.5212936588252434,0.01929218588164376,0.809846959971135,0.7719198527515477,1.665570309398189,0,1.0,1.0
2020-07-22,4043.483274118459,4021.932147742818,4074.6766862765407,4009.8421505187007,552258.0,22521681390.0,317985.0,0.5520111165318246,14,uptrend_crowded_chase,0.95,-0.00805729424493562,0.03063822018021023,0.95,0.9833333333333333,-0.21036415836061728,-3.3267021585526613,-0.0792462582939256,0.016120246035037263,-0.06530944372137026,0.18647464785240322,0.95,0,1.0,1.0
2020-07-23,4050.073504171221,4084.272616669468,4088.083114895305,4042.783970452562,483897.0,20006499170.0,321378.0,0.4092540737204008,14,uptrend_crowded_chase,1.0,0.015500129449383282,0.05211170958764333,1.0,1.0,-0.16955388127431803,-3.0454140007109674,-0.6617972539226529,0.011091116753044345,-0.8636007872228243,0.9158814526695248,1.0,0,1.0,1.0
2020-07-24,4084.933026264331,4119.67387291365,4141.689726069523,4081.864196457947,531441.0,22164614760.0,311489.0,0.5342281604327952,14,uptrend_crowded_chase,1.0,0.008667701587718568,0.06449541317319962,1.0,1.0,-0.1808442234675116,-3.3121386557814003,-0.19172327058930247,0.01452190912608927,-0.1255687903665669,0.6319990261880849,1.0,0,1.0,1.0
2020-07-27,4207.959742594445,4060.062105231447,4239.490202573413,4054.981131443912,723883.0,30459777560.0,298751.0,0.8850193265962746,14,uptrend_crowded_chase,4.676089271938775,-0.014470021055342008,0.01898502454148976,0.9,0.9666666666666667,-0.2714421837145835,-3.9007858315867385,1.275156289078936,0.04544488885816749,6.277022254798613,0.027537799396153095,4.676089271938775,0,1.0,1.0
2020-07-28,4081.442154560513,4004.935230714897,4087.254853424097,4003.493056016791,492567.0,20203579399.999996,294476.0,0.5144329862555007,14,uptrend_crowded_chase,1.2970042150517305,-0.013577840212226855,-0.012249301282058811,0.75,0.9166666666666666,-0.2067394809295049,-2.315247673421971,-0.3298950366157526,0.020914644702594635,1.0940084301034612,0.01721757104964309,1.2970042150517305,0,1.0,1.0
2020-07-29,4009.708858615761,3984.106749304309,4033.082887753486,3981.955543383071,384063.0,15631206680.0,295749.0,0.2612954800123175,14,uptrend_crowded_chase,0.65,-0.005200703684506314,-0.00940478283795454,0.65,0.8833333333333333,-0.07249309023769612,-0.9590720205007501,-1.7422894496279828,0.012832824918494613,-0.4866607174174569,0.04207544803525072,0.65,0,1.0,1.0
2020-07-30,4008.892337640905,4002.898578994248,4081.676550061351,3991.832905236012,622962.0,25700321690.0,289654.0,0.7657984145248888,14,uptrend_crowded_chase,1.8488582754294682,0.004716698339777281,-0.019923752724806287,0.7,0.9,-0.10393089321394022,-0.8319615366768827,0.9044652283338538,0.022444646810889958,1.3932513225250829,0.12316590427457055,1.8488582754294682,0,1.0,1.0
2020-07-31,4021.759028743585,4017.577500478807,4043.015185764595,3995.259538721405,381413.0,15606938040.0,271508.0,0.339891172665727,14,uptrend_crowded_chase,0.75,0.003667073045914515,-0.02478263464157049,0.75,0.9166666666666666,-0.13737241973248793,-1.5485393773497549,-1.4408898668302155,0.011886677242069037,-0.816749442911766,0.4673366007839373,0.75,0,1.0,1.0
2020-08-03,3997.7419171510287,3956.44901244505,4000.09207491466,3940.891610744104,456754.0,18363749150.0,274567.0,0.5089496414331759,14,uptrend_crowded_chase,0.5,-0.015215260446493462,-0.025520075826645616,0.5,0.8333333333333334,-0.08441513920786115,-1.5220881868616543,-0.7007290983206469,0.014963029722951082,-0.3849954332794622,0.2627918871738085,0.5,0,1.0,1.0
2020-08-04,3950.502864198604,3958.438341543812,3985.289105676108,3937.71746782433,312791.0,12578882650.0,275461.0,0.1270891781049609,14,uptrend_crowded_chase,0.5,0.0005028067068486575,-0.011609897911578737,0.5,0.8333333333333334,-0.06675144793934962,-0.8987340015696097,-2.1389455155671855,0.012017779171274142,-0.6419032780338049,0.43557200582505046,0.5,0,1.0,1.0
2020-08-05,3955.660015754064,3938.1802242327294,3974.407068946126,3936.150864532724,271638.0,10866139600.0,274447.0,-0.0102878664507621,14,uptrend_crowded_chase,0.4,-0.005117704398341583,-0.011527433364981743,0.4,0.8,-0.07475295763528855,-0.7967172480515556,-2.1774868171499935,0.009714183261091202,-1.215497975845995,0.05304655103982336,0.4,0,1.0,1.0
2020-08-06,3941.9799049775897,3857.836123887945,3953.151446965208,3849.37208786105,500226.0,19716774330.0,283934.0,0.5663181795137094,14,uptrend_crowded_chase,2.239514593638272,-0.02040132644270687,-0.03623935311964632,0.1,0.6666666666666666,-0.01994529043043869,-0.31637485969711454,0.20350274058284856,0.02690092470790812,4.075526446693695,0.08155799091416703,2.239514593638272,0,1.0,1.0
2020-08-07,3839.189504148447,3821.667696742621,3847.890840829437,3736.278176544497,615708.0,23607416110.0,265029.0,0.8429335712126375,14,uptrend_crowded_chase,1.6473947371921045,-0.009375314550394531,-0.04876316728497154,0.0,0.5833333333333334,-0.024152350908869025,-1.3109344424195908,0.8201831998884441,0.029205224823726145,2.474606274495765,0.7650522523154731,1.6473947371921045,0,1.0,1.0
2020-08-10,3731.150692263115,3748.11387611838,3791.5765967501534,3709.6693414734073,465854.0,17624973060.0,310829.0,0.4046293585805207,14,uptrend_crowded_chase,2.4234059483280355,-0.01924652441313357,-0.0526571012722139,0.0,0.48333333333333334,0.12404761042132506,2.20291244907099,-0.05074755362160681,0.0218529260273092,0.44098699851409084,0.46936665763096946,2.4234059483280355,0,1.0,1.0
2020-08-11,3739.951791682464,3681.148295160237,3764.116647406489,3673.2276268044216,540483.0,20125378190.0,355224.0,0.419714607822703,14,uptrend_crowded_chase,5.685922157445237,-0.017866474491296414,-0.0700503639208967,0.0,0.4166666666666667,0.25430251862925246,4.9866710456485785,0.5725591626367289,0.02469039911311453,0.8259430609565882,0.08714659156130555,5.685922157445237,0,1.0,1.0
2020-08-12,3669.7557753660544,3715.034930995624,3749.991613647039,3645.283298068052,680906.0,25200314470.0,341645.0,0.6896520780572842,14,uptrend_crowded_chase,5.447897009248546,0.00920545251598237,-0.05666203183491436,0.05,0.4666666666666667,0.21901402227611833,4.173964936723247,1.4071130952986286,0.028185015087038558,1.0407510497519696,0.6661518002832829,5.447897009248546,0,1.0,1.0
2020-08-13,3697.9001149174487,3682.852786638629,3730.2076567900735,3676.096168888265,457456.0,16905782850.0,364274.0,0.2277743735097189,14,uptrend_crowded_chase,5.5612414677821675,-0.008662676113349588,-0.04535789795886069,0.05,0.4,0.2491645149301167,5.511241467782168,-0.1515077533398082,0.01469281859381534,-0.7682134392813865,0.12486475630876556,5.5612414677821675,0,1.0,1.0
2020-08-14,3675.97829317844,3650.741710500786,3693.844541179908,3649.080137363149,447338.0,16385105230.0,376229.0,0.1731164604479221,14,uptrend_crowded_chase,4.799996692405162,-0.008719076758740285,-0.044725496773966644,0.0,0.3333333333333333,0.3503587465909135,4.799996692405162,-0.12175583765737955,0.012261728538067024,-0.6421544508005902,0.03711817864120119,4.799996692405162,0,1.0,1.0
2020-08-17,3696.223089251536,3742.1821225199305,3755.539754563871,3689.302006514551,574334.0,21309056880.0,333660.0,0.5430885981977243,14,uptrend_crowded_chase,1.6291908583530776,0.025047077900945514,-0.0015825969526285233,0.2,0.4666666666666667,0.07087958869361088,0.8100707624434196,1.2382401918193162,0.017700300487972127,-0.07533120388182209,0.7983380710045482,1.6291908583530776,0,1.0,1.0
2020-08-18,3758.771417193638,3718.692578450231,3768.180194260802,3708.5190459883006,394726.0,14712859390.0,348310.0,0.1250989654728488,14,uptrend_crowded_chase,0.6245141914849484,-0.006276964428947207,0.010199068410081447,0.2,0.45,-0.019655688561767803,0.4245141914849484,-0.9468974734159358,0.01604358171961755,-0.34399365208132227,0.17052190171504658,0.6245141914849484,0,1.0,1.0
2020-08-19,3725.2652651300727,3749.688678673391,3750.862775210224,3681.043894558385,467291.0,17298095930.0,346417.0,0.2993089382480698,14,uptrend_crowded_chase,0.5684706526817125,0.00833521447908403,0.00932797357802495,0.35,0.48333333333333334,0.013871065437093932,0.21847065268171253,-0.15296229002502368,0.01861991398084283,-0.12781392401341668,0.9831836814645109,0.5684706526817125,0,1.0,1.0
2020-08-20,3747.1607689891375,3654.2092045383056,3752.6256956031816,3651.800093848961,564371.0,20780189870.0,381464.0,0.3916953547393051,14,uptrend_crowded_chase,2.6595508841781124,-0.02546330704149702,-0.007777552826505052,0.05,0.31666666666666665,0.046110150203301004,1.5616588903631643,1.1033391362462899,0.027591633677951855,0.9924448513836058,0.02389383894000804,2.6595508841781124,0,1.0,1.0
2020-08-21,3650.235558414876,3629.3550881171377,3657.8453020444585,3613.201554511686,464094.0,16783898390.0,409228.0,0.1258146599813727,14,uptrend_crowded_chase,2.518732805861566,-0.006801503425228228,-0.00585815817156643,0.0,0.23333333333333334,0.08407445738202313,2.518732805861566,-0.4621681980397601,0.012300738409129628,-1.0707678512586376,0.3618319361203613,2.518732805861566,0,1.0,1.0
2020-08-24,3651.9288819663134,3633.6561835802713,3665.0614815829103,3624.074344612201,393996.0,14236970560.0,421091.0,-0.0665082053817668,14,uptrend_crowded_chase,2.8149725625637707,0.0011850853274775197,-0.029000710116850126,0.05,0.23333333333333334,0.2327264519163741,2.764972562563771,-1.205793491695804,0.011279861082047773,-0.9716439076643799,0.2337767328056553,2.8149725625637707,0,1.0,1.0
2020-08-25,3649.429459846156,3623.4021949360495,3653.235464388756,3611.841362622373,339832.0,12256538170.0,453954.0,-0.2895444934752708,14,uptrend_crowded_chase,3.2549934602983726,-0.0028219479571450767,-0.025624700483817264,0.0,0.2,0.26490298348083563,3.2549934602983726,-1.3524023346639893,0.011424097999453212,-0.8004255832470739,0.2792869471820587,3.2549934602983726,0,1.0,1.0
2020-08-26,3632.3125958432215,3661.0242457175978,3673.065609474049,3592.880099779413,704334.0,25378467580.0,443501.0,0.4625526189305084,14,uptrend_crowded_chase,3.5241139086857487,0.010383073354133243,-0.023645811840347863,0.25,0.3333333333333333,0.24705680484197146,1.661275495539432,1.8393343556622923,0.02190247982881601,1.3863424706303409,0.8498311752047563,3.5241139086857487,0,1.0,1.0
2020-08-27,3647.378196299313,3630.8951621978713,3668.473115706071,3622.835184621732,485206.0,17566187860.0,479846.0,0.0111083239374826,14,uptrend_crowded_chase,2.0499573548024568,-0.00822968696669224,-0.006380051342293025,0.1,0.23333333333333334,0.229448737169907,1.8379386071254986,0.22403749535391654,0.012569333193501857,-0.5938203345223189,0.17660698863067342,2.0499573548024568,0,1.0,1.0
2020-08-28,3614.7871594081166,3601.927620269403,3628.254189720608,3593.049878315869,565342.0,20226334640.0,506675.0,0.1095610853495348,14,uptrend_crowded_chase,1.7820740884547985,-0.007978071697044897,-0.007557118876996838,0.0,0.18333333333333332,0.2135973144714125,1.3887246729729485,0.7866988309637001,0.009773742039298854,-1.0347935407546334,0.2521776907228197,1.7820740884547985,0,1.0,1.0
2020-08-31,3562.5747299195978,3582.8264070348764,3598.4836798075685,3538.9497404523904,525171.0,18646714980.0,502866.0,0.0434001908258807,14,uptrend_crowded_chase,1.5305538484974899,-0.005303053044996564,-0.013988603758133156,0.0,0.15,0.1774747706741735,1.1038881028222463,0.3679801792811012,0.01661647330673996,0.4853513120693862,0.7370025746275389,1.5305538484974899,0,1.0,1.0
2020-09-01,3588.154658263774,3583.850233427833,3605.060334684403,3576.081728414724,345061.0,12301753620.0,496299.0,-0.3634573546847937,14,uptrend_crowded_chase,0.8637090620563335,0.0002857594191407742,-0.010915697286791204,0.05,0.16666666666666666,0.08918269635896259,0.8137090620563334,-1.271682287248107,0.008085886513723632,-1.4201215030928753,0.2680772477742406,0.8637090620563335,0,1.0,1.0
2020-09-02,3585.8465446318805,3490.792557279864,3590.578954422252,3488.941259768186,629236.0,22019264400.0,552943.0,0.1292514629903571,14,uptrend_crowded_chase,3.6554706338512575,-0.02596583843822131,-0.04649837777962229,0.0,0.05,0.22055486553025716,1.460874547089689,1.100706046601905,0.02911593656349079,3.2884861269212324,0.0182146743683956,3.6554706338512575,0,1.0,1.0
2020-09-03,3492.0768790959064,3434.241317476758,3500.637086881159,3422.855110317947,640322.0,22113954500.0,553209.0,0.1462353061900295,14,uptrend_crowded_chase,2.950795430991863,-0.016200114694633228,-0.054161256642307976,0.0,0.016666666666666666,0.1422706495481627,1.463220224203185,0.9615702364145235,0.022648954855729497,2.0135801771628326,0.14638618947356782,2.950795430991863,0,1.0,1.0
2020-09-04,3440.300381222364,3442.831152876904,3483.900301259296,3422.9104816870145,621737.0,21333044219.999996,538878.0,0.1430279735339568,14,uptrend_crowded_chase,1.6737171605865302,0.002501232326462599,-0.04416981243520923,0.05,0.03333333333333333,0.061619427800218673,0.7965261662196202,0.6134818587415193,0.017715019082860713,1.0409001299923009,0.3266228909938118,1.6737171605865302,0,1.0,1.0
2020-09-07,3442.327664636098,3471.808678547084,3486.9980924148435,3425.0727593373144,547791.0,18781603750.000004,513450.0,0.0647411736959317,14,uptrend_crowded_chase,0.596323407319659,0.008416772238733161,-0.030986075203032204,0.1,0.05,0.02082892062622932,0.21554262067517455,0.02348915688631866,0.017836620278120916,0.5380724164026501,0.7547140546060105,0.596323407319659,0,1.0,1.0
2020-09-08,3481.778181316214,3554.28879836105,3570.260708425222,3472.227197273148,736944.0,25650323420.0,465664.0,0.4590475615691052,14,uptrend_crowded_chase,1.6161972810244378,0.02375710399124964,-0.008248512951532727,0.2,0.13333333333333333,-0.06371422366547996,-0.9374926468928294,1.4575336736241882,0.02758175171282636,1.3748608884246876,0.8370770374694025,1.6161972810244378,0,1.0,1.0
2020-09-09,3542.995328773429,3482.833733859621,3556.96930633326,3478.6455276095653,601804.0,20952639530.0,481866.0,0.2222657437999683,14,uptrend_crowded_chase,0.515717719060844,-0.02010389941705859,-0.0022799474015278154,0.15,0.08333333333333333,-0.13758885496840634,-0.539837852480001,0.10072261264970127,0.022488520758898737,0.6307128254719866,0.05347298506665118,0.515717719060844,0,1.0,1.0
2020-09-10,3495.401913985118,3517.015526632624,3528.713194150854,3491.7771494837525,407898.0,14089161460.0,464299.0,-0.1295115980947205,14,uptrend_crowded_chase,0.25,0.009814362494738882,0.02410261874569808,0.25,0.11666666666666667,-0.17520712739506905,-1.161437518489795,-2.852985803738355,0.010502098835618784,-0.9734606437872247,0.683299399714856,0.25,0,1.0,1.0
2020-09-11,3528.748341410472,3503.6855354230047,3541.008033008284,3487.931520996751,508908.0,17550844420.0,476343.0,0.0661290706843427,14,uptrend_crowded_chase,0.25,-0.003790142838062005,0.01767568023057109,0.25,0.1,-0.12335101723792974,-0.6991848401813793,-1.0881364285169337,0.01514876591375527,-0.29175014294742174,0.29681706331475927,0.25,0,1.0,1.0
2020-09-14,3507.4124405894777,3495.3604435256075,3546.358868893548,3488.9025345631453,510818.0,17666179930.000004,493861.0,0.0337592613026405,14,uptrend_crowded_chase,0.25,-0.002376095632221742,0.006783716258345063,0.25,0.08333333333333333,-0.03889855256839958,-0.13154653739913102,-0.785914260997654,0.01643788537941141,-0.18828285792896635,0.11239681468932518,0.25,0,1.0,1.0
2020-09-15,3491.828106529728,3556.7224949990905,3565.728502978777,3467.678808652719,609196.0,21141203050.0,467415.0,0.2649225409952752,14,uptrend_crowded_chase,1.315764666710129,0.017555285775217477,0.0006847211287845933,0.45,0.15,0.003753170000445394,-0.7769682047066533,0.3535901050234086,0.027567428851680287,1.3779392283968497,0.908148535886937,1.315764666710129,0,1.0,1.0
2020-09-16,3552.770868029542,3577.8027106869745,3588.4597085909827,3548.789879459488,476755.0,16867583820.0,452579.0,0.0520403985654711,14,uptrend_crowded_chase,0.5,0.005926865454789931,0.027267731991934774,0.5,0.16666666666666666,-0.06270373356333359,-1.054661273735849,-2.0659716195408535,0.011087763171792575,-1.4008996698203817,0.7313576050785806,0.5,0,1.0,1.0
2020-09-17,3577.09112707209,3527.336563012949,3599.7253137010766,3526.002427959146,705768.0,24899399600.0,438640.0,0.4756075404947109,14,uptrend_crowded_chase,1.2358902466264685,-0.01410534670435637,0.002934600743775162,0.4,0.13333333333333333,-0.05684971014787976,-1.9280782418832,1.232063521322157,0.020900439871538227,0.43971697193077985,0.01809662007090675,1.2358902466264685,0,1.0,1.0
2020-09-18,3531.249583525406,3550.5066999693872,3557.940884951828,3524.510255544247,375006.0,13144204560.0,431196.0,-0.1396207172715009,14,uptrend_crowded_chase,0.45,0.006568734381458441,0.013363403785245698,0.45,0.15,-0.09957543985375317,-1.9386981416015576,-2.4190223916136757,0.009415734776072836,-1.4389610484580813,0.7776235412201066,0.45,0,1.0,1.0
2020-09-21,3541.42036900539,3502.690576445624,3572.5783593135666,3486.796310904021,727399.0,25243068450.0,421306.0,0.5461157472759263,14,uptrend_crowded_chase,1.5302403399552584,-0.013467408334752684,0.0020971035858674547,0.3,0.1,-0.15889469055930405,-2.193987118617897,1.5904362770063125,0.024490330086933722,0.8700444029042042,0.1852866169121981,1.5302403399552584,0,1.0,1.0
2020-09-22,3514.385675142088,3624.263492121878,3631.990675399352,3501.602476369651,757539.0,26818088630.0,380611.0,0.6882971650282182,14,uptrend_crowded_chase,2.307625907843028,0.034708437135095194,0.018989672997472562,0.9,0.3,-0.20543965783748774,-4.30741986827638,1.0732545516012788,0.03597646785702196,1.7419972640847774,0.9407370963401841,2.307625907843028,0,1.0,1.0
2020-09-23,3606.716761339818,3612.603995437292,3626.5172693125296,3592.028411057361,439043.0,15664885720.0,358559.0,0.2025041370492833,14,uptrend_crowded_chase,0.85,-0.0032170665046651337,0.009726999380475831,0.85,0.2833333333333333,-0.23286911242182562,-3.5258100353573782,-0.8025282678073036,0.009546813959882616,-0.9181733496283003,0.5965864172046702,0.85,0,1.0,1.0
2020-09-24,3615.662313163305,3624.118186407448,3650.8535404942895,3604.816755928511,426939.0,15326009550.0,340716.0,0.2255918601797023,14,uptrend_crowded_chase,0.9,0.003187227546860516,0.02743759254768441,0.9,0.31666666666666665,-0.2526297453947812,-3.4844960951492725,-0.5969319684002086,0.012702892730828452,-0.3613305059110278,0.4192610465954329,0.9,0,1.0,1.0
2020-09-25,3642.433676363818,3675.566198795639,3698.1494169470993,3636.2865847743847,548663.0,19810452120.0,316184.0,0.5511600870694291,14,uptrend_crowded_chase,1.200791915163333,0.014196008447282749,0.0352230003755043,1.0,0.45,-0.3102384205043247,-2.636505005169235,0.27831263367365267,0.016830830633110364,0.12327119665301317,0.6349469082112154,1.200791915163333,0,1.0,1.0
2020-09-28,3695.684751810263,3698.017164747359,3724.169526792636,3687.49886612398,388024.0,14152360190.0,298111.0,0.2636012930081658,14,uptrend_crowded_chase,1.0,0.006108165310442892,0.05576472829636692,1.0,0.5,-0.3458935101443732,-2.3474259605459196,-1.041874967180366,0.009916303531046873,-0.7173050268709401,0.28683144594581544,1.0,0,1.0,1.0
2020-09-29,3695.159820909097,3712.648728177726,3713.461523258793,3666.926243855894,322714.0,11671661070.0,273230.0,0.1664525507335535,14,uptrend_crowded_chase,1.0,0.003956596948723634,0.024387088921093314,1.0,0.5166666666666667,-0.3314639248472595,-2.214353476024324,-1.359903479098046,0.01253425325420967,-0.2849018783352784,0.9825337874512354,1.0,0,1.0,1.0
2020-09-30,3720.884506136056,3766.4349561631466,3767.83494934692,3693.348522386732,307103.0,11185433540.0,234734.0,0.2687302380529586,14,uptrend_crowded_chase,1.769431177195095,0.01448729247590852,0.042581739078001,1.0,0.6166666666666667,-0.42364026296416313,-1.9718370769775795,-1.4130535393351165,0.01977637416472661,1.5388623543901898,0.981204720901411,1.769431177195095,0,1.0,1.0
2020-10-09,3793.155178015665,3832.7886030691607,3844.244550752028,3768.360924393089,310687.0,11657872650.0,244171.0,0.2409171750135566,14,uptrend_crowded_chase,1.331766161023057,0.01761709618732099,0.05757825929748872,1.0,0.6833333333333333,-0.33318048619510954,-1.398936282190971,-0.8434555070271944,0.019798542058430724,0.6635323220461139,0.8490326802691377,1.331766161023057,0,1.0,1.0
2020-10-12,3807.633515307824,3802.244019138755,3837.601626110199,3794.764987910862,334965.0,12543279719.999998,265430.0,0.2326748963196494,14,uptrend_crowded_chase,0.95,-0.007969284793308606,0.03446484527598059,0.95,0.6333333333333333,-0.17497317017427783,-0.8641569972236739,-0.5233823669093173,0.011266146513405474,-0.4703026952163282,0.1745942618813775,0.95,0,1.0,1.0
2020-10-13,3787.0545762814254,3779.649686517534,3796.604643873999,3746.6835578044,385096.0,14112275930.0,275773.0,0.3339145903142849,14,uptrend_crowded_chase,0.9,-0.005942367851061503,0.022074673570573244,0.9,0.6333333333333333,-0.07788783683208322,-0.48137167835880046,-0.14872206862323545,0.013207860571754425,-0.21329093508074967,0.6603648139219815,0.9,0,1.0,1.0
2020-10-14,3783.414242967418,3774.646312021768,3797.83900741631,3767.6504555623774,213927.0,7904609460.0,273795.0,-0.2467448158515049,14,uptrend_crowded_chase,0.85,-0.0013237667272746334,0.016699016896886132,0.85,0.6333333333333333,0.002065719851611192,-0.2408350601559748,-2.465098388284584,0.007997716702035314,-1.0372471154953034,0.2317387231173021,0.85,0,1.0,1.0
2020-10-15,3762.822007477879,3729.178364802933,3773.097931090001,3703.413361481838,393533.0,14334597040.0,272750.0,0.3666093023980049,14,uptrend_crowded_chase,1.6632511541386417,-0.012045617909690054,-0.00989173895044948,0.75,0.5666666666666667,0.15010266656212679,-0.050170085687337,0.4089027488138386,0.01868630641694867,1.417599559463445,0.3697375683881245,1.6632511541386417,0,1.0,1.0
2020-10-16,3720.681407365481,3759.7138119921233,3762.320851464013,3710.856093775676,282550.0,10293198350.0,265074.0,0.0638464937883185,14,uptrend_crowded_chase,0.8215117171316585,0.008188250655263074,-0.019065698279973398,0.75,0.6333333333333333,0.08214023278163296,-0.3640713901197436,-1.2844015087872966,0.013688477437879126,0.143023434263317,0.9493432090426355,0.8215117171316585,0,1.0,1.0
2020-10-19,3782.164929753474,3818.33132958765,3824.7864666272353,3771.714344681334,360327.0,13359061349.999998,257185.0,0.3372162822088946,14,uptrend_crowded_chase,1.1935750401651395,0.015590952005059,0.004231004209072076,0.95,0.7166666666666667,-0.0315554821457944,-1.3989381606435751,0.3991377572022457,0.013899297196828869,0.08801232312803307,0.878370473934221,1.1935750401651395,0,1.0,1.0
2020-10-20,3818.326542518255,3809.325636214195,3830.567497028073,3805.641796539919,216870.0,8160295610.0,257932.0,-0.1733978886102352,14,uptrend_crowded_chase,0.9,-0.0023585416235807344,0.007851507985652484,0.9,0.7166666666666667,-0.06688207924959322,-1.3556049092793456,-2.3084265108291904,0.006543336765749849,-1.630149407292243,0.14779282435921,0.9,0,1.0,1.0
2020-10-21,3797.358447875793,3829.869412604152,3836.22081611867,3792.45207357773,278480.0,10461228960.0,260676.0,0.0660679866403897,14,uptrend_crowded_chase,0.95,0.005393021850023327,0.014630006633073123,0.95,0.7666666666666667,-0.04910139432006311,-0.3878953902327512,-0.712502969827717,0.011428259772225233,-0.367218531629273,0.854887228972201,0.95,0,1.0,1.0
2020-10-22,3816.725773622659,3805.6460396601433,3824.494756186194,3798.395061407547,229078.0,8684388300.0,264346.0,-0.1431962941993934,14,uptrend_crowded_chase,0.9289110912022867,-0.006324856107179255,0.020505233962240688,0.8,0.7166666666666667,-0.03129677360071348,0.12891109120228664,-1.5649746082068043,0.006858150891242069,-1.1980621386498573,0.27781850761444576,0.9289110912022867,0,1.0,1.0
2020-10-23,3804.171942897277,3876.097055307252,3894.585468360196,3791.823005592341,395048.0,15536570210.0,271845.0,0.3737752255787055,14,uptrend_crowded_chase,3.705636551586485,0.01851223548194203,0.030955346373415127,1.0,0.8333333333333334,0.02522301863938914,0.6550351960753185,0.8567928578505576,0.026511839435792797,3.2444098531717755,0.8200859287042378,3.705636551586485,0,1.0,1.0
2020-10-26,3877.705676145398,3853.2694507641,3912.165895810868,3850.844299250096,296653.0,11708222920.0,264167.0,0.1159816266690266,14,uptrend_crowded_chase,1.360999198876704,-0.005889327387170518,0.00915010201071853,0.95,0.8166666666666667,0.026785808622667773,-0.10545905782406843,-0.1042381511739581,0.01591417297552651,0.8219983977534081,0.039548081752904383,1.360999198876704,0,1.0,1.0
2020-10-27,3853.16853302623,3862.391807218092,3870.7061093793855,3849.10279203426,183659.0,7209931790.0,267162.0,-0.3747744386532154,14,uptrend_crowded_chase,1.1867769302323812,0.0023674327919587235,0.01393059456493062,0.95,0.85,0.03515923168948376,0.2367769302323812,-1.1819877030627772,0.005593248542199416,-1.3753826686854447,0.6151377110992798,1.1867769302323812,0,1.0,1.0
2020-10-28,3867.4297512911776,3895.2016648267377,3902.447510169002,3802.6542887852834,545249.0,21359303170.0,269938.0,0.7030502680591405,14,uptrend_crowded_chase,3.3804657652404724,0.008494699462475719,0.017058610930068996,1.0,0.8833333333333333,0.03491404613703075,0.6389329324841893,1.76593437319206,0.025619526271217424,1.7171312923205064,0.927391407534557,3.3804657652404724,0,1.0,1.0
2020-10-29,3885.218159187244,3941.099680997069,3954.321941630123,3879.084221070967,419072.0,16794370670.0,269590.0,0.4411404565064637,14,uptrend_crowded_chase,2.4847806891535074,0.011783219488938235,0.035592811292828985,1.0,0.9166666666666666,0.019643435249630414,0.7058379665696723,0.9538110078349561,0.019090539861737647,0.6040744373327143,0.8242602176835199,2.4847806891535074,0,1.0,1.0
2020-10-30,3946.3939062511545,3943.213054719519,3973.4841683366735,3914.5545341836896,320435.0,12867021760.0,249856.0,0.248794695769536,14,uptrend_crowded_chase,1.1942956828405007,0.0005362396015102799,0.017315355744348615,1.0,0.9333333333333333,-0.08434729901640559,-2.3168725140163295,0.2616943781990066,0.01494457269623124,0.12689698748199477,0.4863176387864625,1.1942956828405007,0,1.0,1.0
2020-11-02,3945.3697729251744,3951.24555053261,3976.683528383616,3930.630062744106,256353.0,10353657110.0,256379.0,-0.0001014175047482,14,uptrend_crowded_chase,1.0,0.0020370433201617466,0.025426745007173457,1.0,0.95,-0.029924660496055466,-0.9895874005360111,-0.45688295789014766,0.011655429927229401,-0.30508874036933664,0.44764248471276685,1.0,0,1.0,1.0
2020-11-03,3956.50675751534,3876.5352148300753,3981.46631711137,3873.598074758888,452069.0,18115839060.0,272797.0,0.5051068942075291,14,uptrend_crowded_chase,3.2417024776128023,-0.018908046778430165,0.0036618262252814393,0.8,0.8833333333333333,0.020872712861354614,1.0400886175761892,1.2013145542405934,0.027825941562408914,1.6019131658326324,0.027228960138145172,3.2417024776128023,0,1.0,1.0
2020-11-04,3880.021124076463,3881.7072143891023,3892.69983172296,3855.527884846808,331802.0,13131198660.0,272206.0,0.1979792728755696,14,uptrend_crowded_chase,1.818244357976292,0.0013341809818316896,-0.003464377867643864,0.8,0.9,0.008366829590329417,0.9273742693121158,0.1817401773283522,0.009576185122453182,-0.62803306198262,0.7042765241626331,1.818244357976292,0,1.0,1.0
2020-11-05,3883.7010656648345,3869.763562004899,3895.0483403489375,3858.748504148401,270180.0,10704630590.0,279236.0,-0.0329688988627372,14,uptrend_crowded_chase,2.4767958398532106,-0.003076907073240709,-0.018100561966532758,0.65,0.8666666666666667,0.03515501604217519,1.8267958398532105,-0.5160584802499544,0.009380375730689278,-0.5657067079884255,0.30344648928017137,2.4767958398532106,0,1.0,1.0
2020-11-06,3878.211376973245,3858.301521478212,3901.197616465743,3850.67805394639,375704.0,14877074490.0,278282.0,0.3001666112803927,14,uptrend_crowded_chase,2.780161593770503,-0.00296194853846532,-0.021533590009720216,0.55,0.85,0.10775023612498913,2.0091649838724037,0.44199321979619827,0.013093731072629582,-0.26471926131021034,0.15090129747069642,2.780161593770503,0,1.0,1.0
2020-11-09,3842.679201225368,3853.5467278989663,3881.129439943785,3833.547628378284,322056.0,12559005340.0,296140.0,0.0838931279861935,14,uptrend_crowded_chase,4.414577482916141,-0.0012323540689541668,-0.024726082290804308,0.5,0.8333333333333334,0.14417549706444532,3.9145774829161413,-0.03897830468579489,0.012347537197620457,-0.24829785867199225,0.4203097541410639,4.414577482916141,0,1.0,1.0
2020-11-10,3847.505006379693,3811.104130801138,3857.7584619004406,3809.518036893715,368847.0,14253166850.000002,330517.0,0.1097238287244476,14,uptrend_crowded_chase,7.046941348614724,-0.01101390487639653,-0.016878753939503555,0.3,0.75,0.19193016634384286,6.559116178011979,0.37565034120549035,0.012657860649056833,-0.013058456939049657,0.032878937264795786,7.046941348614724,0,1.0,1.0
2020-11-11,3825.620328453888,3825.300924979948,3842.062446835884,3798.7542166826006,331908.0,12757957140.0,327899.0,0.0121521879454423,14,uptrend_crowded_chase,5.848163159123515,0.003725113167093008,-0.014531309625842481,0.35,0.7666666666666667,0.1861465015455206,5.498163159123515,-0.26441614520988926,0.01132152241160233,-0.39056162191791044,0.6129714422267742,5.848163159123515,0,1.0,1.0
2020-11-12,3825.974947273459,3787.604866240278,3831.7284461214,3774.477918765682,356056.0,13654327470.0,347414.0,0.0245708694902078,14,uptrend_crowded_chase,4.1269822928156055,-0.009854403478039453,-0.021230934254302336,0.1,0.6666666666666666,0.21845984995746015,3.3340016736497575,0.4132286114326012,0.015115232284656754,0.9727326268990933,0.22928954685489492,4.1269822928156055,0,1.0,1.0
2020-11-13,3774.6112235801575,3734.957754549853,3784.9007879223577,3732.539062647821,346167.0,13139937060.0,369957.0,-0.0664654650935334,14,uptrend_crowded_chase,3.092374173324901,-0.013899842657738692,-0.0319684105147654,0.0,0.55,0.28475179463291944,2.6482765573998104,0.32349133179129513,0.014019362122838098,0.5647039000588858,0.04619198258556808,3.092374173324901,0,1.0,1.0
2020-11-16,3724.359569436693,3750.5191546714095,3756.452323820988,3716.65737990564,258792.0,9715634440.0,370980.0,-0.3601235025506514,14,uptrend_crowded_chase,2.075005470770234,0.004166419312936043,-0.02673577888173928,0.05,0.5833333333333334,0.22531583731795912,2.025005470770234,-2.6835635712733805,0.010610516111024796,-0.9461346544738694,0.8509064578103278,2.075005470770234,0,1.0,1.0
2020-11-17,3746.3153415411502,3759.318436021096,3770.6257252075375,3722.8162397676942,328678.0,12413508010.0,376757.0,-0.1365218691955555,14,uptrend_crowded_chase,1.2916523044023847,0.002346150222623633,-0.01358810806598354,0.1,0.5833333333333334,0.13094232210895385,1.1491321328614537,-0.3063878611392309,0.012717593961113152,0.08504034308186195,0.7634927654540692,1.2916523044023847,0,1.0,1.0
2020-11-18,3762.901140080243,3809.072912006652,3815.061671244647,3754.48609330907,332098.0,12615104820.000002,380006.0,-0.1347569359873414,14,uptrend_crowded_chase,1.9241755438803005,0.013234972464374772,-0.004242284016748532,0.25,0.7,0.14748140793378894,0.8196843101950007,0.008768464701464253,0.015902971493308993,1.7002140026691355,0.9011357474069144,1.9241755438803005,0,1.0,1.0
2020-11-19,3805.774837799867,3772.2015699687145,3808.2400009471535,3762.039551307881,384395.0,14538468120.0,408161.0,-0.0599910346826372,14,uptrend_crowded_chase,2.311549858105071,-0.00967987300051798,-0.004066764305024617,0.15,0.6,0.16114455204836808,1.27693062661062,1.7692384629889024,0.012247608931368842,-0.22006924634006356,0.21995497316968154,2.311549858105071,0,1.0,1.0
2020-11-20,3767.5996702298407,3798.7908717526175,3809.0763991672097,3759.0587989882297,332769.0,12549553870.0,400515.0,-0.1853026634206306,14,uptrend_crowded_chase,1.5035663186348258,0.007048748931018478,0.01709072000212175,0.25,0.65,0.07936443632215529,1.0712195991622406,-0.25171321922448997,0.013166715901869014,0.3646934389451702,0.7943618370776062,1.5035663186348258,0,1.0,1.0
2020-11-23,3776.891431849898,3737.778625971931,3784.493519833844,3734.579290680597,385146.0,14361523540.0,430457.0,-0.1112249518421009,14,uptrend_crowded_chase,3.0966464196606815,-0.016060964617548912,-0.0033970040343906938,0.05,0.5,0.14869928222454654,1.4233938959584214,2.7501204864840356,0.013353982177119427,0.49638456092048544,0.06409665831984522,3.0966464196606815,0,1.0,1.0
2020-11-24,3735.035034496144,3727.6220183958735,3748.674129760136,3707.921784809928,396090.0,14591623550.000002,427161.0,-0.0755195331845536,14,uptrend_crowded_chase,2.5662121488998704,-0.0027172844067019364,-0.008431426644126105,0.0,0.45,0.12556057404958665,1.2641226379670782,2.6041790218655847,0.010932531450102709,-1.5300917460942316,0.4834134970641724,2.5662121488998704,0,1.0,1.0
2020-11-25,3726.111755792207,3714.415964821428,3752.352735488482,3711.897560122471,278049.0,10253081420.0,440268.0,-0.4595862752491666,14,uptrend_crowded_chase,1.5408585414396814,-0.0035427555447610226,-0.024850389943141815,0.0,0.43333333333333335,0.14719659033135457,1.5408585414396814,-3.3617288944082344,0.010891396049649392,-1.025426313701595,0.062251731111588424,1.5408585414396814,0,1.0,1.0
2020-11-26,3716.291869878164,3722.60501753218,3736.500325978949,3703.597168426769,239149.0,8807753030.0,438622.0,-0.606551205683058,14,uptrend_crowded_chase,1.5785642985556234,0.00220466764851035,-0.013147906207182203,0.05,0.43333333333333335,0.07197628991445981,1.5285642985556234,-2.739597241071307,0.008838745286491012,-1.7932385544410565,0.577690729993537,1.5785642985556234,0,1.0,1.0
2020-11-27,3725.232288338477,3673.6050100761054,3735.041563122969,3668.327561346335,328930.0,12049626419.999998,457518.0,-0.3299712660338682,14,uptrend_crowded_chase,2.4920393606856464,-0.01316282743543884,-0.03295413353953758,0.0,0.35,0.13306500921332365,1.2514148039921402,-0.048874484504683034,0.0181603633470795,2.4812491133870123,0.07910556388806807,2.4920393606856464,0,1.0,1.0
2020-11-30,3695.592779035229,3705.780308910276,3726.189302036279,3660.312820247176,487458.0,17927592880.000004,438056.0,0.1068573767951784,14,uptrend_crowded_chase,2.681534251655471,0.008758507990357822,-0.008560784429370694,0.05,0.38333333333333336,0.017499321062034667,0.6327265770860544,1.7241380926145362,0.017776682991894503,2.2734772565242976,0.6901930313865178,2.681534251655471,0,1.0,1.0
2020-12-01,3704.2797954817656,3668.335706044679,3727.368140882002,3665.808413117158,372458.0,13683472680.0,444639.0,-0.1771384371964156,14,uptrend_crowded_chase,1.5459244942694865,-0.010104377416967791,-0.0159045933462717,0.0,0.31666666666666665,0.04010172563745584,0.6459430289896024,0.5244572335280215,0.016781377904810053,1.2755056970317464,0.041054322676260364,1.5459244942694865,0,1.0,1.0
2020-12-02,3672.0984362343625,3616.1356862797047,3679.89310593106,3612.348534698769,361061.0,13054203850.0,452964.0,-0.2267657329989809,14,uptrend_crowded_chase,2.2451902311157386,-0.014229891686019625,-0.026459147137132266,0.0,0.26666666666666666,0.028429019725615845,1.4200886550702922,0.19173918933093545,0.018678660617898687,1.4584639627599574,0.05606892621927155,2.2451902311157386,0,1.0,1.0
2020-12-03,3613.038318232136,3636.3050101367385,3657.49945974285,3591.949496137966,399069.0,14353090830.0,463660.0,-0.1500171907371288,14,uptrend_crowded_chase,2.6458711124990253,0.00557759044649786,-0.023182692493293966,0.05,0.3,0.05551353068218745,1.722691854071489,0.6547607796760373,0.0180265306188985,1.0915977371790353,0.6766672559291503,2.6458711124990253,0,1.0,1.0
2020-12-04,3638.666192071168,3621.2445693647137,3646.716824371598,3616.17139504042,243838.0,8885999440.0,461272.0,-0.6374838203293545,14,uptrend_crowded_chase,1.3842259010430409,-0.0041416879854802024,-0.014253149309132462,0.05,0.25,0.008171662490354947,1.3342259010430408,-3.029925869300564,0.00843506389753079,-1.4785138395065385,0.16608620128692841,1.3842259010430409,0,1.0,1.0
2020-12-07,3653.166840231158,3663.2027675502914,3708.6991668648207,3645.952096960369,432940.0,16079526280.0,440534.0,-0.0173884771429407,14,uptrend_crowded_chase,0.9367128428874236,0.011586678939207395,-0.011489494198458017,0.15,0.3,0.005640871329536168,-0.11475617063225202,1.1586214467553342,0.017129019026815344,0.41480423901951313,0.2749239226021361,0.9367128428874236,0,1.0,1.0
2020-12-08,3672.411653506273,3673.017762468722,3679.353767330815,3655.794498363755,227310.0,8368881780.0,437214.0,-0.6541080531362138,14,uptrend_crowded_chase,0.25,0.0026793479753222105,0.0012763434972236087,0.25,0.31666666666666665,-0.01683993923362337,-0.4918680372248109,-2.3482028633435,0.0064141451227901205,-4.8554103959110755,0.7310610583481277,0.25,0,1.0,1.0
2020-12-09,3675.370768073319,3625.805424000109,3703.072026949665,3619.739873790909,389034.0,14256920469.999998,439823.0,-0.1227056298537089,14,uptrend_crowded_chase,1.6729248457499142,-0.012853827975196297,0.002674052789858772,0.1,0.25,-0.02944027887478029,-0.37520489735299395,0.36929530359084495,0.02298307366610463,2.7765543879089836,0.07278763333577215,1.6729248457499142,0,1.0,1.0
2020-12-10,3624.8899756778296,3824.303085794938,3861.618466675848,3609.855996575715,980772.0,36827850250.0,388263.0,0.9266570716020596,14,uptrend_crowded_chase,20.29344582263559,0.054745811918346154,0.05170030432929229,1.0,0.75,-0.17746857995834553,-7.857307634368144,4.830013828528533,0.065832248242898,33.756877816742644,0.8517833858792822,20.29344582263559,0,1.0,1.0
2020-12-11,3830.726076505234,3869.175498139739,3870.267486874901,3805.804793639909,435075.0,16419285780.0,358283.0,0.1941952531090116,14,uptrend_crowded_chase,1.3280292990502724,0.011733487471606407,0.06846566809446974,1.0,0.8666666666666667,-0.2526647137830338,-8.054351464987418,0.6560585981005449,0.016660576204409704,-0.8823815936586955,0.983060144087042,1.3280292990502724,0,1.0,1.0
2020-12-14,3888.447204313907,4046.346541197896,4056.691106404093,3888.4087665788734,729548.0,28712942580.0,364606.0,0.6936078457906097,14,uptrend_crowded_chase,11.21610627147354,0.04579038690370574,0.10459256502031589,1.0,1.0,-0.18917030891492637,-6.5632276502747295,4.298680266163351,0.041588711721018454,16.13353227678373,0.9385285157257683,11.21610627147354,0,1.0,1.0
2020-12-15,4044.425654549904,4028.067246583404,4061.13121448574,4002.071276914356,502938.0,20112758230.0,370398.0,0.3058887988757595,14,uptrend_crowded_chase,1.8015595123161399,-0.004517481245953858,0.09666424370244386,0.95,0.9833333333333333,-0.1658446745581923,-3.0863612949982957,1.7031190246322796,0.014662103176524326,-0.6045305173597196,0.4401624982692776,1.8015595123161399,0,1.0,1.0
2020-12-16,4034.397192606483,4019.3817456618585,4041.958483128687,3958.036191624368,449635.0,17759441480.0,369052.0,0.1974985870033994,14,uptrend_crowded_chase,1.3275280064126864,-0.0021562452635101037,0.10854866040427047,0.9,0.9666666666666667,-0.1754348177304017,-2.187662685511545,0.3198016847323147,0.020879403056178233,0.5352543280930583,0.7309804455748621,1.3275280064126864,0,1.0,1.0
2020-12-17,4015.580950860828,4010.351431833653,4035.200446073135,3985.795349797616,348984.0,13825802590.0,368723.0,-0.0550196087550124,14,uptrend_crowded_chase,0.85,-0.0022466922525963273,0.048648954297000335,0.85,0.95,-0.05163726041409511,-0.6913827305829724,-1.1453345807801736,0.012319393229069107,-0.8146915124181301,0.49703540499332743,0.85,0,1.0,1.0
2020-12-18,4004.688066512134,3958.139401699002,4023.016145152402,3949.9339004611656,428598.0,17017348840.0,361624.0,0.169914418676078,14,uptrend_crowded_chase,0.8992405169012594,-0.013019315394705466,0.022992987421231348,0.8,0.9333333333333333,0.00928182108570752,-0.6669859310073663,-0.04628761173391847,0.018463787470412524,0.19848103380251866,0.1122776301207453,0.8992405169012594,0,1.0,1.0
2020-12-21,3993.198341852812,4125.326526868697,4202.664744824669,3991.403327498074,679595.0,27834548990.000004,343448.0,0.6824613151227344,14,uptrend_crowded_chase,4.88637734055837,0.04223881682841468,0.019518838751616086,1.0,1.0,-0.0597816011207275,-1.8558394523298605,2.3556640481304947,0.051210835300097166,5.417090632986247,0.6339217120918392,4.88637734055837,0,1.0,1.0
2020-12-22,4153.026166440952,4117.46957880585,4163.948727784539,4094.113413002485,384287.0,15838902139.999998,343642.0,0.1117892514627298,14,uptrend_crowded_chase,0.95,-0.001904563920376856,0.022194846001708735,0.95,0.9833333333333333,-0.0749776853922608,-1.9494606978508051,-0.5189625338862784,0.016960736065063552,-0.2958250643241851,0.3344463453233669,0.95,0,1.0,1.0
2020-12-23,4109.617130459937,4124.691663776159,4140.367503857218,4078.706570299568,342675.0,14067755030.0,345960.0,-0.0095406853208662,14,uptrend_crowded_chase,0.95,0.0017540105232309866,0.02620052654315841,0.95,0.9833333333333333,-0.06461439408294112,-2.1223078783105156,-1.2793839116044707,0.014949222531994013,-0.7655829986512303,0.7457735526108562,0.95,0,1.0,1.0
2020-12-24,4119.778950906709,4105.526103652925,4139.142232622363,4099.677597553587,285995.0,11739060210.0,346599.0,-0.1921941639575695,14,uptrend_crowded_chase,0.85,-0.004646543714176277,0.023732252256943642,0.85,0.95,-0.06187719252718793,-1.7395229317552117,-1.5578793226545493,0.009612564643947163,-1.7574094764992605,0.14819612772665033,0.85,0,1.0,1.0
2020-12-25,4086.2878375694136,4098.157988602002,4162.747509223326,4073.642804708483,498857.0,20483788240.000004,349886.0,0.3547120943939695,14,uptrend_crowded_chase,1.6013841819684456,-0.0017946823049954652,0.03537484982032146,0.8,0.9333333333333333,-0.03299761085560782,-0.7138358053984408,0.5326684163947679,0.021742623091317078,1.0700999475421227,0.27512782885032866,1.6013841819684456,0,1.0,1.0
2020-12-28,4126.246373806183,4099.642933669047,4231.480450413213,4060.250024063516,752217.0,31429196820.0,351887.0,0.7597147448210946,14,uptrend_crowded_chase,4.048218241156287,0.00036234451457839434,-0.006225832799505726,0.8,0.9333333333333333,0.024274383953002854,-0.23380970857321923,1.9879826987254834,0.04176715609631179,4.5084537835870915,0.2300578842517204,4.048218241156287,0,1.0,1.0
2020-12-29,4119.830196109539,4041.199345386534,4138.02422046316,4023.3634829402977,429512.0,17487657580.0,346464.0,0.2148707633700162,14,uptrend_crowded_chase,1.6490318187253306,-0.014255775253628755,-0.018523569381521887,0.65,0.8833333333333333,0.008178499331336297,-0.4045483670231759,-0.08057584202465859,0.028372947663114014,1.9980636374506613,0.1555533553294983,1.6490318187253306,0,1.0,1.0
2020-12-30,4054.405713774938,4066.164552872034,4089.617322883641,4027.934441782624,391683.0,15817058180.0,343537.0,0.1311580186051064,14,uptrend_crowded_chase,0.7,0.006177672851996441,-0.014189451157797128,0.7,0.9,-0.0070283408751183885,-0.7733914444815737,-0.3440729379502269,0.015169794605938581,-0.5029449074633153,0.6197847831848402,0.7,0,1.0,1.0
2020-12-31,4070.478389126254,4101.02696151954,4102.582444415114,4052.443367736178,241735.0,9807143530.0,333364.0,-0.3213929012437168,14,uptrend_crowded_chase,0.8,0.00857378204796988,-0.0010958746868960922,0.8,0.9333333333333333,-0.03893350602483103,-2.9663505226301377,-2.098638665140976,0.012225980748089995,-0.7853880050065841,0.9689766346210518,0.8,0,1.0,1.0
2021-01-04,4125.617045693513,4058.851986099941,4168.336771111845,4047.275104499131,436522.0,17960908290.0,340718.0,0.2477836192507407,14,uptrend_crowded_chase,1.572386362909153,-0.010284003449704815,-0.009591138899813223,0.6,0.8666666666666667,-0.026552231466114407,-1.368170166664254,0.22757158083931966,0.029826578310149166,1.7172011449789863,0.09562797146883187,1.572386362909153,0,1.0,1.0
2021-01-05,4047.850908642453,4065.272428429249,4082.991483822445,4035.105879258957,231189.0,9405686290.0,341620.0,-0.3904634503982255,14,uptrend_crowded_chase,0.6,0.0015818370197522302,-0.008383780196446922,0.6,0.8666666666666667,-0.02961109312208343,-1.2465615369960215,-2.0594302968615636,0.011779187104070693,-0.6326359899605257,0.6299711457186766,0.6,0,1.0,1.0
2021-01-06,4080.711680186009,4200.858979678925,4218.810282670434,4076.613987480612,412315.0,17035628070.0,339795.0,0.1934451257352334,14,uptrend_crowded_chase,2.313241537909423,0.0333523899410757,0.03950798281571033,1.0,1.0,-0.019436422536880826,-1.3629483227345085,0.21864051165952755,0.03384933792771363,2.4078425641593184,0.8737568867912772,2.313241537909423,0,1.0,1.0
2021-01-07,4212.195033391688,4244.195002731958,4316.788859088675,4197.594676000127,631190.0,26793087260.0,338585.0,0.622831757908437,14,uptrend_crowded_chase,2.2293044946380225,0.010315990911065054,0.04378338543485083,1.0,1.0,-0.014519651904501885,-1.1660038885623802,1.6218034475269518,0.02808404962821538,0.8368055417490934,0.39096141711221083,2.2293044946380225,0,1.0,1.0
2021-01-08,4251.8360458373445,4309.540220574856,4323.728909510309,4226.342861983548,342800.0,14701341520.0,340746.0,0.0060098550273283,14,uptrend_crowded_chase,1.0,0.015396375001816676,0.050844157088412834,1.0,1.0,0.021902345614009278,-0.31498258016198466,-0.4972409895134403,0.022597781327533505,-0.16722255413675688,0.8543047048751639,1.0,0,1.0,1.0
2021-01-11,4349.595585540858,4375.756879626035,4469.203029479496,4320.678619383767,607542.0,26696175060.0,327089.0,0.6191890035082037,14,uptrend_crowded_chase,2.106653099248344,0.01536513309123877,0.07807746983910113,1.0,1.0,-0.04082285055601176,-3.9193744031194306,1.3203256383551178,0.033942564493761866,0.8929805601415705,0.3708364181131441,2.106653099248344,0,1.0,1.0
2021-01-12,4445.943455165451,4449.344726499483,4478.975665378176,4362.043192022698,444533.0,19476353140.0,325429.0,0.3118799810225281,14,uptrend_crowded_chase,1.0645947423134736,0.01681716989718529,0.09447639852727718,1.0,1.0,-0.04855469631428022,-4.269269480220093,0.12918948462694743,0.02628083022181879,-0.23159267744540646,0.7465978608986207,1.0645947423134736,0,1.0,1.0
2021-01-13,4507.512454667214,4439.884061735355,4573.3076584281325,4399.821628524007,642440.0,28551581850.0,338801.0,0.6398605128272925,14,uptrend_crowded_chase,2.693621110730398,-0.00212630518552126,0.05689909687820549,0.95,0.9833333333333333,-0.0029295802242028657,-0.39819235700082406,2.0614748339734423,0.03907445047930319,1.4257673874873535,0.23092599002633418,2.693621110730398,0,1.0,1.0
2021-01-14,4422.581402073781,4403.330594642878,4432.069114286386,4338.376575971142,442258.0,19158150990.0,344812.0,0.2488940812241247,14,uptrend_crowded_chase,2.911639069586289,-0.008232977840009204,0.037494882258823026,0.9,0.9666666666666667,0.01822417230946627,1.962632000817764,0.09801413753704916,0.021277652518125897,-0.5932401649033965,0.6932677867386565,2.911639069586289,0,1.0,1.0
2021-01-15,4464.5818839871445,4622.147784518905,4624.805503109031,4445.35564373007,621904.0,27795168830.0,357507.0,0.5536307976294452,14,uptrend_crowded_chase,8.39823626452603,0.04969356380877721,0.07253849551086211,1.0,1.0,0.048017610665651134,6.364178974924351,0.8189478742342624,0.03882391211721898,1.2491667049690935,0.9851896312467234,8.39823626452603,0,1.0,1.0
2021-01-18,4613.42605726512,4526.1218467293575,4634.839301798993,4500.936494167721,635981.0,28723150860.0,369973.0,0.5417386586774022,14,uptrend_crowded_chase,13.677162840948943,-0.020775176880144297,0.03436319046961622,0.95,0.9833333333333333,0.12319772488343972,12.264620579812824,0.8502759032196376,0.029584446059054224,0.07480861905260154,0.1880868146617888,13.677162840948943,0,1.0,1.0
2021-01-19,4510.6766379196615,4423.4915978277695,4529.151386446925,4422.597029470346,475798.0,21111054380.0,374546.0,0.2392787685583757,14,uptrend_crowded_chase,7.904197190726146,-0.022675096335674216,-0.005810547453816484,0.8,0.9333333333333333,0.14057031395918607,7.104197190726146,-0.30030488353702195,0.024088291934114877,-0.5643304695330053,0.00839541791444975,7.904197190726146,0,1.0,1.0
2021-01-20,4420.746711333497,4449.84939245081,4461.160505250752,4407.457222750759,398061.0,17483042420.000004,377418.0,0.0532519333213434,14,uptrend_crowded_chase,3.548861690806991,0.005958594933464845,0.002244502463778275,0.9,0.9666666666666667,0.10794041218326278,2.6488616908069913,-1.1718917379097926,0.012068561823935245,-2.2340898853459867,0.7893776269645482,3.548861690806991,0,1.0,1.0
2021-01-21,4459.444484501765,4397.350474097781,4494.816054104185,4362.930069948322,547713.0,24108339010.0,376821.0,0.3739811534963936,14,uptrend_crowded_chase,2.3034713925565584,-0.011797909035324516,-0.0013580902947355478,0.65,0.8833333333333333,0.08877093266512937,1.4366551329051533,0.07229373845886665,0.029992147529001034,0.3613387808439436,0.26098606587930795,2.3034713925565584,0,1.0,1.0
2021-01-22,4397.706266463844,4301.763958189367,4408.200778074001,4274.596439819325,467850.0,20051119000.0,367562.0,0.2412557198155443,14,uptrend_crowded_chase,1.2140946079095642,-0.021737297600329608,-0.06931492485000335,0.5,0.8333333333333334,0.027737069544429005,0.5282777711783151,-0.31676028262746775,0.03105803562288236,0.3716336734624985,0.20334308544873672,1.2140946079095642,0,1.0,1.0
2021-01-25,4255.870707485271,4263.983781545593,4275.695361734988,4206.734551937197,386480.0,16233177520.000002,371922.0,0.0383959653777429,14,uptrend_crowded_chase,0.8877497252937876,-0.008782484815758274,-0.057916705307699434,0.45,0.8166666666666667,0.0052541248657682615,0.43774972529378764,-1.18229350183666,0.016172859309702855,-1.863858892183949,0.8301704950429659,0.8877497252937876,0,1.0,1.0
2021-01-26,4259.085590633538,4318.395554058965,4334.649924047461,4249.336241675205,385210.0,16383330970.0,374184.0,0.0290409850846207,14,uptrend_crowded_chase,0.9892057009914207,0.012760783178600299,-0.023758617247156888,0.55,0.85,-0.0009669708124615539,0.43920570099142064,-0.8571278445046138,0.019755874908695605,-1.050571851913187,0.809475226757036,0.9892057009914207,0,1.0,1.0
2021-01-27,4312.492780698711,4273.067564221439,4316.860447303104,4254.824335025854,284555.0,12014682160.0,379624.0,-0.2882547326849363,14,uptrend_crowded_chase,1.6295323377161455,-0.0104964886310428,-0.03972759809113591,0.4,0.8,0.00582796263330998,1.2295323377161453,-1.846241200418585,0.014517933860133645,-1.3147451933403704,0.2940743467942161,1.6295323377161455,0,1.0,1.0
2021-01-28,4266.611354149361,4354.17939674767,4357.809945330096,4238.8031958173015,475853.0,20256814770.000004,387599.0,0.2051376829722793,14,uptrend_crowded_chase,3.2420788801443536,0.018982108592286995,-0.00981752025552829,0.55,0.85,0.028201026400635598,2.379048492912231,0.18477681504434657,0.027331613759801813,0.44128395941989845,0.9694929187017612,3.2420788801443536,0,1.0,1.0
2021-01-29,4346.641077612126,4348.4539497111255,4363.51583349724,4286.848785952861,381697.0,16246532340.000002,362267.0,0.0522455911285556,14,uptrend_crowded_chase,0.5,-0.001314931360159588,0.01085368513371665,0.5,0.8333333333333334,-0.014510502890217936,-2.224207504865053,-0.7738621408034475,0.017630874888182265,-0.9642870182858121,0.8035416222674262,0.5,0,1.0,1.0
2021-02-01,4282.131792231839,4387.094604326287,4413.39625990101,4251.743423433533,466049.0,20074889690.0,369370.0,0.2324919271226154,14,uptrend_crowded_chase,1.5970696660955022,0.008886067338422121,0.0288722539971924,0.6,0.8666666666666667,-0.0068853031786826335,-0.9094834907489024,0.4634357040908491,0.03684735594898378,1.5307036281001551,0.8372954279709455,1.5970696660955022,0,1.0,1.0
2021-02-02,4392.586284010436,4452.332800261098,4454.35175424282,4368.286820988997,340862.0,14867312390.0,367680.0,-0.0757352913689257,14,uptrend_crowded_chase,0.9,0.01487047848716938,0.031015511322542544,0.9,0.9666666666666667,-0.017534660381969047,-1.127661231803439,-1.51720116211976,0.01933030101630681,-0.26580759067546167,0.976541502963028,0.9,0,1.0,1.0
2021-02-03,4449.842134742863,4444.6741971895935,4468.58988528823,4332.858979132513,519459.0,22804581860.0,372971.0,0.3312872167523427,14,uptrend_crowded_chase,1.9490626803630264,-0.0017201326619283863,0.040160056069560746,0.75,0.9166666666666666,-0.017680620551969284,-0.01110735026797601,1.2115538191610948,0.03053787524888572,1.1865715415649583,0.823800718819343,1.9490626803630264,0,1.0,1.0
2021-02-04,4447.042573004273,4470.3705503233305,4482.373745623649,4420.078035273998,275829.0,12150930610.0,370673.0,-0.2955391638374667,14,uptrend_crowded_chase,0.9,0.005781380590277108,0.026684971607382257,0.9,0.9666666666666667,-0.04465102770653928,-0.26214337077041583,-2.6364161306640197,0.013935245333330439,-0.9642294726828882,0.8073190716833145,0.9,0,1.0,1.0
2021-02-05,4480.874655258996,4533.198775240427,4546.729654492319,4465.186350671769,347267.0,15529844760.0,376727.0,-0.0814268506828059,14,uptrend_crowded_chase,2.0669470663231806,0.014054366234260263,0.04248517465421786,0.95,0.9833333333333333,0.03913927818630292,1.1169470663231809,-0.3724150345893004,0.01798802740923827,-0.19728661636061656,0.834065108746763,2.0669470663231806,0,1.0,1.0
2021-02-08,4525.159707043271,4489.479036418484,4548.051945092824,4464.265919776784,309268.0,13754622239.999998,365968.0,-0.1683376829707823,14,uptrend_crowded_chase,0.8503649388085966,-0.009644346297085549,0.02333763944621392,0.85,0.95,-0.009252953804722353,-1.2001825535486235,-0.9271689202604094,0.018662750095583627,0.0007298776171932819,0.30092269619660095,0.8503649388085966,0,1.0,1.0
2021-02-09,4488.65149418511,4547.41831961549,4561.552231245654,4450.655703078675,294234.0,13115936140.0,357442.0,-0.194597742078883,14,uptrend_crowded_chase,1.5720863029284273,0.01290556938277354,0.021356336918214147,0.95,0.9833333333333333,-0.028239883450535075,-2.188609628632517,-0.7014713491597051,0.024386700402868552,1.244172605856855,0.8725486553656348,1.5720863029284273,0,1.0,1.0
2021-02-10,4546.477439938045,4518.149743754942,4558.8529499245205,4486.439144587089,236131.0,10555439190.000002,341470.0,-0.3688730916525843,14,uptrend_crowded_chase,0.8,-0.0064363060100048886,0.016531143410198235,0.8,0.9333333333333333,-0.08824084121060238,-3.738508083432,-1.4663581233206497,0.016027314153879754,-0.4198600715957759,0.43790820024012655,0.8,0,1.0,1.0
2021-02-18,4542.380781995285,4645.184516762279,4652.775609421512,4539.370449797347,295480.0,13413146920.0,360661.0,-0.1993373063092492,14,uptrend_crowded_chase,1.454977321795913,0.02811654774898198,0.03910502820091821,1.0,1.0,-0.027381813357596485,-0.9991397762183857,-0.5439482144529435,0.024413488681652905,0.9099546435918262,0.9330621932512523,1.454977321795913,0,1.0,1.0
2021-02-19,4628.568151785073,4734.346128657331,4739.761865413682,4611.992606299928,306118.0,14137952060.0,386313.0,-0.2326772731728272,14,uptrend_crowded_chase,4.069430478745301,0.01919441769714636,0.0443720567727004,1.0,1.0,0.02512713450514248,2.398239425317278,-0.30515708243181294,0.0269877308590425,1.3423821068560462,0.957613147372722,4.069430478745301,0,1.0,1.0
2021-02-22,4718.8364116301245,4587.087769796488,4748.0391750261815,4567.156156691972,464249.0,21331589960.0,350542.0,0.2809405181069253,14,uptrend_crowded_chase,3.5276946456637033,-0.031104265480184856,0.02174166146811385,0.9,0.95,-0.04306536977328079,-2.010693994681135,2.6211037859650568,0.039433084216357786,2.6342855053623495,0.11019062645056799,3.5276946456637033,0,1.0,1.0
2021-02-23,4577.168489511406,4597.4121024608685,4619.0870005129445,4526.254846686867,377596.0,17055469149.999998,349714.0,0.0767091634117925,14,uptrend_crowded_chase,1.552311586868532,0.0022507379807208405,0.010993882535443866,0.9,0.95,-0.021857433626749412,-1.5037682094992295,1.3046231737370637,0.020192262898596245,-0.2497553419852349,0.7665151872627645,1.552311586868532,0,1.0,1.0
2021-02-24,4602.9180820545525,4564.832385379948,4649.38690992364,4537.265788782235,373031.0,16881553110.000002,352338.0,0.0570705839624227,14,uptrend_crowded_chase,1.534274913449651,-0.007086533979296927,0.010332247551009477,0.8,0.9166666666666666,0.031331114726119935,-0.6666858689265246,1.127927604436404,0.024561936052789474,0.3406222224628977,0.24586443943016606,1.534274913449651,0,1.0,1.0
2021-02-25,4569.712072220777,4717.907111572221,4779.413828849986,4559.964457722355,502166.0,23142333710.0,339278.0,0.3921109120080433,14,uptrend_crowded_chase,4.445455567260907,0.03353348234264497,0.01565548032538233,0.95,0.9833333333333333,-0.06111862865694917,-1.5184398857615322,2.869084109918225,0.04651413559825268,4.121827024603588,0.7197225174913202,4.445455567260907,0,1.0,1.0
2021-02-26,4676.70411529214,4727.742032285708,4741.228305136679,4634.952615738876,336967.0,15523267610.0,330239.0,0.0201683679611586,14,uptrend_crowded_chase,1.0291185073540015,0.0020845939695088855,-0.0013949331527849385,0.95,0.9833333333333333,-0.15683128695982163,-2.069039978004154,0.15823701470800317,0.022479164191287787,-0.2605584374543006,0.8731010551200401,1.0291185073540015,0,1.0,1.0
2021-03-01,4682.43076955838,4527.27440422114,4688.869792316281,4513.519999522007,490183.0,21961387280.0,332422.0,0.3883735446600601,14,uptrend_crowded_chase,3.1597841803447215,-0.042402404085412515,-0.013039507543149087,0.55,0.8333333333333334,-0.05307528200168754,-1.372464881632977,2.374540307906767,0.038731867595827835,2.8450280527826766,0.07843981153299458,3.1597841803447215,0,1.0,1.0
2021-03-02,4511.668282881361,4551.032156961996,4566.810583097269,4502.381793803013,300702.0,13309066280.0,339802.0,-0.1222433539160082,14,uptrend_crowded_chase,0.65,0.005247694444742601,-0.010088272372634655,0.65,0.8666666666666667,-0.0287525825474102,-0.7385293150762107,-0.6026582168021195,0.014156961997224075,-2.0507772833886357,0.7551028614986034,0.65,0,1.0,1.0
2021-03-03,4559.4806001262505,4568.169378321692,4579.1413092331095,4446.8044482245605,522288.0,23269184130.0,343763.0,0.4182666934292561,14,uptrend_crowded_chase,1.690147859532523,0.0037655680664616664,0.000731022009139215,0.7,0.8833333333333333,-0.02463847570001576,-0.18697633696730018,1.5063455989450374,0.028969341994312937,0.4739501201200083,0.917090893438161,1.690147859532523,0,1.0,1.0
2021-03-04,4567.173265173256,4591.605557720236,4648.82767157239,4534.291630112592,397526.0,17920052220.0,338772.0,0.1599330260258107,14,uptrend_crowded_chase,0.8393269041389431,0.005130321898693113,-0.02677067412840506,0.75,0.9,-0.0014925155782918864,-0.7474113224330471,0.1786538082778862,0.024944660428685667,-0.1261385244773952,0.5004008072669518,0.8393269041389431,0,1.0,1.0
2021-03-05,4589.162975838899,4586.4006071204085,4605.327994788609,4537.459491854677,308740.0,13882508830.0,335683.0,-0.0836677634972377,14,uptrend_crowded_chase,0.65,-0.0011335796453760816,-0.02989617965618263,0.65,0.8666666666666667,0.01635062750315086,-0.5026626582123344,-0.7360397703568512,0.014797770353633307,-1.6268283721087484,0.7211167647734009,0.65,0,1.0,1.0
2021-03-08,4570.704395003927,4529.806465852795,4570.854993834036,4490.017572271386,377153.0,16718033050.0,335269.0,0.1177177459831483,14,uptrend_crowded_chase,0.35,-0.012339554721790158,0.0005592905146845073,0.35,0.7666666666666667,0.008527948569623689,-0.5090069881861741,-0.08892969586741965,0.017845667838577578,-0.6419057737188228,0.49220884105725815,0.35,0,1.0,1.0
2021-03-09,4524.61540927739,4630.726129201043,4638.121011900417,4497.735403788372,384376.0,17048105010.0,328728.0,0.1563905790827846,14,uptrend_crowded_chase,1.2515426133413838,0.02227902320088382,0.017511186361786724,0.8,0.9333333333333333,-0.03313243393506582,-1.6629787583042004,0.0789792586604646,0.030316111165975188,0.8241059680223031,0.9473244957312673,1.2515426133413838,0,1.0,1.0
2021-03-10,4628.668897072442,4636.6755323790585,4652.369772875699,4598.539964698447,365922.0,16601218130.0,332329.0,0.0962947538437252,14,uptrend_crowded_chase,0.8,0.0012847667972630816,0.01499641286999176,0.8,0.9333333333333333,-0.033827024356144264,-0.8982938462684646,-0.161476784708677,0.011609569787953652,-1.4218136681694722,0.7084470291077017,0.8,0,1.0,1.0
2021-03-11,4638.047115899397,4602.789880354315,4651.395800096023,4573.577285698049,304398.0,13733321530.0,324458.0,-0.0638200422115192,14,uptrend_crowded_chase,0.7,-0.00730817841104292,0.002435819561040775,0.7,0.8833333333333333,-0.04317121685931369,-2.1403873500021695,-0.9099256228898379,0.01690681443663538,-0.5915549462426889,0.37539388771762844,0.7,0,1.0,1.0
2021-03-12,4600.483350079829,4656.492773328995,4691.866160990991,4591.385744595801,386378.0,17547691450.0,325807.0,0.1705109833885474,14,uptrend_crowded_chase,1.0277645397017101,0.011667465682910105,0.015282608784711993,0.85,0.95,-0.029862080739828656,-1.2883481818806823,0.18751346411761463,0.021578561652819964,0.16801561528580586,0.6479573937783812,1.0277645397017101,0,1.0,1.0
2021-03-15,4624.527374111833,4496.366785053689,4634.773825765262,4487.495199588327,472858.0,20950177960.0,338438.0,0.334454217431101,14,uptrend_crowded_chase,2.056437190849633,-0.03438768104451073,-0.0073821433765848266,0.05,0.6333333333333333,0.009407719892214672,0.6127878202372763,1.1563066521043135,0.03275502938650424,1.630992089120399,0.060236747827236876,2.056437190849633,0,1.0,1.0
2021-03-16,4507.737262956156,4583.053717505088,4593.5917014204215,4502.348424869043,339082.0,14979501400.0,332629.0,0.0192142112560425,14,uptrend_crowded_chase,0.4122999722757186,0.01927932853243952,-0.010294802665036906,0.4,0.7833333333333333,0.011797093679220438,-0.5089279990246867,-0.6185255228286711,0.019908838555147766,0.024599944551437155,0.8845067350315949,0.4122999722757186,0,1.0,1.0
2021-03-17,4586.485701388786,4570.212172783454,4588.69934548081,4535.064518657886,282402.0,12478669570.0,320239.0,-0.125736004274453,14,uptrend_crowded_chase,0.35,-0.002801962515208034,-0.014334270132010385,0.35,0.7666666666666667,-0.0370578500699299,-2.0406082621325408,-2.5348124239422676,0.0117357410980458,-1.1975659666166438,0.6553140227637595,0.35,0,1.0,1.0
2021-03-18,4558.70436444926,4534.9360840913405,4574.269117606788,4464.886936715698,391263.0,17171051360.0,332781.0,0.1618953521682977,14,uptrend_crowded_chase,0.7604729298142139,-0.007718698248232236,-0.01474188438463997,0.15,0.6833333333333333,0.02532851809589509,0.04207791854005807,0.4398053832873826,0.024119894715783508,0.6969846392609291,0.640407302222189,0.7604729298142139,0,1.0,1.0
2021-03-19,4518.494568472762,4508.956010287991,4546.720109964823,4463.72228956848,362627.0,15796189710.0,327372.0,0.1022776187829869,14,uptrend_crowded_chase,0.05,-0.005728873201650608,-0.03168409578257059,0.05,0.5833333333333334,0.004791957471804054,-0.9973684159058457,-0.22769974718617011,0.018407325377974064,-0.06800209031804448,0.5449988988084872,0.05,0,1.0,1.0
2021-03-22,4517.3263174249205,4602.724246455631,4608.141948929858,4457.363668274531,474038.0,20796987520.0,332993.0,0.3531660185196251,14,uptrend_crowded_chase,4.168076587930862,0.020795997111901388,0.02365408928726276,0.7,0.85,-0.01621944583339463,0.42125393102966396,3.6084153275402615,0.03275848662266374,2.4852299862621354,0.9640684158840404,4.168076587930862,0,1.0,1.0
2021-03-23,4601.536525246939,4604.166152200489,4622.707276095547,4580.545927845278,253130.0,11289578490.0,327200.0,-0.2566684139764582,14,uptrend_crowded_chase,0.75,0.00031327224218746785,0.004606630425203484,0.75,0.8666666666666667,-0.016456150051258334,-0.8008191947099743,-3.704874116695501,0.00915721693278132,-1.2168268331401897,0.5602340849016849,0.75,0,1.0,1.0
2021-03-24,4605.87016370411,4651.660366433938,4662.925400377183,4581.2333385084185,321780.0,14465492380.0,324697.0,-0.0090243575454155,14,uptrend_crowded_chase,0.85,0.010315486597013868,0.017821534443307696,0.85,0.9333333333333333,0.013824847746867874,-1.1534492883083947,-0.6660114818923626,0.017561914549533507,-0.17386738027915535,0.8621036893236738,0.85,0,1.0,1.0
2021-03-25,4645.464203773074,4661.5273830614415,4670.840847934347,4632.920672559403,195082.0,8774415360.0,325128.0,-0.5107989679530227,14,uptrend_crowded_chase,0.9,0.0021211816534807415,0.027914682064469787,0.9,0.95,-0.023265665024581494,-0.35880522879335797,-3.150951075729623,0.008134710419750875,-2.014323412469059,0.7543928850323958,0.9,0,1.0,1.0
2021-03-26,4652.441206234178,4727.61223030698,4734.681988488271,4642.519164223912,315256.0,14287450130.0,331488.0,-0.0502066026979007,14,uptrend_crowded_chase,1.6813602367550946,0.014176651087725034,0.04849375765034858,0.95,0.9666666666666667,0.012494470892782772,0.7130330933153902,-0.4403123810432008,0.01949458199501566,0.03665428687940897,0.9232905649569477,1.6813602367550946,0,1.0,1.0
2021-03-29,4668.905438976366,4595.781108523521,4679.233021525629,4566.038346329263,471895.0,20825479820.0,322050.0,0.3820496902181689,14,uptrend_crowded_chase,1.5972129335822687,-0.027885350016301658,-0.0015084844453709945,0.55,0.75,-0.033414655745579225,-1.4599207197046662,1.4758046106019447,0.024630127615614807,0.6186212565625924,0.2627576088951292,1.5972129335822687,0,1.0,1.0
2021-03-30,4592.375183919722,4576.4577717102575,4622.718251649502,4568.148555539904,282702.0,12676304070.0,323764.0,-0.1356215160100843,14,uptrend_crowded_chase,0.35,-0.004204581627576975,-0.006018110462192694,0.35,0.6666666666666666,-0.010556749406562815,-0.5052944601460214,-0.6440293792419339,0.011924002980411007,-0.873813254401023,0.15226795754305042,0.35,0,1.0,1.0
2021-03-31,4566.889205894871,4408.226124180778,4567.99366776265,4388.912128385703,513694.0,22550682520.000004,316764.0,0.4834707403166237,14,uptrend_crowded_chase,2.1940245241803664,-0.03676023158553254,-0.05233276358905403,0.0,0.3,-0.024735422648770822,-1.9653243672352048,1.9219423450005024,0.040624399550335574,2.46610670336023,0.10785028910445864,2.1940245241803664,0,1.0,1.0
2021-04-01,4453.993840763066,4483.345545156113,4516.558801842126,4423.777478334728,300553.0,13307159060.0,302794.0,-0.0074285951719571,14,uptrend_crowded_chase,0.14256288622636787,0.01704073676331541,-0.038223917455207146,0.05,0.4166666666666667,-0.07116624463901822,-4.997125812644251,-0.3531389860625157,0.02069466262925925,0.18512577245273573,0.6420264830198891,0.14256288622636787,0,1.0,1.0
2021-04-02,4464.663214412613,4479.483576424799,4484.175223488756,4417.363529838552,316934.0,13822118000.0,310377.0,0.0209058626819817,14,uptrend_crowded_chase,0.05,-0.0008614033186638004,-0.052484984341888086,0.05,0.4,-0.06580392225015963,-3.7668681283203664,-0.018511946088749374,0.014915043779115485,-0.4284837456695952,0.9297780551931456,0.05,0,1.0,1.0
2021-04-06,4517.579589711077,4492.897763724083,4548.816084852563,4486.53474825262,216023.0,9521920620.0,306760.0,-0.3506807993997626,14,uptrend_crowded_chase,0.15,0.002994583431420894,-0.02238647628552759,0.15,0.43333333333333335,-0.04864113009624127,-2.390502082227836,-1.5384163978509697,0.013862175343228563,-0.4953867782205674,0.1021656858833166,0.15,0,1.0,1.0
2021-04-07,4498.94739132958,4499.33103476845,4518.751055599182,4468.508091080573,228738.0,10063871090.0,313819.0,-0.3162391428225755,14,uptrend_crowded_chase,0.25,0.001431875680837802,-0.01685293316122627,0.25,0.45,-0.031198468736238993,-1.187919855890819,-1.4269023823774631,0.011166763265551771,-0.780061168679784,0.6134778069566518,0.25,0,1.0,1.0
2021-04-08,4495.065688767521,4528.7723616,4538.938764952105,4481.269525998526,221897.0,9798737510.0,312500.0,-0.3423911589327236,14,uptrend_crowded_chase,0.35,0.006543489821940973,0.027345747251480645,0.35,0.5166666666666667,-0.013552547943076476,-0.8317143582193629,-1.1556683563919432,0.012733967254031923,-0.5390155345760924,0.8237118516461069,0.35,0,1.0,1.0
2021-04-09,4522.105166169919,4393.968565755137,4526.877684837997,4363.626725075643,485672.0,21137493320.0,359067.0,0.302024498333953,14,uptrend_crowded_chase,6.185497091421782,-0.02976607899038608,-0.019935331439607684,0.0,0.16666666666666666,0.17045629429409104,3.67338330499057,1.3366702892666882,0.03715342003915723,3.6875572835957353,0.18586010595994892,6.185497091421782,0,1.0,1.0
2021-04-12,4459.959465396052,4496.959855502566,4513.762374764709,4438.675371158872,401712.0,17734625610.0,316407.0,0.2387060544160534,14,uptrend_crowded_chase,0.6877590609578255,0.023439241361465912,0.0039014048783978517,0.3,0.4166666666666667,0.01924167191704207,0.10008698306855739,0.5753441557785363,0.016697281278586426,-0.07020866941431526,0.7762259984384677,0.6877590609578255,0,1.0,1.0
2021-04-13,4498.2025026927695,4510.236112741235,4531.160050173489,4447.732612980992,318685.0,14202909750.0,298205.0,0.066421984648821,14,uptrend_crowded_chase,0.6973438958780295,0.002952273906208891,0.003859057100551677,0.45,0.45,-0.028284513436300784,-2.014813144738936,0.06866614562991682,0.018497354707621275,0.42602164612614213,0.7491959703379711,0.6973438958780295,0,1.0,1.0
2021-04-14,4494.215849608077,4551.104255901807,4569.468698009223,4485.8944001594255,237428.0,10765426970.0,284828.0,-0.1820210696936829,14,uptrend_crowded_chase,0.7980337275377624,0.00906119815881068,0.011506870851084372,0.55,0.6,-0.09693089727379167,-3.986032141009073,-0.628296510338008,0.018363520840336597,0.4960674550755246,0.7802620832014511,0.7980337275377624,0,1.0,1.0
2021-04-15,4559.316435274683,4656.463884153796,4668.843319725303,4554.945088046114,303166.0,14179054800.0,290385.0,0.0430728815531817,14,uptrend_crowded_chase,1.584101297659773,0.02315034381279224,0.028195615137671215,0.9,0.9,-0.07339684045243366,-2.8789562780651288,-0.042825488727097134,0.024460241615272015,1.368202595319546,0.8913114331188601,1.584101297659773,0,1.0,1.0
2021-04-16,4666.4993106728525,4737.102866167914,4744.751368348646,4648.657919464942,281062.0,13450688200.0,300750.0,-0.067704069289198,14,uptrend_crowded_chase,1.271956464543967,0.017317643606887367,0.07809211542545635,1.0,1.0,-0.17722964574683076,-0.7867305077222551,-0.18607377841860642,0.020285278069428692,0.5439129290879339,0.92040558155022,1.271956464543967,0,1.0,1.0
2021-04-19,4732.879349663561,4723.935482678425,4743.114760184295,4703.362213435565,193487.0,9306132730.0,297548.0,-0.4303652297584752,14,uptrend_crowded_chase,0.9,-0.0027796279416961722,0.05047312728356412,0.9,0.9333333333333333,-0.06145380303370551,-0.9662462334774692,-1.2315885843669583,0.008415133291827052,-1.9143906427198853,0.5175333639100037,0.9,0,1.0,1.0
2021-04-20,4740.470968893944,4747.06587228104,4817.252206693345,4713.043091890686,329742.0,16034458460.0,298092.0,0.1009083668075725,14,uptrend_crowded_chase,1.8381567034009572,0.0048964236889834645,0.052509392772314145,1.0,1.0,-0.00037900576844407396,-0.41458081236192285,0.9716083284195438,0.021952321203536445,0.7047050783823703,0.3264856481583531,1.8381567034009572,0,1.0,1.0
2021-04-21,4765.733485887103,4785.210719544327,4788.430746561887,4739.005944837138,240821.0,11681325000.0,309696.0,-0.251537252236372,14,uptrend_crowded_chase,1.61682554369207,0.00803545775212866,0.05143948599703774,1.0,1.0,0.08370568185885396,0.61682554369207,-0.5761563052251233,0.010328657319704336,-1.1855860776989062,0.9348499760202881,1.61682554369207,0,1.0,1.0
2021-04-22,4781.98497866601,4767.283050988346,4822.9130306660445,4727.694503631407,353675.0,17287304040.0,300755.0,0.1620824325244983,14,uptrend_crowded_chase,1.4768015356808823,-0.0037464742112104377,0.02379899631814464,0.95,0.9833333333333333,0.035088351096476345,0.08937647842213353,0.6490683985131406,0.01997333198306667,0.2257817160043573,0.4157651729115472,1.4768015356808823,0,1.0,1.0
2021-04-23,4766.727650706888,4813.231495970771,4843.681816463473,4746.068224274034,262729.0,12855524610.0,307379.0,-0.1569584311908125,14,uptrend_crowded_chase,2.0768516125289684,0.009638287571974269,0.016070714939834474,1.0,1.0,0.021802159016985456,0.9427351300273631,-0.5900979249804861,0.020280261248841466,0.2682329650032106,0.68805245448188,2.0768516125289684,0,1.0,1.0
2021-04-26,4838.221950424532,4788.003756749604,4862.377979869042,4743.042894302354,280220.0,13747836560.0,290943.0,-0.0375523627534816,14,uptrend_crowded_chase,2.0193400202822938,-0.005241330952455936,0.013562478638013298,0.95,0.9833333333333333,-0.022448184812301264,-1.1994559840006738,-0.17560220376292277,0.02492376606815776,2.138680040564588,0.376761471563399,2.0193400202822938,0,1.0,1.0
2021-04-27,4774.92247907738,4733.067460567051,4776.986779031743,4715.028513997688,265144.0,12861978080.0,286182.0,-0.076354897436366,14,uptrend_crowded_chase,0.7,-0.011473737067375867,-0.0029488555858743215,0.7,0.8833333333333333,-0.04077419162917728,-1.6660110257838132,-0.2735147435445009,0.01309050960085668,-2.6448451240641684,0.29114673497471666,0.7,0,1.0,1.0
2021-04-28,4712.710908251166,4732.483350385181,4758.755280522843,4708.521668847664,176534.0,8535901620.0,280517.0,-0.4631208368042806,14,uptrend_crowded_chase,0.65,-0.0001234104915546208,-0.011018818658035223,0.65,0.8666666666666667,-0.09895684198396815,-1.659912447136091,-2.5453697566410898,0.0106146409730297,-2.083420283839834,0.47700495223115813,0.65,0,1.0,1.0
2021-04-29,4742.006244069556,4797.864293879394,4804.337853577663,4728.505843620818,210765.0,10304197250.0,283436.0,-0.2962425793970433,14,uptrend_crowded_chase,0.95,0.013815356262984135,0.006414815852964217,0.95,0.9833333333333333,-0.059309631697042065,-1.3728256581570537,-1.506912965047181,0.01580536782867806,-0.6384734887554656,0.9146328878536494,0.95,0,1.0,1.0
2021-04-30,4812.063211004639,4797.1386918009775,4819.457796953669,4774.566391701971,167360.0,8183121160.0,267788.0,-0.470048441817163,14,uptrend_crowded_chase,0.9,-0.00015123438971409442,-0.003343451106240125,0.9,0.9666666666666667,-0.13788589117805117,-2.6092230207257425,-1.955502985222309,0.00935795442571289,-1.2986842135510805,0.5028200826516331,0.9,0,1.0,1.0
2021-05-06,4800.073944253446,4698.198088287555,4802.466301592812,4683.584318107508,354198.0,17058214280.0,272949.0,0.2605711142590162,14,uptrend_crowded_chase,1.6653687854939077,-0.02062492036816166,-0.01875639055952083,0.45,0.75,-0.06384240715017775,-1.5557764050194163,1.051203456835647,0.025303740125745766,1.3795341141521684,0.12292670219330323,1.6653687854939077,0,1.0,1.0
2021-05-07,4692.63631240843,4752.320457186399,4784.914239779341,4687.976808949223,294036.0,14297752470.000002,262475.0,0.1135463694210041,14,uptrend_crowded_chase,1.0057512754207598,0.01151981416742931,0.004067762984523604,0.7,0.9,-0.08647213266173104,-1.7280655030561907,0.32552814018200343,0.020397915440136395,0.28597441065951645,0.6637647365540107,1.0057512754207598,0,1.0,1.0
2021-05-10,4763.711888569581,4788.707902128787,4835.972265295863,4748.572449401075,263326.0,12969602960.0,283025.0,-0.072142424660247,14,uptrend_crowded_chase,0.8706270949667306,0.007656774258007815,0.01188055986272607,0.85,0.95,0.00890090377728825,-0.08721394947897733,-0.009339805583792937,0.018251231372023117,0.04125418993346121,0.4592166735914839,0.8706270949667306,0,1.0,1.0
2021-05-11,4753.301440171322,4695.628668563364,4755.4543303292585,4666.376766125254,345419.0,16715901130.0,265022.0,0.2649453314769666,14,uptrend_crowded_chase,0.8427496980429796,-0.019437233480882332,-0.021308569616370954,0.3,0.7,-0.06717350671518574,-1.4040362723705102,1.0854993960859591,0.01897031696743129,-0.02100234769625455,0.3283868693481288,0.8427496980429796,0,1.0,1.0
2021-05-12,4687.156972428222,4683.88632574055,4719.360930107003,4674.563232135186,215322.0,10344682340.000002,275876.0,-0.2478169072499622,14,uptrend_crowded_chase,0.25,-0.002500696637582789,-0.023608315985108486,0.25,0.6833333333333333,0.0297558667066955,-0.44654362478390547,-0.829335648002083,0.00956421545194825,-1.4657846377150545,0.20811546189783087,0.25,0,1.0,1.0
2021-05-13,4657.942675571339,4650.127629512218,4701.523338182949,4626.087023031971,299179.0,14316861160.0,278854.0,0.0703537091089035,14,uptrend_crowded_chase,0.412731248511549,-0.007207411512702433,-0.010231679863642817,0.15,0.6,0.02140338281601828,0.06825509941127805,0.38895229820054195,0.016222418213259187,-0.1050209624474082,0.3186874442651698,0.412731248511549,0,1.0,1.0
2021-05-14,4644.610922870047,4669.200840531503,4683.8409769077925,4631.180621538483,234841.0,11257601740.0,279585.0,-0.174397671446596,14,uptrend_crowded_chase,0.4572376931328493,0.004101653231673996,-0.017490322339101416,0.2,0.6666666666666666,0.06315052145087208,0.2572376931328493,-0.36927168227541035,0.011278237361774095,-0.8702893046282535,0.7219894117003607,0.4572376931328493,0,1.0,1.0
2021-05-17,4686.349767574913,4630.9400783299,4697.3605628262885,4581.173256441107,369932.0,17558386470.0,284438.0,0.2628039013334452,14,uptrend_crowded_chase,2.418901693043697,-0.00819428495546315,-0.03294580229643007,0.05,0.5333333333333333,0.004980070666558589,0.9375960660831614,1.5201699580147188,0.02508935646325259,1.342441295906353,0.42833269345109887,2.418901693043697,0,1.0,1.0
2021-05-18,4613.402240154668,4601.666578265781,4632.998498992973,4581.426185130497,222216.0,10370456060.0,290344.0,-0.2674165450756859,14,uptrend_crowded_chase,1.4734628542098474,-0.006321286729902176,-0.02001054532413249,0.0,0.45,0.0912535854812706,1.4734628542098474,-0.6631037980921899,0.011207312173823607,-0.8918846718038345,0.3924662598862161,1.4734628542098474,0,1.0,1.0
2021-05-19,4598.746003247523,4580.426471129615,4610.808556402963,4568.255412701808,198689.0,9304853460.0,298801.0,-0.4080370117868707,14,uptrend_crowded_chase,2.211864308990248,-0.004615742313118898,-0.02208846402662812,0.0,0.3333333333333333,0.07982631057285872,2.211864308990248,-1.0300102048462798,0.00929021434343878,-0.8942059699752066,0.28602019426066144,2.211864308990248,0,1.0,1.0
2021-05-20,4556.9750997643,4615.284852777214,4652.129010706696,4551.258833766174,263362.0,12457956380.0,285214.0,-0.0797102640668444,14,uptrend_crowded_chase,1.0548854594805803,0.007610291720064,-0.007492864607386851,0.1,0.5166666666666667,0.02255142833198498,0.6950133026909682,-0.16825406046032854,0.02185567741930914,0.5197443135792245,0.6347368563534179,1.0548854594805803,0,1.0,1.0
2021-05-21,4621.224097660797,4564.542715287898,4641.33910697158,4557.37044769038,246206.0,11587266710.0,295070.0,-0.1810440324430928,14,uptrend_crowded_chase,2.0106334393584318,-0.010994367435150143,-0.022414569177472088,0.0,0.26666666666666666,0.053906255475158815,1.9367257473524129,-0.3052415269542333,0.018395853542999076,0.14781538401203753,0.08541600710211403,2.0106334393584318,0,1.0,1.0
2021-05-24,4579.955033536657,4598.747414916423,4641.237296275587,4551.256411121951,241139.0,11347207910.0,285484.0,-0.1688124547821279,14,uptrend_crowded_chase,0.4543711058822649,0.007493565459243845,-0.006951647585361709,0.1,0.45,0.0036706818633973626,0.20582191473350137,-0.2467928441058161,0.01956638993952479,0.2970983822975271,0.5277899157513755,0.4543711058822649,0,1.0,1.0
2021-05-25,4599.209288802012,4613.848659112504,4623.102386956859,4566.988810663854,233636.0,10986159810.0,282052.0,-0.1883271024327167,14,uptrend_crowded_chase,0.2,0.0032837733481727582,0.0026473193221474567,0.2,0.5166666666666667,-0.02897497578737429,-0.326941072110659,-0.26263853655099506,0.012161988924838076,-0.6564354018242878,0.8350893231963077,0.2,0,1.0,1.0
2021-05-26,4605.557754739464,4671.363257842172,4686.288192274034,4584.258805041578,304165.0,14497442900.0,284360.0,0.0673292762601875,14,uptrend_crowded_chase,2.0166344101083755,0.012465644839926737,0.019853344941946238,0.45,0.6833333333333333,-0.04953675891199438,-0.058464049470662575,1.9648894582647796,0.02184145860657956,1.1683793619519713,0.8537192583754482,2.0166344101083755,0,1.0,1.0
2021-05-27,4666.06254511396,4636.576339008235,4672.664918702171,4621.1798093121615,201447.0,9599057050.0,271899.0,-0.2999043543152264,14,uptrend_crowded_chase,0.35,-0.007446845152865755,0.004613255066631128,0.35,0.5666666666666667,-0.04780910188546095,-2.20952050234447,-1.5106969308531317,0.01110412201280016,-0.8634947401896041,0.2990482078894215,0.35,0,1.0,1.0
2021-05-28,4645.772057719699,4636.238089001316,4662.338138426219,4589.508607906254,250519.0,11918186270.0,267232.0,-0.0645824290188433,14,uptrend_crowded_chase,0.5883138046333681,-7.295253699857174e-05,0.015707022189384023,0.35,0.5666666666666667,-0.09909542135621763,-3.0331387542254973,0.40810715249987156,0.01570875548707065,0.06852045676686463,0.6416282071494634,0.5883138046333681,0,1.0,1.0
2021-05-31,4651.798060794501,4593.555545395742,4683.3196063482255,4571.162009083622,339853.0,16074849090.000002,295281.0,0.1405857258454473,14,uptrend_crowded_chase,3.6118773544503044,-0.009206288112517669,-0.001128974708165198,0.1,0.38333333333333336,0.033741459837973053,1.6783674596594913,2.6422412309802676,0.024416292816361432,1.024778558601359,0.19966134134711294,3.6118773544503044,0,1.0,1.0
2021-06-01,4589.4937662915,4564.186213878982,4607.3887500239725,4537.540869716516,303477.0,14173720370.000002,310138.0,-0.0217115346237792,14,uptrend_crowded_chase,3.081453912166289,-0.006393594510073597,-0.010763778550784697,0.0,0.23333333333333334,0.09492590861245631,2.209812194902425,1.743283434527728,0.015303468577828879,-0.24336942124654895,0.38147677560405024,3.081453912166289,0,1.0,1.0
2021-06-02,4562.663051439879,4519.461634342421,4571.178279083514,4512.633962621133,236557.0,10989579340.0,335352.0,-0.3489915327545153,14,uptrend_crowded_chase,3.2167081169169562,-0.00979902603459959,-0.03251762175522144,0.0,0.16666666666666666,0.16493968538497406,3.2167081169169562,-0.250991883728873,0.012953825300233871,-0.5763624869872772,0.1166239890370175,3.2167081169169562,0,1.0,1.0
2021-06-03,4518.41926601673,4571.256511896812,4594.638822641799,4517.382041812346,246756.0,11535907300.0,307015.0,-0.2184966122010611,14,uptrend_crowded_chase,1.6079415694388568,0.011460408726741367,-0.01408794384810974,0.15,0.3,0.1214659325195111,1.4579415694388569,-0.07266886244392992,0.016900556909985397,-0.02303253382201422,0.6973429323103145,1.6079415694388568,0,1.0,1.0
2021-06-04,4572.4370222320285,4598.343786559651,4635.962914963938,4536.293000093114,317307.0,14994266970.000002,294040.0,0.0761539469807958,14,uptrend_crowded_chase,2.8554809222063473,0.005925564359021029,-0.008173502247773579,0.3,0.4,0.09559861753506915,0.20705148803957188,3.6012577629849254,0.021675176867407327,1.0956011053486252,0.6225628520597928,2.8554809222063473,0,1.0,1.0
2021-06-07,4577.379206291148,4574.32473518234,4587.336682278038,4552.395395595324,195394.0,9170290800.0,296808.0,-0.4180674322142325,14,uptrend_crowded_chase,0.5839045345777081,-0.005223413579366287,-0.004186476036558973,0.2,0.3,0.005158019775763023,0.38390453457770807,-1.2427712068829933,0.007638567155928299,-1.5600716367252994,0.6276053823130952,0.5839045345777081,0,1.0,1.0
2021-06-08,4587.436916021976,4578.399987841289,4644.855530175563,4558.659276731643,255150.0,12086035930.0,296084.0,-0.1487915903388621,14,uptrend_crowded_chase,0.6593811388152828,0.0008908971039167657,0.003114196769423039,0.25,0.3333333333333333,-0.04637416186578136,0.07669589615474443,0.08708840251541668,0.018826719743322676,0.5782820828056601,0.22902052375732218,0.6593811388152828,0,1.0,1.0
2021-06-09,4579.600942655145,4617.912076508954,4637.243911358621,4548.088391902715,225743.0,10693404000.0,307415.0,-0.3088014422061242,14,uptrend_crowded_chase,1.571562410897398,0.008630108503537404,0.02178366587259606,0.65,0.55,-0.0869821001757245,0.6847947526173829,-0.41588698973701016,0.0193064566797265,0.4735353165600301,0.7831672680766795,1.571562410897398,0,1.0,1.0
2021-06-10,4608.999945276562,4602.852337269475,4624.673725582401,4587.76833213399,151660.0,7179821780.0,305121.0,-0.699067245973005,14,uptrend_crowded_chase,1.0952152390628611,-0.003261157637904466,0.006911846948521427,0.55,0.48333333333333334,-0.0061881870826496765,0.545215239062861,-2.253522962177195,0.008017939908605474,-1.7596845240582641,0.40872088673355705,1.0952152390628611,0,1.0,1.0
2021-06-11,4601.550200190782,4617.115440514239,4646.736836831508,4590.746005352844,213667.0,10153141320.0,307561.0,-0.3642547132430495,14,uptrend_crowded_chase,1.4112623790300027,0.0030987531642661104,0.004082264142462488,0.7,0.55,0.0449576290509075,0.7112623790300028,-0.6908765140838206,0.012126799123833113,-0.8871681110898362,0.47095987798365013,1.4112623790300027,0,1.0,1.0
2021-06-15,4586.57007430182,4689.438025643748,4699.158542221183,4569.705264045509,327056.0,15642820030.0,339108.0,-0.0361872306564958,14,uptrend_crowded_chase,5.838008139529045,0.01566401924779548,0.025165089302917387,1.0,0.7333333333333333,0.13323317560625192,3.1478806730688715,1.2189118615989136,0.02760528606365439,2.161343071321433,0.9249110048472959,5.838008139529045,1,0.0,0.0
2021-06-16,4694.027789967223,4668.735239420698,4694.809879044728,4650.575302772721,169767.0,8144810530.0,329086.0,-0.661892206083306,14,uptrend_crowded_chase,3.0117113503228428,-0.00441476912795058,0.019730746946380773,0.9,0.6666666666666666,0.10567591693427048,2.111711350322843,-1.4202850649005454,0.009474637991572133,-1.2452134365459535,0.41053714488656634,3.0117113503228428,0,1.0,1.0
2021-06-17,4663.996039129882,4721.296171301216,4735.686968311747,4651.064277012408,224330.0,10863690050.0,346384.0,-0.4344298042198605,14,uptrend_crowded_chase,3.47382800904238,0.011258066518040621,0.022387627369124585,1.0,0.7666666666666667,0.1193493599745441,2.2682648491095705,-0.15002248452681555,0.017923614242572786,0.41112631986561915,0.8299416292537296,3.47382800904238,0,1.0,1.0
2021-06-18,4691.097617448479,4613.938267537955,4695.408521569044,4589.301993183281,349621.0,16683203600.000002,315701.0,0.1020541475041445,14,uptrend_crowded_chase,2.573266115440679,-0.022739074158457884,0.0024084913997166613,0.55,0.4666666666666667,0.0340871438772794,0.5150447454317931,2.2274202317243375,0.02299695449596511,0.7890225082934345,0.2321843408645445,2.573266115440679,0,1.0,1.0
2021-06-21,4610.859173870056,4581.5961625092805,4621.8603050100655,4575.265573495465,213515.0,10080841340.0,321877.0,-0.4104623971789591,14,uptrend_crowded_chase,1.1434606019390603,-0.007009652742045125,-0.007692958615087675,0.3,0.3,0.04549604343413449,0.8434606019390604,-0.167560239795263,0.010169977855289869,-1.0182603767761398,0.13586491021697775,1.1434606019390603,0,1.0,1.0
2021-06-22,4584.189954675736,4598.867618324601,4603.053929159676,4567.819940189381,138166.0,6522383550.0,321404.0,-0.8442430379715539,14,uptrend_crowded_chase,0.9651495769235288,0.003769746438293975,-0.019313701732248445,0.45,0.38333333333333336,-0.053619741937433574,0.5151495769235287,-2.327117880980953,0.007661448837949215,-0.9546191172131798,0.8811854417447681,0.9651495769235288,0,1.0,1.0
2021-06-23,4602.989523211266,4582.369748817459,4614.700440749273,4578.118143696182,137508.0,6509923300.0,320285.0,-0.8455291271903433,14,uptrend_crowded_chase,0.4043695319469963,-0.003587376475331472,-0.0184986910103635,0.3,0.31666666666666665,-0.027107890360458242,0.10436953194699636,-1.539899037551284,0.007983270460121929,-0.9128989684366086,0.11622028860316584,0.4043695319469963,0,1.0,1.0
2021-06-24,4591.316065780363,4598.398231648303,4634.634009711094,4559.280452375698,285445.0,13518525800.0,312042.0,-0.0890884280798894,14,uptrend_crowded_chase,1.3230761645727038,0.0034978589047687247,-0.026030550762724425,0.45,0.38333333333333336,-0.10441019211081581,-0.554728453840955,0.6838232388474537,0.016386914212165992,1.062329090297954,0.519123192797569,1.3230761645727038,0,1.0,1.0
2021-06-25,4595.941725546743,4573.51971764798,4612.482611134484,4571.448996334326,152751.0,7226530730.0,306426.0,-0.6961671459880826,14,uptrend_crowded_chase,0.15,-0.005410256516953704,-0.008760097674983203,0.15,0.23333333333333334,-0.029819272459869595,-1.1662837909843582,-0.7151253512061909,0.008971999102096414,-0.4413535182510071,0.050464023794605566,0.15,0,1.0,1.0
2021-06-28,4591.082551330686,4646.608770574415,4654.717020879528,4587.139009357848,235188.0,11261187110.0,314529.0,-0.2906910874316201,14,uptrend_crowded_chase,1.2981609627821762,0.015980920043791258,0.014189947293287375,0.85,0.6166666666666667,-0.023093203244586746,-0.504239201163439,0.20781929820536493,0.014543512238351281,0.6885026273589875,0.8800164414054742,1.2981609627821762,0,1.0,1.0
2021-06-29,4647.949741320281,4624.498347382467,4650.284515989957,4615.769253500271,126951.0,6084966520.0,309509.0,-0.8911859856251574,14,uptrend_crowded_chase,0.8,-0.004758400003883834,0.0055732695926575815,0.8,0.55,-0.037711727914887305,-1.0724354913901357,-1.1750216245030174,0.007463568996456131,-0.785469286255842,0.2529053309330765,0.8,0,1.0,1.0
2021-06-30,4625.817405218469,4642.2010430079845,4650.875898743189,4618.416719358918,129295.0,6195939080.0,310640.0,-0.876538070153542,14,uptrend_crowded_chase,0.8,0.0038280250733655485,0.013056845577763543,0.8,0.6,-0.030576538999243397,-1.0158632937358423,-0.9651429527019167,0.006992195961258626,-0.8447142249990078,0.7327456855114322,0.8,0,1.0,1.0
2021-07-01,4655.568889046019,4659.473843419195,4669.185784019487,4629.503335331309,169247.0,8133908160.0,315045.0,-0.6213562993885835,14,uptrend_crowded_chase,0.85,0.0037208212766284277,0.01328193181498305,0.85,0.65,0.009577691631120544,-0.008688771845323457,-0.16201143000988963,0.00851650852042518,-0.3035445207131565,0.755258535666286,0.85,0,1.0,1.0
2021-07-02,4646.477787083449,4541.801977343696,4653.428074859575,4528.5123102429,451662.0,21324805940.0,329533.0,0.3152576118162151,14,uptrend_crowded_chase,8.255726020196626,-0.025254324850796706,-0.0069350833192853845,0.0,0.13333333333333333,0.07270021000957527,2.0469800418293587,3.0671051644665543,0.027503569120759606,9.35038679226798,0.10638903057254745,8.255726020196626,0,1.0,1.0
2021-07-05,4542.6385049586925,4518.48399990412,4556.423135510235,4515.298245981998,212926.0,9951757200.0,333748.0,-0.4494415296816505,14,uptrend_crowded_chase,2.811508790332526,-0.0051340806041073606,-0.027573823619856053,0.0,0.08333333333333333,0.059309935440797545,2.305465619167185,0.8340308870529709,0.00910147950708902,0.17805545527771127,0.07746534905423855,2.811508790332526,0,1.0,1.0
2021-07-06,4512.950895120831,4530.944905666996,4540.824564404868,4498.771116320967,202681.0,9468124110.0,342086.0,-0.5234288529581768,14,uptrend_crowded_chase,3.825182683521227,0.0027577625068808675,-0.02022996543363953,0.05,0.11666666666666667,0.10007499657784713,3.278097361714253,0.6875980317155271,0.00928138588295432,0.30657261189842044,0.7650689970020788,3.825182683521227,0,1.0,1.0
2021-07-07,4527.625905591867,4487.724191507293,4543.170031469098,4467.949775148692,357476.0,16524258430.000002,364289.0,-0.0188792816509074,14,uptrend_crowded_chase,8.56677556299257,-0.009539006776631997,-0.033276639695164145,0.0,0.016666666666666666,0.15931282324091356,5.7567974073113195,1.6527805570968939,0.016761336728927018,3.967175754265607,0.26288685157319763,8.56677556299257,0,1.0,1.0
2021-07-08,4490.785855244303,4504.119468337678,4525.286339413843,4482.297582648317,191769.0,8850940830.0,359702.0,-0.6289843881833042,14,uptrend_crowded_chase,4.21588307051958,0.0036533610647044856,-0.03334161330274055,0.05,0.05,0.13256042510978716,4.1052736929963265,-0.17259785295554078,0.009544319831594456,0.12121875504650861,0.5076184409887505,4.21588307051958,0,1.0,1.0
2021-07-09,4504.446379534616,4471.499938306978,4512.804647460786,4465.474678896087,208732.0,9618520260.0,364709.0,-0.5580486428592802,14,uptrend_crowded_chase,2.6575579990558986,-0.00724215471192613,-0.015478886879571774,0.0,0.0,0.10142327465474743,2.177199802276747,0.17844275656892858,0.010584808054949725,0.7822736369893739,0.12730326247004012,2.6575579990558986,0,1.0,1.0
2021-07-12,4482.487481486129,4493.892554191505,4519.530641072075,4458.76689350735,230994.0,10631201290.0,355314.0,-0.4306101694133393,14,uptrend_crowded_chase,2.0118747519619324,0.005007853336347123,-0.005442410709684098,0.1,0.03333333333333333,0.06261568838468712,0.7861311068772403,0.4757941442812531,0.013521406404799374,1.7756931458881309,0.5780693602997344,2.0118747519619324,0,1.0,1.0
2021-07-13,4486.025374859059,4453.151390119629,4495.412514623141,4444.09205005011,260113.0,11877581560.0,361120.0,-0.3280941610869927,14,uptrend_crowded_chase,1.6420327523923834,-0.00906589634277677,-0.017169380155134806,0.0,0.0,0.0541481456295827,0.6765861537583201,1.0182397016305966,0.011524527256562115,0.9126534956375298,0.1765249037569998,1.6420327523923834,0,1.0,1.0
2021-07-14,4470.716248458564,4490.811849184756,4507.39524279024,4457.12989128784,191017.0,8765321130.0,342167.0,-0.5829364926530239,14,uptrend_crowded_chase,0.4030149814195362,0.008457035426346904,0.0006880230481425276,0.15,0.05,-0.06264858668980011,-0.288604985928418,-0.4365048875473572,0.011192931966527457,0.5060299628390724,0.6700830072840085,0.4030149814195362,0,1.0,1.0
2021-07-15,4499.622433303192,4504.210742222183,4531.894361025332,4477.939389152648,189559.0,8761168670.0,332259.0,-0.5612144635516768,14,uptrend_crowded_chase,0.5165433596167248,0.002983623782826683,2.026453453263244e-05,0.3,0.1,-0.0793611256125697,-0.8254959436780189,-0.7416576844180328,0.011978784954911961,0.4330867192334496,0.48691255240624165,0.5165433596167248,0,1.0,1.0
2021-07-16,4505.454408284111,4502.278390365464,4528.058032979941,4487.720578171583,150808.0,6985489220.0,333467.0,-0.7935364053704035,14,uptrend_crowded_chase,0.25,-0.00042901009018203595,0.006883250024182885,0.25,0.08333333333333333,-0.08955586539251215,-0.7633877512757035,-2.337289231273611,0.008959342650751568,-0.8316890210806249,0.36090061366152626,0.25,0,1.0,1.0
2021-07-19,4477.788132570387,4471.285020523251,4502.826963469628,4436.207552108406,255366.0,11701164720.0,320612.0,-0.2275338590680504,14,uptrend_crowded_chase,1.9040584504113243,-0.006883930124919946,-0.005030724120710928,0.05,0.016666666666666666,-0.10277023627776316,-1.4361704264072381,1.8754434356130396,0.014899388219591903,1.832673465209609,0.5265352499836503,1.9040584504113243,0,1.0,1.0
2021-07-20,4468.62405299792,4505.88343893936,4520.315785483697,4464.204381468137,168311.0,7783142070.0,314376.0,-0.6247762632254105,14,uptrend_crowded_chase,0.6396371412077808,0.007737913878739899,0.01184151271765188,0.45,0.15,-0.13862059130576831,-1.7715798205177236,-1.3683426701778318,0.012452919560823776,0.3792742824155616,0.7427912062165563,0.6396371412077808,0,1.0,1.0
2021-07-21,4519.415426940449,4481.348106276522,4545.00302495345,4467.116513061716,182110.0,8429020700.0,315780.0,-0.5504348684860143,14,uptrend_crowded_chase,1.4427775993505592,-0.005445176954824382,-0.0021073568045278934,0.15,0.05,-0.08025315338078265,-1.5122725399085308,-0.40080380523325376,0.017380152142755186,2.5855551987011185,0.18272217960650794,1.4427775993505592,0,1.0,1.0
2021-07-22,4490.643819951416,4452.925977374092,4497.094307854144,4449.5853767634935,191925.0,8812584180.0,334749.0,-0.5562763265488995,14,uptrend_crowded_chase,0.00870446784936248,-0.006342316693189298,-0.011385960334260314,0.0,0.0,0.007466212000263539,-0.10600580760266089,0.01740893569872496,0.010669149079066154,-0.49726990159207435,0.07031521303278114,0.00870446784936248,0,1.0,1.0
2021-07-23,4455.9228159732165,4402.443617625173,4472.790771595961,4399.004211876198,235313.0,10682596800.0,339991.0,-0.368002603845667,14,uptrend_crowded_chase,2.3891864308628574,-0.011336896235290439,-0.022174278017532134,0.0,0.0,0.019375236736605572,0.24116094869784008,1.2922321717210299,0.01676036449947002,3.0038187926090045,0.04661290297363067,2.3891864308628574,0,1.0,1.0
2021-07-26,4425.230036665063,4480.312714627977,4488.024439447819,4421.948032427813,290087.0,13333473490.0,300520.0,-0.0353334295114421,14,uptrend_crowded_chase,1.733970088785394,0.017687698870476165,0.002019037941730195,0.25,0.08333333333333333,-0.06471736179310383,-2.1965287477625535,1.7702754962927596,0.014748168538385691,1.197664681278028,0.8832907967058939,1.733970088785394,0,1.0,1.0
2021-07-27,4488.137834551904,4469.982344803206,4499.787295771364,4464.850171078094,156436.0,7226367840.0,294191.0,-0.6315822356127957,14,uptrend_crowded_chase,0.15,-0.0023057251765133957,-0.007967603827897629,0.15,0.05,-0.06636050549844619,-2.560418457688388,-0.8135139904215895,0.00781594243518398,-1.4551038780502437,0.14689742702553982,0.15,0,1.0,1.0
2021-07-28,4470.923988073634,4424.792358340255,4485.707874050327,4408.269006553815,237249.0,10831119240.0,293732.0,-0.2135575644671015,14,uptrend_crowded_chase,1.2004407015222054,-0.010109656588574323,-0.012620253235194001,0.05,0.016666666666666666,-0.07237798160860542,-2.0165656868298045,0.9339442214205183,0.017501130273502506,1.3669371816238924,0.2133728490694199,1.2004407015222054,0,1.0,1.0
2021-07-29,4439.13270300942,4431.169887467925,4462.614767910591,4420.07870503597,177469.0,8125057220.0,289162.0,-0.4881911389187217,14,uptrend_crowded_chase,0.1,0.0014413171537075442,-0.004885796444116242,0.1,0.03333333333333333,-0.14639391256871015,-1.321409430991803,-0.23825044271432297,0.009599285054477198,-0.8861325799932063,0.26074774397073625,0.1,0,1.0,1.0
2021-07-30,4438.517010581276,4404.329207423961,4442.486072152637,4401.1434986099175,159151.0,7218898240.0,298924.0,-0.6303359233904954,14,uptrend_crowded_chase,0.05,-0.006057244638684289,0.00042830526920067946,0.05,0.016666666666666666,-0.12872978619230402,-0.6052951770347307,-0.5525652330159877,0.009386803664229226,-0.8191247837192944,0.07705637412125386,0.05,0,1.0,1.0
2021-08-02,4412.472801032638,4415.727622024021,4437.47190585553,4380.127957764183,214399.0,9754449500.0,295659.0,-0.3213679981971482,14,uptrend_crowded_chase,0.3723711017092931,0.0025880024092765908,-0.014415309090610728,0.1,0.03333333333333333,-0.016307544297147203,-0.6093026934646913,0.5447422034185863,0.012986296483808713,-0.11940588609327195,0.6208094392651333,0.3723711017092931,0,1.0,1.0
2021-08-03,4420.886018536778,4411.8730087691565,4437.643050697817,4409.430551693873,177236.0,8126103320.0,297178.0,-0.5168491080699578,14,uptrend_crowded_chase,0.1,-0.0008729282203999711,-0.012999902807582009,0.1,0.03333333333333333,0.010102069612553777,-0.20507241356641048,-0.24163172301956662,0.00639467612686672,-1.3221831528933845,0.08657358126772467,0.1,0,1.0,1.0
2021-08-04,4413.732694891913,4409.412922675958,4450.631858600078,4408.484764084697,220912.0,10151581780.0,296208.0,-0.2932974780730242,14,uptrend_crowded_chase,0.4777937381110362,-0.0005576058259857408,-0.003475741779229269,0.1,0.03333333333333333,0.008394123261684427,-0.302695211449077,0.7555874762220723,0.00955843674758466,-0.4415933460214778,0.02202188791262206,0.4777937381110362,0,1.0,1.0
2021-08-05,4401.842010996053,4372.046515851448,4405.413232367525,4367.137488884239,185061.0,8408289520.0,302843.0,-0.4925290189479925,14,uptrend_crowded_chase,1.4964320975593988,-0.008474236248628086,-0.01334260999193182,0.0,0.0,0.046227434712996285,1.4964320975593988,-0.4368486191156834,0.008754651476033415,-0.35993830753217304,0.1282542550571869,1.4964320975593988,0,1.0,1.0
2021-08-06,4372.336937802876,4369.896277418647,4391.5846015726165,4364.573858355639,143547.0,6497013760.0,300571.0,-0.7390214912386524,14,uptrend_crowded_chase,0.9472091845607639,-0.0004918150859112291,-0.007817973721690463,0.0,0.0,0.00549463846644116,0.9472091845607639,-1.559182281037447,0.0061810948137500325,-0.9265065703798906,0.19704822707960795,0.9472091845607639,0,1.0,1.0
2021-08-09,4382.704559865877,4351.702945588125,4389.084501103863,4345.929822544676,208481.0,9467096610.0,307341.0,-0.3881099703592002,14,uptrend_crowded_chase,2.934797293398189,-0.0041633326457966024,-0.01449923589411739,0.0,0.0,0.03875111714359569,2.571708591995186,0.5996412823629875,0.009916733540587303,0.12653612044301873,0.13377745440811306,2.934797293398189,0,1.0,1.0
2021-08-10,4348.502576787627,4323.3797385983735,4353.1198222371295,4320.06469016718,135269.0,6040038500.0,324252.0,-0.8742556028061018,14,uptrend_crowded_chase,6.478223148891563,-0.006508534094328722,-0.020057982175572975,0.0,0.0,0.08718970538015114,6.478223148891563,-1.3737553778951146,0.007645669376399961,-1.0378483294343028,0.10028846425960429,6.478223148891563,0,1.0,1.0
2021-08-11,4320.674952671756,4292.317744467659,4329.567401526718,4283.564259372342,241653.0,10712422530.0,346508.0,-0.3604030935232035,14,uptrend_crowded_chase,9.789048151068481,-0.007184655526184303,-0.026555729812946738,0.0,0.0,0.1568439961397008,8.829346375303526,1.2595040729271858,0.010717552821821855,0.6598994786027241,0.19028015664544118,9.789048151068481,0,1.0,1.0
2021-08-12,4290.956195441911,4260.79422967895,4304.806360239463,4250.049984367673,218013.0,9562660820.0,351003.0,-0.4762400763992537,14,uptrend_crowded_chase,9.882150444770708,-0.007344170833890384,-0.025446272305003625,0.0,0.0,0.14758025103074068,8.316745114824368,0.808911101927009,0.012851213393592234,2.321899557965673,0.19621907294292595,9.882150444770708,0,1.0,1.0
2021-08-13,4252.015402397187,4259.914960141158,4281.965794284614,4238.675014235248,140298.0,6127772580.0,347978.0,-0.908370527545992,14,uptrend_crowded_chase,5.36844229493666,-0.0002063628258944794,-0.025167946856270884,0.0,0.0,0.14645526043954682,5.216997213770609,-2.046703259008757,0.010162357806300275,0.30289016233210114,0.49063440025079624,5.36844229493666,0,1.0,1.0
2021-08-16,4248.811817732631,4245.595867293762,4277.988100487335,4236.050234987245,151087.0,6598371310.0,346359.0,-0.8296199795665279,14,uptrend_crowded_chase,2.8413240944150666,-0.0033613565015676583,-0.024382886336930865,0.0,0.0,0.11951792905860437,2.8105298080363506,-1.5960785393339962,0.00987796926767366,0.061588572757432014,0.22761368974529203,2.8413240944150666,0,1.0,1.0
2021-08-17,4242.396961090925,4226.800001167093,4256.940562893118,4221.165589949218,144067.0,6244223370.0,342732.0,-0.8666703315063738,14,uptrend_crowded_chase,0.8937285745186035,-0.004427144437242458,-0.022338943898227104,0.0,0.0,0.0554278093942937,0.8937285745186035,-0.8034701345009224,0.008463843317408452,-0.862044362390016,0.15749589040110276,0.8937285745186035,0,1.0,1.0
2021-08-18,4241.457040408624,4242.992215604705,4250.845798170552,4226.277814934065,128490.0,5562370590.0,334130.0,-0.9556790585111362,14,uptrend_crowded_chase,0.08277685033776044,0.0038308447130550594,-0.01149158375484427,0.05,0.016666666666666666,-0.03637576757999561,0.032776850337760434,-0.9170104259220462,0.005790249424953574,-2.6994412113796233,0.6803326308777591,0.08277685033776044,0,1.0,1.0
2021-08-19,4237.806862205873,4257.126711677736,4272.624725685485,4216.209469796016,201390.0,8733224900.0,326142.0,-0.4820895427313653,14,uptrend_crowded_chase,2.2606113681793607,0.0033312566591681136,-0.0008607592395959429,0.15,0.05,-0.07346190108775197,-0.7724187733835969,1.8655006655918391,0.013251956004672468,2.3557220707668822,0.7252868259941441,2.2606113681793607,0,1.0,1.0
2021-08-20,4254.547278997959,4227.507081565356,4264.665275282841,4226.089868517653,141564.0,6126422540.0,327823.0,-0.8397219169351879,14,uptrend_crowded_chase,0.05,-0.006957657621778135,-0.007607635100473464,0.05,0.016666666666666666,-0.0596654308024096,-0.6648235632100963,-0.24768478233281888,0.009124859171354738,-0.28277448728658344,0.03673877131951721,0.05,0,1.0,1.0
2021-08-23,4210.983688962774,4231.391471460945,4263.40990683594,4158.207692528158,388171.0,16658797430.0,319492.0,0.1947137298030223,14,uptrend_crowded_chase,7.47843722678491,0.0009188369932073837,-0.0033456777980782615,0.1,0.03333333333333333,-0.0807435750255383,-1.3001866683366923,5.799434389071006,0.024862321299584114,8.957440064498815,0.6956486554425398,7.47843722678491,0,1.0,1.0
2021-08-24,4223.977075577008,4248.116964129858,4259.415243837284,4219.0219698786,236518.0,10315562030.0,303623.0,-0.2497624852554238,14,uptrend_crowded_chase,1.6646912120079969,0.003952716921069799,0.005043286400321589,0.25,0.08333333333333333,-0.12116200042423841,-2.452016936236385,2.8293824240159937,0.009508512665671683,-0.17558894991492469,0.7202930438621526,1.6646912120079969,0,1.0,1.0
2021-08-25,4248.866111609687,4220.231030988799,4264.975976075101,4216.318025099509,190543.0,8300320070.0,289169.0,-0.4171334014044108,14,uptrend_crowded_chase,0.5504605034446901,-0.006564304461605497,-0.005364418188700926,0.0,0.0,-0.14451884652191183,-3.5547871317501385,0.27032000014640767,0.011529688924208371,0.8306010067429727,0.08041863273799923,0.5504605034446901,0,1.0,1.0
2021-08-26,4224.926029595047,4201.7280783306,4237.177825060078,4198.765104443127,136349.0,5931467880.0,287193.0,-0.7449366884200203,14,uptrend_crowded_chase,0.0,-0.004384345909580256,-0.013013151146094026,0.0,0.0,-0.12717840573215256,-2.3698440777377954,-0.7945667680060078,0.009142124359511936,-0.38633994490212836,0.07713522603669071,0.0,0,1.0,1.0
2021-08-27,4194.156065639997,4205.780879652074,4237.241657437783,4187.908682811988,134078.0,5807914690.0,282589.0,-0.7455718250635238,14,uptrend_crowded_chase,0.8140766083173581,0.0009645558317721292,-0.005139246722500435,0.05,0.016666666666666666,-0.14848028336462882,-1.8814142309853534,-0.594400999407128,0.011729801441742285,1.528153216634716,0.3622768944230867,0.8140766083173581,0,1.0,1.0
2021-08-30,4212.800305125115,4182.598238776834,4236.464961905354,4176.680013063128,201944.0,8747506860.0,280714.0,-0.3293459261921018,14,uptrend_crowded_chase,1.9175163233655685,-0.005512089559253974,-0.01153124994773047,0.0,0.0,-0.12939587694464905,-1.5553356984164022,1.8108012994949931,0.014293734523187147,2.0242313472361437,0.09899190060902664,1.9175163233655685,0,1.0,1.0
2021-08-31,4194.085199487977,4198.82472767578,4212.389998542062,4173.953680531584,130621.0,5617396150.0,267053.0,-0.715147140333376,14,uptrend_crowded_chase,0.05,0.003879523677055907,-0.01160331433204187,0.05,0.016666666666666666,-0.1283396596537525,-1.4357300697233215,-0.816018351315443,0.009154065840646408,-0.5338186418865544,0.6470715310820396,0.05,0,1.0,1.0
2021-09-01,4206.68940139218,4202.371383403269,4228.5865211467735,4196.625219288708,144839.0,6295053430.0,272632.0,-0.6325001197839523,14,uptrend_crowded_chase,0.15,0.0008446782034294831,-0.0042319122944664,0.15,0.05,-0.05888839179717387,-0.8681728062987897,-0.4129437758956437,0.007605539573273527,-1.418271733496447,0.17978504568051226,0.15,0,1.0,1.0
2021-09-02,4209.879009033312,4206.4045894254905,4229.251442949128,4193.7505548804,145942.0,6318456150.0,270840.0,-0.6183189581118477,14,uptrend_crowded_chase,0.25,0.0009597452614851232,0.0011129970830356939,0.25,0.08333333333333333,-0.05862622300053921,-0.7775174327658704,-0.44491001127104185,0.00843972264531429,-1.0122056921040046,0.3564427605470779,0.25,0,1.0,1.0
2021-09-03,4214.359516925144,4207.252135255976,4239.660831947231,4199.50808319078,160033.0,6960502690.0,274206.0,-0.5384996047596646,14,uptrend_crowded_chase,0.698828459485252,0.0002014893747064317,0.0003498174645808483,0.3,0.1,-0.030113896491380743,-0.545240082470704,0.688179486702248,0.009543699180749921,0.10947743226825586,0.1928648051511565,0.698828459485252,0,1.0,1.0
2021-09-06,4208.923657572334,4188.310386223004,4219.723453636463,4177.096525888691,191244.0,8293077160.0,274893.0,-0.362831831376475,14,uptrend_crowded_chase,0.7215796707994961,-0.004502166360376703,0.001365693552207059,0.05,0.016666666666666666,-0.020954426393853254,-0.552145742038568,1.0508873971211188,0.01017759521548091,0.2922719444778733,0.26306986984064007,0.7215796707994961,0,1.0,1.0
2021-09-07,4186.482884813102,4191.137655237457,4208.554932873507,4181.648939153192,105261.0,4549145580.0,271439.0,-0.9472944562482664,14,uptrend_crowded_chase,0.1,0.0006750380830784497,-0.0018307676402055106,0.1,0.03333333333333333,0.01629029583976127,-0.7078006724106174,-1.7472269166527092,0.006419735149164468,-2.411245124577998,0.3526617965832766,0.1,0,1.0,1.0
2021-09-08,4193.439924659434,4169.340750653112,4195.354834352962,4157.168084492827,137337.0,5920292760.0,281728.0,-0.7185043071098116,14,uptrend_crowded_chase,0.9723754885419678,-0.005200713118335809,-0.007859998495279852,0.0,0.0,0.03281916597650181,0.9723754885419678,-0.3784844381394088,0.009158941939239005,-0.09659794522976875,0.31876675037465857,0.9723754885419678,0,1.0,1.0
2021-09-09,4176.372892909383,4212.282549231155,4214.766515725282,4170.7995954300695,155452.0,6744818970.0,275283.0,-0.5714626571293419,14,uptrend_crowded_chase,1.6132428453622003,0.010299421694260902,0.0013973833664124857,0.5,0.16666666666666666,0.016271418807166427,0.10054300549585944,1.0308324189274858,0.01043778991113447,0.9945672608051961,0.9435037415072757,1.6132428453622003,0,1.0,1.0
2021-09-10,4204.790778256419,4190.425265942988,4207.630074111047,4187.7554072288285,99839.0,4347849870.0,275905.0,-1.016497715021869,14,uptrend_crowded_chase,0.4158368330695612,-0.005188940445639556,-0.0039994915379524265,0.15,0.05,0.006176954840301008,0.2658368330695612,-2.8652189330572013,0.004742875870796896,-3.1113600723029005,0.13433476545701215,0.4158368330695612,0,1.0,1.0
2021-09-13,4190.483515967213,4149.711301937347,4204.581480490943,4140.899685555034,186401.0,8051162520.0,291481.0,-0.4470745565193486,14,uptrend_crowded_chase,7.025674713145768,-0.009715950392084616,-0.009215908260434502,0.0,0.0,0.05859289252134303,4.387121893190017,1.6505838545518328,0.01534607839012284,3.6265217853596696,0.1383694726441291,7.025674713145768,0,1.0,1.0
2021-09-14,4149.73633735666,4150.018468532462,4164.250239827871,4147.244543847871,73393.0,3143809540.0,288599.0,-1.3692096181050462,14,uptrend_crowded_chase,3.708673992783395,7.402119635924187e-05,-0.009810984531517408,0.05,0.016666666666666666,0.061300744916522376,3.6586739927833953,-4.540804918611734,0.004097739831508261,-2.9639707970835643,0.16311738654234312,3.708673992783395,0,1.0,1.0
2021-09-15,4152.8483804630805,4182.935370026829,4193.384835401464,4148.9152004924135,142148.0,6153540570.0,270602.0,-0.6437803383390863,14,uptrend_crowded_chase,0.6095771629025114,0.007931748194365928,0.0032606160510118,0.2,0.06666666666666667,-0.04029295977156799,-0.9936509128304059,-0.08830308071786533,0.010631202965195631,0.8191543258050228,0.7650202121963379,0.6095771629025114,0,1.0,1.0
2021-09-16,4192.827217548012,4180.253568987846,4197.151267565148,4168.5567919887935,100735.0,4368760270.0,264851.0,-0.9666740973376418,14,uptrend_crowded_chase,0.15,-0.0006411289684751242,-0.007603711258437507,0.15,0.05,-0.038632255719095454,-1.7691972421681503,-1.3279723727237995,0.00684036867727102,-1.431413429456062,0.4090572309262645,0.15,0,1.0,1.0
2021-09-17,4182.435201704268,4232.468059557238,4257.753149042289,4177.952086297359,221653.0,9715717810.0,273149.0,-0.2089043378911845,14,uptrend_crowded_chase,3.1855302210685643,0.012490747201738372,0.010033061311448987,0.95,0.3333333333333333,-0.010039169724288755,-0.3202489889229273,1.089321633535108,0.018854498515289052,3.3817388086020213,0.6831484617458039,3.1855302210685643,0,1.0,1.0
2021-09-22,4235.03971145572,4256.564762653704,4273.714088442146,4222.414423552244,148410.0,6555739110.0,279760.0,-0.6339533788473936,14,uptrend_crowded_chase,2.0946542789361127,0.0056932982735813376,0.025749613151756057,1.0,0.4,-0.041042730808195316,0.7624958214123797,0.13514697315526752,0.012051893428239402,0.5291699418921977,0.665702966573997,2.0946542789361127,0,1.0,1.0
2021-09-23,4256.511079637452,4254.029479612282,4266.363806096695,4245.871456453056,83178.0,3672868330.0,277005.0,-1.2030526667816517,14,uptrend_crowded_chase,1.1558523959027769,-0.0005956171661397613,0.02506278270048279,0.95,0.4,-0.041002624764356455,0.2058523959027769,-1.22437278360464,0.004817162114613811,-1.0604302250009028,0.39810091576090584,1.1558523959027769,0,1.0,1.0
2021-09-24,4250.851132686084,4243.767267322643,4284.490501343713,4234.791689668196,161550.0,7153296440.0,271148.0,-0.5178501049982108,14,uptrend_crowded_chase,1.2215907729212665,-0.002412351004810964,0.014542872866673884,0.9,0.36666666666666664,0.0020156905763428767,-0.8454422927879564,0.3181960827734961,0.011711012537893258,0.3249854630690368,0.18059944195544597,1.2215907729212665,0,1.0,1.0
2021-09-27,4232.085242500216,4153.543783292729,4234.532042053668,4152.735375975555,206172.0,8942767440.0,242170.0,-0.1609291870045801,14,uptrend_crowded_chase,1.2101913912658988,-0.02126023373728403,-0.006389513280550596,0.1,0.03333333333333333,-0.08952744483310404,-5.577948228897295,0.7678345566216421,0.019693223508834328,1.4525482259101552,0.009883132845561037,1.2101913912658988,0,1.0,1.0
2021-09-28,4149.052297203387,4145.166971306246,4167.406232589387,4142.124197634097,98648.0,4240939590.0,242910.0,-0.9011330457979032,14,uptrend_crowded_chase,0.0,-0.002016786730448916,-0.020626520276711857,0.0,0.0,-0.11732642947676375,-4.958765176385877,-0.7286540975743965,0.006099159606910437,-0.6403524761158211,0.1203531945719359,0.0,0,1.0,1.0
2021-09-29,4145.076778225475,4162.4790836219,4176.553598801113,4134.598347175396,99435.0,4281763210.0,229294.0,-0.8355008585660613,14,uptrend_crowded_chase,0.2,0.004176457169395631,-0.02210366440499012,0.2,0.06666666666666667,-0.19892706982759378,-4.220406004134414,-0.7136875751462253,0.010079390378392164,-0.15662613525310792,0.6645350788317945,0.2,0,1.0,1.0
2021-09-30,4166.140481450312,4159.199941950999,4173.928763615946,4142.096004558704,90241.0,3904656240.0,217058.0,-0.8776807296845867,14,uptrend_crowded_chase,0.2,-0.0007877857413873812,-0.022291697346188855,0.2,0.06666666666666667,-0.24387095763272626,-5.455871219725134,-0.738563492845517,0.007653577491230092,-0.4689922443690996,0.537306155634786,0.2,0,1.0,1.0
2021-10-08,4120.671109285721,4187.539770352121,4219.6083302918505,4091.925927263208,218356.0,9396116900.0,224866.0,-0.0293779108627664,14,uptrend_crowded_chase,3.450101745860449,0.006813769185577634,-0.013249429911832977,0.45,0.16666666666666666,-0.187160128033506,-3.010413124387794,1.6308493866951455,0.0304910305408051,4.369354105025753,0.7488411936252837,3.450101745860449,0,1.0,1.0
2021-10-11,4189.627599738972,4324.085456145497,4327.649523809524,4188.5832915303445,210642.0,9271490610.0,255675.0,-0.1937470966763298,14,uptrend_crowded_chase,3.316930201290381,0.03260761527809786,0.04105931747698377,1.0,0.6166666666666667,0.05426714781966524,0.06635266781493754,1.2600113106518276,0.032160842723756806,3.241143756299059,0.9743714372237258,3.316930201290381,0,1.0,1.0
2021-10-12,4315.763934865011,4309.230753757959,4337.354882604056,4287.500695911958,142185.0,6317252220.0,258518.0,-0.597836297446304,14,uptrend_crowded_chase,1.2309005067977055,-0.003435339689326966,0.03957953529674407,0.95,0.6,0.06227431965328556,0.28090050679770545,-0.16374845383238473,0.011569161537386068,-0.03302737714233305,0.4358722764891717,1.2309005067977055,0,1.0,1.0
2021-10-13,4323.290986664179,4288.80626708992,4344.381704953379,4272.756028302402,148856.0,6605213390.0,254536.0,-0.5364628841326285,14,uptrend_crowded_chase,1.4503218951433545,-0.004739705955692397,0.030349025407738317,0.9,0.5833333333333334,0.10443725689044214,0.17011724445296592,0.043894392625608014,0.0167006090250789,0.7165149087551694,0.22408498652973954,1.4503218951433545,0,1.0,1.0
2021-10-14,4294.395325123538,4313.451571491312,4350.992070729823,4288.272295866343,189287.0,8432672790.0,266403.0,-0.341745818069317,14,uptrend_crowded_chase,2.1463219968596245,0.005746425197731053,0.03708685124378919,0.95,0.6333333333333333,0.20484560093086834,0.7752863608859387,0.47300724810610667,0.014540507485469773,0.36906402384126547,0.40145672843654595,2.1463219968596245,0,1.0,1.0
2021-10-15,4327.415150162931,4337.966863191998,4376.728321526881,4315.488493684923,180844.0,8110201140.0,265445.0,-0.3837728817313063,14,uptrend_crowded_chase,2.0666876561066996,0.00568345124417613,0.035922546671652844,1.0,0.6833333333333333,0.1659029936780989,0.817340494429646,0.3508671013154025,0.014117172807746114,0.1478272220387052,0.3670547468729787,2.0666876561066996,0,1.0,1.0
2021-10-18,4378.08453507769,4395.314572342944,4424.424365355455,4365.580874880172,212774.0,9624482500.0,273724.0,-0.2518897298994217,14,uptrend_crowded_chase,2.6096177442520974,0.013219950949267645,0.016472643040903456,1.0,0.75,0.06821319275906745,1.2430446863041174,0.7331461158959596,0.013387776803405499,-0.13204692038459437,0.5053013888641075,2.6096177442520974,0,1.0,1.0
2021-10-19,4395.457280200742,4381.233949611751,4432.509246643391,4372.598411659052,150012.0,6795896240.0,273794.0,-0.6016607079121137,14,uptrend_crowded_chase,1.9830977652234543,-0.003203552896940298,0.016709060147451993,0.95,0.75,0.05741067478912143,1.0330977652234543,-0.23707978338557517,0.013674420419765115,-0.01590249915143676,0.1441398363911438,1.9830977652234543,0,1.0,1.0
2021-10-20,4362.046791556862,4402.453465565959,4420.442248511394,4347.678766093671,157578.0,7136227780.0,270735.0,-0.5412199089133086,14,uptrend_crowded_chase,2.0558216626474164,0.004843273880886567,0.02649856193041611,1.0,0.8,0.06169820286635286,0.7098460418308239,-0.15189248238879832,0.016527939020104757,0.691951241633185,0.752777322528847,2.0558216626474164,0,1.0,1.0
2021-10-21,4408.709901976278,4412.362155881637,4438.272117656024,4397.553119484193,147994.0,6743812860.0,266805.0,-0.5893463220937658,14,uptrend_crowded_chase,1.4008048191446048,0.0022507200571633135,0.022930727921938177,1.0,0.8666666666666667,0.001507854631462635,0.4008048191446047,-0.5968593660761308,0.00922838985860512,-1.5052750480174506,0.36368862354988096,1.4008048191446048,0,1.0,1.0
2021-10-22,4420.949310926129,4497.393214030974,4509.147456250213,4415.553726544979,329148.0,15207446630.0,283202.0,0.1503470736968789,14,uptrend_crowded_chase,5.191958661630716,0.019271096783384456,0.03675139895413282,1.0,1.0,0.0647527610282097,1.4857919087676108,3.499379936433186,0.02081066192149697,1.9129535692930244,0.8744120759343883,5.191958661630716,1,0.0,0.0
2021-10-25,4556.548407148952,4504.35845110154,4600.194775721928,4493.913704242557,313916.0,14766490230.0,290684.0,0.0768886677055044,14,uptrend_crowded_chase,6.195169168838896,0.00154872761599667,0.024809118201628344,1.0,1.0,0.060116467039270205,2.202271100330899,3.2510641698597826,0.02359516291457209,2.734731967156211,0.0982747606285637,6.195169168838896,1,0.0,0.0
2021-10-26,4521.704203759336,4546.12379517436,4548.746841449671,4463.005501810853,206728.0,9640558700.0,284066.0,-0.3178026859921897,14,uptrend_crowded_chase,4.227523255350599,0.009272207024866308,0.03763548065658995,1.0,1.0,0.0368306067194748,2.027892084259017,1.0619058557027095,0.018860317822807754,1.3373564864804537,0.9694074493545293,4.227523255350599,0,1.0,1.0
2021-10-27,4533.298772997522,4352.134966702921,4541.571170355395,4308.54453159215,334307.0,15257674060.0,262035.0,0.243581649857626,14,uptrend_crowded_chase,8.126862967854251,-0.042671259563444974,-0.011429649230050298,0.65,0.7166666666666667,-0.03266240005901899,-1.098709467685971,2.155415251141319,0.053543063472542354,12.798310684567184,0.18706202579293454,8.126862967854251,0,1.0,1.0
2021-10-28,4355.43223478231,4333.386615173375,4363.472588469611,4306.348327575195,162158.0,7268406370.0,252719.0,-0.4437070309676932,14,uptrend_crowded_chase,0.55,-0.004307851588469802,-0.017898698682969227,0.55,0.6833333333333333,-0.054239854957950584,-2.141193026383358,-0.5319649490677093,0.0131823596570855,-0.579734443957619,0.47332406887775885,0.55,0,1.0,1.0
2021-10-29,4323.395096204975,4277.086078554639,4330.012489549721,4274.865739544022,157917.0,7011528240.0,249737.0,-0.4583387855776151,14,uptrend_crowded_chase,0.3,-0.012992271776905095,-0.048985517830422376,0.3,0.5833333333333334,-0.1257520598196642,-1.8352955220222307,-0.5957663854057419,0.012893532884971673,-0.5770925179007602,0.04026237285764814,0.3,0,1.0,1.0
2021-11-01,4299.411243364967,4302.987568025154,4319.329351992868,4293.766708219398,114313.0,5078724080.0,248070.0,-0.7747706642858166,14,uptrend_crowded_chase,0.35,0.006055872852404276,-0.0447057855768872,0.35,0.6333333333333333,-0.15852580208822964,-1.6135789318080875,-1.8180436319306228,0.005940673397111832,-2.0710238193082873,0.3607162032013976,0.35,0,1.0,1.0
2021-11-02,4325.121116391951,4397.367904152574,4404.88431623671,4295.311136973748,234005.0,10497073920.0,245390.0,-0.0475062989994778,14,uptrend_crowded_chase,2.2161837358894303,0.021933676227360088,-0.03272147827995531,0.75,0.85,-0.1463578238777501,-1.1394737114634996,1.5337924403832837,0.024917901265320275,1.3985750313955772,0.9314028110282543,2.2161837358894303,0,1.0,1.0
2021-11-03,4409.255786196798,4412.998660272451,4426.716808297975,4371.57989677029,156932.0,7163963620.0,248558.0,-0.4598636282002626,14,uptrend_crowded_chase,0.85,0.003554570929832135,0.013984790001960734,0.85,0.9333333333333333,-0.0528018639198411,-0.689929969933991,-0.4539337417493951,0.01249420536290866,-0.6554702494547882,0.7511984685860402,0.85,0,1.0,1.0
2021-11-04,4410.419054532184,4313.560803271172,4431.872180835782,4304.362603498132,240995.0,10860941790.0,261680.0,-0.0823461968426599,14,uptrend_crowded_chase,1.8531972588552135,-0.022532945204914334,-0.0045751311071075,0.35,0.6833333333333333,0.03484418369252751,0.31024002165250175,0.8090538296586369,0.02956016691383004,1.5768606447467868,0.07213732462372412,1.8531972588552135,0,1.0,1.0
2021-11-05,4316.817744444402,4312.335726618262,4335.590415896031,4294.272210498298,127793.0,5703521870.0,259476.0,-0.7082524454193659,14,uptrend_crowded_chase,0.4227121430881151,-0.00028400588487831335,0.00824151008799312,0.25,0.6666666666666666,0.03825584865790255,0.1727121430881151,-1.0950577162321338,0.009581398113948612,-1.017469036300681,0.43718055869278466,0.4227121430881151,0,1.0,1.0
2021-11-08,4325.181722986468,4322.573249445314,4339.942671506999,4286.782059035389,141357.0,6282613480.0,257804.0,-0.6009110009131415,14,uptrend_crowded_chase,0.5154547311008237,0.002374008768347924,0.0045516472242908,0.35,0.7166666666666667,0.0384886418863335,0.1654547311008238,-0.6709302970194814,0.012298371688306869,-0.35837719694188086,0.6732652004157957,0.5154547311008237,0,1.0,1.0
2021-11-09,4331.968241345404,4331.182646684642,4357.80356619042,4322.898279853801,132351.0,5886590490.0,249958.0,-0.6358354193806393,14,uptrend_crowded_chase,0.4,0.0019917296347571334,-0.015051107596758206,0.4,0.7666666666666667,0.018444122098401294,-0.5527053121224266,-0.5324858783911008,0.008059065891238133,-0.7238361605852625,0.23733845787566102,0.4,0,1.0,1.0
2021-11-10,4334.94282654479,4352.575698074318,4381.620075915382,4323.614027376865,189685.0,8517570610.0,256169.0,-0.3004725813269758,14,uptrend_crowded_chase,1.6286576776694366,0.004939309453054763,-0.013692041817751743,0.55,0.85,0.030161164216815806,0.6943968072956986,0.6583079723729739,0.013326832791025275,0.11021376837450166,0.49928708172945374,1.6286576776694366,0,1.0,1.0
2021-11-11,4347.83552984791,4322.193009818162,4351.972705220298,4318.075119048087,119115.0,5307483820.0,251982.0,-0.7492682433735688,14,uptrend_crowded_chase,0.35800213427067007,-0.006980392844080363,0.002001178826653849,0.25,0.7166666666666667,-0.03776472684127441,0.10800213427067006,-1.0451739472595467,0.007842682197488711,-1.7472368551682007,0.12148035406281749,0.35800213427067007,0,1.0,1.0
2021-11-12,4318.054045900817,4415.996380879624,4416.965379139514,4314.722557846157,213277.0,9630613810.0,259179.0,-0.1949271523624566,14,uptrend_crowded_chase,3.8592599459250607,0.021702726104174674,0.024038168833077522,0.85,0.95,-0.0011452701023344503,1.3518050839534743,1.2860858022145374,0.02315283176771797,2.0288239217286357,0.9905225790169665,3.8592599459250607,0,1.0,1.0
2021-11-15,4408.508939111856,4397.260655379915,4421.175092152757,4386.654379350461,117666.0,5327540780.0,256584.0,-0.7796059938525512,14,uptrend_crowded_chase,0.9244608206848293,-0.00424269493988505,0.017278459293705417,0.6,0.8666666666666667,-0.004743509909209465,0.3244608206848293,-0.6833707952840916,0.007850504099651589,-0.6897196206002826,0.3072438303982178,0.9244608206848293,0,1.0,1.0
2021-11-16,4397.195218704335,4428.787378013139,4432.801433841604,4392.946521188504,125316.0,5704163910.0,258327.0,-0.723387676970268,14,uptrend_crowded_chase,1.1988838647001874,0.007169627889729746,0.02253535334124246,0.85,0.95,0.032933320507014585,0.3488838647001874,-0.5074146524193267,0.00899905758649891,-0.5159065754035099,0.8992832862687645,1.1988838647001874,0,1.0,1.0
2021-11-17,4425.760337832116,4432.031523782398,4459.121332789419,4414.379068714388,141115.0,6436041630.0,263325.0,-0.6238138499308137,14,uptrend_crowded_chase,2.8494057655336187,0.0007325133252873428,0.018254898069488545,0.85,0.95,0.02755162780032805,1.9230772571517472,0.152657016763743,0.010095204385380124,-0.21630767392490965,0.3945364731299066,2.8494057655336187,0,1.0,1.0
2021-11-18,4442.439942342233,4476.252069441675,4481.804629843702,4439.944349689825,131048.0,6017538310.0,270846.0,-0.7259867253705755,14,uptrend_crowded_chase,5.815322951248342,0.009977488973620607,0.03564372513526304,0.85,0.95,0.07219273728405184,4.965322951248343,-0.25253088897593773,0.009351636034897949,-0.1648088844078825,0.8673549154086955,5.815322951248342,0,1.0,1.0
2021-11-19,4471.726144924516,4438.585321839882,4473.735122681119,4412.331344136127,135189.0,6132202040.0,258234.0,-0.6471923512587855,14,uptrend_crowded_chase,1.9676337599958624,-0.008414795909045147,0.005115253503844341,0.8,0.9333333333333333,-0.003652792066501931,0.06710164716358129,0.2523816127520548,0.013834087686195191,1.9486826129125074,0.4275629012719248,1.9676337599958624,0,1.0,1.0
2021-11-22,4413.112930154721,4392.124854338607,4415.33531051687,4371.831096665557,137734.0,6176877030.0,249723.0,-0.5950280147397371,14,uptrend_crowded_chase,0.696478036328671,-0.010467404394068569,-0.00116795465263686,0.5,0.7666666666666667,-0.027103792802856574,-3.451654663030156,0.3276824824038595,0.009905049445108225,0.0652735902534824,0.4664779771083661,0.696478036328671,0,1.0,1.0
2021-11-23,4404.72265876335,4376.289834952955,4422.955556902194,4373.497118620812,102364.0,4622343750.0,246354.0,-0.8782344376264204,14,uptrend_crowded_chase,0.8371554076620245,-0.0036053208665073333,-0.011853705897196476,0.5,0.7333333333333333,-0.047456698336436176,-2.1024946572974383,-3.0394480847649925,0.011301454004797087,0.6743108153240489,0.056465922281135505,0.8371554076620245,0,1.0,1.0
2021-11-24,4380.380538958174,4388.446200402173,4396.022425730284,4372.0072543011065,77982.0,3501502610.0,254119.0,-1.1813246304143348,14,uptrend_crowded_chase,0.55,0.0027777788738136966,-0.00983416366655887,0.55,0.75,-0.03558634948076467,-0.6159458684965027,-4.210043206368564,0.005472363185625242,-1.7699096651469401,0.6845233709676543,0.55,0,1.0,1.0
2021-11-25,4372.931005649988,4380.412454075991,4390.469601693804,4346.19732750417,96090.0,4317678040.0,252319.0,-0.965408907696392,14,uptrend_crowded_chase,0.5935291814774948,-0.0018306584971796713,-0.021410683285679744,0.5,0.7166666666666667,-0.07085623368733707,-0.7884526801589857,-2.4510068803201577,0.010106873417465195,0.18705836295498968,0.7728341766511807,0.5935291814774948,0,1.0,1.0
2021-11-26,4377.247796857441,4359.149063316129,4409.4904489313385,4346.3781089992535,161136.0,7237389920.0,243145.0,-0.4114092442943688,14,uptrend_crowded_chase,2.561972328070521,-0.004854198316433966,-0.017896751501630503,0.4,0.6833333333333333,-0.06020817741076456,-2.342580316321319,1.7002663847670745,0.014478133006094913,2.6236782713739677,0.20235273055346306,2.561972328070521,0,1.0,1.0
2021-11-29,4360.098081751945,4289.370355707028,4364.708339850986,4281.390036938023,146004.0,6454971630.0,245005.0,-0.5176445999064362,14,uptrend_crowded_chase,3.244961135919008,-0.01600741488661528,-0.02339516795158436,0.0,0.45,-0.019073685076703484,-1.6304493161248668,0.9682296311265731,0.019424366749331356,5.521692640711443,0.0957811007905602,3.244961135919008,0,1.0,1.0
2021-11-30,4280.091811323219,4265.6362951557885,4288.236323523458,4260.695664050859,126178.0,5487975630.0,241608.0,-0.6496229696506707,14,uptrend_crowded_chase,0.0,-0.005533227159939869,-0.025284783222854323,0.0,0.4,-0.019452947824012412,-1.3340619329941512,-0.4716730553035631,0.006456401241680009,-2.135405008589746,0.17939407405422728,0.0,0,1.0,1.0
2021-12-01,4267.738342367039,4232.553503326391,4271.44756505306,4229.615922188746,104717.0,4515230100.0,247265.0,-0.8591991626348587,14,uptrend_crowded_chase,0.0,-0.007755652273253366,-0.03552343812748471,0.0,0.3333333333333333,-0.0273420252384593,-0.3863874670521865,-2.1432029075748638,0.009883311063035348,-0.06062077018029674,0.07022390077229673,0.0,0,1.0,1.0
2021-12-02,4227.789246489922,4255.65011127048,4258.712382786436,4217.390839988453,109049.0,4685181630.0,250291.0,-0.8308269184393513,14,uptrend_crowded_chase,0.3128953122216772,0.005456896865198901,-0.028481871082577936,0.05,0.36666666666666664,-0.008069919046080898,0.2628953122216772,-0.6689914737288175,0.009709807366105796,-0.08245655519418041,0.925891646134142,0.3128953122216772,0,1.0,1.0
2021-12-03,4254.558084405867,4240.986089975271,4270.178818361973,4230.959120022943,111872.0,4802087080.0,252336.0,-0.8134061721521864,14,uptrend_crowded_chase,0.7541752455272649,-0.00344577700510984,-0.027106889813712454,0.05,0.31666666666666665,0.03710355954504507,0.7041752455272648,-0.21132847316928122,0.009247778112674304,-0.21109683103718435,0.2556615776503685,0.7541752455272649,0,1.0,1.0
2021-12-06,4249.622196394668,4253.691678557897,4278.147800251125,4244.340041090878,101127.0,4342114580.0,248082.0,-0.8973821839890338,14,uptrend_crowded_chase,0.1,0.002995904328160659,-0.008317928784503326,0.1,0.3333333333333333,0.012480718175458705,-0.07553667274719889,-0.4367673497170135,0.00794786310692563,-1.2784616452225797,0.2766121653521219,0.1,0,1.0,1.0
2021-12-07,4263.3611984843965,4263.913044530982,4280.002119751904,4249.473563556911,82670.0,3566670970.0,247805.0,-1.097785367289444,14,uptrend_crowded_chase,0.22451473398136135,0.0024029400213958496,-0.0004039844247301083,0.2,0.38333333333333336,0.025325568458796965,0.024514733981361322,-2.1453182260612365,0.007159751119725352,-1.0606557257175346,0.47298276675263257,0.22451473398136135,0,1.0,1.0
2021-12-08,4262.440831213165,4213.401069498217,4263.576772889762,4196.897237136594,135768.0,5781887310.0,260870.0,-0.6530746522373558,14,uptrend_crowded_chase,4.035369886433342,-0.011846389573434868,-0.004525030531361773,0.0,0.23333333333333334,0.05356156294293868,2.330645748494524,1.1856121543244578,0.015825584759987812,2.2238361215531777,0.24750970706689052,4.035369886433342,0,1.0,1.0
2021-12-09,4214.227543758415,4143.650203239882,4219.106947489902,4140.648958139188,174930.0,7334420430.0,267664.0,-0.4253465686867507,14,uptrend_crowded_chase,6.0222915020806695,-0.016554528066002883,-0.02631793147984185,0.0,0.0,0.06710822164943764,3.509705141856927,2.277002795057276,0.018934510758019284,2.7481699253902088,0.03825289337046785,6.0222915020806695,0,1.0,1.0
2021-12-10,4142.836306698854,4120.31954665772,4156.278996853489,4117.701890597058,158844.0,6601969160.0,268230.0,-0.5239222328957023,14,uptrend_crowded_chase,4.263272554897983,-0.00563045996593059,-0.028452473259174216,0.0,0.0,0.06108328867013313,3.598335271003654,1.3298745677886588,0.00936264913912404,-0.09793207220843217,0.06785516889892339,4.263272554897983,0,1.0,1.0
2021-12-13,4107.155605475817,4136.468350351289,4157.267842650229,4102.8807404112895,151313.0,6313904870.0,266875.0,-0.56742984487041,14,uptrend_crowded_chase,4.356430153779975,0.0039193085659261495,-0.027558021846649128,0.05,0.016666666666666666,0.073021047307682,3.1382497173867874,1.107439461215915,0.01314819735882195,1.2289214115704608,0.617565719762721,4.356430153779975,0,1.0,1.0
2021-12-14,4124.985167858079,4088.571345880745,4131.086844567537,4070.958204917773,161282.0,6644345120.0,278145.0,-0.5449881748476907,14,uptrend_crowded_chase,4.134446421394838,-0.011579202453338322,-0.041122250106656266,0.0,0.0,0.11550041389342702,2.555073587741983,1.3996283963416363,0.014706515935045097,1.7591172709640746,0.2929243213477748,4.134446421394838,0,1.0,1.0
2021-12-15,4081.719028847877,4090.7382913454426,4117.930387033277,4072.692037269306,100390.0,4133911540.0,273174.0,-1.0010463540895858,14,uptrend_crowded_chase,1.4200818289053156,0.000530000648485851,-0.02911253311268147,0.05,0.016666666666666666,0.04608675584670152,1.1802884159990328,-0.6865492404402973,0.011058724988513471,0.37958682581256553,0.3989149509275204,1.4200818289053156,0,1.0,1.0
2021-12-16,4088.833242180948,4084.355950671632,4108.448780044362,4081.896631907859,95516.0,3935790440.0,274406.0,-1.0553149887813231,14,uptrend_crowded_chase,0.6665642199746842,-0.0015601928598838466,-0.014309666516224895,0.0,0.0,0.024876298912962724,0.6665642199746842,-0.8379439641107017,0.0065009388156134764,-1.0073461796622447,0.09262221463701091,0.6665642199746842,0,1.0,1.0
2021-12-17,4092.778002938345,4069.321518319079,4116.891048390011,4059.64227234579,145027.0,5967898810.0,284130.0,-0.6725119479233459,14,uptrend_crowded_chase,2.3050538630708854,-0.0036809799474212257,-0.012377202243939789,0.0,0.0,0.057587058490783605,1.6313533915521166,0.478400687912015,0.01406838358347972,0.8690002551255224,0.16907341330428827,2.3050538630708854,0,1.0,1.0
2021-12-20,4057.041298347368,4012.385472005165,4084.24570736424,4005.4842339922648,165157.0,6726023620.0,297412.0,-0.5882218462608944,14,uptrend_crowded_chase,3.873190825592439,-0.013991533000674017,-0.029997299105548825,0.0,0.0,0.10833799892651541,2.7821398657545995,0.6112049655746971,0.01962958791509496,1.570896954100982,0.0876220024517188,3.873190825592439,0,1.0,1.0
2021-12-21,4022.74146752806,4031.700654795067,4041.4184917558064,4016.531250946668,87067.0,3527303570.0,290778.0,-1.205882152216732,14,uptrend_crowded_chase,2.3846067326081553,0.004813890122139508,-0.013909673153429392,0.05,0.016666666666666666,0.04441752898003415,2.3346067326081554,-3.6587382960507915,0.006172889046099921,-1.476072675927293,0.6095253372896509,2.3846067326081553,0,1.0,1.0
2021-12-22,4033.268098448902,4060.920918790522,4064.4411460386286,4018.038988350726,118653.0,4810366740.0,283329.0,-0.8704054995694597,14,uptrend_crowded_chase,1.058461121618521,0.007247627365564169,-0.007288995391859565,0.1,0.03333333333333333,0.03649981178862838,0.9584611216185209,-1.527857449581687,0.011426511034281057,-0.4331259104334724,0.9241365612396029,1.058461121618521,0,1.0,1.0
2021-12-23,4059.8106895318233,4054.7847586615553,4073.621949275901,4039.496794066991,76473.0,3106104200.0,280146.0,-1.298373158486415,14,uptrend_crowded_chase,0.42643400780087215,-0.0015110267477935757,-0.007240111382851966,0.1,0.03333333333333333,0.020702134342151624,0.3264340078008721,-3.243288790779144,0.008416021377217217,-0.9772617142453459,0.44799692487765697,0.42643400780087215,0,1.0,1.0
2021-12-24,4054.8835348385887,4086.467297286256,4119.010091652053,4051.0765482132097,142982.0,5872337380.0,269259.0,-0.6329549934504789,14,uptrend_crowded_chase,1.0751600652202948,0.00781361786393786,0.004213424495948637,0.3,0.1,-0.053758138244418774,-1.2368055613487399,0.2660037236245493,0.016624027184545666,1.2843164068160404,0.5209613289921545,1.0751600652202948,0,1.0,1.0
2021-12-27,4066.5549647895177,4081.631395514604,4084.302130149989,4028.092605075698,127475.0,5174713200.0,266554.0,-0.7376565827803255,14,uptrend_crowded_chase,0.4091183771677016,-0.0011833942179994006,0.01725804362331962,0.25,0.08333333333333333,-0.10954153318785842,-1.5831816406077044,-0.06441188010006794,0.013771337886135633,0.31823675433540327,0.9524860843094611,0.4091183771677016,0,1.0,1.0
2021-12-28,4080.076912952573,4049.409693314865,4087.303383160498,4043.5989098014256,90626.0,3693739590.0,269299.0,-1.089081138883083,14,uptrend_crowded_chase,0.1,-0.007894319471167366,0.004392448754531486,0.1,0.03333333333333333,-0.0767378029476884,-1.2317096989791052,-0.9036892267957662,0.0107928010917798,-0.39728493958687655,0.13295626435532804,0.1,0,1.0,1.0
2021-12-29,4043.1819150137376,4071.761282914064,4085.85978024786,4042.567725544808,109749.0,4489765740.0,262122.0,-0.8706141039388167,14,uptrend_crowded_chase,0.30911066103580515,0.005519715536834724,0.0026694349238325366,0.3,0.1,-0.07779872234637608,-1.412900502628292,0.01822132207161033,0.010632267388737628,-0.14566506529618617,0.6743398429457759,0.30911066103580515,0,1.0,1.0
2021-12-30,4082.8984986497,4096.799453018014,4111.026241803012,4070.4910632342144,125647.0,5164542590.0,254853.0,-0.7072105204881707,14,uptrend_crowded_chase,0.7424144545926097,0.006149223484445132,0.010361756999976324,0.6,0.2,-0.09462398749690237,-1.9458327668648099,0.28482890918521936,0.00989435266081594,-0.2900418920961277,0.6490261228070789,0.7424144545926097,0,1.0,1.0
2021-12-31,4085.149631721528,4087.156659002291,4099.0415508290735,4072.812590468935,84089.0,3445184150.0,238767.0,-1.0436124192607816,14,uptrend_crowded_chase,0.5,-0.0023537383575413795,0.00016869380466899564,0.5,0.16666666666666666,-0.12018556064727726,-2.9112705129282435,-1.5248003334482214,0.006417410084432916,-1.1819568638706697,0.5468790350972208,0.5,0,1.0,1.0
2022-01-04,4083.867128413344,4116.753579125457,4138.6681662373485,4033.7756377424416,209034.0,8546508360.0,241749.0,-0.1454030796604093,14,uptrend_crowded_chase,3.455226349028629,0.007241444992810875,0.008604937635831034,0.7,0.23333333333333334,-0.09767685190135111,-1.6089264928055496,1.7907346537133355,0.025479428505698832,3.719718044343922,0.7910758046703413,3.455226349028629,0,1.0,1.0
2022-01-05,4118.181542742818,4083.996534311945,4122.230818630155,4078.917301993261,103363.0,4249574110.0,244973.0,-0.8629009360092952,14,uptrend_crowded_chase,0.4,-0.00795700888671369,0.008541205661205309,0.4,0.13333333333333333,-0.09467428608962258,-1.2756090809404537,-0.2927449650006355,0.010605669293054768,-0.02691882702462997,0.11726668054373103,0.4,0,1.0,1.0
2022-01-06,4091.377304446608,4076.226281279811,4101.143659833563,4062.922498505343,91172.0,3727104690.0,248443.0,-1.0024656105714898,14,uptrend_crowded_chase,0.35,-0.0019026100945120916,0.0010965766545507627,0.35,0.11666666666666667,-0.05359660126689292,-0.8836013167984231,-0.9004921019406215,0.009376604410739417,-0.5785943639536982,0.34807374533241037,0.35,0,1.0,1.0
2022-01-07,4078.34980906232,4100.621326683292,4116.107504050079,4075.340225249946,94281.0,3859614880.0,250625.0,-0.9776781133457174,14,uptrend_crowded_chase,0.8,0.0059847132421269045,0.0009328925443159441,0.8,0.26666666666666666,-0.01672911028630253,-0.5065429775264891,-0.4768677133942837,0.009941732130898088,-0.2651659484577124,0.6201321789783881,0.8,0,1.0,1.0
2022-01-10,4067.5923594719816,4098.992507984312,4115.201846680663,4039.403066860581,158311.0,6473945600.0,241724.0,-0.4232351266424949,14,uptrend_crowded_chase,4.31791214097965,-0.0003972126585746194,0.002895863792240938,0.8,0.26666666666666666,0.012308398414166533,-0.7423607895484299,1.6363562985892204,0.018492051320522226,5.399467983370079,0.7861530392068902,4.31791214097965,0,1.0,1.0
2022-01-11,4094.131020112792,4084.490178385796,4109.584903949961,4074.5526891865607,94739.0,3877240330.0,240490.0,-0.9315527664035782,14,uptrend_crowded_chase,0.55,-0.00353802295814587,-0.007837097878108823,0.55,0.18333333333333332,-0.005221489180433636,-0.7843603868193619,-0.483449585048113,0.008576887991745639,-1.400486631887548,0.2836671693854015,0.55,0,1.0,1.0
2022-01-12,4089.5190155370337,4121.290014874079,4123.975760760401,4084.600651669534,102359.0,4205954750.0,235981.0,-0.8352650515073738,14,uptrend_crowded_chase,1.1190760409518545,0.009009652338747065,0.009131614155107659,1.0,0.35,-0.0373967070801271,-1.3061503226160265,0.23815208190370898,0.009554073833377103,-0.6854721323980344,0.9317907696427329,1.1190760409518545,0,1.0,1.0
2022-01-13,4126.967293543924,4122.794966993194,4144.271916355314,4114.439854671164,118964.0,4924418950.0,235406.0,-0.6824907566970958,14,uptrend_crowded_chase,1.472339089182088,0.0003651653035052771,0.011424460395452307,1.0,0.36666666666666664,-0.05390175993687052,-1.1278163662061453,0.944678178364176,0.007235882919956864,-2.5810027335986865,0.28007156898812396,1.472339089182088,0,1.0,1.0
2022-01-14,4121.988600983595,4072.07812429332,4129.848182490231,4070.87916036076,154830.0,6338354610.0,243215.0,-0.4516180849928585,14,uptrend_crowded_chase,3.18821006074658,-0.01230156801536575,-0.006960701834192173,0.35,0.11666666666666667,-0.03001197223922958,0.21995158483472133,2.0734187781305873,0.014481309132472633,3.1630981736931294,0.02033209792638835,3.18821006074658,0,1.0,1.0
2022-01-17,4061.324788222716,4031.719104162722,4075.2160580639847,4018.748200475673,170589.0,6864967110.0,258797.0,-0.4167868159297299,14,uptrend_crowded_chase,5.747376168331795,-0.009911160566842492,-0.016412180234667506,0.1,0.03333333333333333,0.06824739116806278,3.5851661035101716,2.564847603101168,0.014005900740954168,1.559572526542078,0.22970419351864824,5.747376168331795,0,1.0,1.0
2022-01-18,4035.1298702799295,4021.1037921938914,4051.927832879368,4014.5266702391673,111726.0,4495965200.0,261590.0,-0.8507289472250256,14,uptrend_crowded_chase,3.028834254841643,-0.002632949293979947,-0.0155188000028329,0.05,0.016666666666666666,0.08409988391294476,2.964676353900832,0.02831580188162248,0.009301217917529766,-0.27707786562022657,0.1758534091037775,3.028834254841643,0,1.0,1.0
2022-01-19,4043.379934028638,4036.742727167586,4050.645203729479,4021.265964243723,88915.0,3576954790.0,259390.0,-1.070651863442473,14,uptrend_crowded_chase,2.0103389357729213,0.0038892144500359827,-0.020514762950764154,0.15,0.06666666666666667,0.09458142732804475,1.8603389357729212,-0.9949275589524815,0.007277956875485641,-1.642321745729025,0.5267924968366445,2.0103389357729213,0,1.0,1.0
2022-01-20,4040.624776782307,4050.204825852673,4070.081632964752,4033.1024470686352,110906.0,4475870460.0,260182.0,-0.8526983904416721,14,uptrend_crowded_chase,1.507535439547237,0.0033348914198780832,-0.017607021867852457,0.2,0.1,0.10006970309829022,1.221507485915757,0.17205590726295975,0.009130201430820615,-0.14698278358750444,0.4624866223956999,1.507535439547237,0,1.0,1.0
2022-01-21,4057.750828695446,4066.753338483176,4082.4222613057527,4052.7936441651977,103709.0,4199048670.0,252435.0,-0.8895648895497097,14,uptrend_crowded_chase,0.6245117461158167,0.004085845862627169,-0.0013076335098722858,0.3,0.15,0.03720796401154125,0.32451174611581673,-0.291687801009385,0.007285570250888614,-0.963063350383019,0.47115578333456565,0.6245117461158167,0,1.0,1.0
2022-01-24,4071.059593063602,4143.651553933583,4151.171872641607,4054.779753252668,191102.0,7821797590.0,239489.0,-0.2257001698611976,14,uptrend_crowded_chase,4.936641086607694,0.018908994239392296,0.027762958400373572,1.0,0.5166666666666667,-0.07753648381924094,-0.5143813421266357,2.974231772104462,0.023262602594427445,4.899050401110927,0.9219820172468759,4.936641086607694,0,1.0,1.0
2022-01-25,4137.720951725826,4130.760949063242,4171.828920253998,4128.669056447222,128612.0,5321895490.0,230796.0,-0.5847340834138601,14,uptrend_crowded_chase,1.5623944060311716,-0.003110928779256117,0.02727041194067814,0.95,0.48333333333333334,-0.12524418909147528,-1.073049685189723,0.7948690353752687,0.010448405109611548,0.4299197766870745,0.048468471202446156,1.5623944060311716,0,1.0,1.0
2022-01-26,4131.982124353456,4156.794394135022,4164.809280988014,4129.648171030441,83408.0,3444730220.0,226156.0,-0.9974807986096133,14,uptrend_crowded_chase,1.0,0.006302336395836106,0.029739736981373444,1.0,0.55,-0.13710769400273293,-1.3025331244095382,-1.9125123855197632,0.008458707990749584,-0.304555215259643,0.7720525073678705,1.0,0,1.0,1.0
2022-01-27,4177.623716936004,4214.147320641437,4221.399069508756,4173.885241469781,131839.0,5500712090.0,221191.0,-0.5174451004785551,14,uptrend_crowded_chase,1.604200100571022,0.01379739315163997,0.04047758121819167,1.0,0.5833333333333334,-0.16235480447030604,-1.6185758890474673,0.4902504189684073,0.01127483792658264,0.7181497821736368,0.8473760341648157,1.604200100571022,0,1.0,1.0
2022-01-28,4220.186027724227,4233.16378637584,4258.17063883462,4208.484843876023,104096.0,4344370710.0,203741.0,-0.6715360290752884,14,uptrend_crowded_chase,1.3136340273050233,0.0045125298874242326,0.040919729829184126,1.0,0.6166666666666667,-0.21430421046691706,-2.7902278851718516,-0.4750137130706647,0.011737272041896389,0.6272680546100465,0.4967001639076439,1.3136340273050233,0,1.0,1.0
2022-02-07,4241.511772907201,4281.462617309698,4293.170578295156,4235.127954126163,112062.0,4733860230.0,210980.0,-0.6327110526941377,14,uptrend_crowded_chase,1.77184958601974,0.011409629622483486,0.033258361998438346,1.0,0.7166666666666667,-0.12674414452374805,-1.7425110859379718,0.02875628163305257,0.013556728005595577,1.5149428904064277,0.7982868425905406,1.77184958601974,0,1.0,1.0
2022-02-08,4297.504101029101,4321.81001006951,4329.034465247725,4286.104320775533,107482.0,4599281840.0,225433.0,-0.74069960559065,14,uptrend_crowded_chase,1.012047403404876,0.009423740521916635,0.04625033095889841,1.0,0.75,-0.023511206183281175,-0.33435262580228214,-0.21965457238890312,0.009933371520767483,0.024094806809752005,0.8317160292135831,1.012047403404876,0,1.0,1.0
2022-02-09,4326.069090141662,4311.306189597611,4334.486770816895,4290.115545721421,95552.0,4086415500.0,227640.0,-0.868094831818198,14,uptrend_crowded_chase,0.9707662274127484,-0.0024304216167361226,0.03717090161606129,0.95,0.75,0.0065404070995587205,-0.03846697467686108,-0.8357519759860105,0.010291828773964996,0.04153245482549685,0.4775762632335184,0.9707662274127484,0,1.0,1.0
2022-02-10,4318.090677785184,4352.735200043942,4360.016898165654,4307.64718384239,104230.0,4463902780.0,236673.0,-0.8200794458213432,14,uptrend_crowded_chase,2.145780477074674,0.009609387184397189,0.03288633947932573,1.0,0.8166666666666667,0.06765285991308012,0.7159672058070877,-0.33882604503345676,0.012031449632574758,0.8596265425351718,0.8609559319578475,2.145780477074674,0,1.0,1.0
2022-02-11,4341.012216539779,4345.794878690998,4352.850563195356,4318.039634805001,96642.0,4145377180.0,230527.0,-0.8693545628995794,14,uptrend_crowded_chase,1.2664990022397682,-0.001594473597400059,0.026606835454289435,0.95,0.8,0.12351841286994691,0.3164990022397683,-0.7697717952831075,0.008010255744247284,-1.8333157896169279,0.797314095584064,1.2664990022397682,0,1.0,1.0
2022-02-14,4327.166009087598,4356.896815053324,4365.625432628184,4313.5966814658095,85892.0,3683975940.0,234792.0,-1.0056093227183518,14,uptrend_crowded_chase,2.4327142774821353,0.002554638834143308,0.017618791634113506,1.0,0.8166666666666667,0.10693667356957448,1.0854905950583127,-1.4581042145578123,0.01194169918888425,0.6944473648476448,0.8322347283020572,2.4327142774821353,0,1.0,1.0
2022-02-15,4354.90576866288,4330.033444174725,4355.826417985184,4321.21192126849,86072.0,3665880990.0,229457.0,-0.9805314928197733,14,uptrend_crowded_chase,1.2060805280413702,-0.006165711977796584,0.001902775477417018,0.85,0.7833333333333333,0.017692650833431856,0.35608052804137014,-1.5961639280144366,0.007994048351580591,-1.926131509658422,0.25485053208879493,1.2060805280413702,0,1.0,1.0
2022-02-16,4331.66499494987,4324.705198928243,4339.601446392108,4311.3410632459445,73191.0,3105218760.0,222065.0,-1.109897669221105,14,uptrend_crowded_chase,0.8,-0.001230532122944883,0.0031078769962944452,0.8,0.7833333333333333,-0.024795301925294666,-0.7023698392539041,-2.3607611090160914,0.006534638049587137,-2.381655524166627,0.47289294038153523,0.8,0,1.0,1.0
2022-02-17,4327.683743326609,4352.507833517259,4366.22391720797,4327.025926377212,95010.0,4064306030.0,225633.0,-0.8649276363036124,14,uptrend_crowded_chase,0.9,0.006428793018286472,-5.223532244291729e-05,0.9,0.8333333333333334,-0.047769656050304476,-0.12273833303446145,-0.40594365011814637,0.00900584038675508,-0.9963943366443587,0.6500819710394975,0.9,0,1.0,1.0
2022-02-18,4354.051735237055,4339.753797369605,4357.87420866636,4327.33310509795,76583.0,3266702570.0,217914.0,-1.045725369541372,14,uptrend_crowded_chase,0.8,-0.002930272990996019,-0.0013900981270457136,0.8,0.8166666666666667,-0.05626750269371783,-1.4153256161591565,-1.5995235654256326,0.007037519867353204,-1.1067992092103283,0.40668773621209203,0.8,0,1.0,1.0
2022-02-21,4336.416787025956,4326.41922091566,4350.695376995047,4301.898463566527,128442.0,5441001980.0,217024.0,-0.524530505930033,14,uptrend_crowded_chase,1.9930986250748068,-0.0030726573618133912,-0.006995252683598574,0.7,0.8,-0.07869206932006456,-1.5629480967596043,1.9616266498621149,0.011278822263135172,0.6245706002874992,0.5025063190738882,1.9930986250748068,0,1.0,1.0
2022-02-22,4328.875238117096,4325.783168566644,4344.691652532161,4322.089270409871,63161.0,2683346710.0,217985.0,-1.238739231014629,14,uptrend_crowded_chase,0.65,-0.0001470158846236247,-0.0009815803186922212,0.65,0.8,-0.051289395029074925,-1.4035749708073597,-2.700482292329985,0.005225038158761903,-1.7431469145883216,0.1634295950217887,0.65,0,1.0,1.0
2022-02-23,4328.7714204252825,4366.45106886604,4396.682249971026,4325.442572290488,165047.0,7104276570.0,229823.0,-0.3310791656146825,14,uptrend_crowded_chase,4.6865470875146835,0.009401280349627728,0.009652882223774029,1.0,0.95,0.03433931562885739,0.3381982813079634,3.8936055171465997,0.01631523554414613,2.8030920952668406,0.5756412425031978,4.6865470875146835,0,1.0,1.0
2022-02-24,4380.683964495758,4403.018477307394,4403.549466552012,4368.284281602356,83653.0,3620629470.0,231419.0,-1.017552629783541,14,uptrend_crowded_chase,1.4094929541414647,0.008374629158698133,0.011604951839757405,1.0,1.0,0.02532013476888828,0.4094929541414646,-0.3409639389399989,0.008009320226887164,-0.14181039496004968,0.9849429615816395,1.4094929541414647,0,1.0,1.0
2022-02-25,4387.447835979018,4410.94459156393,4414.045394348375,4364.306024148904,118536.0,5118420610.0,236769.0,-0.69186827037151,14,uptrend_crowded_chase,4.122833280118949,0.001800154666028675,0.01640433939765762,1.0,1.0,0.08298449273548592,1.3003472156967537,1.8618172839703149,0.011276353435633636,1.7831548448740757,0.93765898578912,4.122833280118949,1,0.0,0.0
2022-02-28,4387.458620674441,4402.348919578014,4410.508318207978,4367.209668960262,115586.0,5013545330.0,223894.0,-0.6611578839303464,14,uptrend_crowded_chase,1.8097768784877288,-0.001948714568384191,0.01755024069218236,0.9,0.9666666666666667,0.03116477906493742,-0.3906799788913488,1.4418130628722001,0.009835351544980699,0.37774069410325745,0.8115553539953796,1.8097768784877288,0,1.0,1.0
2022-03-01,4404.898870261532,4392.544418595855,4421.071621735824,4387.33190757269,90833.0,3932931380.0,211488.0,-0.8451456035843573,14,uptrend_crowded_chase,0.8565531327143135,-0.002227106747163199,0.015433332515215392,0.85,0.95,-0.030257993794263527,-1.5958329426867812,0.013106265428627065,0.007681132152083971,-0.32380552235538984,0.1544918548497992,0.8565531327143135,0,1.0,1.0
2022-03-02,4404.179585182149,4426.929872451209,4452.927982795134,4400.253078916925,123700.0,5422146690.0,205882.0,-0.509443909735663,14,uptrend_crowded_chase,2.0870255429976274,0.007828140270997208,0.013850791553900343,1.0,1.0,-0.11000625830437905,-2.1506370632661738,0.8453804079545951,0.011898743688262397,1.32867067804066,0.5064421872693717,2.0870255429976274,0,1.0,1.0
2022-03-03,4422.054857961088,4417.244554659364,4426.616469061835,4389.657888101459,113700.0,4950165040.0,179649.0,-0.4574415464084747,14,uptrend_crowded_chase,1.0989543924048135,-0.002187818210565351,0.0032309828871466273,0.95,0.9833333333333333,-0.2532249731261942,-4.601795534545845,0.2979087848096273,0.008366885850001567,-0.3827252786451837,0.7464211514906748,1.0989543924048135,0,1.0,1.0
2022-03-04,4419.261509983407,4406.8630687722525,4448.187797765617,4399.772276399646,113240.0,4940853210.0,176103.0,-0.4415595908884822,14,uptrend_crowded_chase,1.1499879140000235,-0.002350217598018567,-0.0009253171757095391,0.85,0.95,-0.29601593114576374,-3.459118209181927,-0.047812979957437066,0.010986391138188707,0.5999758280000469,0.14645700743378035,1.1499879140000235,0,1.0,1.0
2022-03-07,4430.481468249918,4456.031757758966,4468.229594901883,4428.744598686673,111178.0,4912535840.0,177311.0,-0.4667727323762146,14,uptrend_crowded_chase,1.0,0.011157299017328315,0.012194135258615013,1.0,1.0,-0.2332674726752888,-2.5054293257134783,-0.2179359166433231,0.008861022174372289,-0.5919598066171079,0.6910766541186021,1.0,0,1.0,1.0
2022-03-08,4452.303952227094,4459.936132163843,4470.900971597261,4433.8784455490295,85137.0,3766753540.0,176145.0,-0.7270457957877009,14,uptrend_crowded_chase,1.0,0.000876199860577298,0.01534229529533837,1.0,1.0,-0.18286073980288897,-1.8684442687838572,-2.9809149166424445,0.008301133682438814,-0.42733576727764,0.7038332981619453,1.0,0,1.0,1.0
2022-03-09,4467.998339256464,4449.489959443228,4479.824771718615,4446.061038434823,68733.0,3041680910.0,172351.0,-0.9193036618503698,14,uptrend_crowded_chase,0.9,-0.0023422247339551783,0.005096102184136697,0.9,0.9666666666666667,-0.17777009404126964,-1.1221934251359766,-5.201827625462048,0.007588225525070528,-0.7974802697399974,0.10155633500550366,0.9,0,1.0,1.0
2022-03-10,4448.211770673602,4444.212544761464,4466.8102131758205,4415.515826973196,85715.0,3777934720.0,173140.0,-0.7030726763281834,14,uptrend_crowded_chase,1.8583128324225027,-0.001186071826179358,0.006105161208168619,0.85,0.95,-0.03690443137733723,-0.7739809585354145,-2.3831393169523283,0.01154183911907778,2.0166256648450056,0.5594514314862766,1.8583128324225027,0,1.0,1.0
2022-03-11,4459.298757639228,4507.80176302266,4511.039746540952,4448.867908542573,137154.0,6083206310.0,203741.0,-0.3957451972602631,14,uptrend_crowded_chase,5.53128357515565,0.014308320680150866,0.022904885555822263,1.0,1.0,0.14578052823404875,2.736014673632032,1.776854678170846,0.01379205237203927,1.8136831248763907,0.9479188066086077,5.53128357515565,1,0.0,0.0
2022-03-14,4478.702113327435,4515.955613216944,4534.504707300223,4458.003739747122,155059.0,6937881090.0,195779.0,-0.2331807823926611,14,uptrend_crowded_chase,5.1928628951929685,0.0018088306946346666,0.01344780708836657,1.0,1.0,0.09908121915338519,1.9122186429361285,1.462766232388858,0.01694015045878749,3.0985222721248222,0.7575312486027795,5.1928628951929685,1,0.0,0.0
2022-03-15,4509.716219113742,4400.871459895074,4527.789609069189,4382.851253197469,218610.0,9589951150.0,174218.0,0.2269819317637091,14,uptrend_crowded_chase,5.805727751453443,-0.025483898244050618,-0.013243389707491726,0.4,0.8,-0.011000130898562333,-0.49902755138626004,2.1833726011318637,0.03293401254559151,8.628082901775022,0.12433014428253542,5.805727751453443,0,1.0,1.0
2022-03-16,4423.396437128507,4426.10742205841,4436.535636534632,4410.565060149896,97769.0,4245585600.0,170384.0,-0.5554471598940803,14,uptrend_crowded_chase,0.65,0.0057343102140814395,-0.00525510510147198,0.65,0.8833333333333333,-0.011478381819808092,-1.3360870065844526,-0.42738210620599704,0.005867588358860499,-1.3418601710340008,0.5984604145192585,0.65,0,1.0,1.0
2022-03-17,4414.157398647465,4392.014138278709,4420.471693705689,4362.957682625386,119825.0,5169437900.0,176542.0,-0.3875264633595288,14,uptrend_crowded_chase,0.9713785960639509,-0.007702769166828216,-0.01174525429578821,0.25,0.75,0.01945829261759613,0.08665061966932668,0.18857227491055298,0.0130951334102134,1.0808836778786957,0.5052065593678213,0.9713785960639509,0,1.0,1.0
2022-03-18,4406.672994136949,4417.028443105358,4426.56485137701,4386.63159498327,68569.0,2959376370.0,177899.0,-0.9533754359677497,14,uptrend_crowded_chase,1.0336543136301635,0.005695406262160363,-0.0201369369571468,0.55,0.85,-0.13563360584570816,0.48365431363016353,-1.4132741565185658,0.00904075147083856,-0.546224894792348,0.7611913193949497,1.0336543136301635,0,1.0,1.0
2022-03-21,4428.006990297804,4458.776017152142,4469.078765291797,4414.876158858833,71979.0,3152367320.0,179103.0,-0.911586649538746,14,uptrend_crowded_chase,1.7661572488400479,0.009451506727775172,-0.012661682479219394,0.85,0.95,-0.08902541270106745,0.6877192416321128,-1.0481271862994939,0.012156386915255621,0.45687601441587017,0.8099215366626895,1.7661572488400479,0,1.0,1.0
2022-03-22,4466.705807407573,4487.275459271499,4514.857891165237,4465.329962002368,106133.0,4706014990.0,173699.0,-0.4926308915844296,14,uptrend_crowded_chase,1.0794530764231054,0.006391763571375719,0.019633384015829813,0.9,0.9666666666666667,-0.0029834724084931707,-0.6019423748369369,0.3589061528462107,0.011037416715868229,-0.17226315103478276,0.4430933745880035,1.0794530764231054,0,1.0,1.0
2022-03-23,4489.417477296593,4565.637668702979,4572.1073582368,4469.7670757661335,101824.0,4538545290.0,183829.0,-0.590760144956144,14,uptrend_crowded_chase,4.504222788406644,0.017463204597696347,0.03152436968637318,1.0,1.0,0.07595126439843725,2.004251103446318,-0.0008462520097193768,0.022415331635315578,2.999943369920652,0.9367825710694564,4.504222788406644,1,0.0,0.0
2022-03-24,4574.268570190172,4619.912138865132,4626.250060367355,4571.889017716855,135752.0,6133634230.0,185907.0,-0.3144168570009939,14,uptrend_crowded_chase,2.872192414154549,0.011887599082642808,0.05188917735946541,1.0,1.0,0.051687740266295634,1.4892871526796365,0.7658105229498247,0.01176668322178391,-0.22400928552995947,0.8834105971261216,2.872192414154549,0,1.0,1.0
2022-03-25,4611.628131759071,4593.654538175833,4614.809313966094,4568.074530412053,103647.0,4658012640.0,179852.0,-0.5511433955550371,14,uptrend_crowded_chase,1.1295825599419735,-0.00568357144033238,0.03998753853310033,0.95,0.9833333333333333,0.010918316937374328,0.17958255994197367,-0.2985660717690569,0.01017376974381708,-0.6393706962501103,0.5473440940237007,1.1295825599419735,0,1.0,1.0
2022-03-28,4589.393111950331,4588.946459287391,4615.220086395489,4562.382643631091,96916.0,4347294190.0,179060.0,-0.6138763212608276,14,uptrend_crowded_chase,0.9819774728192513,-0.0010249092197324172,0.02919420971910358,0.9,0.9666666666666667,-0.00024011413912994328,0.08197747281925123,-0.2724230762240668,0.01151406825796843,-0.12819755460884844,0.5027460502724969,0.9819774728192513,0,1.0,1.0
2022-03-29,4593.599350645723,4607.065236620966,4612.767044712439,4579.488044566499,75261.0,3401145050.0,180880.0,-0.8768717556219037,14,uptrend_crowded_chase,1.4640936471106327,0.003948352305768399,0.026695436559830643,0.95,0.9833333333333333,0.04050991179161656,0.5140936471106327,-1.9781733104422998,0.007223470568944698,-2.0395692300623267,0.8286664843754691,1.4640936471106327,0,1.0,1.0
2022-03-30,4598.797864658835,4583.025620761168,4627.669777516745,4547.910215109632,107049.0,4826325790.0,178410.0,-0.5107975988237903,14,uptrend_crowded_chase,2.4085372249674553,-0.005217989028831194,0.0038084388906685085,0.8,0.9333333333333333,-0.029921705284854383,-0.20876437105094683,0.38760789215221647,0.017403254750704613,2.829466557782694,0.4402657761874154,2.4085372249674553,0,1.0,1.0
2022-03-31,4596.87875926403,4620.152622901413,4623.528178613396,4585.41352912718,68916.0,3101915990.0,169221.0,-0.8983171812757003,14,uptrend_crowded_chase,1.0,0.008100980708477756,5.205381164241629e-05,1.0,1.0,-0.09404099572565805,-4.597475245120945,-2.538101066407644,0.008249651601829817,-1.5657154391952968,0.91143678985678,1.0,0,1.0,1.0
2022-04-01,4610.052419328653,4618.880556651482,4644.668015668473,4593.749378202338,110365.0,5032170590.0,139405.0,-0.2335903110957457,14,uptrend_crowded_chase,1.101486600777407,-0.00027532991954115626,0.005491492289201538,0.9,0.9666666666666667,-0.2547509247689739,-20.33130835521599,0.4029732015548137,0.011024021262643135,-0.10175935486382906,0.49355559574542623,1.101486600777407,0,1.0,1.0
2022-04-06,4668.753361247137,4748.453364137099,4752.565959144482,4655.86503578569,140832.0,6583886010.0,147601.0,-0.0469449965824911,14,uptrend_crowded_chase,5.729414103110193,0.028052859539531516,0.0347589378662041,1.0,1.0,-0.1932082579948382,-7.21272633402554,3.2746475653417946,0.020364720034765294,6.184180640878591,0.9574709851308882,5.729414103110193,0,1.0,1.0
2022-04-07,4744.478550285861,4698.667407692417,4753.652046981227,4644.9131237417205,120100.0,5670950150.0,140346.0,-0.1557860731376897,14,uptrend_crowded_chase,3.5921449398458423,-0.010484667875374387,0.019882976768663463,0.95,0.9833333333333333,-0.25372302574608696,-5.7544251196872915,1.4064329292771374,0.0231425027150218,3.877856950414548,0.4943426176135542,3.5921449398458423,0,1.0,1.0
2022-04-08,4709.120061746041,4735.24494844489,4741.15346149878,4701.135582349923,63469.0,3006841690.0,141887.0,-0.8044793684374189,14,uptrend_crowded_chase,0.95,0.007784662666821207,0.03321371955551933,0.95,0.9833333333333333,-0.22905330622995912,-4.6175538347683345,-3.1862011252399314,0.008451068441981936,-0.5510400701825552,0.8523531686446366,0.95,0,1.0,1.0
2022-04-11,4778.5729703902525,4710.87831396437,4793.226134431343,4704.564536852341,113304.0,5378681210.0,138882.0,-0.2035501798179114,14,uptrend_crowded_chase,1.900379528867398,-0.0051458023282453524,0.019636946756529827,0.9,0.9666666666666667,-0.19758090121585425,-2.8035777552024843,0.25563734001019467,0.018820608742149827,1.745121717724601,0.07121208374802002,1.900379528867398,0,1.0,1.0
2022-04-12,4712.548406173374,4669.943801592785,4722.533491994808,4651.017412577349,108397.0,5119034000.0,137495.0,-0.2377871394632638,14,uptrend_crowded_chase,1.2763166203803409,-0.008689358893063215,0.011055329167966699,0.8,0.9333333333333333,-0.01379581287983278,-0.7634486485992608,0.18026850532776023,0.015314119924326897,0.7723647354329217,0.26464522621489944,1.2763166203803409,0,1.0,1.0
2022-04-13,4658.152850800325,4644.398343323771,4676.225549310169,4641.970366185609,58127.0,2732190520.0,136297.0,-0.8522060562710887,14,uptrend_crowded_chase,0.75,-0.005470185371460268,-0.02191345535773992,0.75,0.9166666666666666,-0.07967635902237369,-0.8756700000229724,-3.880101613846509,0.007375591108329715,-0.8043302445876476,0.07087911716404831,0.75,0,1.0,1.0
2022-04-14,4657.959050497088,4663.869138717624,4680.141992263334,4656.215594388238,52057.0,2444970990.0,137214.0,-0.969202478812679,14,uptrend_crowded_chase,0.75,0.004192318133487083,-0.007405986837421885,0.75,0.9166666666666666,-0.022569051321326583,-0.6227288930295355,-2.6034268550982356,0.0051301606377563945,-1.02586178502797,0.31987866996696107,0.75,0,1.0,1.0
2022-04-15,4660.099044074722,4644.609259098284,4665.303034852547,4632.063069176883,58483.0,2752912630.0,138048.0,-0.8588653370513438,14,uptrend_crowded_chase,0.7,-0.004129592629315337,-0.019140654883412322,0.7,0.9,-0.027429515389961523,-0.4876469805836204,-2.1867204697405835,0.0071566764438904746,-0.7672539471846519,0.3774429265005781,0.7,0,1.0,1.0
2022-04-18,4683.649396496162,4696.085667532228,4747.007800940508,4671.593539765222,133805.0,6349863760.0,130166.0,0.0275729572440985,14,uptrend_crowded_chase,1.8553537037343246,0.011083043925192992,-0.0031401037017433353,0.8,0.9333333333333333,-0.0648140927704155,-3.476534118344171,0.9244003422664755,0.01605896197692572,1.1863070652021737,0.3247678540545428,1.8553537037343246,0,1.0,1.0
2022-04-19,4719.2777511924805,4699.859207187595,4730.831211517635,4697.080425071277,75199.0,3574246320.0,130447.0,-0.5508290810062791,14,uptrend_crowded_chase,0.85,0.0008035500036669418,0.00640594552435636,0.85,0.95,-0.05262053880777273,-3.5651211375552974,-1.1123565313472605,0.00718123351328099,-0.7057640116583815,0.08233236640971038,0.85,0,1.0,1.0
2022-04-20,4718.527457303605,4697.817036528636,4723.7436753919455,4682.929751880036,60249.0,2854215300.0,131130.0,-0.777703222820682,14,uptrend_crowded_chase,0.75,-0.0004345174118908224,0.011501746675466329,0.75,0.9166666666666666,-0.03864713064546521,-2.2766196339446028,-0.7315862272841503,0.008687848674087228,-0.45714706427854457,0.36475994875268386,0.75,0,1.0,1.0
2022-04-21,4689.934098574857,4701.804587332793,4718.818511946831,4684.547249604478,53243.0,2517696180.0,129705.0,-0.890396300531048,14,uptrend_crowded_chase,0.85,0.0008488093029488386,0.008133900734959232,0.85,0.95,-0.056279109821797846,-2.3706985632188085,-0.7710449210043546,0.007288959314618023,-0.3560060431129929,0.5035512714974673,0.85,0,1.0,1.0
2022-04-22,4703.030127782295,4718.588157175813,4732.3360203838365,4667.132696799945,90919.0,4311210450.0,131776.0,-0.3711345111616261,14,uptrend_crowded_chase,4.309039227052002,0.003569601741475248,0.015927905653766672,0.9,0.9666666666666667,-0.046497939361366036,-0.956963415514463,1.615641950257713,0.013818396819551514,5.202436503846292,0.789153950253233,4.309039227052002,0,1.0,1.0
2022-04-25,4738.929170493271,4752.505939598848,4795.398498367791,4714.177480483791,144380.0,6895298880.0,131322.0,0.0947963902210118,14,uptrend_crowded_chase,3.6652446042939215,0.007188120957633215,0.012014319171538501,1.0,1.0,0.00884176353041255,-0.5208624597360173,2.094869878537822,0.017090145476147546,3.235619330050021,0.47190321069107743,3.6652446042939215,0,1.0,1.0
2022-04-26,4762.826371663856,4712.663800973828,4773.882253276043,4707.60680241497,109757.0,5221558770.0,131440.0,-0.1802816424864893,14,uptrend_crowded_chase,2.548329997606716,-0.008383395861338627,0.002724463270442401,0.8,0.9333333333333333,0.007583459727696251,-0.04522230554609954,1.342224735544946,0.014063267328210022,2.1544352596684866,0.07630274095695899,2.548329997606716,0,1.0,1.0
2022-04-27,4720.355158186414,4708.666661567526,4729.248028379161,4702.764868550934,58865.0,2778209370.0,130741.0,-0.79797158039372,14,uptrend_crowded_chase,0.7,-0.0008481698621226608,0.0023095035320717106,0.7,0.9,-0.0029709306194529717,-0.40104500377142926,-0.36801960726856187,0.005624343732884,-0.8599013989282119,0.22285078725014787,0.7,0,1.0,1.0
2022-04-28,4708.321345326435,4721.069085703616,4746.17763341347,4705.443039135519,87279.0,4157665720.0,128536.0,-0.3870991366604067,14,uptrend_crowded_chase,1.2892234195843033,0.0026339567073880854,0.00409725627958335,0.85,0.95,-0.009053620339470214,-2.7563518630646957,0.7131655659552762,0.00862825634162059,0.16528127321333033,0.3836062895698254,1.2892234195843033,0,1.0,1.0
2022-04-29,4726.304288303425,4724.578941833186,4739.582694414018,4715.457228629871,52517.0,2500211850.0,123610.0,-0.8559945211933333,14,uptrend_crowded_chase,0.85,0.0007434451955381505,0.0012696138034982152,0.85,0.95,-0.06397206350559337,-7.973781023566011,-0.938595733970432,0.0051063737279382565,-1.0564629337929132,0.3780948017720382,0.85,0,1.0,1.0
2022-05-05,4721.7634166424505,4761.1605598765145,4770.324791847164,4671.335439700963,112775.0,5402466820.0,133458.0,-0.1683921383051885,14,uptrend_crowded_chase,5.035981977860379,0.007742831370521008,0.0018210645894314315,1.0,1.0,0.01613449910964526,2.4351996817899497,0.716192299009787,0.020791013220685894,2.485372293131072,0.9074220431596036,5.035981977860379,0,1.0,1.0
2022-05-06,4743.306168013531,4658.823518178779,4743.936124788573,4657.769605870677,144200.0,6828004350.0,146627.0,-0.0166907222684678,14,uptrend_crowded_chase,16.683294424268375,-0.021494137912540845,-0.01142459659098194,0.15,0.7166666666666667,0.10934147339030531,14.901527551093631,1.2484181349786476,0.01849533870121352,2.0151156113708404,0.012231111588781613,16.683294424268375,0,1.0,1.0
2022-05-09,4660.335785330171,4646.248309082453,4668.093962241062,4636.0106930068,73182.0,3399883540.0,150510.0,-0.721080038075115,14,uptrend_crowded_chase,11.775948932112325,-0.002699224181224591,-0.013256056750531209,0.1,0.7,0.14081126024039214,11.675948932112325,-0.32929466347465064,0.006905199012189405,-0.6114149851249281,0.31909516455137044,11.775948932112325,0,1.0,1.0
2022-05-10,4636.979826263192,4643.298870130137,4666.869442866032,4633.891104488757,67520.0,3152834090.0,145769.0,-0.7695993266525788,14,uptrend_crowded_chase,4.914726961524116,-0.0006348001131470937,-0.01647300943105945,0.0,0.65,0.1258141561992474,4.914726961524116,-0.5749826407404404,0.007102351000798359,-0.5605584351879921,0.28527106289451554,4.914726961524116,0,1.0,1.0
2022-05-11,4657.198128011011,4660.073441356222,4666.290084072482,4637.991412562427,50411.0,2356167980.0,145463.0,-1.0597123535086652,14,uptrend_crowded_chase,3.843238205042693,0.003612640860573002,-0.013653174446045968,0.25,0.7166666666666667,0.16279031084057927,3.593238205042693,-1.4971917477266516,0.006072580586159031,-0.7006336385122617,0.7803203336223314,3.843238205042693,0,1.0,1.0
2022-05-12,4666.940599630808,4684.4884152119885,4686.080043897019,4653.955681486954,73186.0,3441019870.0,145622.0,-0.6880100774046505,14,uptrend_crowded_chase,1.692414442943253,0.005239182206677961,-0.016103667099711227,0.4,0.75,0.08722740164974674,1.2924144429432531,-0.17948017587781495,0.006857603128176703,-0.2718798695601338,0.9504541548649714,1.692414442943253,0,1.0,1.0
2022-05-13,4684.896004157919,4673.12088854407,4692.083055796808,4667.526168801525,51602.0,2427489160.0,146937.0,-1.0464434920608805,14,uptrend_crowded_chase,1.055724409595526,-0.0024266313971456066,0.0030688800100504565,0.4,0.7333333333333333,0.0021119763678658643,0.6557244095955259,-0.8576818759715303,0.005254922263081855,-0.7853657334479531,0.22782691241033431,1.055724409595526,0,1.0,1.0
2022-05-16,4681.959955612138,4707.382230422595,4716.19999725956,4679.978990652679,83175.0,3919787820.0,140915.0,-0.5272100498149844,14,uptrend_crowded_chase,1.063612694156356,0.007331576198363443,0.013157695687645132,0.65,0.8333333333333334,-0.06587265544474619,-1.0113610871171697,0.44683448679722176,0.007694511478756497,0.3803909015154899,0.7565565492790527,1.063612694156356,0,1.0,1.0
2022-05-17,4717.995732272653,4730.695573087881,4750.044465386635,4704.736792037597,76060.0,3613429670.0,136890.0,-0.5876551811073073,14,uptrend_crowded_chase,1.6304041388866608,0.0049525068337594735,0.018822114492770936,0.9,0.9333333333333333,-0.06284549333286016,-1.9757542876136915,0.102362568696119,0.009577380883856818,1.3584457090772024,0.5729444734516413,1.6304041388866608,0,1.0,1.0
2022-05-18,4729.641879041461,4741.817057749051,4742.064412119239,4726.78841141093,43805.0,2084008360.0,135223.0,-1.1271773013652475,14,uptrend_crowded_chase,0.9,0.0023509195401281158,0.01754127213262091,0.9,0.95,-0.07299649125673646,-2.3707231615221445,-1.5057010357780458,0.003221549992812334,-1.9037544228429257,0.9838076486829739,0.9,0,1.0,1.0
2022-05-19,4736.655659677946,4703.492219189649,4743.75235758133,4687.767918599432,84478.0,4007607540.0,132634.0,-0.451102309705393,14,uptrend_crowded_chase,1.9356970592260085,-0.008082310661220338,0.004056751195274488,0.5,0.7833333333333333,-0.09342076810871447,-2.9939034448640647,0.4055376944026099,0.01190273872538553,2.465856424049407,0.280869128568058,1.9356970592260085,0,1.0,1.0
2022-05-20,4710.948210367007,4747.214190741894,4748.244456741448,4707.6690828964365,70475.0,3355299800.0,130113.0,-0.6131452666623485,14,uptrend_crowded_chase,1.288434852100048,0.009295640242342529,0.01585520767918913,0.9,0.95,-0.1216006198246582,-3.612517148712089,-0.18742126779823937,0.00854719677998563,0.7768697042000956,0.9746085888576286,1.288434852100048,0,1.0,1.0
2022-05-23,4717.915204003079,4759.296535761021,4791.8889455539465,4708.89169361047,119577.0,5716835320.0,142138.0,-0.1728379013344426,14,uptrend_crowded_chase,5.443445952019518,0.0025451442748656294,0.011028274908911673,0.95,0.9833333333333333,0.008641544945644952,-0.13791270524674426,3.298376820596803,0.017438974713981637,5.688515083442234,0.6073073622350561,5.443445952019518,0,1.0,1.0
2022-05-24,4754.763286698449,4748.288543964354,4754.877700131559,4727.369858909798,61803.0,2946675630.0,135553.0,-0.7854108007795979,14,uptrend_crowded_chase,0.85,-0.0023129451409370505,0.0037188972751822647,0.85,0.9333333333333333,-0.009814975853064567,-0.9254641718920958,-0.6552548889994569,0.005793211799802586,-0.624153039260596,0.7604626217635575,0.85,0,1.0,1.0
2022-05-25,4741.427943735287,4769.568716802392,4776.774882394868,4740.110833296779,56087.0,2681700060.0,139129.0,-0.908497503685428,14,uptrend_crowded_chase,1.1112477988196707,0.004481651155148869,0.005852536847238632,1.0,1.0,0.02847629282192088,0.03212921072037004,-1.0670810570068785,0.00768707849179899,0.1582371761986014,0.8034541800553345,1.1112477988196707,0,1.0,1.0
2022-05-26,4763.464902161685,4776.2610670818,4781.89395912678,4753.524306601811,42723.0,2046359820.0,141320.0,-1.1962894055855442,14,uptrend_crowded_chase,1.6356403160988346,0.0014031353098722388,0.015471238071844473,1.0,1.0,0.06343336735026384,0.6356403160988348,-2.2418064094379666,0.005939719819859456,-0.6242237022544345,0.801446561954823,1.6356403160988346,0,1.0,1.0
2022-05-27,4776.190544058815,4722.8106306425625,4785.552913618051,4705.492318060265,117578.0,5596576260.0,135909.0,-0.1448836009959555,14,uptrend_crowded_chase,3.0166350318336645,-0.011190853198461137,-0.0051406064944201635,0.55,0.8,0.04358224046734627,-0.4628443577791076,1.6318704447049281,0.01695189619468058,3.3013996189624013,0.21631506063176642,3.0166350318336645,0,1.0,1.0
2022-05-30,4714.674750451214,4698.372823525273,4721.9672105786585,4689.842558574181,72307.0,3414401540.0,142145.0,-0.6759267200779392,14,uptrend_crowded_chase,1.464387041472928,-0.005174420282433534,-0.012800991024192632,0.3,0.6166666666666667,4.924670136041698e-05,1.164387041472928,-0.03858670026904797,0.0068373995021481,-0.38399697093311175,0.26553641576889964,1.464387041472928,0,1.0,1.0
2022-05-31,4699.43844972547,4712.009215709851,4717.503231666841,4690.386467704951,48989.0,2299118680.0,141389.0,-1.0599191738296645,14,uptrend_crowded_chase,1.4639162711577431,0.0029023648605106533,-0.007640506241057943,0.45,0.7333333333333333,0.042152249188410096,1.0139162711577432,-1.2399879455546643,0.005754819806269142,-0.7079493012264408,0.7973941151417658,1.4639162711577431,0,1.0,1.0
2022-06-01,4709.515431290226,4713.722979921559,4736.350228132848,4699.916135061846,52330.0,2478838430.0,140997.0,-0.9911687931719572,14,uptrend_crowded_chase,1.2184114755022488,0.0003637013709554271,-0.011708760308683286,0.5,0.75,0.01333705325057899,0.6125559598841913,-0.5744426414746548,0.0077293666229848275,0.21171103123611518,0.3789539877610413,1.2184114755022488,0,1.0,1.0
2022-06-02,4714.081162820277,4687.907304820562,4721.233161273199,4687.865161889687,52491.0,2478099460.0,145315.0,-1.018262073604166,14,uptrend_crowded_chase,1.9840017665619136,-0.005476706037024437,-0.018498520290311737,0.3,0.5333333333333333,0.0278769774438139,1.6840017665619136,-0.6449226015917994,0.007117888049791217,-0.2161931377519488,0.0012629744561568935,1.9840017665619136,0,1.0,1.0
2022-06-06,4688.71227740053,4756.33255547453,4782.855586985336,4683.509306225968,121595.0,5787586100.0,143985.0,-0.1690132772179813,14,uptrend_crowded_chase,6.930425600965194,0.014596118524700108,0.007097876127929004,0.85,0.9333333333333333,0.05772358335373795,1.2471011573092123,2.6903340679243986,0.020887160349000497,6.9763148193875635,0.7330244141192419,6.930425600965194,1,0.0,0.0
2022-06-07,4749.421657942245,4675.15587394275,4755.207957230582,4668.99324277908,136168.0,6418502900.0,166115.0,-0.1987909020800911,14,uptrend_crowded_chase,14.229023634000171,-0.017067074386618586,-0.004941487288167679,0.2,0.48333333333333334,0.15583265621923204,10.152815979879506,2.9052039190368455,0.018441035288689445,4.847211389204484,0.07148003914270021,14.229023634000171,0,1.0,1.0
2022-06-08,4676.244181347744,4686.34624212502,4701.593422022949,4674.417025023674,63707.0,2993902770.0,167302.0,-0.965506115843415,14,uptrend_crowded_chase,7.013259016859262,0.002393581836413139,-0.005446291042740414,0.25,0.5,0.16828560555118166,6.626625921397739,0.27326619092304494,0.005799058711238587,-0.7040903348748366,0.43895506463435496,7.013259016859262,0,1.0,1.0
2022-06-09,4675.863712653255,4676.644873892217,4698.966750280509,4656.231859302464,56480.0,2651862170.0,169934.0,-1.1015235331883242,14,uptrend_crowded_chase,7.657719277058593,-0.002070134755643549,-0.007865991740982459,0.15,0.4666666666666667,0.18667151281723626,7.1259591944217515,-0.19650496799494852,0.009137938015481175,0.7635201652736832,0.47766623764737415,7.657719277058593,0,1.0,1.0
2022-06-10,4674.102517561642,4656.482286293076,4693.619407694894,4648.615255594322,67319.0,3150361020.0,169812.0,-0.9252494279725766,14,uptrend_crowded_chase,8.324429940761412,-0.004311336041720959,-0.006703421480875216,0.0,0.35,0.15578814282347508,7.665581924058487,0.39968572588655343,0.009664839106775423,0.9180103075192975,0.17480677518761994,8.324429940761412,0,1.0,1.0
2022-06-13,4677.607608034797,4676.049559040686,4703.3036333909695,4663.417785585084,64968.0,3049765830.0,171331.0,-0.9697025170371678,14,uptrend_crowded_chase,2.7637320439647284,0.00420215766850629,-0.016879180649687298,0.15,0.45,0.17388823053366842,2.5984012342014657,-0.024142938404589864,0.00852981716773513,0.030661619526525706,0.3166981310533508,2.7637320439647284,0,1.0,1.0
2022-06-14,4678.120665742026,4683.322260025007,4692.928207971058,4662.22518548574,47168.0,2209700340.0,171945.0,-1.2934589616682113,14,uptrend_crowded_chase,0.9690056275789793,0.001555308790570864,0.0017467623117708442,0.2,0.4666666666666667,0.034494338649318834,0.7690056275789794,-1.2548529906687376,0.006555821013511452,-0.7508516999595709,0.6871334751930535,0.9690056275789793,0,1.0,1.0
2022-06-15,4683.679984252788,4640.876671447252,4683.995848988878,4617.844473087554,112728.0,5236626850.0,189656.0,-0.5202340674681275,14,uptrend_crowded_chase,5.889566184368228,-0.009063136427756469,-0.009702563218450866,0.0,0.23333333333333334,0.12541134236698426,2.984675519396312,3.1524129707155204,0.014254068915107375,2.6573683592283106,0.34817413917519185,5.889566184368228,0,1.0,1.0
2022-06-16,4647.418342034136,4644.62294447264,4650.937888873373,4624.533577293083,48786.0,2265187020.0,191131.0,-1.365515670370083,14,uptrend_crowded_chase,4.724380797232885,0.0008072339108764481,-0.0068472014196209185,0.05,0.2833333333333333,0.11754893045052839,4.674380797232885,-0.9102870622705657,0.0056849203683395425,-1.0635543429379952,0.7608366201280894,4.724380797232885,0,1.0,1.0
2022-06-17,4646.836342016511,4687.400409557052,4699.89470360346,4616.681624722428,102474.0,4783919910.0,185078.0,-0.5911682499774162,14,uptrend_crowded_chase,5.260134343239638,0.009210105017312564,0.006639802615589607,0.4,0.5,0.08608541508429113,3.0738856172896374,1.3079878112033567,0.017752500663559757,2.264509640696645,0.8498517995678202,5.260134343239638,0,1.0,1.0
2022-06-20,4678.055263836092,4719.340111492235,4724.160691913517,4670.712577583059,92164.0,4343205640.0,182793.0,-0.6847847662867299,14,uptrend_crowded_chase,3.1721486664796292,0.006813947848377078,0.009257932771018496,0.65,0.75,0.06475700705293796,1.9962389947024965,0.6972023617423182,0.011325336396142525,0.35461698181194634,0.9098082227657748,3.1721486664796292,0,1.0,1.0
2022-06-21,4719.278575859212,4664.26895983089,4733.0777435502505,4661.716591685066,90064.0,4236687150.0,180711.0,-0.6963785414011634,14,uptrend_crowded_chase,2.2865844952848313,-0.011669248318687542,-0.004068329945335791,0.15,0.3333333333333333,0.049724411887751785,1.1921224317019865,0.6549571937135776,0.015299536214517847,1.2339669334521124,0.03576691349721259,2.2865844952848313,0,1.0,1.0
2022-06-22,4660.3986758462925,4624.389494284094,4664.421551591404,4621.766289527434,75395.0,3501058570.0,187022.0,-0.9084852971757787,14,uptrend_crowded_chase,1.2236073975510076,-0.008549992697728381,-0.0035525997199180592,0.0,0.15,-0.013985647867395201,1.0794052459892132,0.288404303123589,0.009223976941538535,-0.03711675004577864,0.061497799561658545,1.2236073975510076,0,1.0,1.0
2022-06-23,4619.8001480109015,4635.454576630837,4641.676696740893,4581.901968889949,94217.0,4348854550.0,186622.0,-0.6834845483220193,14,uptrend_crowded_chase,1.3053703544653796,0.002392766085214104,-0.001973974626446884,0.05,0.15,-0.02387387611043401,0.38412535408201387,0.7665119624500895,0.012895116727557256,0.9759780383166419,0.8959071779369497,1.3053703544653796,0,1.0,1.0
2022-06-24,4638.520224893743,4606.612441713752,4639.054502966604,4589.055221838626,61750.0,2846675860.0,182290.0,-1.0825048500367436,14,uptrend_crowded_chase,0.03928433815701293,-0.006222072601571926,-0.017235132650196272,0.0,0.05,-0.015178532297694503,-0.25037582227774274,-0.9263724794109349,0.010853806731216428,0.07856867631402586,0.35114944613276816,0.03928433815701293,0,1.0,1.0
2022-06-27,4578.982895026409,4575.587021807185,4622.90477405901,4556.855048471053,94033.0,4320326960.0,188470.0,-0.6952930585372329,14,uptrend_crowded_chase,1.5474176883178439,-0.006734975060116999,-0.03046042164560081,0.0,0.0,0.030584477958321088,0.9578035574306373,0.3907840118755781,0.014435246291495533,0.7884442498988353,0.2836041053824947,1.5474176883178439,0,1.0,1.0
2022-06-28,4583.991031603678,4569.20110463558,4585.642205960942,4551.634194727766,70536.0,3223419300.0,190289.0,-0.992420751378485,14,uptrend_crowded_chase,0.8870418869489942,-0.0013956498130556216,-0.0203821554918987,0.0,0.0,0.05164489904037772,0.8870418869489942,-1.1250233779630616,0.0074428790623100585,-1.2081827084669412,0.5165521084830997,0.8870418869489942,0,1.0,1.0
2022-06-29,4575.3815371841765,4570.308305693607,4595.370507405116,4561.941550443664,58565.0,2683571730.0,188738.0,-1.170222561427306,14,uptrend_crowded_chase,0.4615820692765723,0.00024231830306242763,-0.011694773690091198,0.05,0.016666666666666666,0.009133552955606916,0.4115820692765723,-1.9426111169173679,0.0073143767828106636,-1.241446619522431,0.25028466367020535,0.4615820692765723,0,1.0,1.0
2022-06-30,4578.28064965344,4533.358037016729,4582.199711991897,4527.65068454416,82694.0,3759693290.0,193318.0,-0.8491894533751982,14,uptrend_crowded_chase,1.7118218000723682,-0.008084852531905828,-0.02202514077666029,0.0,0.0,0.03525132066889114,1.6126431647824706,0.016386179084745066,0.01203280813082086,0.18197109149505003,0.10462794186454426,1.7118218000723682,0,1.0,1.0
2022-07-01,4529.584475761519,4467.621142471475,4531.505234907706,4453.009883876239,117749.0,5295795880.0,188171.0,-0.4687958835943819,14,uptrend_crowded_chase,2.042321344113106,-0.014500706542145081,-0.030172127783896996,0.0,0.0,0.031752298341015006,0.33947791375213715,1.880813569134699,0.017569831578879983,1.5248732915872383,0.18614170652448755,2.042321344113106,0,1.0,1.0
2022-07-04,4466.640258673238,4470.5301269998,4483.81694442428,4421.074019039017,95712.0,4263410490.0,190394.0,-0.6877519268081529,14,uptrend_crowded_chase,1.6508493295867621,0.0006511260546850917,-0.02296030964042106,0.05,0.016666666666666666,0.010156766227153113,0.9826758093174925,0.6265509256727446,0.014034784153746548,0.6097961148657944,0.7882340145459467,1.6508493295867621,0,1.0,1.0
2022-07-05,4469.798446381403,4406.17593606914,4471.123018250592,4400.631514266287,84042.0,3737811070.0,198089.0,-0.8573997507664733,14,uptrend_crowded_chase,4.001806230237772,-0.014395203499914189,-0.035679140583470104,0.0,0.0,0.04017245548822679,3.5058677845801194,-0.14991906619609052,0.01599834073970106,0.9918768913153055,0.07865375952381101,4.001806230237772,0,1.0,1.0
2022-07-06,4387.261347775957,4370.120258061762,4390.942433506572,4325.106964674626,112918.0,4924501040.0,187397.0,-0.5065674695641301,14,uptrend_crowded_chase,1.122343159319339,-0.008182986455948171,-0.0438018694236566,0.0,0.0,-0.007130448810846346,-0.4721907101864691,1.5714088292717507,0.015064910104131855,0.6732774893669269,0.683724050056332,1.122343159319339,0,1.0,1.0
2022-07-07,4363.408701338749,4389.014888964991,4393.74940230042,4353.204749814873,66947.0,2934051090.0,189805.0,-1.0420959677745067,14,uptrend_crowded_chase,0.516890488617054,0.0043235951844513565,-0.03184022679724774,0.05,0.016666666666666666,-0.01833927203395902,0.466890488617054,-1.253337111186037,0.009237756879678332,-1.3796088017287125,0.8832271817567809,0.516890488617054,0,1.0,1.0
2022-07-08,4403.934251689057,4414.401653781654,4419.500754488814,4390.067592770571,62300.0,2743258640.0,189626.0,-1.1130922854276328,14,uptrend_crowded_chase,0.36538608934992756,0.005784160104011393,-0.011912265385238041,0.15,0.05,0.007702587335193911,0.21538608934992756,-1.0167663911692482,0.006667531417996152,-1.6693394273245927,0.8267566102489344,0.36538608934992756,0,1.0,1.0
2022-07-11,4433.687198162833,4408.87206231022,4452.841439254203,4404.24870439523,69123.0,3061655190.0,192328.0,-1.0233147214877631,14,uptrend_crowded_chase,1.7198833088607532,-0.001252625362419657,-0.013792114791307597,0.15,0.05,0.010106638563778247,1.5698833088607533,-0.6539813177811882,0.011021579708418834,-0.40151011171198586,0.09514504438592072,1.7198833088607532,0,1.0,1.0
2022-07-12,4394.524230289162,4377.884190470175,4428.733768365754,4371.43658643692,71387.0,3141060170.0,189993.0,-0.9788714494373988,14,uptrend_crowded_chase,0.1881078108170034,-0.007028525981724099,-0.006420929624568084,0.05,0.016666666666666666,-0.04172919527490215,-0.022712698667285657,-0.27155724905744977,0.013087870632475665,0.27621562163400676,0.11252916489440892,0.1881078108170034,0,1.0,1.0
2022-07-13,4362.8469896452425,4376.224490987453,4385.239037738121,4341.94688009252,63987.0,2791514450.0,188404.0,-1.0799086556123896,14,uptrend_crowded_chase,0.05,-0.0003791099559771194,0.0013968112008886369,0.05,0.016666666666666666,0.0053592322010871385,-0.6980614497017651,-0.7104146817814645,0.009892581547120902,-0.6175839001254987,0.791774140146509,0.05,0,1.0,1.0
2022-07-14,4380.98322060007,4404.118597034671,4417.105703733663,4377.75752389408,61977.0,2724929270.0,185949.0,-1.098709094089289,14,uptrend_crowded_chase,0.2,0.006374011686252512,0.0034412524112539256,0.2,0.06666666666666667,-0.02052478678144709,-1.663580754092382,-0.9038654649155446,0.008934405142058783,-0.9456704505439922,0.669943902057522,0.2,0,1.0,1.0
2022-07-15,4397.499621515121,4355.901442082849,4405.0727475497015,4349.520905514748,77239.0,3379694450.0,181751.0,-0.8557331076450231,14,uptrend_crowded_chase,0.34182554697018136,-0.010948196305223812,-0.0132521270801651,0.0,0.0,-0.04241609275927338,-3.8286059423489807,0.5219462138143095,0.012753236677547618,0.1617048801260532,0.11485733567729954,0.34182554697018136,0,1.0,1.0
2022-07-18,4377.989122644525,4396.408704941684,4409.911926212161,4375.295579592692,68996.0,3035203450.0,181598.0,-0.9677469209883056,14,uptrend_crowded_chase,0.25,0.00929939839030558,-0.0028268811597144117,0.25,0.08333333333333333,-0.05740679492878087,-3.0671776604334258,-0.11267368172422605,0.007873778109064256,-1.1286808467542744,0.6099177819393962,0.25,0,1.0,1.0
2022-07-19,4397.015576697653,4350.509354658732,4410.135033599375,4344.168512959283,76247.0,3332425610.0,188195.0,-0.9035005888657346,14,uptrend_crowded_chase,1.0229612981645813,-0.010440191839161672,-0.006252983089646946,0.0,0.0,-0.009508570059582055,-0.23487670866374075,0.7449340102498491,0.015162941913790235,1.3009885860793133,0.09612211827942356,1.0229612981645813,0,1.0,1.0
2022-07-20,4352.142602026033,4327.57359508596,4401.93090955656,4302.23451567755,133579.0,5797778880.0,186079.0,-0.3314782516043928,14,uptrend_crowded_chase,4.277406442926665,-0.005271971096490469,-0.011117093284790602,0.0,0.0,-0.0124172786161445,-0.9459031864369847,5.076818929112105,0.023037480862767426,3.4779939567412264,0.25416244682993067,4.277406442926665,0,1.0,1.0
2022-07-21,4324.563597080543,4324.398686326348,4338.508011355695,4310.878791277459,50253.0,2171195670.0,183455.0,-1.294899159163149,14,uptrend_crowded_chase,0.0,-0.0007336463932622328,-0.018101217974011763,0.0,0.0,-0.01350303675408071,-1.6890995358350036,-2.4463365741382126,0.006389147273954951,-1.124626192864292,0.48933321355455167,0.0,0,1.0,1.0
2022-07-22,4318.63690793409,4307.573270638692,4324.693122898362,4273.99546256075,93361.0,4008915550.0,179069.0,-0.6512975072784435,14,uptrend_crowded_chase,1.1764273209984974,-0.0038908104705650537,-0.011094872573849668,0.0,0.0,-0.01486641203702277,-2.093191710828735,2.013327057358493,0.011769424952833223,0.33952758463850186,0.6623147469594491,1.1764273209984974,0,1.0,1.0
2022-07-25,4305.678079783939,4293.167349672946,4313.501563023334,4275.710184409052,62839.0,2694183680.0,177646.0,-1.0392169062001713,14,uptrend_crowded_chase,0.0,-0.003344324068481619,-0.02348311137513026,0.0,0.0,-0.0220026468606509,-1.7731646907420089,-0.7985741684848249,0.008802680057920561,-0.8421086764158561,0.4619351265819399,0.0,0,1.0,1.0
2022-07-26,4287.399904628331,4234.583489414682,4296.958030489812,4233.538024692707,110307.0,4689767930.0,183131.0,-0.5069343562120002,14,uptrend_crowded_chase,2.1307304396043483,-0.013645836625196361,-0.02664650407426694,0.0,0.0,-0.027276915577248317,-0.32206234064707795,2.956398134314683,0.014976680931108734,1.305062744894013,0.016484778089102956,2.1307304396043483,0,1.0,1.0
2022-07-27,4224.219116806791,4232.101118311322,4252.345260392068,4208.434368674607,100638.0,4249826990.0,182865.0,-0.5972182557445462,14,uptrend_crowded_chase,0.7346731745039111,-0.0005862137585821436,-0.02206143342843392,0.0,0.0,-0.017423139038021063,-0.10698436338431098,1.4693463490078222,0.010375671679362417,-0.12320287209472522,0.538972193709847,0.7346731745039111,0,1.0,1.0
2022-07-28,4248.14260047177,4274.560939973213,4292.869651242256,4245.959827825664,104057.0,4433837120.0,180686.0,-0.5518218921912221,14,uptrend_crowded_chase,0.5966366459503205,0.010032799423949745,-0.011524780661579803,0.1,0.03333333333333333,-0.015208687696437906,-0.724385877352255,0.9932732919006411,0.010974185202956831,-0.024263813120081322,0.6097041102361674,0.5966366459503205,0,1.0,1.0
2022-07-29,4285.418968509246,4279.532486645284,4296.509228519919,4262.937998802599,87090.0,3725890090.0,178027.0,-0.7149931574776293,14,uptrend_crowded_chase,0.1914536181053356,0.0011630543445011465,-0.006509647597764512,0.15,0.05,-0.005835982242466287,-2.107260159484348,0.0829072362106712,0.00784460214336074,-0.7842446637245472,0.49430682112080265,0.1914536181053356,0,1.0,1.0
2022-08-01,4274.62733888606,4186.815538523599,4275.361328179627,4182.339916633052,100914.0,4262038710.0,185925.0,-0.6110746976160132,14,uptrend_crowded_chase,2.6290050648558214,-0.021665204881845868,-0.024772342302810446,0.0,0.0,0.04555056055932738,1.0409219278245838,0.41117468909999605,0.022217699989567095,2.7649915849624787,0.048113889223298664,2.6290050648558214,0,1.0,1.0
2022-08-02,4197.598958109096,4158.660452658933,4203.987840782272,4157.596959245817,98734.0,4124563210.0,188177.0,-0.6449536439312693,14,uptrend_crowded_chase,1.208672846393211,-0.006724701770499886,-0.017929280871551212,0.0,0.0,0.027181265528819054,1.1560791756884463,0.10518734140952939,0.011155246278111921,-0.04096054282528205,0.022924621776805015,1.208672846393211,0,1.0,1.0
2022-08-03,4164.981675544999,4134.325163382187,4168.92798235266,4131.383955214555,82083.0,3397110350.0,198002.0,-0.880546201191484,14,uptrend_crowded_chase,3.2643467182179045,-0.005851713443252082,-0.023103407077416205,0.0,0.0,0.07952895596840293,3.2643467182179045,-1.5710302071243811,0.009081053292719712,-0.48811585469790764,0.07834024189289962,3.2643467182179045,0,1.0,1.0
2022-08-04,4127.242936407601,4118.077226316079,4145.559379821812,4107.500253228666,94292.0,3883586210.0,199893.0,-0.7513858729747717,14,uptrend_crowded_chase,3.170562090565289,-0.003930009475310969,-0.0366081372694419,0.0,0.0,0.10102150526810227,3.170562090565289,-0.13683455091705857,0.009241965242889057,-0.5576953196813424,0.2779089809516902,3.170562090565289,0,1.0,1.0
2022-08-05,4120.26186175427,4122.44762960251,4164.97876606531,4109.02578710497,107771.0,4437941560.0,202118.0,-0.6288430796771101,14,uptrend_crowded_chase,4.037739781502879,0.0010612727849059755,-0.03670607888431121,0.05,0.016666666666666666,0.12691646108065946,2.722336889527206,1.2393206080571832,0.01357275676676948,1.2914851758941621,0.23987717449419796,4.037739781502879,0,1.0,1.0
2022-08-08,4098.549797633948,4059.151674910543,4100.27709294227,4051.777751768265,140046.0,5670441050.0,214907.0,-0.4282344363377638,14,uptrend_crowded_chase,5.581177991930334,-0.01535397423546403,-0.030491876806703955,0.0,0.0,0.14486200981850494,3.617098822347524,3.432634051646837,0.011948147065747294,0.49552428751878425,0.1520417177590549,5.581177991930334,0,1.0,1.0
2022-08-09,4057.0101284756047,4015.547573464338,4061.750610089571,4014.064682548576,148210.0,5958139240.0,221468.0,-0.4016479225536802,14,uptrend_crowded_chase,4.802528149249865,-0.01074217100970154,-0.034413215703410605,0.0,0.0,0.16289510025397824,2.7116735907453524,3.894432023444198,0.01187532376807456,0.28727709356482695,0.031097034119488845,4.802528149249865,0,1.0,1.0
2022-08-10,4027.847796407024,4077.125212081685,4088.8188466845486,4021.5683111569706,199363.0,8074402140.0,211593.0,-0.0595373345115432,14,uptrend_crowded_chase,6.134866679567507,0.01533480490288941,-0.013835377973441476,0.1,0.03333333333333333,0.06638748649788084,1.23755009346565,6.887938145329275,0.016494596567281153,2.706695026874438,0.8261183422387995,6.134866679567507,0,1.0,1.0
2022-08-11,4077.5243619270113,4055.305503676488,4089.077826697626,4043.955400561314,147956.0,6005952830.0,212567.0,-0.3623423005221582,14,uptrend_crowded_chase,1.7484777454633655,-0.005351738607521472,-0.015242968790982303,0.05,0.016666666666666666,0.06147500940290129,0.6908357831548214,2.015283924617088,0.011126763716174866,-0.12101900072981846,0.2515401782893098,1.7484777454633655,0,1.0,1.0
2022-08-12,4069.635832914885,4084.708970599509,4096.193747390445,4061.266991726462,120081.0,4900628570.0,208704.0,-0.5527504650948443,14,uptrend_crowded_chase,0.8428755749958814,0.007250616974815882,-0.009154430181721795,0.2,0.06666666666666667,0.03206529490391752,0.41618103081628566,0.45338908835919156,0.008550610561333875,-0.923454993233376,0.671175390539364,0.8428755749958814,0,1.0,1.0
2022-08-15,4081.500792483816,4121.048356461643,4126.885205768832,4061.7593474898313,157587.0,6447153410.0,199539.0,-0.2360320192344235,14,uptrend_crowded_chase,1.523489466976893,0.00889644430574954,0.01524867423252041,0.3,0.1,-0.0741956704615756,-0.5487641924231085,1.1113447860132528,0.015803225938100376,1.3356341479405334,0.9103758558976179,1.523489466976893,0,1.0,1.0
2022-08-16,4107.397482157809,4113.326024194726,4141.654414864858,4098.4190672222,103608.0,4262119300.0,198473.0,-0.6500385238032459,14,uptrend_crowded_chase,0.25,-0.0018738756740888096,0.024349966957565528,0.25,0.08333333333333333,-0.10962503879797048,-0.719798080610205,-0.7968662625125706,0.010511043225931048,-0.31280739722524004,0.3447863330655466,0.25,0,1.0,1.0
2022-08-17,4127.2490240777925,4171.502775286091,4200.356298533447,4120.605332487066,150832.0,6267912910.0,183945.0,-0.1984701652283045,14,uptrend_crowded_chase,2.0045116421693754,0.01414348163728496,0.023148065927614425,0.55,0.18333333333333332,-0.14002781826940414,-2.323360241652758,0.5364338687830814,0.019118042188264305,2.3725894155556695,0.6382047180396988,2.0045116421693754,0,1.0,1.0
2022-08-18,4179.686233163332,4173.953704863286,4209.181450022047,4158.455529011176,139676.0,5844599560.0,167685.0,-0.1827617645934571,14,uptrend_crowded_chase,0.6375701235967784,0.0005875411594391533,0.029257524760892162,0.6,0.2,-0.23717001339697497,-4.273753236135176,-0.14947114028169808,0.01215296685053503,0.0751402471935569,0.3055277369688042,0.6375701235967784,0,1.0,1.0
2022-08-19,4193.784263065881,4184.063403327788,4208.520199832683,4164.790652075052,84519.0,3528341870.0,166537.0,-0.6782411457963242,14,uptrend_crowded_chase,0.65,0.0024220916616117805,0.024323503447467587,0.65,0.21666666666666667,-0.2256994732118347,-4.122733440326961,-5.233102765000208,0.01045145437395872,-0.7045596536870131,0.4407260591752442,0.65,0,1.0,1.0
2022-08-22,4168.072628293705,4157.793389056864,4202.340311817163,4139.979904873097,116948.0,4857252170.0,171322.0,-0.3818154351806611,14,uptrend_crowded_chase,1.2277077737751492,-0.006278588954945263,0.00891642839803275,0.5,0.16666666666666666,-0.15246487920702556,-2.5499485818278766,-2.0414170121445263,0.014998438139854482,1.4554155475502983,0.2856537514218651,1.2277077737751492,0,1.0,1.0
2022-08-23,4166.382023450703,4181.057584716588,4186.561748357175,4157.056698666016,99587.0,4146253860.0,172841.0,-0.5513404627613003,14,uptrend_crowded_chase,0.7,0.00559532268268903,0.016466372984651034,0.7,0.23333333333333334,-0.13828097397978212,-1.314831351689503,-1.821837121921386,0.00705683887230149,-1.4707144581159006,0.8134501145329023,0.7,0,1.0,1.0
2022-08-24,4200.197911943543,4225.097843731071,4237.546422975281,4198.18146121586,105173.0,4421485950.0,165100.0,-0.4509447375561406,14,uptrend_crowded_chase,0.85,0.010533282099597807,0.012847904300220758,0.85,0.2833333333333333,-0.10808544895601635,-0.974220618689781,-0.8053184336794762,0.009316934948104982,-0.4859916077550141,0.6837649857177885,0.85,0,1.0,1.0
2022-08-25,4240.677322158553,4191.964438488591,4244.264354420902,4178.014941599856,90491.0,3785858110.0,170887.0,-0.6357521211054502,14,uptrend_crowded_chase,1.7418050756300296,-0.007842044484636324,0.004315029561617001,0.85,0.2833333333333333,0.01891529996188801,-0.39475558656570153,-1.0754468308581895,0.015803906209884887,1.783610151260059,0.21056030981612137,1.7418050756300296,0,1.0,1.0
2022-08-26,4188.72002025128,4153.327692989534,4189.092259705193,4148.799360851007,85402.0,3548181460.0,175994.0,-0.7230803838239066,14,uptrend_crowded_chase,0.9091885483939534,-0.009216859080271256,-0.007345899757113861,0.5,0.16666666666666666,0.055232396592932886,0.40918854839395336,-1.1332014861854076,0.009701353187757666,-0.3411566427436309,0.11238536484838575,0.9091885483939534,0,1.0,1.0
2022-08-29,4167.587875798651,4195.062035867345,4214.41804373854,4159.6431960814325,108984.0,4559194560.0,169402.0,-0.4410735060599423,14,uptrend_crowded_chase,1.2393708073870644,0.010048410807617092,0.008963563920364681,0.95,0.31666666666666665,-0.011270238215566053,-0.3609701759957024,0.16917369354318548,0.013056981562796574,0.4095679212309434,0.6466259843867666,1.2393708073870644,0,1.0,1.0
2022-08-30,4220.130827853711,4247.27703324808,4287.49449353866,4208.588187774352,186517.0,7925310330.0,166175.0,0.1154809378170727,14,uptrend_crowded_chase,3.8331524356725764,0.012446775979545244,0.015837966158024352,1.0,0.38333333333333336,-0.03933064681710441,-0.8347066474097168,3.052744365997777,0.018578092539436923,2.613560505347376,0.49031373473865614,3.8331524356725764,0,1.0,1.0
2022-08-31,4270.635923351019,4251.279588357306,4286.591603007591,4241.081398573341,102235.0,4356821530.0,162471.0,-0.4632254394101578,14,uptrend_crowded_chase,1.0,0.0009423814547282472,0.006196719128074513,1.0,0.4,-0.016051826620905985,-1.6751819526762528,-0.15786435116612915,0.010705060320870442,-0.4199797543226505,0.22408578275447327,1.0,0,1.0,1.0
2022-09-01,4264.977703804515,4223.489293868522,4269.277847255429,4207.617386790004,120320.0,5066028700.0,169062.0,-0.3401106513487609,14,uptrend_crowded_chase,1.934418471094363,-0.00653692468613265,0.00752030601464182,0.85,0.3333333333333333,-0.010737007801996157,0.13641370468647063,0.7821815129607609,0.01459941204419314,1.1138280198550243,0.25740818279190836,1.934418471094363,0,1.0,1.0
2022-09-02,4215.135407477575,4213.194728758707,4237.502087198517,4196.886237825996,108264.0,4555533610.0,182310.0,-0.5211358460411691,14,uptrend_crowded_chase,3.842624435741158,-0.0024374550030846764,0.014414233644560293,0.8,0.3333333333333333,0.03525863126742124,2.929194621676689,0.22685962812893723,0.009640154796378685,-0.5722480118528142,0.40153021996739535,3.842624435741158,0,1.0,1.0
2022-09-05,4238.261628002836,4272.304516715568,4279.566877763545,4228.480624641677,106130.0,4505662480.0,193592.0,-0.6010880939009056,14,uptrend_crowded_chase,5.438194869564297,0.014029683354862543,0.018412714803215602,1.0,0.45,0.13347826315093592,4.428424538333052,-0.045539408340977076,0.011957540227291888,0.019540662462490914,0.8578411881049035,5.438194869564297,0,1.0,1.0
2022-09-06,4280.229300983172,4286.151512074253,4322.674744621855,4278.487899947148,128123.0,5487802920.0,196948.0,-0.4299489944889724,14,uptrend_crowded_chase,6.0906919264706305,0.0032411068322748537,0.009152800375831438,1.0,0.5,0.16989828457606748,3.6762622026095273,2.8288594477222073,0.010309212016941217,-0.36865266965055066,0.17343650997310714,6.0906919264706305,1,0.0,0.0
2022-09-07,4288.520875287321,4305.36590552502,4315.107612036729,4263.033949675556,98405.0,4216507760.0,202678.0,-0.7225268970117644,14,uptrend_crowded_chase,4.844822791687898,0.004482901128585626,0.012722361830973528,1.0,0.5333333333333333,0.2211189884819884,3.6940544188311852,-0.708337046941372,0.012095060792474667,0.30153674571342504,0.8129244982973888,4.844822791687898,0,1.0,1.0
2022-09-08,4282.339819509425,4267.837281244475,4285.931188885661,4244.909359403332,117388.0,4987372870.0,214966.0,-0.6049951885684482,14,uptrend_crowded_chase,4.281051892784802,-0.008716709590788851,0.010500319591276286,0.85,0.45,0.2402143645371133,3.126231121545929,0.6096415424777467,0.009611854149783149,-0.8057928396008891,0.5589200221072459,4.281051892784802,0,1.0,1.0
2022-09-09,4253.395320328078,4288.586758672137,4289.945458595078,4251.278768000962,78092.0,3338003700.0,214480.0,-1.010328875107148,14,uptrend_crowded_chase,2.5412489291890346,0.004861824868264808,0.017894266647305423,0.95,0.5333333333333333,0.16250795911233062,1.5912489291890346,-2.523698395722509,0.009016184764345974,-0.9403676577506258,0.9648612306337956,2.5412489291890346,0,1.0,1.0
2022-09-13,4295.586185155997,4254.733358298115,4321.215905614018,4251.4612007216,108924.0,4663130040.0,224316.0,-0.7224053806857045,14,uptrend_crowded_chase,2.906874088629808,-0.007893835960194995,-0.004112805711462109,0.75,0.45,0.14730292034355763,1.1449683189968298,0.021134152822257092,0.016394612545195954,2.0026773864436995,0.04690948921024168,2.906874088629808,0,1.0,1.0
2022-09-14,4262.210424367358,4250.525355070336,4273.381559670274,4229.371407036744,97300.0,4133709910.0,221435.0,-0.8223301035026562,14,uptrend_crowded_chase,1.543027857879435,-0.0009890169073865085,-0.008311921989588189,0.65,0.43333333333333335,0.11718935819090248,0.8930278578794351,-0.839801133886648,0.010354050136657031,-0.38652894514985375,0.4806606377791944,1.543027857879435,0,1.0,1.0
2022-09-15,4266.636238328951,4264.323822071533,4293.2098295744845,4260.790363743574,85233.0,3636650000.0,217076.0,-0.934858839850474,14,uptrend_crowded_chase,1.4292615513977664,0.0032462968335753573,-0.009532774763886698,0.75,0.48333333333333334,0.0686290098516853,0.6792615513977666,-1.753056881118055,0.007602486861600925,-1.683328885141339,0.10899187378313041,1.4292615513977664,0,1.0,1.0
2022-09-16,4269.899406238187,4287.386265933458,4288.359248789315,4249.415635035085,93047.0,3968036810.0,213309.0,-0.82963707684226,14,uptrend_crowded_chase,1.16273357946352,0.0054082299619360175,0.004580536557683201,0.9,0.5833333333333334,-0.007738057407419063,0.26273357946352,-1.0171246255375708,0.00908329955331209,-0.5725170504389794,0.9750155991686598,1.16273357946352,0,1.0,1.0
2022-09-19,4290.934759770927,4342.76898089172,4355.09447514307,4290.844729649325,136072.0,5915815040.0,219800.0,-0.4795338845577304,14,uptrend_crowded_chase,4.430037910562028,0.012917593965890095,0.012634050625190074,1.0,0.7,0.024501548041817145,0.44687211634871904,2.451489231158368,0.01479464962940581,3.5148423572682503,0.8081627536944955,4.430037910562028,0,1.0,1.0
2022-09-20,4339.515996291509,4322.042952550595,4341.058632516887,4308.62137816597,71071.0,3063796270.0,217263.0,-1.117429223876109,14,uptrend_crowded_chase,1.2429706398306752,-0.004772537621116846,0.015819932433886796,0.95,0.6666666666666666,-0.03194717076768683,0.2929706398306753,-2.1083939930680393,0.007505074499959491,-1.2963317867282345,0.41377035921185495,1.2429706398306752,0,1.0,1.0
2022-09-21,4317.424718756961,4319.904256048875,4326.146480861624,4300.85775846328,62911.0,2704965470.0,218677.0,-1.2458747260773533,14,uptrend_crowded_chase,1.450463518353317,-0.0004948346245513546,0.016322429625264645,0.9,0.6666666666666666,-0.01253333743760976,0.550463518353317,-1.8615598831331597,0.005854000667476214,-1.799239814456627,0.7531617171313666,1.450463518353317,0,1.0,1.0
2022-09-22,4336.43189350546,4351.862549827472,4360.946153743357,4328.788159200793,75548.0,3282065670.0,224023.0,-1.0869805093217852,14,uptrend_crowded_chase,2.710657235984462,0.007397917149170263,0.020528161417491697,1.0,0.7666666666666667,0.03150120251653554,1.710657235984462,-0.9351646453548081,0.00738947845304504,-0.7362705400771811,0.7175320151304226,2.710657235984462,0,1.0,1.0
2022-09-23,4352.083564165341,4352.661187976026,4382.182904713691,4343.633904756798,79866.0,3473251470.0,221890.0,-1.021831533285388,14,uptrend_crowded_chase,1.8112113520900708,0.00018351640002634007,0.015224875482115152,1.0,0.7833333333333333,0.03943994489833891,0.8112113520900708,-0.40149357241387684,0.008856421001336386,-0.08716356416569658,0.23417684581499976,1.8112113520900708,0,1.0,1.0
2022-09-26,4352.286214145188,4348.390667716763,4361.328772717074,4317.251118182226,76721.0,3325757090.0,220932.0,-1.0576794969619896,14,uptrend_crowded_chase,1.656243254720318,-0.000981128572804968,0.0012944936398364693,0.9,0.75,0.005136919893548253,0.4720878838017999,-0.36397037619516215,0.010136544276504072,0.5683107418370368,0.7064702027173119,1.656243254720318,0,1.0,1.0
2022-09-27,4350.263442873709,4393.146452250838,4399.769032341975,4340.065786404981,93573.0,4089525480.0,226538.0,-0.8841708209385792,14,uptrend_crowded_chase,4.113086124021687,0.010292493925706747,0.01645136350583498,1.0,0.9,0.04180410002012458,1.7041398039687832,0.630228611837692,0.013590087784668503,2.1876640282681157,0.88907504127789,4.113086124021687,0,1.0,1.0
2022-09-28,4391.021451081823,4410.354170539343,4411.458088092333,4373.535083032715,61328.0,2698969640.0,225942.0,-1.3040418205289916,14,uptrend_crowded_chase,2.5416368732413455,0.00391694619688554,0.020937944252772844,1.0,0.9833333333333333,0.03268257391018459,1.5416368732413452,-1.6259237311700254,0.008598630312490375,-0.17577628785407898,0.9708905570311482,2.5416368732413455,0,1.0,1.0
2022-09-29,4405.70581984814,4398.243590092913,4412.611687595114,4390.573498080744,50971.0,2245791860.0,220206.0,-1.46330662833032,14,uptrend_crowded_chase,0.95,-0.002745942837726445,0.010657744755123266,0.95,0.9333333333333333,-0.017185253281621016,-0.03338324170384418,-2.1479832536854206,0.005010679618566671,-1.9581955952795203,0.3480363941497114,0.95,0,1.0,1.0
2022-09-30,4398.332504652776,4323.798926331716,4400.237940255525,4306.217119804701,136232.0,5906790020.0,204905.0,-0.408187142370212,14,uptrend_crowded_chase,4.84898256006031,-0.016925998352816274,-0.006630946080535827,0.65,0.7,-0.07963530648380868,-4.190325459578453,2.005590482251241,0.021744956704217305,6.392374637869378,0.18699907576546643,4.84898256006031,0,1.0,1.0
2022-10-10,4436.58453665229,4524.016806355434,4541.503519635233,4425.023278423168,171329.0,7722889600.0,205934.0,-0.1839700444663362,14,uptrend_crowded_chase,5.058526312277138,0.04630601085642572,0.040388767261081426,1.0,1.0,-0.07029923275831607,-3.9053717040732225,2.755970076909222,0.02574708410641412,5.361082547645053,0.8498739949553965,5.058526312277138,0,1.0,1.0
2022-10-11,4525.592459535299,4499.669339678202,4525.942684312221,4490.596453205683,86668.0,3923057060.0,212245.0,-0.895656540943492,14,uptrend_crowded_chase,1.1701967327001976,-0.0053818249841662835,0.024247515666769415,0.95,0.9833333333333333,-0.06517143348268029,-1.6936143124092928,0.4403934654003956,0.007855295231330389,-0.2747485680073662,0.2566861073581521,1.1701967327001976,0,1.0,1.0
2022-10-12,4498.993649671169,4495.569186279061,4517.405979598687,4474.732662059104,84917.0,3832360270.0,217507.0,-0.9405567250747984,14,uptrend_crowded_chase,1.158759412960267,-0.0009112121557435238,0.01932158108955173,0.9,0.9666666666666667,-0.03804729524829753,-0.4760658207218567,0.2766165966702989,0.0094923058174316,0.24090222925023502,0.48827992341184767,1.158759412960267,0,1.0,1.0
2022-10-13,4506.742382527394,4564.475302266778,4584.571854729613,4500.190787893345,164155.0,7488315800.0,224636.0,-0.3136702109822274,14,uptrend_crowded_chase,5.820227945342621,0.015327562124508365,0.03779502175557159,1.0,1.0,0.019917842537342523,0.6223070011590366,4.3487869446380305,0.018486476812430735,4.0470549437291385,0.7618357622589702,5.820227945342621,0,1.0,1.0
2022-10-14,4564.362131731197,4588.934323951889,4592.549209095733,4544.197316926905,103789.0,4763063420.0,224237.0,-0.7703435361528261,14,uptrend_crowded_chase,1.8976443886077001,0.005358561513732818,0.061320010975883354,1.0,1.0,0.09015707114951255,0.5255050882145728,0.5743966177965378,0.01053662762538486,0.16988198298971685,0.925237979700528,1.8976443886077001,0,1.0,1.0
2022-10-17,4555.38145499186,4561.176385113169,4576.208283909289,4538.06868215255,106695.0,4874582330.0,229169.0,-0.764485425785376,14,uptrend_crowded_chase,2.3287265306767377,-0.006048885619007072,0.008213846311431183,0.9,0.9666666666666667,0.10690399353421043,1.2186525979450478,0.42014786546338023,0.008361790585696275,-0.46452638452579165,0.6058716372552635,2.3287265306767377,0,1.0,1.0
2022-10-18,4560.434229483005,4469.623265845234,4565.250232824081,4446.562713608467,181878.0,8198038570.0,216532.0,-0.1744022098898529,14,uptrend_crowded_chase,3.5197120985525086,-0.020072260210490356,-0.0066773959517472115,0.7,0.9,0.019997074736979314,-0.8586690570107139,1.748809238240299,0.02655425572946346,3.8906149588647176,0.194296353897783,3.5197120985525086,0,1.0,1.0
2022-10-19,4474.3558905546815,4473.952188444282,4486.189175694556,4456.769549477437,79098.0,3552501550.0,218420.0,-1.0157322247656946,14,uptrend_crowded_chase,0.7,0.0009685206876668406,-0.004808511878930943,0.7,0.9,0.004188780850689966,-0.047013135281798096,-0.5479323373003233,0.00657575784853191,-0.6476031736777489,0.5840536123754869,0.7,0,1.0,1.0
2022-10-20,4484.932749690607,4474.550528404634,4508.179888165312,4461.981503560873,99952.0,4508307520.0,216690.0,-0.773777689979651,14,uptrend_crowded_chase,0.7247851333875391,0.00013373856830600772,-0.01970101006297187,0.7,0.9,-0.03601355368024173,-0.14376919531549495,-0.12772711535660877,0.01032469838281415,0.049570266775078434,0.2720663276731429,0.7247851333875391,0,1.0,1.0
2022-10-21,4490.601613229586,4498.593619623075,4503.840669131018,4471.471077188606,99325.0,4483538010.0,222432.0,-0.8062241352174128,14,uptrend_crowded_chase,1.3457275513419757,0.0053732975112952275,-0.01968664137494458,0.75,0.9166666666666666,-0.008082091325952945,0.5957275513419759,-0.1648676164511663,0.007195491453421122,-0.678693840872722,0.8379018951713044,1.3457275513419757,0,1.0,1.0
2022-10-24,4534.188704807792,4468.657120206988,4568.776734891876,4441.7773146563495,174209.0,7919819440.0,229579.0,-0.2759914690107617,14,uptrend_crowded_chase,5.6682694695117934,-0.00665463519209708,-0.020284079608968164,0.5,0.8333333333333334,0.0017874742087808926,1.4940541562914587,2.109113646574852,0.028420041372438948,5.239316979865817,0.21165297842138736,5.6682694695117934,0,1.0,1.0
2022-10-25,4469.238887707591,4464.146405073292,4471.309608015866,4429.369396268216,123467.0,5523305910.0,235429.0,-0.6454354679165089,14,uptrend_crowded_chase,3.370154050219241,-0.0010094117790552248,-0.0012253517681888315,0.45,0.8166666666666667,0.08367103927586506,2.5420346628043906,0.7562387748297005,0.009394900601823056,-0.14536452162846475,0.8292044163802976,3.370154050219241,0,1.0,1.0
2022-10-26,4467.16699061264,4378.240513271373,4470.0773396255245,4371.5940055393,171781.0,7607829850.0,238860.0,-0.3296571965196819,14,uptrend_crowded_chase,4.861913623158222,-0.01924352026275189,-0.021393092983899464,0.25,0.75,0.08945779147069821,1.7360565970569397,1.7661594861932224,0.022493815446570465,3.9855545660093425,0.06748865474287784,4.861913623158222,0,1.0,1.0
2022-10-27,4376.645273116729,4363.892626213962,4400.952473282759,4357.143780229426,119151.0,5305735360.0,236622.0,-0.6860723348689465,14,uptrend_crowded_chase,1.6816284818563836,-0.0032770897381995123,-0.02473050678234845,0.2,0.7333333333333333,0.08799617042982,1.4313954831144136,0.10046599748393992,0.01003890260502133,-0.07453763337258028,0.1540526665865203,1.6816284818563836,0,1.0,1.0
2022-10-28,4364.74073980526,4356.6437799910245,4372.30340741115,4342.91220073201,112391.0,4937173680.0,231736.0,-0.723614929617378,14,uptrend_crowded_chase,0.546065118153135,-0.0016610963751476637,-0.0315542704308428,0.15,0.7166666666666667,0.04097735577864903,0.396065118153135,-0.017451999057370358,0.006746295580585772,-0.9642374308706749,0.46720025512801244,0.546065118153135,0,1.0,1.0
2022-10-31,4404.360741480083,4359.757385871136,4426.373215710032,4349.096367393187,171222.0,7648872750.0,221504.0,-0.2574796878883583,14,uptrend_crowded_chase,2.016422404160391,0.0007146799319264208,-0.024369677826346248,0.15,0.7166666666666667,-0.03580654883486645,-0.7615594806592677,1.765839906695147,0.017725034096456684,1.9670049016256348,0.1379587639785313,2.016422404160391,0,1.0,1.0
2022-11-01,4362.155065841306,4363.093765542516,4393.786980063444,4346.70574676421,116683.0,5085106430.0,229210.0,-0.6751777578900107,14,uptrend_crowded_chase,0.4638535583504415,0.0007652672789069115,-0.022636497632769093,0.15,0.7166666666666667,-0.02677076789452215,0.25552000008106324,-0.09592106527566735,0.010790791082937082,0.11666711653875654,0.348079640865579,0.4638535583504415,0,1.0,1.0
2022-11-02,4369.178237781278,4353.19552691662,4388.1838231124575,4345.461411806071,117161.0,5093848730.0,231697.0,-0.6818814263178098,14,uptrend_crowded_chase,0.26786085079330335,-0.0022686284452713146,-0.005720331324612249,0.05,0.6666666666666666,-0.030447122663073145,0.21786085079330333,-0.025545056469934317,0.009814034550533288,-0.07725378909895474,0.18103180213971423,0.26786085079330335,0,1.0,1.0
2022-11-03,4351.606750831602,4356.990894956047,4362.345867664551,4319.841332506078,114730.0,4965207360.0,232179.0,-0.7049270840863757,14,uptrend_crowded_chase,0.3447677113631757,0.0008718579296425055,-0.0015815538669435858,0.15,0.6833333333333333,-0.018955305263258282,0.1947677113631757,-0.18247124010692256,0.009755479454336087,-0.15241647457247978,0.8740140860607164,0.3447677113631757,0,1.0,1.0
2022-11-04,4356.0883681328405,4308.02288497679,4364.411184537522,4293.984118275534,177810.0,7654604600.0,249028.0,-0.3368497754740432,14,uptrend_crowded_chase,7.768556725426929,-0.011238951643425588,-0.011160172249459088,0.0,0.5166666666666667,0.07196654724517515,3.6306416588615167,5.866469555840765,0.016347885826601814,2.409360577290061,0.19933766158925778,7.768556725426929,0,1.0,1.0
2022-11-07,4310.6394654982505,4327.753217317351,4351.213338174776,4302.937835122671,123748.0,5336680710.0,249276.0,-0.7003134766385102,14,uptrend_crowded_chase,3.8875800130805542,0.004579904254772282,-0.0073408141144508665,0.05,0.5666666666666667,0.11812006832766997,3.6284398757107796,0.20536113285117474,0.011154865036881722,0.2129191418883755,0.5140367396668348,3.8875800130805542,0,1.0,1.0
2022-11-08,4327.278639293655,4309.566683446365,4344.86097570689,4304.698075980197,105635.0,4543160290.0,252289.0,-0.8705855000541448,14,uptrend_crowded_chase,3.276343868220321,-0.004202303818575892,-0.012268148468153717,0.05,0.5,0.09593664190006734,3.2263438682203214,-1.976395790046339,0.009319475176231464,-0.8395829515695878,0.12122151287128285,3.276343868220321,0,1.0,1.0
2022-11-09,4314.276633353458,4328.500049475363,4339.738000780051,4296.701528814713,103632.0,4456839260.0,252651.0,-0.8911629273342492,14,uptrend_crowded_chase,2.60409453866963,0.0043933340448645275,-0.005672953876884268,0.15,0.5666666666666667,0.08657860619760172,2.4540945386696302,-1.8375012448081236,0.009942583221306481,-0.347106035752775,0.7388737786466507,2.60409453866963,0,1.0,1.0
2022-11-10,4317.5385005407,4314.544740960872,4328.692324451083,4298.725784108678,94022.0,4033396190.0,252375.0,-0.987387279193492,14,uptrend_crowded_chase,1.3641116227278554,-0.0032240518320387768,-0.009742080031499012,0.1,0.48333333333333334,0.08340745073557443,1.2641116227278553,-3.054596884538365,0.006945469833215932,-2.7920700663443334,0.5278873260457513,1.3641116227278554,0,1.0,1.0
2022-11-11,4316.700969993297,4307.924680518259,4323.6463391769,4290.452693474527,114700.0,4912269000.0,259561.0,-0.8166717182839768,14,uptrend_crowded_chase,1.2132958922733985,-0.001534358974138006,-2.2795714218037944e-05,0.0,0.43333333333333335,0.041426402477402036,1.2132958922733985,-0.07416852382647841,0.007705252102592405,-1.3391329764709305,0.5263654134406501,1.2132958922733985,0,1.0,1.0
2022-11-14,4292.930051573455,4357.77147312813,4360.447517495468,4270.590647293167,145341.0,6224663860.0,256495.0,-0.5680264656602926,14,uptrend_crowded_chase,5.445757068221509,0.011570952675958646,0.006936221707527501,0.45,0.6833333333333333,0.028548454902892928,0.7140386377863879,1.9439886822455255,0.020619913356263852,6.619448178624716,0.9702188117468068,5.445757068221509,0,1.0,1.0
2022-11-15,4355.022134700865,4364.419348170058,4367.232497674308,4330.0111660245575,122136.0,5288682200.0,251538.0,-0.7224588936110524,14,uptrend_crowded_chase,1.01678437028594,0.0015255217220364603,0.01272811601555901,0.65,0.7333333333333333,-0.0029811842406477496,0.13615149334148835,0.4612657538889031,0.008528358226016329,-0.8318988528764626,0.924421040850386,1.01678437028594,0,1.0,1.0
2022-11-16,4366.256362651197,4375.346982870724,4390.874144504889,4360.233594589217,112476.0,4906050380.0,249923.0,-0.7984130048681557,14,uptrend_crowded_chase,0.7,0.002503800352101404,0.010822902358760267,0.7,0.7333333333333333,-0.010856219354305807,-0.4854017574430849,-0.25849298861439246,0.007002998856005713,-1.4287190546315205,0.4932479450630392,0.7,0,1.0,1.0
2022-11-17,4376.615569755827,4358.218319642185,4385.672507850551,4348.443198433943,74425.0,3243894630.0,249066.0,-1.2079260146815718,14,uptrend_crowded_chase,0.5,-0.003914812538433399,0.0101224071839352,0.5,0.65,-0.013198155049590099,-0.8308268602820326,-3.687969840411005,0.008542323189459805,-0.3891580154914267,0.26256520363714964,0.5,0,1.0,1.0
2022-11-18,4353.967706499993,4293.21205541526,4358.881823029214,4284.235596874783,153487.0,6591505830.0,254226.0,-0.5046077623058599,14,uptrend_crowded_chase,3.6213668765284974,-0.01491578885205136,-0.00341524659647241,0.0,0.3333333333333333,-0.02076810722638278,0.6679928984704797,2.2894976671727907,0.017387034507246133,3.6172502889432447,0.12025334706011344,3.6213668765284974,0,1.0,1.0
2022-11-21,4307.600588111573,4388.912700883382,4403.141431444706,4300.100288500077,198768.0,8631715100.0,247345.0,-0.2186458077268097,14,uptrend_crowded_chase,6.138963429410967,0.022291152692401894,0.007146136034732908,0.9,0.75,-0.03632504804530967,-1.5774192300530985,4.255336898036868,0.023477601394051157,6.222589960785066,0.8619121434923358,6.138963429410967,0,1.0,1.0
2022-11-22,4392.549540015974,4389.355851643436,4412.891399631822,4371.588245779638,131912.0,5787885350.0,245948.0,-0.6229850978755267,14,uptrend_crowded_chase,1.411941869296977,0.00010097051143542757,0.005713590167231164,0.95,0.75,-0.0224739400914995,-2.0250043418131627,0.7190072513297545,0.009409844006318165,0.20487648726419952,0.43017552430462436,1.411941869296977,0,1.0,1.0
2022-11-23,4383.890271827898,4385.380746101728,4394.686137315928,4366.0428658885485,77628.0,3398667430.0,246776.0,-1.1565528557202316,14,uptrend_crowded_chase,0.9,-0.0009056238947270367,0.0022932497171734845,0.9,0.7166666666666667,-0.012671827850423867,-1.3666329852717696,-1.6822535175106208,0.006531535819972158,-1.016564403063448,0.6751281976364771,0.9,0,1.0,1.0
2022-11-24,4382.943108357935,4427.324886077563,4433.661961614384,4374.328888158711,123165.0,5424831840.0,251048.0,-0.7121192360795899,14,uptrend_crowded_chase,2.175347488421303,0.009564537814218399,0.0158566095975321,1.0,0.8,0.007926234325040582,0.06246942246876845,0.1232587896455483,0.013401563016587154,2.1024973422595203,0.8931948883188096,2.175347488421303,0,1.0,1.0
2022-11-25,4419.514862718403,4417.222722236224,4441.414736251225,4397.753779002805,110258.0,4879726810.0,249993.0,-0.8186098434175276,14,uptrend_crowded_chase,1.0886610226816003,-0.002281776038868588,0.02888528803615542,0.95,0.7833333333333333,-0.016790717722679815,-0.09663263201021222,-0.5604835332223811,0.009884255332798101,0.2773220453632006,0.4459119648395761,1.0886610226816003,0,1.0,1.0
2022-11-28,4402.947871886915,4409.314247820074,4425.160847696865,4384.780344224693,101549.0,4480535380.0,248059.0,-0.8931251804842253,14,uptrend_crowded_chase,0.9,-0.001790372574228316,0.004648428512279645,0.9,0.75,0.002882497898172076,-0.6120007572963923,-0.9218586955541794,0.009158000814329695,-0.11454300906387926,0.6075680461064262,0.9,0,1.0,1.0
2022-11-29,4408.096126618329,4351.464323185416,4419.237176908481,4339.501197420162,177366.0,7772878980.0,232560.0,-0.2709328620154456,14,uptrend_crowded_chase,3.4262174872729165,-0.013119936884348538,-0.008632594334731958,0.35,0.43333333333333335,-0.05597187522357494,-6.599372082247547,2.1363412891951348,0.01832394191157017,4.0160936853506985,0.15003422347131237,3.4262174872729165,0,1.0,1.0
2022-11-30,4350.255485941121,4335.25494736842,4364.05146867914,4327.30866879899,115072.0,5003894400.0,223250.0,-0.662734200347508,14,uptrend_crowded_chase,0.35,-0.00372503934609536,-0.011430204498860341,0.35,0.38333333333333336,-0.10018882281347175,-11.186078140976974,-0.07372136830373559,0.008475349276160556,-0.2744308413080718,0.21626763870336554,0.35,0,1.0,1.0
2022-12-01,4339.797049020404,4356.500784190018,4386.118324250987,4336.934964637021,121151.0,5282678400.0,225073.0,-0.6193870925693854,14,uptrend_crowded_chase,0.7369924002186143,0.004900712202518642,-0.015997041940667756,0.45,0.48333333333333334,-0.10921936188030479,-7.922203442643507,0.05713762837637503,0.011289647827553482,0.5168471720608537,0.39781380748624134,0.7369924002186143,0,1.0,1.0
2022-12-02,4357.126277252123,4359.70782250382,4370.034658738896,4343.280379361117,80800.0,3515541670.0,225695.0,-1.0272075647502106,14,uptrend_crowded_chase,0.6,0.0007361500600300275,-0.013020602163181683,0.6,0.55,-0.10224838719297935,-4.387068772659172,-1.9413077955807732,0.0061367138503362305,-1.2186414896276863,0.6140117964211461,0.6,0,1.0,1.0
2022-12-05,4383.885035604115,4458.433879026031,4472.743982881645,4376.260675193812,176990.0,7854297900.0,234381.0,-0.2808547625943384,14,uptrend_crowded_chase,3.7438822744775115,0.022645108466353925,0.011139970627006335,1.0,0.8,-0.05671862469930211,-2.0089146149808945,2.0874420944145795,0.021640627697031223,3.4003224545404436,0.8516831128767491,3.7438822744775115,0,1.0,1.0
2022-12-06,4455.3553716885735,4450.5021064903485,4473.18830091019,4441.374607808306,83010.0,3707078120.0,237599.0,-1.05162329625848,14,uptrend_crowded_chase,0.95,-0.0017790490452255225,0.022759645018170183,0.95,0.7833333333333333,0.021436122474804975,-0.19301875854414807,-1.8169244762309569,0.007148337949439273,-0.7084145823607596,0.2869047190721156,0.95,0,1.0,1.0
2022-12-07,4456.64982717808,4441.271000779156,4469.55695864903,4433.145246533866,89204.0,3973782130.0,240003.0,-0.9897255416339954,14,uptrend_crowded_chase,1.1474342727027322,-0.0020741717429435536,0.024454398806485145,0.9,0.7666666666666667,0.07235920350725777,0.24743427270273213,-0.7695921112971792,0.00819848915069043,-0.3327281303493034,0.22316320143335053,1.1474342727027322,0,1.0,1.0
2022-12-08,4451.115049095693,4425.584432717677,4458.995435545688,4410.239126720537,95771.0,4243069340.0,238770.0,-0.9135408203236544,14,uptrend_crowded_chase,1.215824028159666,-0.0035319997493344912,0.015857600388451187,0.8,0.7333333333333333,0.05907595145771971,0.17220600961910112,-0.649561190423309,0.011016919813958076,0.4872360370811294,0.31473477724024446,1.215824028159666,0,1.0,1.0
2022-12-09,4416.223112152248,4413.009879800022,4447.905961243774,4394.061330788568,124210.0,5473910950.0,235025.0,-0.6377182099085122,14,uptrend_crowded_chase,1.606988798640674,-0.0028413316046337345,0.012226061806497324,0.7,0.7,0.04050736118735543,-0.08941643004681629,0.7063764118758373,0.012201339204263518,1.1076011854055101,0.3519115806211605,1.606988798640674,0,1.0,1.0
2022-12-12,4386.360195313168,4290.483008077646,4389.764789708827,4278.969956128666,209718.0,9040484900.0,221723.0,-0.0556650839052064,14,uptrend_crowded_chase,4.00178777612076,-0.027764921235102213,-0.037670373836535154,0.0,0.08333333333333333,-0.055519141357827095,-1.942308208494196,2.7004831145888692,0.02582339409608869,5.3030924376526505,0.10391325639431115,4.00178777612076,0,1.0,1.0
2022-12-13,4297.050597184928,4257.79319721725,4312.454276813854,4255.677867162184,151560.0,6478188860.0,220645.0,-0.3755734889866306,14,uptrend_crowded_chase,0.47758038401106195,-0.007619144697427194,-0.04330048714999213,0.0,0.03333333333333333,-0.07402930358839477,-1.5224590404604488,0.5323440334429493,0.013334703453605365,0.4228167345791746,0.0372572000949635,0.47758038401106195,0,1.0,1.0
2022-12-14,4270.931842221841,4260.31192490664,4278.530894053131,4242.456363517433,105454.0,4488073430.0,226811.0,-0.7658422326844319,14,uptrend_crowded_chase,0.05,0.0005915570749270849,-0.04074488493063555,0.05,0.03333333333333333,-0.05653435170456511,-0.3020797837756459,-0.2876414044764425,0.008467579644767242,-0.6431989111932837,0.49496309789917164,0.05,0,1.0,1.0
2022-12-15,4257.705024346958,4208.472652916228,4270.620414877009,4205.471366249474,123007.0,5197829330.0,230829.0,-0.6294359123318221,14,uptrend_crowded_chase,0.6535862178701992,-0.012167952230762613,-0.04905832960645262,0.0,0.0,-0.03382356883186688,0.028510222597109572,0.2152671746062448,0.015480449559863642,1.0348848159399344,0.046068004521641184,0.6535862178701992,0,1.0,1.0
2022-12-16,4202.669690487738,4178.558121962091,4228.815798429376,4174.453080890624,130453.0,5452705710.0,235565.0,-0.590973875230422,14,uptrend_crowded_chase,0.6352349574901573,-0.0071081680745646025,-0.05312740379555991,0.0,0.0,0.0022949924010902123,0.3327397901060787,0.3454937407268527,0.013009922550323471,0.2594965940413048,0.0755120652042597,0.6352349574901573,0,1.0,1.0
2022-12-19,4154.155983067503,4169.955628493986,4186.770372521294,4135.415723872637,114150.0,4737090140.0,236120.0,-0.7268267773966841,14,uptrend_crowded_chase,0.2401032034838198,-0.0020587229415072184,-0.028091797440228605,0.0,0.0,0.06291129533331485,0.2401032034838198,-0.23391264289529948,0.012315394508695211,-0.05582928273759023,0.6725760087982341,0.2401032034838198,0,1.0,1.0
2022-12-20,4171.205614879261,4156.055315018779,4185.426164930725,4126.759699274486,102519.0,4263577870.0,236970.0,-0.8378854035904431,14,uptrend_crowded_chase,0.5636305128113811,-0.003333443977251105,-0.023894510016353898,0.0,0.0,0.07137847570740696,0.28293569695355486,-0.5928986124052943,0.014115901067109303,0.5613896317156525,0.49935879751054574,0.5636305128113811,0,1.0,1.0
2022-12-21,4155.5707832979815,4207.208998696161,4219.019435925664,4137.236147941382,113990.0,4744716150.0,226255.0,-0.685551956534673,14,uptrend_crowded_chase,1.6248317221195523,0.01230822975154533,-0.012464562958413694,0.15,0.05,-0.002454389775941479,-1.5624800702909396,-0.20003476172700752,0.01943884604012467,2.9496634442391048,0.8555886230476233,1.6248317221195523,0,1.0,1.0
2022-12-22,4204.681348242784,4184.940270330158,4208.272157545136,4181.724369384477,81014.0,3384912200.0,225650.0,-1.0243631470294252,14,uptrend_crowded_chase,0.15,-0.0052929931393721485,-0.005591668172006292,0.15,0.05,-0.022692050380989315,-1.0165620652028642,-2.4112148088686323,0.006343648044124884,-2.946468813606091,0.12113630432106934,0.15,0,1.0,1.0
2022-12-23,4181.885869924213,4153.366908905077,4194.009111776666,4147.916488380351,109049.0,4528826650.0,230902.0,-0.7501960555811377,14,uptrend_crowded_chase,0.2195720199525341,-0.007544519009966555,-0.006028685570893755,0.0,0.0,-0.01999350578443071,0.2195720199525341,-0.5268136861618016,0.011097652677274705,-0.8534871143268712,0.11824930158263916,0.2195720199525341,0,1.0,1.0
2022-12-26,4111.826726870893,4164.261665567151,4179.993161707305,4093.451998806295,137890.0,5701050080.0,225857.0,-0.49344578978924,14,uptrend_crowded_chase,1.9613733923048102,0.002623114427650064,-0.0013654732649737156,0.1,0.03333333333333333,-0.0444380947295997,-0.4076602486958151,1.3805990728572886,0.020781874399629977,2.342147711752332,0.8182194967942742,1.9613733923048102,0,1.0,1.0
2022-12-27,4175.902977209561,4212.206738217978,4226.178061552932,4171.454576987216,121207.0,5129518760.0,212994.0,-0.5637641685555955,14,uptrend_crowded_chase,0.6209017821661911,0.011513463010086156,0.013510749723730786,0.4,0.13333333333333333,-0.10666955454585114,-3.5913155483019295,0.4418035643323821,0.012991642615544578,-0.05560855744779876,0.7446923666168235,0.6209017821661911,0,1.0,1.0
2022-12-28,4214.967050899899,4203.891842087945,4216.852766667925,4182.243932281612,101263.0,4229363220.0,212726.0,-0.7422838598230596,14,uptrend_crowded_chase,0.3,-0.0019740000068351193,-0.000788445881638733,0.3,0.1,-0.06165772915386292,-3.6544375037874617,-1.0434190354349118,0.008232570124621435,-1.4676086195732438,0.6255024241699095,0.3,0,1.0,1.0
2022-12-29,4213.881458132183,4222.945398743354,4240.021242861688,4191.5052664363775,103471.0,4352512600.0,206900.0,-0.6929442045442477,14,uptrend_crowded_chase,0.5,0.004532361290709552,0.009081402829722807,0.5,0.16666666666666666,-0.08674954152151315,-3.1192932693996234,-0.72205570761811,0.01148865823359864,-0.46541691427410586,0.6480366803578316,0.5,0,1.0,1.0
2022-12-30,4227.794098120577,4237.859734494611,4240.428874233366,4215.572514314948,102711.0,4264160110.0,189676.0,-0.6133981341056882,14,uptrend_crowded_chase,0.55,0.0035317377666532757,0.020343212493068252,0.55,0.18333333333333332,-0.19667602469494305,-2.7925041179577623,-0.6608678693690946,0.0058653097260618625,-3.0339346136605174,0.8966405480453741,0.55,0,1.0,1.0
2023-01-03,4239.078829030676,4238.873781947066,4279.80417133038,4213.047577483848,133664.0,5698152420.0,198062.0,-0.3932509246775239,14,uptrend_crowded_chase,2.350127988171329,0.00023928292014985253,0.01791724977247644,0.6,0.2,-0.13132194265060093,-1.8903415032529856,2.6182655693590835,0.015748662800681122,0.8819904069835741,0.3868712133904045,2.350127988171329,0,1.0,1.0
2023-01-04,4246.179376549985,4251.137105538354,4257.870556006801,4220.039934713843,89000.0,3778285250.0,195076.0,-0.784752856491046,14,uptrend_crowded_chase,0.65,0.0028930617475604326,0.00924227364415775,0.65,0.21666666666666667,-0.08787477007540012,-1.8880181279461792,-2.0157643269690344,0.008898941707542865,-0.599677119972799,0.8220105766621354,0.65,0,1.0,1.0
2023-01-05,4256.720051739748,4305.62510610112,4326.30791053186,4253.563802871556,138805.0,5978726920.0,203815.0,-0.384142649171684,14,uptrend_crowded_chase,2.2437024010695437,0.012817276697987268,0.024199781496435202,0.85,0.3,-0.04279223297916879,-0.4869259804922741,1.781966984970847,0.01689513273165034,1.0054378171682408,0.7156772542001131,2.2437024010695437,0,1.0,1.0
2023-01-06,4306.146563818368,4318.418930541549,4323.896549178997,4276.822193762764,98030.0,4193431600.0,202308.0,-0.7245177343480297,14,uptrend_crowded_chase,0.9,0.002971420902925459,0.02260827995233039,0.9,0.38333333333333336,-0.022444296129833674,-0.3761930757134861,-0.35058799920695755,0.010900831108187408,-0.0704140191705428,0.8836390092012053,0.9,0,1.0,1.0
2023-01-09,4314.874345188522,4309.571995478843,4319.487805599223,4283.794131927248,80944.0,3462020570.0,202603.0,-0.9174908416578406,14,uptrend_crowded_chase,0.9,-0.0020486514173364556,0.016921810884990007,0.9,0.36666666666666664,0.06593104582109,-0.2501041622288433,-1.7275682032267345,0.008282417304878881,-0.7445609020427135,0.7221969861800593,0.9,0,1.0,1.0
2023-01-10,4310.72667890703,4339.820902186261,4349.077909148707,4299.516809515137,119090.0,5132340560.0,201577.0,-0.5262919326072706,14,uptrend_crowded_chase,1.3409357557143597,0.007019004842975685,0.023814608651269165,1.0,0.4666666666666667,0.017591329394885946,-0.1635029173019986,0.6301271255999157,0.011420079480377326,0.051744385828803745,0.8132203072392058,1.3409357557143597,0,1.0,1.0
2023-01-11,4357.292034521367,4355.482747465498,4364.800174390377,4337.047659612184,71567.0,3091914640.0,200927.0,-1.0323075841445308,14,uptrend_crowded_chase,1.0,0.0036088690368181187,0.02454534853538415,1.0,0.5166666666666667,0.02955243178897682,-0.23417070798301995,-1.6904756574654827,0.006371857354811485,-1.2568664842927422,0.6642672925553832,1.0,0,1.0,1.0
2023-01-12,4358.460793616883,4358.542211006027,4375.49601856531,4342.567799077894,91862.0,3977215810.0,204070.0,-0.7981756213182213,14,uptrend_crowded_chase,1.493829599342161,0.0007024395957737628,0.01229022583269579,1.0,0.6166666666666667,0.0012503525906666368,0.49382959934216114,-0.48417513734510464,0.00755486992973631,-0.963041269788425,0.48512832387545435,1.493829599342161,0,1.0,1.0
2023-01-13,4365.287907382753,4391.942037786113,4397.782305751377,4353.541825031111,98893.0,4314287000.0,204202.0,-0.7250712424423567,14,uptrend_crowded_chase,1.7910060190427812,0.007663072918221658,0.017025468910526476,1.0,0.8,0.009318411380231595,0.7615213924558998,-0.06742949367137065,0.010073102135602485,0.05896925317376283,0.8679881441119086,1.7910060190427812,0,1.0,1.0
2023-01-16,4394.091447896644,4397.161913188812,4412.314023561836,4381.8264126015765,78354.0,3425147450.0,203430.0,-0.9540849448975351,14,uptrend_crowded_chase,1.5023234903382112,0.0011885119060746074,0.020324505032485618,1.0,0.8166666666666667,0.004073566156439057,0.5023234903382112,-1.0579922668684332,0.006933474718957902,-0.8908544171454288,0.5030076186430393,1.5023234903382112,0,1.0,1.0
2023-01-17,4402.674761027153,4408.581996137898,4414.372620466543,4391.625614602111,44373.0,1945099640.0,204034.0,-1.5256554702661944,14,uptrend_crowded_chase,1.7341621513832652,0.0025971486096141305,0.01584422387499851,1.0,0.8333333333333334,0.012115204236362587,0.7341621513832652,-2.9250587427521038,0.005159710284249801,-1.5099089364963303,0.7454335588975728,1.7341621513832652,0,1.0,1.0
2023-01-18,4405.9364963969765,4424.849106928353,4430.995483924631,4401.602477931841,56673.0,2493482080.0,203959.0,-1.280621086409969,14,uptrend_crowded_chase,1.6140787692524778,0.0036898737064898768,0.015926216101583623,1.0,0.9,0.014977335240631717,0.6140787692524777,-2.48177642113281,0.006642713747405918,-0.677954474738662,0.7908898124340834,1.6140787692524778,0,1.0,1.0
2023-01-19,4423.05042865092,4409.405868404253,4446.15893570194,4403.47041353665,67505.0,2972709550.0,197362.0,-1.0728379367262528,14,uptrend_crowded_chase,1.2712043282910113,-0.003490116419996969,0.01166987835285549,0.95,0.8666666666666667,-0.033423466305531946,-8.361435122163975,-1.0211945123765314,0.009681241291752291,0.6424086565820227,0.13904100134037792,1.2712043282910113,0,1.0,1.0
2023-01-20,4399.923389706144,4407.151899469362,4408.686057719567,4375.472874042719,65369.0,2864457510.0,189395.0,-1.063786641277754,14,uptrend_crowded_chase,0.85,-0.0005111729339867255,0.0034631289649067476,0.85,0.8166666666666667,-0.07527491875360859,-9.203659168537774,-0.7139515563804817,0.007536201255247547,-0.15589236187277156,0.9538087566331789,0.85,0,1.0,1.0
2023-01-30,4450.239874191306,4436.286317000671,4473.193448030091,4405.620756431224,114326.0,5056866990.0,187722.0,-0.4959081285361553,14,uptrend_crowded_chase,4.3354551127910685,0.0066107132669552815,0.008897649116469841,1.0,0.95,-0.08035982032862066,-9.60301898454174,1.6775809763341372,0.01523181480417869,4.993329249248,0.4538158809994978,4.3354551127910685,0,1.0,1.0
2023-01-31,4433.304542607514,4446.172334348026,4451.384934131613,4423.432120622773,69454.0,3058265520.0,191848.0,-1.016038728893402,14,uptrend_crowded_chase,1.0,0.002228444388151729,0.008526627891475957,1.0,0.9666666666666667,-0.06158325479596449,-4.6969578992317595,-0.2104632988775985,0.006286938833408568,-0.5130331806394247,0.8135214624482032,1.0,0,1.0,1.0
2023-02-01,4441.997374859555,4477.003756818799,4487.859555838257,4438.972173511283,94864.0,4223141280.0,202565.0,-0.7586165357303873,14,uptrend_crowded_chase,3.125209611147918,0.006934374143033217,0.01178676348732055,1.0,1.0,-0.006858170557395127,0.13476514250228822,1.2359447909271817,0.010919665245425614,2.744944146364078,0.7779427225853356,3.125209611147918,0,1.0,1.0
2023-02-02,4466.138375855877,4460.334423722124,4470.927056577406,4449.616442246486,64153.0,2851274870.0,202680.0,-1.1503575252459215,14,uptrend_crowded_chase,0.95,-0.0037233234551762306,0.011549981298569323,0.95,0.9833333333333333,0.02658877467224663,-0.18842530831068682,-0.4001990067156278,0.004777806394421889,-1.0999654809788613,0.5029409903067208,0.95,0,1.0,1.0
2023-02-03,4466.343213952842,4479.799251917853,4486.210028038606,4445.806876528415,84918.0,3783971710.0,209870.0,-0.904802206429573,14,uptrend_crowded_chase,4.937813572653265,0.004363984030481438,0.016483968355444745,1.0,1.0,0.1026535101610424,3.223480382812165,0.8963789715248491,0.009018964743318248,0.5322874081573515,0.8413298002475011,4.937813572653265,0,1.0,1.0
2023-02-06,4463.951440900278,4444.453540863349,4475.736231008492,4430.97808710033,97225.0,4317176260.0,212660.0,-0.7826667661811292,14,uptrend_crowded_chase,3.9873758556978003,-0.007890021196680252,0.001841004678029723,0.8,0.9,0.12473250118770096,1.9617781076109817,1.459983589187964,0.010070561767975415,0.9912119069856733,0.3010726671478797,3.9873758556978003,1,0.0,0.0
2023-02-07,4437.707748564124,4392.822055007539,4443.389181785775,4371.465982460988,132157.0,5793321420.0,211571.0,-0.4705700297949396,14,uptrend_crowded_chase,3.9385968272344183,-0.011617060540986213,-0.011999147880152994,0.45,0.6833333333333333,0.09785724772452298,0.9487206438895023,2.1935182261398234,0.01637289160001345,2.8862341405500094,0.29692884558865035,3.9385968272344183,0,1.0,1.0
2023-02-08,4394.262176033088,4352.765243322985,4399.584776875497,4347.190653537391,96032.0,4184359980.0,220982.0,-0.8333997809789299,14,uptrend_crowded_chase,2.5294084732789868,-0.009118696633498291,-0.027750370614853748,0.25,0.4666666666666667,0.08702042754148742,1.493192223251934,0.7707721628681905,0.012036974293175276,0.801660337185915,0.10639723370540186,2.5294084732789868,0,1.0,1.0
2023-02-09,4349.966254218223,4350.424352490975,4357.433848214246,4325.361190017474,92317.0,3986153200.0,221078.0,-0.873287273860588,14,uptrend_crowded_chase,1.5223457181964113,-0.0005377939542227095,-0.024641666025443265,0.2,0.43333333333333335,0.08688719981742743,1.2842314116577294,0.07622861307736417,0.007372305687468792,-0.7503832103610643,0.7814494925782005,1.5223457181964113,0,1.0,1.0
2023-02-10,4355.33927722409,4379.756098444705,4384.959730670543,4352.978864972399,88487.0,3850506580.0,220794.0,-0.9143744915519454,14,uptrend_crowded_chase,1.2727696118842369,0.00674227238014935,-0.022332061739221754,0.35,0.6,0.05074184871135046,0.922769611884237,-0.2539509201591151,0.007301974123513583,-0.6485950760962261,0.8372892005190411,1.2727696118842369,0,1.0,1.0
2023-02-13,4376.299560130601,4343.806785811405,4376.698449120261,4331.438112187429,87857.0,3806308060.0,224321.0,-0.9373675690199276,14,uptrend_crowded_chase,1.203882950684862,-0.008208062692364515,-0.02264547353832702,0.1,0.4,0.05338341553060921,0.9792771700665476,-0.5560965504723886,0.01041950969842165,0.2492115612366291,0.2732784257070556,1.203882950684862,0,1.0,1.0
2023-02-14,4347.579108693425,4340.121815167256,4359.833865157894,4324.44712219023,69479.0,3007888780.0,226778.0,-1.182947016746597,14,uptrend_crowded_chase,1.1450877376136368,-0.0008483274753806613,-0.011996898390229327,0.05,0.38333333333333336,0.06941092583285702,1.0950877376136368,-2.8847070389277647,0.00815339856222449,-0.425100879831908,0.4429538200604845,1.1450877376136368,0,1.0,1.0
2023-02-15,4331.648380723911,4389.686422167305,4421.40997785743,4315.678931029242,166998.0,7290818890.0,222959.0,-0.2890060617570604,14,uptrend_crowded_chase,7.157570334399093,0.01142009582008452,0.008482235264342775,0.35,0.65,0.008906647817312319,0.6886763279239835,6.7335333600309815,0.024086241398533735,5.504254652919238,0.69995988272323,7.157570334399093,0,1.0,1.0
2023-02-16,4372.490897219407,4381.12129435856,4389.148664593906,4358.060990721839,92347.0,4019147450.0,222195.0,-0.8780021536955196,14,uptrend_crowded_chase,0.5978815370282513,-0.0019511935443708994,0.0070560799086203385,0.3,0.5833333333333334,0.005039794276989085,0.19067788335785385,0.21440730734079505,0.007095825881857654,-0.7482189516325592,0.7417828600370505,0.5978815370282513,0,1.0,1.0
2023-02-17,4389.005467830632,4367.176819256238,4397.461517121648,4343.745903137918,80802.0,3512781870.0,221684.0,-1.0092512267233986,14,uptrend_crowded_chase,0.7907011832156025,-0.003182855293296205,-0.0028721414859000927,0.2,0.55,0.004022804298678295,0.1698233075633645,-1.7759968232890762,0.012299848668110227,0.8417557513044759,0.43620307729176805,0.7907011832156025,0,1.0,1.0
2023-02-20,4371.380994968247,4389.002251950225,4404.297421559773,4365.588511883791,69755.0,3047820830.0,216257.0,-1.1314784125102186,14,uptrend_crowded_chase,0.35,0.004997606828684553,0.010404575610141631,0.35,0.6166666666666667,-0.03661054652326001,-2.9317399767016794,-3.7333834666059817,0.008819523767339564,-0.38735839081313117,0.6048669482664805,0.35,0,1.0,1.0
2023-02-21,4394.5436961393625,4389.942834936635,4404.481290191909,4381.804935343037,56655.0,2476108550.0,214869.0,-1.3330482952694542,14,uptrend_crowded_chase,0.45,0.0002143045121456577,0.011479175445092915,0.45,0.65,-0.053943025282968904,-3.737889551529345,-3.6487060003525578,0.005165523949060468,-1.2689237030464084,0.3588715932447727,0.45,0,1.0,1.0
2023-02-22,4384.361116675129,4377.8888321517325,4394.351827453726,4365.01815365383,72348.0,3147892000.0,219335.0,-1.1091124321172623,14,uptrend_crowded_chase,0.25,-0.002745822266516318,-0.0026875701088798776,0.25,0.5333333333333333,-0.016387656641667192,-1.162344851554384,-1.545184943167789,0.006700415411297374,-0.7249012979124192,0.4387680379110156,0.25,0,1.0,1.0
2023-02-23,4376.54592871764,4437.942445730573,4441.911667126848,4373.957837808132,149911.0,6604554710.0,230148.0,-0.4286807955696571,14,uptrend_crowded_chase,7.9421991561128635,0.013717482531260261,0.0129695453639187,0.75,0.8666666666666667,0.03516720553857411,3.1970509332492387,3.1846537680929945,0.015312012300675418,4.805642677634255,0.9415894374743926,7.9421991561128635,0,1.0,1.0
2023-02-24,4433.065605546,4441.240742531181,4451.923355469568,4423.900954310111,76681.0,3389606720.0,227546.0,-1.0876984564513503,14,uptrend_crowded_chase,2.2472419933153938,0.0007432040502870496,0.016959222477178626,0.75,0.8666666666666667,0.02609947133462498,1.4972419933153938,-0.37240272173269284,0.006309588419988829,-0.7895903878910342,0.6187830986502796,2.2472419933153938,0,1.0,1.0
2023-02-27,4449.752319572819,4443.157844520593,4453.747099152622,4431.591743180574,69346.0,3067579170.0,223245.0,-1.1691613564345384,14,uptrend_crowded_chase,0.8711968235596661,0.00043165910171305555,0.012338930230966216,0.75,0.8833333333333333,0.03180230785894089,0.12119682355966616,-0.6958992064378967,0.004986398581218605,-1.1488102615574378,0.5220453850803302,0.8711968235596661,0,1.0,1.0
2023-02-28,4448.70037956916,4431.006379340071,4451.873338538681,4419.709761086489,78462.0,3463793770.0,214599.0,-1.0061567392010748,14,uptrend_crowded_chase,0.8295908498490154,-0.0027348713698091,0.009354004356648682,0.6,0.8,-0.001257369748488557,-1.4754719992277596,0.4591816996980309,0.007258752233388161,-0.1307693977361552,0.35122393553308306,0.8295908498490154,0,1.0,1.0
2023-03-01,4426.346262420429,4429.590085212345,4442.483249362036,4413.104644864876,82838.0,3682104710.0,218865.0,-0.9715682080742798,14,uptrend_crowded_chase,0.8032791875984318,-0.0003196326085942447,0.011809631318390856,0.6,0.7833333333333333,-0.002145140028435577,-0.5119975082721723,0.40655837519686355,0.006632352866067046,-0.20117922487812678,0.5611376247997986,0.8032791875984318,0,1.0,1.0
2023-03-02,4423.068343651134,4381.950612198392,4433.946362335614,4364.84707512663,141999.0,6215198190.0,228194.0,-0.4743761290336934,14,uptrend_crowded_chase,6.751529102319161,-0.01075482654094595,-0.012616620025355796,0.4,0.5666666666666667,-0.008526435884062877,1.4536363763094602,4.640213526364173,0.015769070289525032,5.155571925655227,0.24752117948820412,6.751529102319161,0,1.0,1.0
2023-03-03,4394.9808424045,4431.920261305111,4448.05124014148,4393.178439318096,127542.0,5626134980.0,226402.0,-0.573866458093227,14,uptrend_crowded_chase,4.439962701845361,0.01140351718424526,-0.002098621031013548,0.75,0.8,-0.005040235541711624,0.7847425363188183,3.816249029181304,0.01238126987583141,1.9941913018717816,0.7060296067574778,4.439962701845361,0,1.0,1.0
2023-03-06,4437.958223424044,4388.042407624438,4438.397462918041,4369.233440173261,136573.0,5984130740.0,226115.0,-0.5041844492037317,14,uptrend_crowded_chase,4.392966619770165,-0.009900415867985846,-0.012404564236700444,0.45,0.55,0.012773896320542377,0.5728559813503253,3.497959384169254,0.01576193124856857,3.2422618926704247,0.27194727409918135,4.392966619770165,0,1.0,1.0
2023-03-07,4397.847174018077,4403.235585707825,4428.875918641036,4375.578957483228,136360.0,5969866500.0,221100.0,-0.4833166405936982,14,uptrend_crowded_chase,2.311996742763598,0.0034624045695155203,-0.006267378390997225,0.7,0.65,0.029843917509905893,-0.546519533865887,1.4082965564812353,0.012104044882540781,1.8156969290459606,0.5189156684319682,2.311996742763598,0,1.0,1.0
2023-03-08,4402.772829304057,4413.827316362466,4421.699324549071,4392.866137776854,83953.0,3693110460.0,223756.0,-0.9802990539959608,14,uptrend_crowded_chase,0.7,0.002405442645181388,-0.0035585163743482306,0.7,0.7333333333333333,0.02210107105379322,-0.17515664855783963,-0.47304875827789394,0.006532468242545407,-0.6615704995767342,0.7269809872632543,0.7,0,1.0,1.0
2023-03-09,4410.761811577692,4406.044814975517,4424.191807919538,4394.443335262346,83945.0,3690711550.0,225862.0,-0.989762370810904,14,uptrend_crowded_chase,0.8644053572377607,-0.001763209303204727,0.005498510802484091,0.65,0.6666666666666666,-0.010271951057370998,0.21440535723776064,-0.5091484511790646,0.006751740825713164,-0.6060744427866777,0.38998572622065075,0.8644053572377607,0,1.0,1.0
2023-03-10,4405.800352535286,4402.718133846676,4411.513540380423,4376.866476641084,96211.0,4220184840.0,220775.0,-0.8306003871057643,14,uptrend_crowded_chase,1.0912228622134634,-0.00075502662104876,-0.006589046223010264,0.55,0.65,-0.02516809685740462,-1.2724672043598513,0.6529667918390624,0.007869471241636856,0.4294789325878641,0.7461428015973388,1.0912228622134634,0,1.0,1.0
2023-03-13,4407.372405438633,4387.785868857188,4408.532757467273,4361.486636848124,105749.0,4622319600.0,228743.0,-0.7715307409776103,14,uptrend_crowded_chase,2.476555159006358,-0.0033916014006651896,-5.8463146756393414e-05,0.3,0.5333333333333333,0.011555383184738588,1.3087072472502594,0.5554247773908074,0.010722063935039246,1.1802710461213899,0.5590095774732002,2.476555159006358,0,1.0,1.0
2023-03-14,4401.3677030987365,4429.359406809186,4456.675984624276,4398.480066357469,171822.0,7606190550.0,238237.0,-0.3268069192819299,14,uptrend_crowded_chase,4.488696582132008,0.009474832909935671,0.005932869271441099,0.7,0.8,0.07465088864915792,2.478565695284578,1.6649852655507507,0.013138676030069562,0.9552765081441096,0.5306100732038775,4.488696582132008,0,1.0,1.0
2023-03-15,4430.0517788471625,4439.127088252238,4463.792398934883,4415.108258788745,119993.0,5332822870.0,246498.0,-0.7199204721123083,14,uptrend_crowded_chase,6.272876437759589,0.002205213112314919,0.00573193513846415,0.9,0.8833333333333333,0.09679770742167726,5.316258796873506,0.11323528177216366,0.010967052570983208,-0.07623076151026376,0.4933604535562101,6.272876437759589,0,1.0,1.0
2023-03-16,4436.782916277609,4435.03710234309,4450.268685102286,4421.817393249288,96967.0,4303285330.0,243866.0,-0.9222481796760202,14,uptrend_crowded_chase,5.386230058731359,-0.0009213491364037374,0.006580116314076623,0.8,0.8333333333333334,0.07669470081131635,4.586230058731359,-1.1147346377281064,0.006415119241723347,-1.3108932030531921,0.4646435445569604,5.386230058731359,0,1.0,1.0
2023-03-17,4438.653182950172,4436.789233350532,4457.822415157076,4421.106723220509,125241.0,5564716970.0,246149.0,-0.6756971625367174,14,uptrend_crowded_chase,4.329983449554605,0.00039506569325364893,0.007738651094179483,0.8,0.85,0.1087929602776132,3.325001012820065,0.4099648734690785,0.008275284221432453,-0.657765891439137,0.4271337213831644,4.329983449554605,0,1.0,1.0
2023-03-20,4443.415470298525,4360.849890825196,4454.495151747125,4357.056111729081,191454.0,8434849830.0,242730.0,-0.2373021435992152,14,uptrend_crowded_chase,4.162362516569457,-0.017115832763592742,-0.006138854273444183,0.0,0.38333333333333336,0.059350611893346894,1.5178185302399982,2.0515715565453,0.02234404816892387,3.2375164161136185,0.0389348981210454,4.162362516569457,0,1.0,1.0
2023-03-21,4364.53646742891,4355.227187145417,4381.767017334428,4341.584674553052,107535.0,4703024760.0,240599.0,-0.8053152712830193,14,uptrend_crowded_chase,0.4733528917868215,-0.0012893596020373543,-0.016736555527602226,0.0,0.3333333333333333,0.009865670743405275,0.4733528917868215,-0.17960843230592072,0.009226233455736924,-0.06866526280428815,0.3395151115650796,0.4733528917868215,0,1.0,1.0
2023-03-22,4353.791862754915,4336.145672349647,4363.222805194154,4328.648316038446,88310.0,3837492510.0,244590.0,-1.0187299878622182,14,uptrend_crowded_chase,0.5070427005076527,-0.004381290338214661,-0.023198573470699313,0.0,0.23333333333333334,-0.007770540516636615,0.5070427005076527,-0.9125306541090943,0.007973553420075212,-0.24872080857139034,0.21684648115655583,0.5070427005076527,0,1.0,1.0
2023-03-23,4328.510185910824,4264.603360651631,4335.35984473923,4258.980942693222,157947.0,6796632070.0,259533.0,-0.496624328435492,14,uptrend_crowded_chase,5.452106854656203,-0.016499056328808326,-0.03842893255648672,0.0,0.16666666666666666,0.06226496804030113,2.945745013207841,1.9007347806098343,0.017909966200077607,3.1119889022868894,0.07361218619014563,5.452106854656203,0,1.0,1.0
2023-03-24,4257.277674213534,4255.216034578594,4278.017292817037,4233.747921272664,128375.0,5467698560.0,257269.0,-0.6951665618527348,14,uptrend_crowded_chase,3.3717663703552416,-0.0022012190300395584,-0.04092445893239316,0.0,0.15,0.04418518646897773,3.0468154088301502,0.5088003661203113,0.01040355441054758,0.14110155692987225,0.484942807114665,3.3717663703552416,0,1.0,1.0
2023-03-27,4278.41169327059,4252.727061753551,4293.820779553609,4240.166090315805,101296.0,4322697320.0,265005.0,-0.9617017699309828,14,uptrend_crowded_chase,4.831932577520703,-0.0005849227876603136,-0.024793980939156968,0.0,0.13333333333333333,0.08779897924489433,4.5471065464826,-0.6733353491350494,0.01261653721451853,0.5696520620762064,0.23410761698897156,4.831932577520703,0,1.0,1.0
2023-03-28,4254.507053204911,4291.311505147159,4298.110925485255,4235.597269378026,139222.0,5941922540.0,264612.0,-0.64219482073705,14,uptrend_crowded_chase,4.236380152005886,0.009072870850474368,-0.014675625231883926,0.15,0.16666666666666666,0.09513295487046669,3.346167203329099,0.4036046319965185,0.014567494350444684,1.0768212653570552,0.8912330399227695,4.236380152005886,0,1.0,1.0
2023-03-29,4294.247820383643,4287.330098721113,4294.39033478451,4266.2484318021525,103298.0,4413248350.0,267420.0,-0.9512024413325756,14,uptrend_crowded_chase,3.051172998184202,-0.0009277831313969642,-0.011257826031956575,0.15,0.15,0.0892371168435897,2.9011729981842023,-0.717724044722389,0.006563969261604541,-1.0854849834135218,0.7491201619228531,3.051172998184202,0,1.0,1.0
2023-03-30,4281.3646145013945,4277.642217141445,4308.80120006256,4264.93036207495,122544.0,5267496970.0,258928.0,-0.7480798816072919,14,uptrend_crowded_chase,0.88553309254746,-0.0022596537604039346,0.0030574605390316645,0.15,0.13333333333333333,-0.002333831376354567,0.5700563806351087,0.2326752029253956,0.010255845571144466,0.09827822089930713,0.2897563768917596,0.88553309254746,0,1.0,1.0
2023-03-31,4272.3186492517525,4295.329663676576,4312.137501555856,4266.120503877783,108790.0,4695021550.0,242802.0,-0.8028268779507161,14,uptrend_crowded_chase,0.3557206149998518,0.004134858793064522,0.00942693127023686,0.3,0.16666666666666666,-0.05787593371774946,-1.331392553117245,-0.542202062937536,0.010713263307171738,0.11144122999970367,0.6347471863143994,0.3557206149998518,0,1.0,1.0
2023-04-03,4288.986161662741,4290.732021284292,4304.90695477478,4271.509991910358,109218.0,4703715500.0,248822.0,-0.8233918965012965,14,uptrend_crowded_chase,0.25,-0.0010703817290588225,0.008936609140176133,0.25,0.13333333333333333,-0.06301091233964051,-0.7976248442816374,-0.30963774174344305,0.007783511694218175,-0.8062240052376058,0.5755621986336859,0.25,0,1.0,1.0
2023-04-04,4283.657694892608,4262.165672506379,4292.416197486347,4252.188389957778,85562.0,3661614330.0,255492.0,-1.093949838648882,14,uptrend_crowded_chase,0.1,-0.006657686529060514,-0.006791824039299121,0.1,0.06666666666666667,-0.035073504127474564,-0.22110095484078493,-1.7153593663467543,0.009438349097517212,-0.25897481767924135,0.24801954572134716,0.1,0,1.0,1.0
2023-04-06,4253.124174957939,4242.7110734245525,4261.149713419469,4238.646972973181,92736.0,3948766430.0,259450.0,-1.0288072591155315,14,uptrend_crowded_chase,0.13736200034544,-0.004564486830561543,-0.010407182155129702,0.0,0.0,-0.03025645037277158,0.13736200034544,-0.7768472864298815,0.00530385879614581,-1.4602176503369166,0.18060468950759334,0.13736200034544,0,1.0,1.0
2023-04-07,4244.259232684596,4254.8649397552845,4268.978860422249,4243.892589805844,80522.0,3440782960.0,256952.0,-1.160358858010888,14,uptrend_crowded_chase,0.1,0.002864646241612201,-0.005324727087947512,0.1,0.03333333333333333,-0.007660733751093218,-0.3333740410615655,-1.4658141094674109,0.005895902918565517,-1.2375499120588191,0.43738466020791755,0.1,0,1.0,1.0
2023-04-10,4264.019540579779,4261.464943890447,4291.137254747148,4255.000351112514,114974.0,4939638020.0,252809.0,-0.7879282470595955,14,uptrend_crowded_chase,0.3964745240561736,0.0015511665419729592,-0.00788407932282964,0.2,0.06666666666666667,0.04038796652110754,-0.7962260231399234,0.3929490481123472,0.008479925122097429,-0.3816015535750433,0.17889171809776103,0.3964745240561736,0,1.0,1.0
2023-04-11,4264.728890339633,4276.602320973677,4283.132291511713,4258.136048437176,73567.0,3156411700.0,247310.0,-1.2124460548044436,14,uptrend_crowded_chase,0.35,0.0035521533750810796,-0.0032930745244692528,0.35,0.11666666666666667,-0.006095170966744945,-1.2439348133970813,-2.2926937394794296,0.005844883671308069,-1.0124783364038077,0.7387619203988101,0.35,0,1.0,1.0
2023-04-12,4275.470944843341,4227.564086231111,4279.980752284595,4216.131200359368,167142.0,7128245390.0,260602.0,-0.4441505887401678,14,uptrend_crowded_chase,2.7158987097304728,-0.011466634272274567,-0.008118310955970154,0.0,0.0,0.019803241259422677,0.5355117558505847,2.2037872968059413,0.015103154114961883,2.156986610953835,0.17905976670175516,2.7158987097304728,0,1.0,1.0
2023-04-13,4228.419624956227,4212.501827937293,4237.357085906414,4198.150880937669,136909.0,5813740120.0,262044.0,-0.6491959570416072,14,uptrend_crowded_chase,1.7993721031475463,-0.003562869299338467,-0.0071202693194180045,0.0,0.0,0.009948422778482069,0.9985029043925702,1.238069073467522,0.009307106933160086,0.3636693240424305,0.36603764661904886,1.7993721031475463,0,1.0,1.0
2023-04-14,4215.499417122458,4231.317648541028,4231.996544778373,4206.537539224792,117001.0,4966608090.0,261931.0,-0.8058986285276802,14,uptrend_crowded_chase,1.201922356232601,0.004466661706577391,-0.005534204151638966,0.1,0.03333333333333333,0.01919181327402164,0.9793382487562378,0.24516821495272653,0.006016803196602195,-1.219528207057888,0.9733337488018956,1.201922356232601,0,1.0,1.0
2023-04-17,4232.248529027699,4331.513727495275,4339.9395281368,4228.893256571366,237002.0,10257548760.0,258168.0,-0.085541955879724,14,uptrend_crowded_chase,5.120458711042945,0.023679640073534847,0.016437723770379664,0.8,0.26666666666666666,0.020976272892998082,0.26188568172815735,2.6895361517191003,0.025636827804686915,5.427609906910475,0.9241235160555579,5.120458711042945,0,1.0,1.0
2023-04-18,4325.299754701554,4323.203364795442,4332.9636179574045,4302.870883468663,120829.0,5256197800.0,246434.0,-0.7127178862384247,14,uptrend_crowded_chase,0.9081170176308265,-0.0019185816374264197,0.010896744734300023,0.8,0.26666666666666666,-0.0035484012733473236,-2.0844776019099123,0.21623403526165288,0.006960749229099762,-0.363069077317644,0.6756608089034283,0.9081170176308265,0,1.0,1.0
2023-04-19,4310.244752283587,4304.03713619553,4317.882293872119,4293.927958641441,109121.0,4719430310.0,248760.0,-0.8240312179596538,14,uptrend_crowded_chase,0.8,-0.004433339582399887,0.01808915214638307,0.8,0.26666666666666666,-0.04650576302269016,-1.6409936451543643,-0.15584707347349028,0.005565550313037328,-0.8205537944493365,0.4220187058726055,0.8,0,1.0,1.0
2023-04-20,4288.287350323738,4240.155261393831,4310.881939675874,4234.513158001215,140242.0,6024034020.0,247634.0,-0.5685823478607142,14,uptrend_crowded_chase,4.165273128573789,-0.014842314966214798,0.006564610434858675,0.15,0.05,-0.05656057895382638,-1.55490182551017,0.6576800420923358,0.018010845586242677,7.372866215055242,0.07387970933793839,4.165273128573789,0,1.0,1.0
2023-04-21,4238.651064069724,4226.208832284076,4242.442543456898,4210.216919255353,91415.0,3881374460.0,248271.0,-0.9991113127121152,14,uptrend_crowded_chase,0.05,-0.0032891317062692105,-0.0012073818799004377,0.05,0.016666666666666666,-0.05356021880487383,-0.6861162032807909,-1.1583634848369975,0.007625185001596108,-0.03469254540977064,0.49624835592654026,0.05,0,1.0,1.0
2023-04-24,4226.011278165052,4222.6381769359405,4247.051275724825,4201.704430103392,112342.0,4778835040.0,248768.0,-0.7949729451862055,14,uptrend_crowded_chase,0.47700708195707653,-0.0008448837929776465,-0.025135681752137096,0.05,0.016666666666666666,-0.03708980056805622,-0.3455912768255364,-0.24999380770397323,0.010738984426635883,0.8540141639141531,0.461636229503339,0.47700708195707653,0,1.0,1.0
2023-04-25,4228.329646328588,4178.064137599095,4234.377853079219,4175.2969406953935,110727.0,4667831660.0,251397.0,-0.8199656504964705,14,uptrend_crowded_chase,1.684807759366016,-0.010555969389067887,-0.03357214892508631,0.0,0.0,0.019939153757700723,0.929974722284627,-0.3138017905150903,0.014140738494688564,1.5096660741627779,0.04683740978345988,1.684807759366016,0,1.0,1.0
2023-04-26,4176.773936180805,4172.003801557131,4187.8795075107,4157.768983661036,93861.0,3930327220.0,252002.0,-0.9876220595125706,14,uptrend_crowded_chase,0.42162347023293556,-0.0014505129271297212,-0.030676625331143792,0.0,0.0,0.012948447752176406,0.42162347023293556,-1.4060980489864434,0.0072172810193570835,-0.4658979342024937,0.47275224991655485,0.42162347023293556,0,1.0,1.0
2023-04-27,4170.25447078291,4175.269316283386,4202.80191898253,4126.170988257343,110344.0,4627028250.0,242425.0,-0.7870896254173912,14,uptrend_crowded_chase,1.4622603199768394,0.0007827209373674204,-0.015302728581951919,0.05,0.016666666666666666,-0.02125946544779289,-2.398182460418418,-0.22445065843214052,0.01835353001693308,2.8245206399536786,0.6407116233798404,1.4622603199768394,0,1.0,1.0
2023-04-28,4177.326993470826,4162.753516404041,4180.1568328324165,4156.307052945133,96855.0,4050539120.0,228145.0,-0.8567663769801948,14,uptrend_crowded_chase,0.0,-0.0029976030122257358,-0.015014713753683684,0.0,0.0,-0.08453949976584951,-5.853723057359641,-1.487623741602255,0.005729327905987952,-0.6867932097521084,0.2702944634866377,0.0,0,1.0,1.0
2023-05-04,4158.061389956291,4139.823125664399,4169.805593015517,4133.445852362934,111201.0,4622019960.0,238938.0,-0.7648647294700762,14,uptrend_crowded_chase,0.01831123309761716,-0.005508467087777413,-0.01961215898721258,0.0,0.0,-0.04031663117787865,-2.6588803085935915,0.03662246619523432,0.008782921286461453,-0.07616945898960363,0.17539380608900565,0.01831123309761716,0,1.0,1.0
2023-05-05,4137.429863573783,4121.386887670756,4146.601443531229,4114.798204111216,104044.0,4324109030.0,252846.0,-0.8879667211522946,14,uptrend_crowded_chase,1.322263475958277,-0.004453387846294787,-0.013565433191484955,0.0,0.0,0.005747244834216403,1.322263475958277,-0.7756708454936335,0.0077166352703147015,-0.13125005691720734,0.20717020277479167,1.322263475958277,0,1.0,1.0
2023-05-08,4113.29079553962,4107.552789849301,4116.5241067136985,4066.500298667716,181467.0,7461438040.0,263706.0,-0.3737610272367897,14,uptrend_crowded_chase,8.094161832242921,-0.0033566608033911427,-0.015448454693108071,0.0,0.0,0.0453978222410818,3.1434538776049723,8.843506006671724,0.012178494253221246,1.0579099026041727,0.8206590578599903,8.094161832242921,0,1.0,1.0
2023-05-09,4102.026801814627,4083.939189114564,4108.391602604255,4077.9995879080448,103198.0,4264651650.0,271629.0,-0.9677876916384528,14,uptrend_crowded_chase,3.847398490608617,-0.0057488246512842345,-0.0218740685331692,0.0,0.0,0.11374478046255199,3.847398490608617,-0.4809752350265509,0.007441838207879817,-0.6305801934057563,0.1954329538824569,3.847398490608617,0,1.0,1.0
2023-05-10,4078.637290585714,4100.943282321286,4124.119363569381,4075.1973458368016,137238.0,5685968350.0,274641.0,-0.693748145399737,14,uptrend_crowded_chase,5.723935363615186,0.004163649951508752,-0.014848401145823753,0.05,0.016666666666666666,0.18548339854628004,3.0028122063129805,3.9327534879537374,0.011929454850906285,1.4094928266506732,0.5262648124044709,5.723935363615186,0,1.0,1.0
2023-05-11,4108.6337677669,4106.07566639889,4124.547476729577,4097.34645093303,95699.0,3960666600.0,273860.0,-1.0514091778205676,14,uptrend_crowded_chase,1.4528191486982582,0.0012515130603558688,-0.008151908485243275,0.1,0.03333333333333333,0.13641292285220885,1.3528191486982581,-1.5047560339178165,0.006624579770689766,-0.8932270546268739,0.3209149364862477,1.4528191486982582,0,1.0,1.0
2023-05-12,4110.117714578155,4099.194522889145,4115.2130282205,4071.246871941906,112519.0,4648561300.0,272662.0,-0.8851108366005093,14,uptrend_crowded_chase,1.7457582763946649,-0.0016758443021530622,-0.005384683696645687,0.05,0.016666666666666666,0.07545232512881306,1.054833474945336,0.4762378135116924,0.01072555987111486,0.8056117893869649,0.6356628214244527,1.7457582763946649,0,1.0,1.0
2023-05-15,4084.074259202297,4089.5493071403794,4112.416743705673,4058.229110423748,145460.0,5989299520.0,273865.0,-0.6327341495148608,14,uptrend_crowded_chase,2.9486883788860716,-0.0023529539022627555,-0.004383019191722237,0.05,0.016666666666666666,0.037800438012308035,0.7008224831896829,2.7508637331873036,0.01325027019170871,1.6448680582054742,0.5779952882178864,2.9486883788860716,0,1.0,1.0
2023-05-16,4088.319972836008,4110.252177445326,4123.209245996417,4084.6177617455055,120666.0,4979121330.0,273256.0,-0.8173826864490538,14,uptrend_crowded_chase,1.1552889959566193,0.005062384324062252,0.006443041169882591,0.3,0.1,0.005971920076412118,0.5739015223354527,0.562774947242333,0.009389079449353268,-0.10399649250274885,0.6642505774888736,1.1552889959566193,0,1.0,1.0
2023-05-17,4108.72205161163,4112.518108416465,4128.397331345885,4099.762403169109,111412.0,4620518730.0,273464.0,-0.8979349445217664,14,uptrend_crowded_chase,0.7726993451386472,0.0005512875787945237,0.002822478951385987,0.35,0.11666666666666667,-0.00429480413125205,0.42269934513864726,-0.023999062798924383,0.006962869809174213,-0.6976022782784003,0.4454596557256761,0.7726993451386472,0,1.0,1.0
2023-05-18,4115.018154029536,4104.590264694972,4125.235932093426,4087.482934602382,115241.0,4763884590.0,274958.0,-0.8695927710086484,14,uptrend_crowded_chase,1.5451935977038767,-0.0019277346658410632,-0.0003617570216918331,0.2,0.06666666666666667,0.0040013318257585695,1.200761965357573,0.24884806461900152,0.009197750580799833,0.040015200073606254,0.45313832621232497,1.5451935977038767,0,1.0,1.0
2023-05-19,4108.01585888944,4082.869033181465,4114.512149484987,4079.730176207452,96854.0,3992182040.0,274581.0,-1.0420416094076363,14,uptrend_crowded_chase,0.831334451705116,-0.005291936615534731,-0.003982609172734297,0.0,0.0,0.007013366514927455,0.831334451705116,-1.1572688683397212,0.008519002935157153,-0.24979366461722943,0.09024378660080905,0.831334451705116,0,1.0,1.0
2023-05-22,4094.695005949644,4050.344801822457,4110.671663637094,4040.89791413352,199483.0,8133127280.0,273038.0,-0.3138819599710485,14,uptrend_crowded_chase,2.7322725570167554,-0.007966023669797817,-0.009586509997439263,0.0,0.0,-0.003024304603707506,-0.44469273740311266,2.9056177436747195,0.01722661968733605,2.558927370358792,0.13539314937422708,2.7322725570167554,0,1.0,1.0
2023-05-23,4057.58576121789,4054.398543868429,4065.947444541025,4050.283877553986,80602.0,3281121920.0,273739.0,-1.2226516345744598,14,uptrend_crowded_chase,0.11740722384672567,0.0010008387543074537,-0.013588858095712308,0.05,0.016666666666666666,0.0017660129453904716,0.06740722384672566,-1.7908285738655603,0.0038633515717707914,-1.7515163848536206,0.262690249152561,0.11740722384672567,0,1.0,1.0
2023-05-24,4048.643786063997,4054.760730176514,4101.767764592086,4033.5401075362815,202447.0,8331121140.0,280261.0,-0.3252431879563492,14,uptrend_crowded_chase,8.872686471822641,8.933169844205224e-05,-0.014044285451715877,0.1,0.03333333333333333,0.02455132570926466,6.593657493229874,2.3119704741223983,0.016826555645574212,2.0460874830631357,0.311026694392798,8.872686471822641,0,1.0,1.0
2023-05-25,4054.1189517782336,4049.663841797855,4061.28387115139,4043.5153807148,84370.0,3440797210.0,280957.0,-1.202989744535672,14,uptrend_crowded_chase,7.294802670494412,-0.001257013352409797,-0.013381706663770587,0.0,0.0,0.021583273983361906,7.294802670494412,-1.2048432821139667,0.004387645772766605,-1.3237224308377487,0.3460317073640615,7.294802670494412,0,1.0,1.0
2023-05-26,4048.7683075881487,4057.832443434597,4070.849293949492,4028.106946745773,136405.0,5574267610.0,282991.0,-0.7297866933883882,14,uptrend_crowded_chase,8.534356130187604,0.002017106099630128,-0.00613210699226352,0.2,0.06666666666666667,0.03016879562871999,7.90190308168512,0.5988858945096348,0.010533295250491367,0.26602020249533315,0.6954577517033815,8.534356130187604,0,1.0,1.0
2023-05-29,4085.850640027648,4112.281933937748,4119.740226203511,4071.81739964476,167692.0,6953016910.0,277072.0,-0.5021484367522657,14,uptrend_crowded_chase,3.749574495626611,0.013418368368375733,0.015291817152806919,0.7,0.23333333333333334,0.014666420572247318,2.2124340282019586,1.167899070793187,0.011653584877839919,0.5063818640561185,0.8443686902186527,3.749574495626611,0,1.0,1.0
2023-05-30,4114.643716282111,4113.360683427776,4129.510716117666,4087.413703601788,148005.0,6143461180.0,267007.0,-0.5900288183078088,14,uptrend_crowded_chase,1.2235562239695992,0.00026232381615787226,0.014542758666021394,0.8,0.26666666666666666,-0.02490022238991685,-3.263799192158166,0.576552393833698,0.010234213762357756,0.2705600541055002,0.6163615486063736,1.2235562239695992,0,1.0,1.0
2023-05-31,4106.443218508456,4077.794650667176,4109.574464322001,4069.497378092067,164266.0,6777068230.0,251508.0,-0.4259877330776166,14,uptrend_crowded_chase,0.5980849161194067,-0.008646465870083109,0.005680710163546321,0.25,0.08333333333333333,-0.10824651367200389,-8.136107496091945,0.6639184305973099,0.009828127618779799,0.03225140164150332,0.20703282986954713,0.5980849161194067,0,1.0,1.0
2023-06-01,4085.990397424512,4101.615084124448,4104.718611565555,4067.3647167856952,135313.0,5578410720.0,265975.0,-0.6758117060623322,14,uptrend_crowded_chase,0.55,0.005841499020401875,0.012828532035273676,0.55,0.18333333333333332,-0.05479931331077914,-1.5597603504398887,-0.12008888292124709,0.009107118540801222,-0.39767002261937784,0.916915559692043,0.55,0,1.0,1.0
2023-06-02,4083.84592861546,4108.541409449078,4117.921763069517,4078.094000420971,158585.0,6567875000.0,274249.0,-0.5477457256661639,14,uptrend_crowded_chase,0.9061778280328907,0.001688682429377364,0.01249656478461203,0.75,0.25,-0.031378642176818516,0.009449933729954174,0.293455788605873,0.009693893447671527,-0.14514878716064922,0.7644770131022861,0.9061778280328907,0,1.0,1.0
2023-06-05,4105.352230287058,4083.349095165343,4144.117219081199,4074.285639167402,261071.0,10860504100.0,274249.0,-0.0492440518601733,14,uptrend_crowded_chase,3.745084997047483,-0.006131692922893728,-0.007035713804938615,0.35,0.11666666666666667,-0.010240947369215547,0.02631377439936462,2.9920365007233194,0.01710154539480284,3.7455059445729177,0.12979021825267367,3.745084997047483,0,1.0,1.0
2023-06-06,4080.231610073396,4059.687711103127,4098.637593780132,4054.0263985387865,140367.0,5809668810.0,278300.0,-0.6844392473020497,14,uptrend_crowded_chase,0.9350720922422291,-0.005794602300898233,-0.013048447839959842,0.25,0.08333333333333333,0.041424793246797265,0.4314152715508802,-0.49121059933799527,0.010988824366794379,0.5073136413826977,0.12690340471070405,0.9350720922422291,0,1.0,1.0
2023-06-07,4064.9891491869976,4057.9329639889193,4074.1072220484975,4049.2596673567296,116536.0,4780126560.0,281580.0,-0.8822163608877347,14,uptrend_crowded_chase,1.0553815498676853,-0.00043223696970795533,-0.004870693200553222,0.25,0.08333333333333333,0.11294180085535821,0.8053815498676853,-1.7871059553273787,0.006123204821832003,-2.932810080537545,0.3490603699149186,1.0553815498676853,0,1.0,1.0
2023-06-08,4065.9639453287714,4062.009091491589,4071.991203981655,4054.666674927949,77836.0,3194976900.0,280922.0,-1.283473001634183,14,uptrend_crowded_chase,0.9832537236115726,0.0010044836962173065,-0.009656194406480578,0.35,0.11666666666666667,0.05467473132766365,0.6332537236115726,-3.673350612975204,0.0042650148395764545,-4.133716102361918,0.42381622847459127,0.9832537236115726,0,1.0,1.0
2023-06-09,4055.551781737194,4048.372960463008,4068.7086934310414,4026.263996724972,160483.0,6557227010.0,284746.0,-0.5734095368614754,14,uptrend_crowded_chase,1.5718539297836855,-0.003356991754928318,-0.01464472254014304,0.0,0.0,0.03756110197803686,1.0891495629254964,0.6405033345121252,0.0104843840032997,0.32490539920425293,0.5208887200005483,1.5718539297836855,0,1.0,1.0
2023-06-12,4053.491764003302,4034.043245097871,4059.520114519599,4026.840467687658,113386.0,4640523530.0,291455.0,-0.9440876930635956,14,uptrend_crowded_chase,1.871014381483543,-0.0035396233264778365,-0.012074855447909094,0.0,0.0,0.06084916710512722,1.871014381483543,-2.2826048395570897,0.008100965915933785,-1.383750069188886,0.22040560741840934,1.871014381483543,0,1.0,1.0
2023-06-13,4029.013957098407,4011.835319194005,4033.5719388140574,4008.7878273360334,116144.0,4716719100.0,302136.0,-0.956046446589583,14,uptrend_crowded_chase,2.450305586699086,-0.005505128367389922,-0.011787210079791888,0.0,0.0,0.08217757860022168,2.450305586699086,-1.2229797429685687,0.006177748961790192,-2.4773396306317643,0.12296151349520194,2.450305586699086,0,1.0,1.0
2023-06-14,4009.514773843507,4008.262988899032,4024.762724644968,4000.516224198514,135107.0,5480386450.0,313306.0,-0.8411132916528921,14,uptrend_crowded_chase,3.966102461671676,-0.000890447889992374,-0.012240215777508112,0.0,0.0,0.10676374971389535,3.966102461671676,-0.07906468365553032,0.006049129139880555,-1.5655010501343598,0.3195003220207313,3.966102461671676,0,1.0,1.0
2023-06-15,4006.468240457125,4014.305004981261,4030.512844152564,4003.973780450801,112211.0,4559246550.0,316185.0,-1.0359464578212152,14,uptrend_crowded_chase,3.23243388261246,0.0015073901335722617,-0.01174396350078355,0.1,0.03333333333333333,0.11825043458987494,3.13243388261246,-0.8075345344776664,0.0066111228889761415,-0.558796346042139,0.3892836856099686,3.23243388261246,0,1.0,1.0
2023-06-16,4023.337985427303,4042.806730490097,4063.0656874964407,4021.138519654175,170220.0,6939364810.0,313469.0,-0.6106087535622898,14,uptrend_crowded_chase,3.9311322556218933,0.007100039850850504,-0.0013749301329871733,0.2,0.06666666666666667,0.09610291679248917,2.254468163698957,1.837519720794226,0.010370806876831059,1.1158084630516458,0.5168059745280182,3.9311322556218933,0,1.0,1.0
2023-06-19,4049.99282295889,4085.040873508576,4100.345048067909,4040.321107314915,209805.0,8601592640.0,301222.0,-0.3616690065276439,14,uptrend_crowded_chase,4.226093614841666,0.010446738079255002,0.012641815001035672,0.8,0.3,0.032961914481314025,0.7322264688603233,3.0973687745326655,0.014693596125867096,2.29036551743002,0.7450321593793433,4.226093614841666,0,1.0,1.0
2023-06-20,4081.801045486981,4085.8971340615226,4091.769805885407,4042.9657078172863,160049.0,6574188810.0,296901.0,-0.6179187315525942,14,uptrend_crowded_chase,2.2755694227283105,0.00020960880917963998,0.01846083125924447,0.8,0.31666666666666665,-0.017478497230605683,0.026298699770819865,1.466279461202183,0.011944524413322126,1.4322619847127982,0.8796684693222395,2.2755694227283105,0,1.0,1.0
2023-06-21,4087.1933668199695,4100.509005330342,4114.338255105529,4082.416777410315,154731.0,6402508750.0,295103.0,-0.6456363225911239,14,uptrend_crowded_chase,1.2649473209881317,0.003576172083973761,0.0230139630774695,0.8,0.36666666666666664,-0.05985590080564762,-0.19159269102360071,0.7960741228649695,0.0077847598075553555,0.13382051911129383,0.5667728822823114,1.2649473209881317,0,1.0,1.0
2023-06-26,4105.598726505247,4114.231027150801,4124.753786693159,4090.3176729737743,129497.0,5371401200.0,293472.0,-0.8181245195284438,14,uptrend_crowded_chase,1.0666639379095235,0.0033464191403120847,0.02489248376631692,1.0,0.55,-0.07454525094343367,-0.35156140463370256,-0.38896096734417823,0.00837000000537947,0.13332787581904723,0.6944266235119863,1.0666639379095235,0,1.0,1.0
2023-06-27,4111.475498894379,4107.537484188991,4132.264921472962,4102.55056363562,141907.0,5891265320.0,299633.0,-0.7473864789760936,14,uptrend_crowded_chase,0.8585623328562878,-0.0016269244283168005,0.01601134014413952,0.8,0.45,-0.04514207917127777,0.058562332856287765,-0.09228410988334444,0.007234105093798924,-0.3221611203126099,0.16782864972782688,0.8585623328562878,0,1.0,1.0
2023-06-28,4108.277222279605,4124.532877819898,4131.389828652944,4105.624180774395,99598.0,4119265090.0,301784.0,-1.108569445618854,14,uptrend_crowded_chase,1.147265951684992,0.0041376113294955275,0.00966746858456835,1.0,0.6,0.0018639952594874387,0.14726595168499199,-1.386121969005063,0.006246925080196558,-0.738746100924266,0.73387236892442,1.147265951684992,0,1.0,1.0
2023-06-29,4120.537435208613,4090.3387893103913,4123.510195396528,4080.823177324181,164927.0,6807028310.0,305231.0,-0.6155659152316528,14,uptrend_crowded_chase,2.2288472517215454,-0.008290414823309833,0.0010870697678220242,0.65,0.35,0.027670117089865442,0.450052825826936,0.7357403391316053,0.010436059278000183,1.5218485126576133,0.22291582818184097,2.2288472517215454,0,1.0,1.0
2023-06-30,4088.942882647536,4097.981643639468,4113.136120930794,4087.1323833465694,140281.0,5776621190.0,290526.0,-0.7280455193010761,14,uptrend_crowded_chase,0.7,0.0018685137644465222,-0.0006163531619096663,0.7,0.36666666666666664,-0.015631374795040287,-1.358158575778376,-0.30556952267465204,0.006345498795629206,-0.6054557816104067,0.41721926541359505,0.7,0,1.0,1.0
2023-07-03,4112.806107403921,4183.672617114952,4205.754551905043,4106.641948859232,271814.0,11388921600.0,307988.0,-0.1249428123229798,14,uptrend_crowded_chase,6.641890491440845,0.020910531312039016,0.016878388575140457,1.0,0.7333333333333333,0.04827858679907848,0.9937284931545207,3.384027305970162,0.023690334334563343,5.912296690602488,0.777203563305828,6.641890491440845,0,1.0,1.0
2023-07-04,4162.100928459734,4154.679893216843,4167.687816002085,4138.006786753408,127141.0,5307587810.0,304917.0,-0.8747429016028513,14,uptrend_crowded_chase,1.5431161496025738,-0.006929969562987082,0.011477049012776241,0.95,0.6666666666666666,0.017481215985643672,0.5931161496025739,-1.317712195024074,0.00714399905926229,-0.6376031856685037,0.5617428669249459,1.5431161496025738,0,1.0,1.0
2023-07-05,4142.99305984818,4210.480902215718,4222.145625160438,4140.001344204712,207640.0,8756735040.0,308884.0,-0.3971599909260518,14,uptrend_crowded_chase,5.3252855470890585,0.01343088046084584,0.020838244461091282,1.0,0.7666666666666667,0.02325427219857268,1.2198191274705779,1.8818386235528746,0.019509477150816232,4.329094215684087,0.857997138583428,5.3252855470890585,0,1.0,1.0
2023-07-06,4203.823991299901,4217.541085093211,4224.737098006751,4192.627247402767,136909.0,5788130670.0,313374.0,-0.8280808938577243,14,uptrend_crowded_chase,2.6495237570001926,0.00167681151903043,0.03109822983740318,1.0,0.8,0.026328498417020896,1.6495237570001924,-0.4412851595515431,0.007613405526142913,-0.1756973163503569,0.7758939148521965,2.6495237570001926,0,1.0,1.0
2023-07-07,4224.95289794662,4212.656313662297,4233.898270466468,4191.855323032708,147412.0,6212915850.0,305322.0,-0.7281355698454864,14,uptrend_crowded_chase,2.1236313565976026,-0.0011582036386507122,0.02798320734325821,0.95,0.8,0.0496738842656157,0.2631595884889696,0.30100399345581624,0.009980151311515247,1.51993954276145,0.4947557652175074,2.1236313565976026,0,1.0,1.0
2023-07-10,4216.179410152108,4177.106960148588,4232.468683824326,4174.05568750349,130345.0,5502212820.0,306890.0,-0.8563045958136646,14,uptrend_crowded_chase,2.3362248106490187,-0.008438702535124243,-0.0015693524726348995,0.8,0.7333333333333333,-0.0035714439843399504,0.3442977447745544,-0.562889267487697,0.013984079622121583,2.3838541317489286,0.052236194636184514,2.3362248106490187,0,1.0,1.0
2023-07-11,4180.751759318113,4169.562867586084,4190.539273938115,4164.458460283877,110807.0,4643107110.0,313532.0,-1.040111479016161,14,uptrend_crowded_chase,2.5188856635496943,-0.0018060568317922465,0.003582219268815301,0.75,0.7,0.02786181980360425,1.7688856635496941,-1.7778128972830067,0.006255047467203051,-0.8354529243281955,0.1957150328927002,2.5188856635496943,0,1.0,1.0
2023-07-12,4166.321391504779,4120.627297129878,4189.951428419762,4110.509267340342,234190.0,9789025530.0,324481.0,-0.3260942311082994,14,uptrend_crowded_chase,8.560081001671675,-0.011736379090630522,-0.02134046138020851,0.6,0.6166666666666667,0.04926118092697784,5.1840823541090035,2.7199352997491326,0.019279142555492276,2.83206199537621,0.12736347617004162,8.560081001671675,0,1.0,1.0
2023-07-13,4116.469919893356,4108.041098709388,4122.768668658484,4090.049569843368,138176.0,5703419280.0,325582.0,-0.8570861151526237,14,uptrend_crowded_chase,5.509129484196282,-0.0030544374710268496,-0.025962992220952552,0.5,0.5166666666666667,0.03821698463661782,5.009129484196282,-0.20691094299237553,0.007964647390065128,-0.39619705809082806,0.549878496583422,5.509129484196282,0,1.0,1.0
2023-07-14,4111.974222823829,4081.989066521616,4122.277102246676,4077.9190781042175,191312.0,7877905950.0,329081.0,-0.5423983178936543,14,uptrend_crowded_chase,4.951887302586157,-0.006341716541238274,-0.031017780092078007,0.15,0.25,0.07493696365767377,3.194755144666477,2.736093234408285,0.010866767014703729,0.4781710814310759,0.09175314942630643,4.951887302586157,0,1.0,1.0
2023-07-17,4101.956941807386,4109.509811934146,4114.381191872143,4091.428941152745,173274.0,7145419880.0,330363.0,-0.6453178932894227,14,uptrend_crowded_chase,3.3452528155527586,0.006741993906411947,-0.01618276689090048,0.5,0.5666666666666667,0.07370267271255493,2.4903382835191743,0.7098290640671686,0.005585155351799817,-0.954196717899768,0.7877602507243213,3.3452528155527586,0,1.0,1.0
2023-07-18,4112.858704649643,4120.888550725499,4138.665825535658,4103.533907675569,172764.0,7159195640.0,336458.0,-0.6665468256981283,14,uptrend_crowded_chase,2.789042876218666,0.002768879820729264,-0.011673721780039892,0.6,0.6833333333333333,0.0705718988012709,1.7728005847060853,0.8324845830251613,0.008525325892131617,-0.13077417803849967,0.4939850741722683,2.789042876218666,0,1.0,1.0
2023-07-19,4125.624368488696,4113.260619091818,4133.381492054656,4108.751137641513,112208.0,4638393830.0,343697.0,-1.119406163480806,14,uptrend_crowded_chase,2.040888105732986,-0.0018510405073532965,-0.001787756452322431,0.45,0.6333333333333333,0.05753347246330165,1.590888105732986,-1.4200836250718474,0.00598803642512218,-0.949751974594341,0.18308634032071922,2.040888105732986,0,1.0,1.0
2023-07-20,4120.618681565812,4105.879437935243,4136.608497302791,4094.243781995839,149971.0,6192982750.0,339178.0,-0.8160831012521548,14,uptrend_crowded_chase,1.4804478990552887,-0.0017944841915230603,-0.0005262023242231795,0.25,0.48333333333333334,0.04091069327881236,0.8143824671484752,0.17363967053675416,0.010318061196715552,0.6584911932768727,0.2746544112263765,1.4804478990552887,0,1.0,1.0
2023-07-21,4110.2814724173,4150.233205971608,4165.174636357247,4105.564907427112,275729.0,11520188610.0,335789.0,-0.1970644872178417,14,uptrend_crowded_chase,3.317421667908959,0.010802501317152657,0.016718354296853866,0.65,0.7833333333333333,0.020179065442215816,0.545833054260812,2.7483714048392756,0.014362982987164439,1.4948058224570184,0.7493457753657767,3.317421667908959,0,1.0,1.0
2023-07-24,4190.983357943767,4209.788385264844,4213.788661330092,4173.21046850918,212954.0,9032499030.0,331045.0,-0.4411781378532402,14,uptrend_crowded_chase,1.5047124043912645,0.014349839234948147,0.024401589951065672,0.85,0.9333333333333333,0.0020622678942778805,0.14052054362597477,0.9839681808280717,0.009639010113416627,0.04441554070250807,0.9014180822960084,1.5047124043912645,0,1.0,1.0
2023-07-25,4213.165993988316,4192.92856820595,4239.453705117945,4188.622267479297,216812.0,9236776260.0,332471.0,-0.4275220196598698,14,uptrend_crowded_chase,1.81538776867743,-0.004004908445732536,0.017481670905117763,0.8,0.9333333333333333,-0.011920688783265021,0.21879364927783887,0.7036701810415461,0.012123134656786539,0.889518057757636,0.08471727196200057,1.81538776867743,0,1.0,1.0
2023-07-26,4192.870614008545,4185.238703774397,4208.804800116632,4180.890010607778,171912.0,7282882280.0,330066.0,-0.6523099164829324,14,uptrend_crowded_chase,0.75,-0.0018340079747275473,0.017499033333431724,0.75,0.9166666666666666,-0.04046782081216804,-0.26365594290399985,-0.2101019521582557,0.006669820166691811,-1.0733220417823162,0.15578455876373673,0.75,0,1.0,1.0
2023-07-27,4181.817105663359,4197.171306642539,4203.525863785943,4175.6199555934045,152907.0,6477441310.0,331575.0,-0.7740241349367706,14,uptrend_crowded_chase,0.8,0.0028511164386826326,0.022234425069530328,0.8,0.9333333333333333,-0.0226710149433611,-0.03673100793309704,-0.4754077491945837,0.006648741772434763,-0.7821511994996073,0.7722863165907196,0.8,0,1.0,1.0
2023-07-28,4188.853693433693,4228.668433361729,4230.120227049119,4183.598879832709,198604.0,8439353110.0,322825.0,-0.4857974883375616,14,uptrend_crowded_chase,1.6161515242633582,0.007504370066892863,0.01889899277883056,1.0,1.0,-0.03937260578037893,-2.5588514226615766,0.6980164381077383,0.011001417573764875,0.534286610418978,0.9687929569056268,1.6161515242633582,0,1.0,1.0
2023-07-31,4231.190160294091,4213.9328778023055,4238.629404666382,4205.512769896262,191522.0,8128040920.0,322993.0,-0.5226279666324555,14,uptrend_crowded_chase,1.1439905226365465,-0.003484679820997094,0.0009844895178028334,0.9,0.9666666666666667,-0.024623666636911068,-2.163715934430811,0.4879810452730929,0.00785884249475528,-0.34055312503264384,0.2542561454233409,1.1439905226365465,0,1.0,1.0
2023-08-01,4216.519504066207,4250.895431429276,4262.637402181438,4201.29567725682,208620.0,8920828440.0,308324.0,-0.3906367628680663,14,uptrend_crowded_chase,2.1118443410993484,0.008771509822018686,0.013824910746840668,1.0,1.0,-0.07540146013118942,-4.069100836240426,0.558127547432859,0.014430306723398456,1.6655611347658381,0.8085810145281735,2.1118443410993484,0,1.0,1.0
2023-08-02,4265.996219872021,4296.503986865237,4333.98284255308,4264.614452971238,261267.0,11357877900.0,301490.0,-0.1431939751890527,14,uptrend_crowded_chase,2.6126068494594383,0.010729164283541426,0.026585170157796822,1.0,1.0,-0.09055578634185935,-3.4480601371062614,1.6997442094243878,0.016145310185654894,1.5254694894944887,0.45971276090205926,2.6126068494594383,0,1.0,1.0
2023-08-03,4304.119132122138,4261.929558226397,4308.14521604783,4251.63902961185,172979.0,7461628780.0,295038.0,-0.5339339617568782,14,uptrend_crowded_chase,1.2194812666433554,-0.008047107309695711,0.015429022751911381,0.95,0.9833333333333333,-0.11674986677702925,-3.9466817933901055,-0.9460887651530101,0.013258357667341531,0.538962533286711,0.1821133094197702,1.2194812666433554,0,1.0,1.0
2023-08-04,4270.841201471409,4299.558485913082,4315.841437715155,4266.449711165357,177369.0,7674066330.0,306561.0,-0.5471844485117555,14,uptrend_crowded_chase,1.0,0.008829082501857322,0.01676415487960048,1.0,1.0,-0.051693623951363676,-2.5399581394958575,-0.8223202263085742,0.011487627557951085,-0.017764012635714085,0.67033037839534,1.0,0,1.0,1.0
2023-08-07,4278.398419857108,4216.024474710926,4282.862303720235,4202.504795782253,234536.0,10015100120.0,296551.0,-0.2346101161643785,14,uptrend_crowded_chase,2.383400869817375,-0.019428509107584757,0.000496352687447521,0.75,0.9,-0.08541144076951568,-2.0635269507977365,1.2391608386992767,0.019060019319145974,2.0276409009354732,0.16824412896313137,2.383400869817375,0,1.0,1.0
2023-08-08,4231.271072855408,4249.627463268101,4257.989918898178,4220.077405602511,126197.0,5392101650.0,293614.0,-0.844421801493473,14,uptrend_crowded_chase,0.8,0.007970302060326118,-0.00029828260460151856,0.8,0.9333333333333333,-0.04888519858866758,-1.0705476793830597,-2.5999686828132793,0.008921373372928787,-0.5920253079247602,0.7794275582612674,0.8,0,1.0,1.0
2023-08-09,4260.149444781906,4302.324099321427,4315.250738490646,4257.368634784569,163091.0,7057113030.0,289726.0,-0.5746273215295642,14,uptrend_crowded_chase,1.2267467504101428,0.012400295439732645,0.0013546158630324268,1.0,1.0,-0.03980119935795301,-0.918140031161366,-0.8308116501412649,0.013453682793261982,0.4534935008202855,0.7766729551700476,1.2267467504101428,0,1.0,1.0
2023-08-10,4314.3652800637565,4263.452563056573,4319.9234428870905,4252.655104845015,153204.0,6596895550.0,288035.0,-0.6313116339036074,14,uptrend_crowded_chase,1.2668829028903084,-0.0090350088388238,0.0003573510095296051,0.85,0.95,-0.024022161073565584,-1.1243299704754763,-1.012791210425717,0.015777902309730286,0.8337658057806169,0.16051322993597306,1.2668829028903084,0,1.0,1.0
2023-08-11,4258.867348644752,4231.032666739416,4263.205462013892,4222.818104702315,164090.0,6997623780.0,284081.0,-0.5488443509767511,14,uptrend_crowded_chase,0.65,-0.00760414144115984,-0.015937873481238207,0.65,0.8833333333333333,-0.07615734801754037,-1.2424139763216844,-0.6366818278484153,0.009545508270136087,-1.0761701323688841,0.20339439329310904,0.65,0,1.0,1.0
2023-08-14,4232.901653365754,4203.101996355029,4257.568965639114,4182.76167756314,180354.0,7644710680.0,286422.0,-0.462544661578981,14,uptrend_crowded_chase,1.0632361425083263,-0.006601383771851377,-0.0030650861809295993,0.4,0.75,-0.03475296261290062,-0.9180929635971926,0.17657697777371134,0.017798113902743096,1.149895307242941,0.2719029029795994,1.0632361425083263,0,1.0,1.0
2023-08-15,4216.81632796371,4213.120600960364,4228.6401029451,4202.607495041387,114752.0,4859524680.0,286142.0,-0.9137149131166108,14,uptrend_crowded_chase,0.45,0.002383621576165229,-0.008590602970092287,0.45,0.8,-0.025777788427946646,-0.8331441522054696,-2.7786451641633727,0.0061789372698657415,-2.248375837629674,0.40384374696004083,0.45,0,1.0,1.0
2023-08-16,4213.297110420952,4198.410173231975,4218.729206983518,4194.19339335368,103036.0,4345889670.0,286379.0,-1.0222376666490505,14,uptrend_crowded_chase,0.3,-0.0034915752767760155,-0.024152974924841475,0.3,0.7166666666666667,-0.011619540387572513,-0.7097446751900945,-4.0656352598510015,0.005844072545906189,-1.5354216270784835,0.17186223949658372,0.3,0,1.0,1.0
2023-08-17,4201.747764546191,4183.036048087648,4204.180031140521,4167.57802361117,138466.0,5781376270.0,283316.0,-0.7159380743484908,14,uptrend_crowded_chase,0.1,-0.003661892123439703,-0.018861829416315312,0.1,0.6333333333333333,-0.016519118055514426,-1.0176286721029937,-1.2605746419498127,0.008750105690837897,-0.7127815760513747,0.4223272306602943,0.1,0,1.0,1.0
2023-08-18,4188.200217973272,4249.476788092607,4260.223517937854,4182.756536552848,193539.0,8177994970.0,282312.0,-0.3775337997773672,14,uptrend_crowded_chase,1.8817731849012054,0.015883377346301852,0.004359248156645679,0.65,0.8833333333333333,-0.00624656643756083,-1.1834146248671367,1.03326045092584,0.018229769274672823,1.430285918876571,0.8612734141293562,1.8817731849012054,0,1.0,1.0
2023-08-21,4258.068568081784,4284.956970447887,4296.748464734998,4243.571979754693,170147.0,7277771090.0,276833.0,-0.4867516670007339,14,uptrend_crowded_chase,1.062272501574615,0.00834930607332618,0.019474895961088645,0.85,0.95,-0.03405181148818315,-2.417396614577477,0.296596625980359,0.012410039434946172,0.12794837716887114,0.7782573577121877,1.062272501574615,0,1.0,1.0
2023-08-22,4274.823341813752,4250.644838677255,4277.395240394663,4243.541083236442,110137.0,4671777250.0,278572.0,-0.927951508379704,14,uptrend_crowded_chase,0.65,-0.008007579074252758,0.00890651877098847,0.65,0.8833333333333333,-0.0268116373168521,-2.042420696242392,-1.8441629097532104,0.007964475613247396,-0.5587664368567443,0.20983406580210923,0.65,0,1.0,1.0
2023-08-23,4249.463234843543,4253.094697940701,4298.564686009888,4204.0483954106185,170388.0,7253966400.0,280872.0,-0.4998208601603539,14,uptrend_crowded_chase,1.8623958529173579,0.0005763500260369536,0.013025055307216205,0.7,0.9,-0.01941705883523248,-1.2491230267709257,0.3830013078710998,0.022222945246206948,1.941790397963616,0.5189190373332483,1.8623958529173579,0,1.0,1.0
2023-08-24,4243.705654965799,4207.002613045232,4253.816234022086,4202.34633936085,158229.0,6673913610.0,290083.0,-0.6061237381308189,14,uptrend_crowded_chase,1.8717736311264697,-0.01083730510815728,0.005729466512376824,0.2,0.6666666666666666,0.023604206453383014,1.5834785556035456,-0.010460024096999624,0.012234338648052264,0.1765901510458484,0.09046596491071587,1.8717736311264697,0,1.0,1.0
2023-08-25,4214.341889865599,4261.1383146779,4285.274544166059,4211.883798990275,198646.0,8446269670.0,281062.0,-0.3470509394251553,14,uptrend_crowded_chase,1.7935207519748104,0.012867998100310807,0.0027442264464108135,0.7,0.9,-0.004437556760660044,-0.664233098897643,1.06825092767419,0.017223272223523614,1.1187905762754304,0.6711270688102627,1.7935207519748104,0,1.0,1.0
2023-08-28,4283.351873988919,4265.537708913146,4303.836881361756,4262.462318788574,143288.0,6130867460.0,277388.0,-0.6605606571900721,14,uptrend_crowded_chase,0.8,0.0010324457716126556,-0.004531961853682542,0.8,0.9333333333333333,0.002002811822434225,-1.0785034214284557,-0.5458561186811071,0.00969972964644704,-0.3409122593834351,0.07433045652465453,0.8,0,1.0,1.0
2023-08-29,4273.787328516983,4352.312022026179,4364.032905217398,4264.803481194373,282550.0,12226536230.0,279304.0,0.0115547317091921,14,uptrend_crowded_chase,3.1575068255395298,0.02034311241270048,0.02391806119011375,1.0,1.0,0.002624240584234272,-0.43244216512202815,2.2662216486844566,0.022799244061741334,2.048792002394602,0.8818809712278526,3.1575068255395298,0,1.0,1.0
2023-08-30,4343.178237430648,4347.127349620725,4364.771272829249,4325.783982471515,208560.0,9099543360.0,281854.0,-0.3011624367477036,14,uptrend_crowded_chase,1.6849770482281112,-0.001191245567692567,0.022109230656339074,0.95,0.9833333333333333,0.003490156832375746,0.25180382262307455,0.9663464512100737,0.008968518109122301,-0.4886207461071843,0.5474442299880473,1.6849770482281112,0,1.0,1.0
2023-08-31,4344.174627804871,4334.166521429437,4349.649389350798,4327.160276537622,139781.0,6082442830.0,263936.0,-0.6356297373916939,14,uptrend_crowded_chase,0.9,-0.0029814696347505443,0.030226724364251778,0.9,0.9666666666666667,-0.09446043941330551,-5.914457445509684,-0.8147280278689463,0.005188797592797316,-1.2135006102186017,0.31153940798013213,0.9,0,1.0,1.0
2023-09-01,4336.625154253185,4329.920527411094,4376.763294969082,4322.026450580383,192108.0,8358953630.0,260442.0,-0.3043224737671515,14,uptrend_crowded_chase,1.1224542263609976,-0.0009796564108347505,0.01614174609077268,0.85,0.95,-0.07619509791448031,-6.907207652958694,0.49838053000057425,0.012641535576041325,0.04652792272142063,0.14421870531396658,1.1224542263609976,0,1.0,1.0
2023-09-04,4358.55397528381,4324.868388998798,4370.532629674072,4287.734395241908,197451.0,8586707100.0,257790.0,-0.266654847700098,14,uptrend_crowded_chase,1.7025745946322728,-0.0011667970301793007,0.013909308540791088,0.8,0.9333333333333333,-0.07327194811978721,-7.015322993385567,0.6116646131004783,0.019144683024986144,1.1934845761640673,0.44848774870089114,1.7025745946322728,0,1.0,1.0
2023-09-05,4338.89321847607,4338.650803320469,4356.841309349589,4322.054294470207,118228.0,5157300160.0,259361.0,-0.7856059500729814,14,uptrend_crowded_chase,0.9,0.0031867823670033157,-0.003138841755042643,0.9,0.9666666666666667,-0.07407988074206351,-5.457362500920726,-2.0780690619874562,0.008017933790098637,-0.643982479054929,0.47708919284414936,0.9,0,1.0,1.0
2023-09-06,4345.271960818879,4338.974258935379,4377.0214362991965,4332.301151640836,164438.0,7211658980.0,267588.0,-0.4869148847344307,14,uptrend_crowded_chase,0.9,7.455211990392563e-05,-0.0018755122704323668,0.9,0.9666666666666667,-0.051940722173684506,-0.987477923832909,-0.4666249554186562,0.010306648988817266,-0.3123261909567873,0.14921880183729053,0.9,0,1.0,1.0
2023-09-07,4337.792680544075,4338.322137515208,4341.673639546389,4299.558906723921,135016.0,5871453960.0,262211.0,-0.6637562332232825,14,uptrend_crowded_chase,0.8,-0.0001502939130897385,0.0009588039742414178,0.8,0.9333333333333333,-0.006557126356920406,-0.7862593153782641,-1.3427243888152223,0.009707608491837187,-0.37956429139903936,0.9204197247241553,0.8,0,1.0,1.0
2023-09-08,4333.6010794410695,4330.204435443658,4350.449216808738,4320.4282340503205,140793.0,6154025590.0,260718.0,-0.6161486368561652,14,uptrend_crowded_chase,0.7,-0.0018711616644030427,6.556887840503123e-05,0.7,0.9,0.001059175784030586,-0.4712099212037248,-0.8373583261441332,0.006932925039910219,-0.8969293135837366,0.3256456150022863,0.7,0,1.0,1.0
2023-09-11,4338.501697887545,4337.829051440007,4356.713479157384,4322.300717336988,112301.0,4917602200.0,261839.0,-0.8465470446351961,14,uptrend_crowded_chase,0.75,0.001760798158613408,0.002996776150270275,0.75,0.9166666666666666,0.01558451106620673,-0.2029580400272582,-1.1953951896596784,0.00793317611466794,-0.5359302958872736,0.4512376595654497,0.75,0,1.0,1.0
2023-09-12,4338.426843954032,4328.696968762647,4346.828301567262,4304.5501381151535,118989.0,5166048190.0,259465.0,-0.7795907668861939,14,uptrend_crowded_chase,0.6259258930923819,-0.0021052195854348588,-0.0022942234830708452,0.55,0.85,0.0004009051257760632,-0.7574228544566376,-0.6832712499742727,0.009766949212939252,0.15185178618476367,0.5711419010630903,0.6259258930923819,0,1.0,1.0
2023-09-13,4318.279238186076,4291.602110572774,4325.068889393141,4279.741901612805,138285.0,6006042040.0,256139.0,-0.6164034929567,14,uptrend_crowded_chase,0.7528937000807785,-0.008569520679678422,-0.010917821940300776,0.45,0.7666666666666667,-0.04372821832389917,-1.870429670605986,-0.05772901944523836,0.010561787093139069,0.605787400161557,0.2616588822854509,0.7528937000807785,0,1.0,1.0
2023-09-14,4295.694343183086,4294.362141168131,4309.113835444411,4289.141957492493,78977.0,3424544680.0,256701.0,-1.1787553126302224,14,uptrend_crowded_chase,0.45,0.0006431235991233297,-0.01013294885756355,0.45,0.7666666666666667,-0.02123753968998443,-1.8293075093479938,-2.4009719433106085,0.00465072047847492,-1.9474315012810408,0.26137670619683867,0.45,0,1.0,1.0
2023-09-15,4299.324701862,4504.419257769782,4525.907077091163,4298.404774878565,579441.0,26322750190.0,283470.0,0.714957548227162,14,uptrend_crowded_chase,19.25447550159476,0.048914625664176814,0.04023247052728918,1.0,1.0,0.08366693402750336,7.4964778103322764,5.907170067272998,0.05050646691472461,15.608825315251977,0.905549002746791,19.25447550159476,1,0.0,0.0
2023-09-18,4464.419321645395,4431.547833380764,4489.558732529226,4426.780275002619,217147.0,9889384630.0,267052.0,-0.2068688524415844,14,uptrend_crowded_chase,4.84023385174534,-0.01617776237487667,0.021604996607610838,0.95,0.9833333333333333,0.019713584932512518,2.0953845010035117,1.8940262629951403,0.014166259710371689,1.6956724384885151,0.0759425854979651,4.84023385174534,0,1.0,1.0
2023-09-19,4430.407820138322,4433.151673001482,4443.282347993903,4399.861398929379,151796.0,6831314880.0,262044.0,-0.5459749144390139,14,uptrend_crowded_chase,1.3337649440429402,0.0003619140943569299,0.024130749967626652,0.95,0.9833333333333333,0.009890609841857412,0.15775523657273607,0.43007338740573103,0.009794600380799982,0.021946027534677087,0.7666869285291961,1.3337649440429402,0,1.0,1.0
2023-09-20,4440.774513999267,4473.1712506930935,4524.111845540843,4429.584362391492,287021.0,13190290100.0,268723.0,0.0658742745358453,14,uptrend_crowded_chase,6.562809331643779,0.009027342316153097,0.04230800886060848,0.95,0.9833333333333333,0.04796084340326878,1.1963243061206847,3.0075655727643746,0.021132095744088735,5.825404478281812,0.46110281210741066,6.562809331643779,0,1.0,1.0
2023-09-21,4472.53579091378,4457.786336069035,4487.378058807263,4453.357051431669,132594.0,6053643380.0,265136.0,-0.692951074028215,14,uptrend_crowded_chase,1.4673547925584542,-0.003439375280272272,0.03805552245681154,0.9,0.9666666666666667,0.032330918419956944,0.5673547925584543,-0.1828249072992758,0.007631816514022229,-0.6173861869192643,0.13019263622816404,1.4673547925584542,0,1.0,1.0
2023-09-22,4460.619437679042,4470.454111619976,4519.401865169515,4444.744171338004,206882.0,9470637110.0,265078.0,-0.2478755398825754,14,uptrend_crowded_chase,3.050434075087784,0.00284171887029272,-0.007540405145728513,0.9,0.9666666666666667,-0.06708217516318804,0.5106507003640599,1.411525822898195,0.016700248334381648,1.8680409265492535,0.3443709410579287,3.050434075087784,0,1.0,1.0
2023-09-25,4449.888735722725,4440.893139428267,4469.173447440512,4430.78400055181,137785.0,6223741780.0,258477.0,-0.6291122158911987,14,uptrend_crowded_chase,0.8,-0.006612521111640901,0.0021088130826680818,0.8,0.9333333333333333,-0.03263668085690696,-0.9108899547015147,-0.11091112959885092,0.008644532908901369,-0.3166115383993375,0.26333119374617076,0.8,0,1.0,1.0
2023-09-26,4444.60234781386,4441.945117798712,4463.524712796164,4418.856416597966,141637.0,6408862070.0,246692.0,-0.5548731483973509,14,uptrend_crowded_chase,0.8,0.00023688441433211693,0.0019835650674402405,0.8,0.9333333333333333,-0.06037183363298304,-2.5444045649558347,-0.05526404562236164,0.010056021633228558,-0.025221415978678274,0.5168923636195822,0.8,0,1.0,1.0
2023-09-27,4442.534017750531,4469.437036945109,4478.929328906978,4436.881158421244,113097.0,5123349270.0,241737.0,-0.7596045007556673,14,uptrend_crowded_chase,0.85,0.006189162274031101,-0.0008348023222687351,0.85,0.95,-0.10583075095163252,-2.9987907378086787,-0.7873815151118573,0.009407934408328544,-0.18599776315446942,0.7742519626367598,0.85,0,1.0,1.0
2023-09-28,4471.611979841372,4473.395987179431,4477.946508741296,4455.359397245236,110664.0,5028717080.0,226823.0,-0.717671394074086,14,uptrend_crowded_chase,0.95,0.0008857827510706517,0.003501659777655597,0.95,0.9833333333333333,-0.15607292424083674,-5.20856554066484,-0.6285923883199522,0.005049209048515667,-1.0066307453499468,0.7985345951535774,0.95,0,1.0,1.0
2023-10-09,4416.903641059267,4328.065760422529,4431.074012123484,4309.749357265956,214202.0,9413420410.0,207891.0,0.0299055911545826,14,uptrend_crowded_chase,2.4914812059401577,-0.032487673162271524,-0.03185098149813004,0.15,0.6666666666666666,-0.2430102184158187,-8.23297107435446,0.9449718278777559,0.028032072887377673,3.737990584002559,0.15097016495189688,2.4914812059401577,0,1.0,1.0
2023-10-10,4324.877590412353,4297.899114658859,4331.983710467942,4291.868365854912,110731.0,4791986270.0,215849.0,-0.6674752524983841,14,uptrend_crowded_chase,0.1,-0.006970006333897549,-0.032199384285976795,0.1,0.6,-0.18022762599118458,-4.3658253664037465,-0.7000920732747501,0.009333710155319523,-0.12213108162211478,0.1503352111797182,0.1,0,1.0,1.0
2023-10-11,4306.555684475871,4303.613847804294,4329.592091731565,4293.287831244445,109049.0,4718901840.0,227444.0,-0.7351067317438845,14,uptrend_crowded_chase,0.15,0.00132965734955115,-0.031142048432820535,0.15,0.6333333333333333,-0.08123654071522601,-1.4494746541442738,-0.7531817837365643,0.008435761611289136,-0.5373021748056581,0.2844298829199966,0.15,0,1.0,1.0
2023-10-12,4305.328212333294,4271.9537172792825,4308.23280416333,4253.306888350868,126330.0,5450308460.0,233262.0,-0.6132647545074961,14,uptrend_crowded_chase,0.8794159897726416,-0.007356638314835018,-0.04418527837698494,0.0,0.5,-0.03568807297756038,-0.396705061305902,-0.22831480616748756,0.01285732932692995,1.7588319795452831,0.33949054198899653,0.8794159897726416,0,1.0,1.0
2023-10-13,4270.738404190669,4259.456239986508,4275.260693987438,4243.511830305575,81227.0,3503385760.0,237180.0,-1.071571642323714,14,uptrend_crowded_chase,0.0,-0.002925471135659663,-0.047824907029484054,0.0,0.4166666666666667,0.04464936889004889,-0.012256948359579281,-2.160705835059314,0.007453736320569194,-0.9671089295303253,0.502204105340679,0.0,0,1.0,1.0
2023-10-16,4248.723559068108,4224.057437949054,4257.801059657275,4218.489245438024,101971.0,4361167640.0,244960.0,-0.8764064727754024,14,uptrend_crowded_chase,0.6523020049642982,-0.008310638739551068,-0.02403113266544299,0.0,0.2833333333333333,0.16408102802573765,0.6523020049642982,-0.9163451682793634,0.009306647647844982,-0.030352715466125096,0.1416417080110905,0.6523020049642982,0,1.0,1.0
2023-10-17,4229.501725715833,4214.837495478874,4248.995646214957,4213.88234144912,77269.0,3296073980.0,246067.0,-1.1583110163447936,14,uptrend_crowded_chase,0.7911172474026625,-0.0021827218511157875,-0.019326097929261765,0.0,0.25,0.13102476742943914,0.7911172474026625,-2.3324804978930604,0.008330879850884348,-0.8236617067184527,0.027202054495413058,0.7911172474026625,0,1.0,1.0
2023-10-18,4221.736337178408,4230.845070655454,4246.066478530099,4216.926718891675,79683.0,3428320400.0,241878.0,-1.1103772036379174,14,uptrend_crowded_chase,0.5900115959488225,0.003797910404315763,-0.0169087608048214,0.1,0.3,0.06152941256388189,0.4900115959488225,-2.0702711343231823,0.006887456087799885,-1.751438060485639,0.4776412687161101,0.5900115959488225,0,1.0,1.0
2023-10-19,4228.745551150869,4234.776376113302,4248.112827934092,4203.578477696817,83573.0,3585396420.0,239715.0,-1.0537302162866171,14,uptrend_crowded_chase,1.08263770956375,0.0009292009970101045,-0.008702655418668215,0.15,0.31666666666666665,0.02728843235573919,0.3658623251184813,-1.721909235979247,0.010516340482221422,1.1335507688905375,0.7005356146494895,1.08263770956375,0,1.0,1.0
2023-10-20,4229.65255095872,4215.02748328343,4256.834110768844,4209.341407077229,93736.0,4029887780.0,233451.0,-0.9124898846144164,14,uptrend_crowded_chase,0.5777404586681175,-0.004663503117016354,-0.010430617008338694,0.05,0.21666666666666667,-0.01584714155637812,-0.14508389985414122,-0.38447643960563155,0.011267471891931575,1.055480917336235,0.11972525807591337,0.5777404586681175,0,1.0,1.0
2023-10-23,4200.113086404926,4198.043457320529,4217.625342559606,4184.757653608282,81298.0,3444822680.0,234621.0,-1.0598500302745548,14,uptrend_crowded_chase,0.0,-0.004029398629133207,-0.006158529094517973,0.0,0.08333333333333333,-0.04312348562964807,-0.06411350698270202,-0.7271672117495284,0.007829287449135148,-0.656691139002944,0.4042208057865865,0.0,0,1.0,1.0
2023-10-24,4198.755256815336,4153.1055154203805,4202.7152334801,4148.16182265402,113610.0,4804378680.0,243898.0,-0.7639785745244397,14,uptrend_crowded_chase,2.963632292091614,-0.010704496596333768,-0.014646348791551689,0.0,0.0,-0.008853751467055915,1.0949421243777049,1.3983607126818942,0.013135570628659549,2.339019622745924,0.09062114891625951,2.963632292091614,0,1.0,1.0
2023-10-25,4161.280467411361,4180.445443020026,4201.756121576236,4157.059456142085,103369.0,4391049910.0,239786.0,-0.8414417483571818,14,uptrend_crowded_chase,1.061101167332635,0.006583008184630312,-0.011912425719625808,0.05,0.016666666666666666,-0.008686607903770849,0.1754990123305579,0.869270044528708,0.010691842781677756,0.8019342654754459,0.5232154714627194,1.061101167332635,0,1.0,1.0
2023-10-26,4175.699602763962,4169.444789007202,4176.176365290249,4155.65626157104,62662.0,2655405410.0,240885.0,-1.3465644378777164,14,uptrend_crowded_chase,0.21478038187943876,-0.0026314549879346005,-0.01542739953746064,0.05,0.016666666666666666,0.004868923476381681,0.16478038187943878,-1.9342265288518723,0.004921543456651753,-1.8377505919749042,0.6719521316675808,0.21478038187943876,0,1.0,1.0
2023-10-27,4166.060470586273,4167.133535698584,4175.971906522148,4147.669870911193,82610.0,3492362420.0,236536.0,-1.0519696776464544,14,uptrend_crowded_chase,0.05771509968708022,-0.0005543311940986451,-0.011362665551954643,0.05,0.016666666666666666,0.013128211240596599,-0.7695135925436603,0.01543019937416043,0.006791727543285939,-0.7658073359771382,0.6877125396541004,0.05771509968708022,0,1.0,1.0
2023-10-30,4147.11661222153,4167.6972771425935,4181.300599936849,4108.890022227086,115401.0,4866567450.0,238426.0,-0.7256459700995068,14,uptrend_crowded_chase,2.7636876458098136,0.00013528278831964613,-0.007228648413588501,0.1,0.03333333333333333,0.01608754336749918,-0.3509702803433991,2.293724435127035,0.01737424119234692,3.0336508564925926,0.8121362482594696,2.7636876458098136,0,1.0,1.0
2023-10-31,4152.878868472984,4170.061966455761,4190.947475133083,4146.999060773481,135995.0,5788430020.0,229011.0,-0.5211519169807657,14,uptrend_crowded_chase,2.0919253808762606,0.0005673850944347691,0.0040828365598757355,0.2,0.06666666666666667,-0.06298006777115539,-2.768190482978576,3.4403171282019653,0.010539031485173524,0.34353363355055583,0.5247721907227617,2.0919253808762606,0,1.0,1.0
2023-11-01,4171.877785854314,4138.391407710801,4195.67491113157,4135.586099543658,101686.0,4291804740.0,224620.0,-0.7925204517400309,14,uptrend_crowded_chase,0.867149958538485,-0.00759474535383875,-0.010059701982103597,0.0,0.0,-0.0653367733692427,-3.7658061845702733,0.719398950773725,0.014519847367736363,1.0149009663032451,0.04668603177546593,0.867149958538485,0,1.0,1.0
2023-11-02,4137.576317279443,4138.37991877276,4153.029568396092,4128.475656131998,65383.0,2740697080.0,228741.0,-1.2523280732840527,14,uptrend_crowded_chase,0.0,-2.7761844904050648e-06,-0.007450601172689808,0.0,0.0,-0.051729282062234816,-1.919388867038505,-1.6769113617817664,0.005933218492751484,-1.1903296900426548,0.40336800646001875,0.0,0,1.0,1.0
2023-11-03,4138.0066461786655,4148.919172291096,4166.585996495073,4131.634701294601,92451.0,3906205860.0,231579.0,-0.9182422935803264,14,uptrend_crowded_chase,0.1,0.0025467099988880637,-0.004370957458274427,0.1,0.03333333333333333,-0.021179348208255178,-0.5772682439525733,-0.21996143142166102,0.008424192843740517,-0.4472028717961613,0.49453019973525897,0.1,0,1.0,1.0
2023-11-06,4141.9193913818,4143.019185635935,4148.7261174688165,4106.442124870705,126861.0,5332652800.0,236479.0,-0.6227674101834533,14,uptrend_crowded_chase,0.849673954735049,-0.0014220538916652758,-0.005921277354284715,0.1,0.03333333333333333,-0.008199580583745814,0.12896231143390016,1.0847620945783867,0.010206081773580098,0.1566611920239109,0.8650332789733725,0.849673954735049,0,1.0,1.0
2023-11-07,4134.886603517115,4110.514614906495,4155.047104224602,4108.298992735028,120060.0,5071989650.0,239721.0,-0.6914841292910424,14,uptrend_crowded_chase,0.8898834312582251,-0.007845623993761652,-0.014279728221850974,0.0,0.0,0.04570570977964117,0.46208859411348463,0.6428910782240271,0.011372812377322497,0.21269859606545405,0.047394902186816815,0.8898834312582251,0,1.0,1.0
2023-11-08,4107.500349539773,4105.394842195752,4124.60410546264,4092.130486917571,103892.0,4340376780.0,244290.0,-0.8550041461190061,14,uptrend_crowded_chase,1.384407310583458,-0.0012455308374713647,-0.007973282917021485,0.0,0.0,0.08394595861225973,1.3603029066012466,0.04820880796442292,0.007909986686615723,-0.6008040265859204,0.40846557521059096,1.384407310583458,0,1.0,1.0
2023-11-09,4108.633783894153,4044.173897181886,4115.638201441194,4040.680132964071,171920.0,7128712130.0,265887.0,-0.4360421541591756,14,uptrend_crowded_chase,6.314984823342385,-0.014912315956708944,-0.022763985772193407,0.0,0.0,0.15048104737410206,4.009136588505677,1.8967952842294311,0.01853482822025925,2.7149011854439857,0.046609581714088834,6.314984823342385,0,1.0,1.0
2023-11-10,4036.046350182906,4035.198038346279,4059.494588879684,4028.3149271042303,113112.0,4631105070.0,261616.0,-0.8384993015026913,14,uptrend_crowded_chase,2.6244170404322045,-0.002219454223237327,-0.02740982150346849,0.0,0.0,0.12195671177961742,2.555146026517512,0.1385420278293849,0.0077269223168615845,-0.5905471036508414,0.22075644346686354,2.6244170404322045,0,1.0,1.0
2023-11-13,4045.178416164601,4052.645253992089,4066.464076209576,4040.439073804966,84539.0,3482967880.0,255067.0,-1.1043132893964656,14,uptrend_crowded_chase,1.5947918473186524,0.004323756970540105,-0.021813544083304603,0.1,0.03333333333333333,0.07566684668153734,1.4947918473186523,-1.8367344641863277,0.006421732170851575,-1.0433390897136423,0.46901744704394754,1.5947918473186524,0,1.0,1.0
2023-11-14,4066.691673856432,4099.621161662846,4102.354155958664,4059.1123186517593,145148.0,6032154180.0,236919.0,-0.4899643990395763,14,uptrend_crowded_chase,1.000248792611933,0.011591418623301264,-0.0026501434161416704,0.15,0.05,-0.011757436548919031,-0.08453929387703438,1.2444248943736018,0.010547764196183718,0.4560726908502642,0.9367974520504179,1.000248792611933,0,1.0,1.0
2023-11-15,4111.386854504094,4139.185483384596,4144.461992858065,4104.798644823302,142873.0,6010021990.0,232134.0,-0.4853586673677145,14,uptrend_crowded_chase,1.037981108875166,0.009650726289475609,0.008230789604337208,0.4,0.13333333333333333,-0.05104125301265405,-0.5087961327237112,1.1770733360910222,0.009582404121288659,0.09888888165930976,0.8669676228833714,1.037981108875166,0,1.0,1.0
2023-11-16,4138.69938890226,4164.133734841072,4182.092792182377,4126.520227728827,179109.0,7594452440.0,231959.0,-0.258566072850433,14,uptrend_crowded_chase,2.323067891976497,0.006027333531348544,0.029662383643487278,0.6,0.2,-0.13651077458260197,-0.6636243685064988,1.3695969440915834,0.01334552826403655,2.076538839861411,0.6768359078279301,2.323067891976497,0,1.0,1.0
2023-11-17,4155.496528167616,4151.538105818696,4180.564007114023,4144.167996902735,111280.0,4716453030.0,232681.0,-0.737618869166118,14,uptrend_crowded_chase,0.55,-0.0030247897460614626,0.028831315431570692,0.55,0.18333333333333332,-0.11720936301092522,-0.6054028889106009,-0.4174889547687795,0.008766873694421104,-0.4391789892398905,0.20249771535879332,0.55,0,1.0,1.0
2023-11-20,4170.55312452716,4134.028158544199,4178.530860514883,4125.087351694915,109227.0,4598176620.0,235417.0,-0.7679301242246077,14,uptrend_crowded_chase,0.8908596956540693,-0.004217701205718294,0.020081428166440984,0.3,0.1,-0.08016784602427585,-0.3234574003352605,-0.5337484921053948,0.012927707981260618,1.1817193913081387,0.1672945329881374,0.8908596956540693,0,1.0,1.0
2023-11-21,4140.871407756062,4140.308533870001,4146.527509562261,4108.296750589953,101298.0,4264552120.0,233540.0,-0.8352867009244572,14,uptrend_crowded_chase,0.5,0.001519190263090442,0.009924666353964273,0.5,0.16666666666666666,-0.014364941918250551,-0.5350245509929448,-0.5932661599090385,0.009233794694177766,-0.2495725365238442,0.8373305720463323,0.5,0,1.0,1.0
2023-11-22,4141.800672103427,4138.643017030802,4167.006511766839,4136.1544304767085,100092.0,4196752750.0,234986.0,-0.8534361748539696,14,uptrend_crowded_chase,0.45,-0.0004022687743133746,-0.00013105630466958562,0.45,0.15,0.012211146766949454,-0.19208567578713134,-0.44767730234199427,0.007454636982018545,-0.8288595456768821,0.08066186947620141,0.45,0,1.0,1.0
2023-11-23,4141.180826589669,4139.719196864566,4163.565912657954,4114.573305035891,119633.0,4994744780.0,234481.0,-0.6729458379594748,14,uptrend_crowded_chase,1.122032901459512,0.0002600320514078991,-0.005863053285784514,0.55,0.18333333333333332,0.010813929238770115,-0.17313621184021552,0.24341850457642042,0.011834765908559646,0.9006472983426036,0.5132588986210754,1.122032901459512,0,1.0,1.0
2023-11-24,4133.223112766342,4089.9798950585655,4134.557259287584,4083.3204504385394,126773.0,5319324300.0,226412.0,-0.5799582628823873,14,uptrend_crowded_chase,1.109915587185163,-0.0120151390566956,-0.014827808198087267,0.15,0.05,-0.02731206832334543,-2.697523102612445,0.7621160595587493,0.012527398707007854,1.1577151148115765,0.1299738365760894,1.109915587185163,0,1.0,1.0
2023-11-27,4095.072401927656,4138.632254669824,4150.226264022821,4090.267967966641,141900.0,5966569970.0,228060.0,-0.4744861680632153,14,uptrend_crowded_chase,1.7172462514807685,0.011895500921664581,0.0011137070065934118,0.5,0.16666666666666666,-0.03174965749152925,-2.4739568146902577,1.0248239690289815,0.014487466478454522,1.4096685339325556,0.8066321073878795,1.7172462514807685,0,1.0,1.0
2023-11-28,4131.138700510956,4105.778696105016,4134.667269970161,4099.186771738697,115492.0,4811759760.0,222748.0,-0.656839824141247,14,uptrend_crowded_chase,0.3,-0.00793826475588344,-0.008339918989735184,0.3,0.1,-0.047312281012604984,-4.419568584417,-0.29843384866740114,0.008641600256030208,-0.931113001640149,0.18579007327674735,0.3,0,1.0,1.0
2023-11-29,4090.209942125036,4001.9009259050654,4092.829153474806,3997.4992066693553,195284.0,7990697240.0,221945.0,-0.127974694146627,14,uptrend_crowded_chase,3.732588390691056,-0.025300382190227455,-0.03304032035694637,0.0,0.0,-0.057096334471456345,-3.119740883036713,3.0526123867955732,0.023821166133414687,4.412564394586539,0.0461735203177349,3.732588390691056,0,1.0,1.0
2023-11-30,3996.512982253617,3965.6839768427767,4006.918019774724,3960.214327993954,106864.0,4304116240.0,219370.0,-0.719202803954316,14,uptrend_crowded_chase,0.0,-0.009049936450912455,-0.04204034422276848,0.0,0.0,-0.066614759212003,-3.138086492846387,-0.5728188967052065,0.01177695753204028,-0.1037668274825647,0.1171138434729617,0.0,0,1.0,1.0
2023-12-01,3969.978533380844,3949.661094755305,3994.364778492025,3910.566153819072,154958.0,6141554200.0,223502.0,-0.3662662501005274,14,uptrend_crowded_chase,2.4420841052226523,-0.004040382990938229,-0.034307943780552796,0.0,0.0,-0.012935985898513636,-1.0834719546397387,2.4677637896994877,0.021216662053417143,2.4164044207458173,0.4665343982530933,2.4420841052226523,0,1.0,1.0
2023-12-04,3949.8879171212434,3889.997700988662,3955.500770902272,3886.690511988951,126520.0,5027960100.0,228794.0,-0.5924216369481218,14,uptrend_crowded_chase,1.0917217545463822,-0.015105952722340943,-0.06007650314922641,0.0,0.0,0.0032132831563576048,0.1811794332395895,0.40681467242472186,0.01768902302842813,1.4142699701888637,0.04806244086186184,1.0917217545463822,0,1.0,1.0
2023-12-05,3883.5830761585935,3850.130584728433,3887.456570554047,3839.064248882778,166451.0,6518953120.0,230808.0,-0.32688522426515,14,uptrend_crowded_chase,1.2433044468092733,-0.010248622062192125,-0.06226543861682221,0.0,0.0,0.035545108443326257,0.4839479350698208,1.4380404454443365,0.012569007883321581,0.08067257803456865,0.22867958104653455,1.2433044468092733,0,1.0,1.0
2023-12-06,3846.677402149121,3854.128542679499,3862.9501594328585,3831.904368751675,103219.0,3990597310.0,233051.0,-0.814404369105539,14,uptrend_crowded_chase,0.9840213443968533,0.0010383954162291875,-0.03692554762388234,0.05,0.016666666666666666,0.04882771030425026,0.9340213443968532,-0.973070035211752,0.008055203747719206,-1.0367964510581806,0.7158514388004832,0.9840213443968533,0,1.0,1.0
2023-12-07,3848.164265711439,3856.619708597771,3865.977690288713,3819.7089697211854,120299.0,4671025540.0,234933.0,-0.6693200567164984,14,uptrend_crowded_chase,1.3312499835559544,0.0006463629561612727,-0.027502006937989987,0.1,0.03333333333333333,0.06854056517303242,1.2312499835559543,-0.24461074209616696,0.0119972214176,-0.1271435817484686,0.7977471264353583,1.3312499835559544,0,1.0,1.0
2023-12-08,3857.329249472728,3872.2212383294063,3887.6532818829473,3846.496660662562,133483.0,5200823580.0,232636.0,-0.5555008713418035,14,uptrend_crowded_chase,1.1432114140916492,0.004045389722210357,-0.019606709175308712,0.15,0.05,0.04005463769015982,0.8681564810419405,0.2501098660994174,0.01062868536874753,-0.4429444857129787,0.6250410481728905,1.1432114140916492,0,1.0,1.0
2023-12-11,3857.891207472792,3831.071626472145,3858.4654383409033,3825.230984012981,120841.0,4687047990.0,241824.0,-0.6937345569485843,14,uptrend_crowded_chase,1.8377277266102081,-0.010626875202774944,-0.015148100087961636,0.0,0.0,0.055388153452739175,1.8377277266102081,-0.3336815677511094,0.008674975977550799,-0.8326075557086894,0.1757405854037714,1.8377277266102081,0,1.0,1.0
2023-12-12,3820.792524320704,3836.847710128201,3853.905801277728,3798.006247062591,161321.0,6239328790.0,242590.0,-0.4079766066995968,14,uptrend_crowded_chase,2.6016345134556014,0.0015076939872760153,-0.00344998028194643,0.05,0.016666666666666666,0.0497865794666712,1.4649662053916843,1.6130620543397085,0.014569135508708954,0.5602745617881246,0.6948438786492523,2.6016345134556014,0,1.0,1.0
2023-12-13,3826.7580766496376,3813.4968106857336,3843.0063414854953,3811.8770300401343,119670.0,4611625840.0,245037.0,-0.7166712649650314,14,uptrend_crowded_chase,1.511211320672518,-0.006085959414241948,-0.010542391501430548,0.0,0.0,0.05015190581621809,1.511211320672518,-0.2993096282936309,0.008162931029110644,-0.9429760984991199,0.0520339374817984,1.511211320672518,0,1.0,1.0
2023-12-14,3804.870042758755,3779.9724264122174,3807.961753761792,3764.462284166205,116266.0,4409028300.0,251944.0,-0.7733261711888629,14,uptrend_crowded_chase,1.9201691785815949,-0.00879098264343059,-0.019874213165140375,0.0,0.0,0.06990647348355594,1.9201691785815949,-0.3733512856587795,0.011507880134690503,-0.08678869121679894,0.35655934176231846,1.9201691785815949,0,1.0,1.0
2023-12-15,3778.0429704706994,3760.898215340885,3801.510583478675,3753.500155106449,131503.0,4928170780.0,258929.0,-0.6775242277987567,14,uptrend_crowded_chase,2.883328281614342,-0.005046124394467277,-0.028749138062304835,0.0,0.0,0.10707889259495396,2.466559463147808,0.6016649717624152,0.012765681393979067,0.23187266517065355,0.15409277703333477,2.883328281614342,0,1.0,1.0
2023-12-18,3718.098085985223,3655.4563429833256,3723.0968914228088,3653.109451106145,247088.0,9028194760.0,267185.0,-0.0781967538815135,14,uptrend_crowded_chase,8.023291581817588,-0.028036353636867184,-0.045839728569767146,0.0,0.0,0.09973111352385011,2.965960376248667,7.583567482851891,0.019146020017720918,2.5310949282859525,0.03353304345125069,8.023291581817588,0,1.0,1.0
2023-12-19,3657.285016072829,3664.607791766549,3684.707855367691,3656.068878727977,146377.0,5342811290.0,264895.0,-0.5931480356927246,14,uptrend_crowded_chase,2.329475351661978,0.0025035037829925777,-0.044890996821945084,0.05,0.016666666666666666,0.0879607455077398,1.5495995993395164,1.4597515046449232,0.007815018213970612,-1.3479827091235799,0.29815705868242937,2.329475351661978,0,1.0,1.0
2023-12-20,3670.333636851372,3663.052346151832,3683.75893963168,3659.054228136006,112242.0,4080806560.0,267374.0,-0.867991172735302,14,uptrend_crowded_chase,1.56358596170621,-0.0004244507742988679,-0.03945052847883446,0.05,0.016666666666666666,0.08723920777966754,1.51358596170621,-1.1340909361883769,0.00674429660324871,-1.1008404116927855,0.1618362560731055,1.56358596170621,0,1.0,1.0
2023-12-21,3669.5730400577854,3700.761791507234,3712.459839310847,3653.667630653276,156775.0,5705018580.0,256901.0,-0.4938791402443778,14,uptrend_crowded_chase,2.291446863177556,0.01029454176242317,-0.02095534728018278,0.15,0.05,0.01948395607927722,0.4630447570512193,2.1301339892417253,0.015886515255451403,1.2266702230109485,0.8010272437331453,2.291446863177556,0,1.0,1.0
2023-12-22,3705.4135007235327,3691.612188916121,3714.4075668265937,3684.3183344966815,132275.0,4847939410.0,256643.0,-0.6628029253458168,14,uptrend_crowded_chase,0.28399517241148875,-0.002472356532676745,-0.018422733734761332,0.15,0.05,-0.008867878708548105,0.13399517241148873,-0.009397081262976606,0.008150702400499596,-0.6390659535533172,0.24240746122952675,0.28399517241148875,0,1.0,1.0
2023-12-25,3686.8601042953424,3715.132234290296,3722.570127296723,3647.405887917689,162672.0,5956930800.0,260651.0,-0.4714464442363901,14,uptrend_crowded_chase,2.531234762372435,0.006371212405461346,0.016325154975935785,0.25,0.08333333333333333,-0.024758954592963178,0.28529080579591326,1.2287572158811586,0.020231914946465583,2.7631306972718845,0.9010447911417048,2.531234762372435,0,1.0,1.0
2023-12-26,3715.572127308859,3709.0196189825465,3730.319677876543,3702.22744754781,117329.0,4314147700.0,260513.0,-0.7976708095491579,14,uptrend_crowded_chase,0.5199330981213881,-0.0016453291356174349,0.012119121537584432,0.25,0.08333333333333333,-0.016680757073734398,0.26993309812138816,-0.770351973482143,0.007574031203544738,-0.7732563354186367,0.24178113860149802,0.5199330981213881,0,1.0,1.0
2023-12-27,3715.233133600951,3714.22934480365,3730.366075317551,3709.859710313044,112744.0,4151734340.0,249223.0,-0.7932283161102391,14,uptrend_crowded_chase,0.3,0.0014046099390900846,0.013971134948584929,0.3,0.1,-0.0703003493306742,-1.7585135698091063,-0.8704776054515251,0.00552102821361743,-1.1210337986205332,0.213086741099427,0.3,0,1.0,1.0
2023-12-28,3709.634895971039,3712.737653627568,3746.008887713803,3701.157985722712,119393.0,4405658670.0,240354.0,-0.6996922638237499,14,uptrend_crowded_chase,0.5521462454925676,-0.0004016152578647514,0.003236053222289703,0.3,0.1,-0.06657796007547034,-3.3030482186826275,-0.47460626337247036,0.012080277729095321,0.5042924909851354,0.25818138299996746,0.5521462454925676,0,1.0,1.0
2023-12-29,3716.830661140615,3702.028733730172,3717.116875161071,3682.489694163351,156299.0,5725848330.0,220577.0,-0.344476000823452,14,uptrend_crowded_chase,0.6683114269035166,-0.002884372906588939,0.002821679060797999,0.25,0.08333333333333333,-0.15143917385825034,-6.963104046855021,0.8366228538070334,0.009353568945109123,-0.1706945403508676,0.5642688490324235,0.6683114269035166,0,1.0,1.0
2024-01-02,3683.561909468453,3638.530528198282,3714.873828095452,3635.321549415212,139699.0,5103015250.0,238206.0,-0.5336457374796792,14,uptrend_crowded_chase,1.6966999257116786,-0.017152272469778795,-0.020618837032229442,0.0,0.0,-0.09004650224835409,-1.9906478988719234,0.017252068827021082,0.021863848073753224,3.376147782596336,0.040337986998065935,1.6966999257116786,0,1.0,1.0
2024-01-03,3636.836272356177,3610.217320335153,3643.8267374684337,3600.265688885248,129716.0,4668640990.0,243829.0,-0.6311197146144863,14,uptrend_crowded_chase,0.4266510340389304,-0.007781495206293898,-0.026638386635036704,0.0,0.0,-0.06618560404679918,-1.1440599721030285,-0.22389464877506274,0.012066046090306218,0.8533020680778608,0.22845252292081789,0.4266510340389304,0,1.0,1.0
2024-01-04,3614.663929565632,3616.153221231767,3629.727915556048,3606.096253256023,86897.0,3124099720.0,246800.0,-1.0438547827953852,14,uptrend_crowded_chase,0.05,0.0016441948974037501,-0.026405510933000143,0.05,0.016666666666666666,-0.009769785968217093,-0.49415176078562056,-2.1282182479059384,0.00653502793003213,-0.7930534742643303,0.4255717540332892,0.05,0,1.0,1.0
2024-01-05,3619.2203465108178,3560.376879365944,3621.2506350761264,3556.096370463079,147156.0,5217660490.0,242502.0,-0.4995167091983191,14,uptrend_crowded_chase,1.0020320650355226,-0.015424219731160593,-0.041037312214278865,0.0,0.0,0.008897121168217836,-0.4361237777571698,0.603515395214723,0.018299822412241516,1.400548734856322,0.06569806179667988,1.0020320650355226,0,1.0,1.0
2024-01-08,3540.0114391328234,3496.2910437207843,3542.917257771783,3485.304877812144,159654.0,5568623610.0,254570.0,-0.4665668736331017,14,uptrend_crowded_chase,2.1252359703884083,-0.017999733684534225,-0.0555743093333817,0.0,0.0,0.14332900700965645,1.0037594007725157,1.1785502967314638,0.016478141905007935,1.0644028425003216,0.19069106182276963,2.1252359703884083,0,1.0,1.0
2024-01-09,3493.699751051385,3503.40087926599,3523.7224579061426,3487.898043986221,127394.0,4421226320.0,248389.0,-0.6677114193972944,14,uptrend_crowded_chase,0.3878995216833504,0.0020335365266501704,-0.03713852278689134,0.05,0.016666666666666666,0.04186022014409474,0.3378995216833504,-0.259336839300249,0.010225610814891137,-0.2483059239640044,0.4327449798459394,0.3878995216833504,0,1.0,1.0
2024-01-10,3503.5881484139327,3453.51853052312,3514.191072536681,3442.5733884717847,183688.0,6316513180.0,234478.0,-0.2441231006644265,14,uptrend_crowded_chase,1.8724831513247064,-0.014238264606852957,-0.043404254067864856,0.0,0.0,-0.03910539307801919,-1.6812720678203532,2.1636687487398394,0.020737599474831288,1.5812975539095735,0.1528273665121195,1.8724831513247064,0,1.0,1.0
2024-01-11,3440.3079660951616,3485.0770643467463,3492.71504991224,3430.727518070316,191255.0,6535230960.0,231962.0,-0.1929659489915544,14,uptrend_crowded_chase,1.3169941315522118,0.009138081508671236,-0.03624740127587078,0.05,0.016666666666666666,-0.06200472688392722,-1.519932399407312,1.758851995778913,0.017786559865798305,0.7751362673255103,0.8767819053520076,1.3169941315522118,0,1.0,1.0
2024-01-12,3470.6925899451994,3468.042499251254,3499.815856853512,3429.370888296836,154868.0,5318962300.0,237063.0,-0.4257527874075799,14,uptrend_crowded_chase,0.7843364917764601,-0.004887858942851042,-0.025933878137960997,0.05,0.016666666666666666,-0.0226840291708843,-0.4875827127593973,0.46065689988564684,0.020312602447024514,1.0080160836672736,0.548962001783068,0.7843364917764601,0,1.0,1.0
2024-01-15,3472.471002217764,3465.951751562513,3492.658670614508,3461.6214451928963,110882.0,3791138390.0,245438.0,-0.7945777967177046,14,uptrend_crowded_chase,0.6023631774104518,-0.0006028610344862573,-0.008677564819084327,0.05,0.016666666666666666,-0.03653147777275656,0.5523631774104517,-1.8158739410512974,0.008954892521980328,-1.3232069798608364,0.13951976411529995,0.6023631774104518,0,1.0,1.0
2024-01-16,3480.770604850411,3483.9624862717023,3486.6142457883384,3447.8240861020568,112529.0,3835556950.0,243111.0,-0.7703071629638869,14,uptrend_crowded_chase,0.15,0.005196475888930019,-0.00554843526737947,0.15,0.05,-0.021477936497779737,-0.007103535677913783,-1.447926356921129,0.011133920023287107,-0.9706152244647257,0.9316383449286532,0.15,0,1.0,1.0
2024-01-17,3487.6939433411985,3444.355839543144,3511.8169930078543,3438.584588837044,182182.0,6225897690.0,258462.0,-0.3497424937985257,14,uptrend_crowded_chase,3.5170781758441185,-0.011368275888338442,-0.0026531466094631417,0.0,0.0,0.0973869143542565,2.39988164193589,1.0666418311288424,0.02126156749835804,1.1677512366876146,0.07880733633486879,3.5170781758441185,0,1.0,1.0
2024-01-18,3422.088923623336,3393.6086788222287,3427.3049727433463,3376.188391415803,224660.0,7539654650.0,273839.0,-0.1979521942343835,14,uptrend_crowded_chase,4.0005885427271775,-0.014733425663605804,-0.02624572823948801,0.0,0.0,0.16596677730050047,3.3026130765204553,1.395950932413444,0.015062603312672949,-0.3609882714533373,0.3407952361837462,4.0005885427271775,0,1.0,1.0
2024-01-19,3392.2591723285973,3354.4143631114807,3405.342995830122,3353.01973016438,191017.0,6352616810.0,303444.0,-0.462834650149954,14,uptrend_crowded_chase,4.502236696847537,-0.011549450576119669,-0.03276434362159786,0.0,0.0,0.24687115087612987,4.128624456983157,0.7472244797287597,0.01559833103540866,-0.30496859197894066,0.026654164822400468,4.502236696847537,0,1.0,1.0
2024-01-22,3350.789960027676,3329.1231820297508,3379.556693883586,3323.387404212897,239859.0,7905287690.0,313674.0,-0.2683029793313675,14,uptrend_crowded_chase,4.807570926364688,-0.00753967111513032,-0.03947792102734193,0.0,0.0,0.24530986051294867,3.735788896657003,2.018213425824384,0.016872097125719125,0.12535063359098672,0.10211590444674983,4.807570926364688,0,1.0,1.0
2024-01-23,3335.5888320673125,3364.3418828880776,3374.4140443469187,3315.677123121436,247202.0,8154200740.0,312180.0,-0.2333741283645736,14,uptrend_crowded_chase,3.99113529756355,0.010578971979298801,-0.034334641619989004,0.1,0.03333333333333333,0.2500618153631109,3.2490683047828304,1.0917729668063323,0.017458665994747408,0.19236101875510667,0.8285207796272558,3.99113529756355,0,1.0,1.0
2024-01-24,3361.0894502295228,3363.736902145963,3384.626481416188,3345.526454053326,190833.0,6323493930.0,320835.0,-0.5195282722516628,14,uptrend_crowded_chase,2.255775208474957,-0.00017982142219008512,-0.023406100052622447,0.1,0.03333333333333333,0.21617829107712616,2.1220553810000635,0.06743965494978682,0.011623985020325989,-1.4238557623169201,0.4657400344925018,2.255775208474957,0,1.0,1.0
2024-01-25,3369.4244952651547,3342.607721321081,3383.0555638600013,3336.530520593449,202746.0,6687914550.0,339631.0,-0.5159057700634971,14,uptrend_crowded_chase,1.493386213108911,-0.006281460601571531,-0.01502853225812939,0.05,0.016666666666666666,0.21531939168663605,1.3344686909236905,0.217835044370441,0.013918786512036246,-0.5551546573304718,0.13062214027001026,1.493386213108911,0,1.0,1.0
2024-01-26,3329.483053120955,3355.644999818527,3374.299328156512,3306.9355938998897,212804.0,6988207600.0,330628.0,-0.4406223220120961,14,uptrend_crowded_chase,1.7508220350079045,0.00390033159269243,0.00036687080778685655,0.15,0.05,0.08579679682395103,0.855679415812448,0.39340439817337475,0.02007474993936044,1.0968808402175383,0.7230805485497431,1.7508220350079045,0,1.0,1.0
2024-01-29,3377.3190250578104,3390.238792311802,3411.075987352288,3359.653040407042,253015.0,8444111450.0,312531.0,-0.2112548887488878,14,uptrend_crowded_chase,1.2261192649498602,0.01030913356303964,0.01835786990759214,0.3,0.1,-0.0036505657711476402,0.12147384767348501,1.6092908345527506,0.015167942465250488,-0.037575803962861636,0.5947880026659526,1.2261192649498602,0,1.0,1.0
2024-01-30,3389.466301756808,3337.632504005277,3393.257414827738,3334.8174024379987,238943.0,7901522570.0,318330.0,-0.2868635507900981,14,uptrend_crowded_chase,1.1877712281760404,-0.015516986126706711,-0.007938960965486741,0.05,0.016666666666666666,0.019508636023340742,0.2978998264463674,0.8750503077252479,0.017509420920250908,0.8046924957340977,0.04817079004885053,1.1877712281760404,0,1.0,1.0
2024-01-31,3361.482082882723,3380.1790015035995,3391.339779837812,3349.112288424518,206277.0,6851855750.0,300612.0,-0.3766004709439142,14,uptrend_crowded_chase,0.35,0.012747508135561691,0.004888045598080648,0.35,0.11666666666666667,-0.06510657560376565,-0.9853792903595449,-0.3650372731710147,0.012492679054721676,-2.021337211637003,0.7356987601991726,0.35,0,1.0,1.0
2024-02-01,3384.0268392411426,3442.91639519916,3452.707219762423,3383.430624193973,277251.0,9372935070.0,278118.0,-0.0031222509874533,14,uptrend_crowded_chase,2.27989483154155,0.018560376142107593,0.030009107332054752,0.5,0.16666666666666666,-0.19981425006999665,-2.867976124099094,1.7665606613616238,0.02012148644243873,1.7932290017214758,0.8586705295933752,2.27989483154155,0,1.0,1.0
2024-02-02,3441.9659969476606,3418.9399031300686,3470.436029299394,3411.2067719432453,243972.0,8224846180.0,271911.0,-0.1084213422600336,14,uptrend_crowded_chase,0.9724404668906299,-0.00696400647501183,0.018862216746695415,0.5,0.16666666666666666,-0.19551906942528596,-3.414315348296846,0.5358803522798792,0.0173238661790819,0.40900058150138074,0.130562690332645,0.9724404668906299,0,1.0,1.0
2024-02-05,3417.365469743736,3414.174536341576,3434.830484609763,3403.163257581272,162644.0,5438981340.0,276928.0,-0.5321937813889909,14,uptrend_crowded_chase,0.5,-0.0013938141422520367,0.007060194132653574,0.5,0.16666666666666666,-0.12094611965404312,-2.543773060441753,-3.0130001314052564,0.00927522207532597,-2.150636263897971,0.34771843933153374,0.5,0,1.0,1.0
2024-02-06,3414.03859059192,3436.752852721015,3440.6408154709634,3410.5751030068627,123328.0,4127820570.0,271057.0,-0.787481658074425,14,uptrend_crowded_chase,0.6,0.006613111350667111,0.029697801839114968,0.6,0.2,-0.16075944968728173,-2.0100418363939703,-4.106110455633354,0.008748290538348266,-1.6634164058403493,0.8706844963481062,0.6,0,1.0,1.0
2024-02-07,3438.749635023008,3430.921164296587,3450.960715539704,3408.9744595147195,109256.0,3658232330.0,253578.0,-0.8419777156352366,14,uptrend_crowded_chase,0.6,-0.0016968599938197437,0.015011679195218841,0.6,0.2,-0.17014892867040565,-1.4787889128215437,-3.0961041705533563,0.012237604425863427,-0.5284957247019266,0.5227116408952467,0.6,0,1.0,1.0
2024-02-08,3430.391637401924,3472.969350324008,3476.8631985317384,3429.0821231966584,105327.0,3543553310.0,234717.0,-0.801310736598049,14,uptrend_crowded_chase,0.9,0.012255654972486596,0.00872892387591917,0.9,0.31666666666666665,-0.1696649509375483,-1.9760088859062725,-2.7213267999966764,0.013757989350128388,-0.18436367031402848,0.9185064760383955,0.9,0,1.0,1.0
2024-02-19,3435.623061068605,3391.2833515362904,3444.4525248594723,3377.9562966665508,197298.0,6592793300.0,255453.0,-0.2583231635593055,14,uptrend_crowded_chase,1.0374484763449092,-0.023520506675389075,-0.008089218406108434,0.45,0.15,-0.062436367181064156,-0.6569583315716613,-0.18341295398174562,0.019607983556666823,1.1748969526898185,0.20041820764742704,1.0374484763449092,0,1.0,1.0
2024-02-20,3392.353430256863,3406.533057659911,3414.9828924424783,3377.8141074557684,195849.0,6577977250.0,280767.0,-0.3601811897275827,14,uptrend_crowded_chase,0.7553100777976599,0.00449673605619294,-0.002238162870798477,0.55,0.18333333333333332,0.013767599275539055,0.2053100777976599,-0.09043473058126283,0.010911030175718487,-0.8111067351677991,0.7726631423225486,0.7553100777976599,0,1.0,1.0
2024-02-21,3408.979893560404,3418.83167895043,3421.550189309039,3394.197910164107,166750.0,5602460340.0,288728.0,-0.548989383661438,14,uptrend_crowded_chase,1.3762524051208032,0.0036103044010873386,-0.005214565765587764,0.65,0.21666666666666667,0.06315593759084415,0.7262524051208031,-0.5397442451140979,0.008000475517218008,-0.8589446325755896,0.9006111942553574,1.3762524051208032,0,1.0,1.0
2024-02-22,3415.022788078485,3449.182193226193,3451.0716532161346,3394.5342074406435,226753.0,7634881060.0,294753.0,-0.2622763981450183,14,uptrend_crowded_chase,3.0166297807551903,0.008877452043816403,0.005322485727633941,0.95,0.31666666666666665,0.15046624947137133,1.3077261510867952,0.7079463344560134,0.01639155098461434,0.8098609248807764,0.966580379356988,3.0166297807551903,0,1.0,1.0
2024-02-23,3445.5620594555257,3510.247992512436,3518.5405878475144,3441.007881156625,318454.0,11077819360.0,302368.0,0.051833218979849,14,uptrend_crowded_chase,4.268175535849451,0.017704428431229324,0.010733939297492112,1.0,0.4666666666666667,0.2532642854733176,1.7741073609325484,1.4500334020360564,0.022087529672054854,1.5381029477977493,0.8930439076744804,4.268175535849451,1,0.0,0.0
2024-02-26,3508.0966133751576,3500.9940452858777,3540.6953312840983,3493.1868627508115,265298.0,9285819400.0,306144.0,-0.1432018570159854,14,uptrend_crowded_chase,2.6959624391131847,-0.0026362659408388778,0.03235078947322023,0.95,0.45,0.1810171398067002,1.2062358774822752,0.9826297911517717,0.01356999409846394,0.09682333211004783,0.1643324395859258,2.6959624391131847,0,1.0,1.0
2024-02-27,3501.162266461284,3518.130181172883,3526.059152025024,3500.383780192725,158908.0,5552382250.0,312188.0,-0.675280152038204,14,uptrend_crowded_chase,2.116386985961187,0.004894648681302183,0.03275973596147419,1.0,0.5,0.10608042656523331,1.116386985961187,-0.2848399448800405,0.007298016420682636,-1.062640238721844,0.6911837965218258,2.116386985961187,0,1.0,1.0
2024-02-28,3520.023070584123,3542.040421644868,3547.9621836426463,3510.08010404366,186457.0,6510909540.0,309265.0,-0.5059978650450816,14,uptrend_crowded_chase,1.8753382021652028,0.006796292132661641,0.036038259342519696,1.0,0.5166666666666667,0.0687134460853649,0.8406942758902326,0.06928785254994048,0.010694987941835663,-0.38983960711516,0.8436790677685774,1.8753382021652028,0,1.0,1.0
2024-02-29,3546.979102054544,3547.628344580401,3576.354813798646,3525.347329447489,286229.0,10055657940.0,304672.0,-0.0624435983714021,14,uptrend_crowded_chase,2.4903671009213397,0.0015775999904987792,0.028541882057592005,1.0,0.5333333333333333,0.033098070620550146,0.5493574781225739,1.53294044467944,0.014377910930010335,0.3490788009180916,0.43681854567695044,2.4903671009213397,0,1.0,1.0
2024-03-01,3563.4976412915826,3570.4403267525427,3586.2086666820755,3555.6603765754494,179962.0,6419684310.0,310449.0,-0.5452739191830852,14,uptrend_crowded_chase,1.768167646357552,0.00643020631149005,0.017147601641963828,1.0,0.5666666666666667,0.026374818074883066,0.7681676463575521,-0.3156980638992557,0.008555888717067858,-1.204260451327383,0.48382250284729966,1.768167646357552,0,1.0,1.0
2024-03-04,3572.7388762387345,3575.87537577436,3583.4138076747013,3559.5093916616647,151957.0,5411566800.0,312355.0,-0.7205427754079755,14,uptrend_crowded_chase,1.7629550279404784,0.0015222349414703018,0.021388591217203157,1.0,0.5833333333333334,0.020084781999390344,0.7629550279404784,-1.1298304382496556,0.0066849130635208516,-0.9564476134595213,0.6846427080155265,1.7629550279404784,0,1.0,1.0
2024-03-05,3571.0598164316098,3594.0778968809022,3613.9534731987887,3570.220806549617,182877.0,6526460730.0,310282.0,-0.5286677656803204,14,uptrend_crowded_chase,1.7032323377604806,0.0050903678662461704,0.021587522859287667,1.0,0.6,-0.0061240090503957845,0.5572701946084876,-0.16678825454568538,0.012167979633141745,0.29192428630398626,0.5455210523215847,1.7032323377604806,0,1.0,1.0
2024-03-06,3603.160769042465,3633.504087592668,3634.5917323514,3594.122309371716,170774.0,6106194150.0,307149.0,-0.5869919269236588,14,uptrend_crowded_chase,1.0,0.010969765220164351,0.02582231004165836,1.0,0.65,-0.006865542676138148,-0.0993104571382704,-0.30555590962738244,0.011137849856251757,-0.06211066374704272,0.9731242830104585,1.0,0,1.0,1.0
2024-03-07,3640.7511132103127,3626.2310161969913,3662.115902671126,3618.907870674109,215336.0,7768383910.0,312095.0,-0.3711080297034149,14,uptrend_crowded_chase,2.1815150649710495,-0.002001668697858894,0.022156399707615737,0.95,0.65,0.024071840538875122,0.9007084784766693,0.6007919954381419,0.0119154107402489,0.06082117755061887,0.16948574569163355,2.1815150649710495,0,1.0,1.0
2024-03-08,3627.5588603821466,3668.999000740435,3672.5654254698266,3614.717628961912,226978.0,8193810410.0,305226.0,-0.296199389336,14,uptrend_crowded_chase,2.0422944996735595,0.011794059548996039,0.027604066996838705,1.0,0.75,-0.01696715085394196,-1.2416477871325726,0.9160263958143988,0.0157666427535795,1.1685626035327203,0.938348131740788,2.0422944996735595,0,1.0,1.0
2024-03-11,3669.7427256239407,3595.868412379974,3670.621814585551,3593.137281942105,286109.0,10293957790.0,312537.0,-0.0883500050741112,14,uptrend_crowded_chase,3.9487480441338736,-0.01993202733107924,0.005591088755794393,0.85,0.6166666666666667,0.0005825006725839188,0.745852924285429,1.943806636252459,0.02154821137967112,2.76198360344443,0.03524742738575553,3.9487480441338736,0,1.0,1.0
2024-03-12,3598.3415995753903,3636.740944163224,3643.759834849364,3597.156232614353,208239.0,7527172420.0,308972.0,-0.3945641993818214,14,uptrend_crowded_chase,1.3659748828807403,0.01136652599481458,0.011870373571854609,0.95,0.7,-0.00423090348755828,-0.4957508658470447,0.5335088618928568,0.012814660969956397,0.2984409038686239,0.8493916703960925,1.3659748828807403,0,1.0,1.0
2024-03-13,3637.9151027530047,3644.726567327032,3672.4802880511634,3614.8866410481023,248254.0,9031744260.0,304276.0,-0.2034827686709194,14,uptrend_crowded_chase,2.3099448119300146,0.0021958185326960145,0.0030886107360346138,0.95,0.7333333333333333,-0.009397787610479824,-1.5318016349697399,1.3425970614484384,0.015801911594509284,1.3772925624115904,0.5181114208194506,2.3099448119300146,0,1.0,1.0
2024-03-14,3640.972454363714,3605.270746076538,3642.239986235375,3585.697434124481,220307.0,7911249350.0,302985.0,-0.3186612711775021,14,uptrend_crowded_chase,1.2500675643478822,-0.01082545439874516,-0.00578018058607721,0.75,0.6333333333333333,-0.02962432930869241,-1.7402887086207848,0.16596278249442056,0.015683302612550517,0.8341723462013437,0.3461695877057188,1.2500675643478822,0,1.0,1.0
2024-03-15,3596.147163044589,3617.68312742208,3634.0549490812377,3571.5682892079653,232766.0,8275031680.0,301910.0,-0.2600953026338116,14,uptrend_crowded_chase,1.4573922031366442,0.003442843053895306,-0.013986341590171869,0.75,0.6833333333333333,-0.010923526106090264,-2.0255643262405867,0.41748981055866885,0.0172725630389303,0.9972945957146195,0.737994930560201,1.4573922031366442,0,1.0,1.0
2024-03-18,3603.823945417568,3557.411574325477,3604.5889490257823,3548.2156101394444,292103.0,10408826950.0,322265.0,-0.0982677086511117,14,uptrend_crowded_chase,4.094545179488858,-0.01666026320540459,-0.010694728962299171,0.45,0.55,0.03065132627965994,2.39690302739839,2.007053164156453,0.015846729485335675,0.4882311400244827,0.16312612251997083,4.094545179488858,0,1.0,1.0
2024-03-19,3545.5186864335874,3558.899356176866,3569.68144357502,3534.044326823554,170803.0,6039571110.0,333632.0,-0.6695277435426132,14,uptrend_crowded_chase,4.689911733741408,0.00041822033248184454,-0.021404215802417692,0.45,0.5666666666666667,0.0767879312404034,4.239911733741407,-2.0678160187416132,0.01001352193048494,-1.7283110732586728,0.6974478189874842,4.689911733741408,0,1.0,1.0
2024-03-20,3548.505985732311,3582.19032323748,3586.391244549958,3537.952359311372,198055.0,6996864340.0,348691.0,-0.5656413732973155,14,uptrend_crowded_chase,6.639263138437397,0.006544429816535802,-0.01715800703683934,0.55,0.6333333333333333,0.13625095894060735,6.089263138437397,-0.9316743483602272,0.0135221417255151,-0.6665867047405906,0.9132737821734186,6.639263138437397,0,1.0,1.0
2024-03-21,3588.7484233581263,3608.796935692101,3623.0116303344607,3586.8866712403883,215116.0,7755117720.0,357079.0,-0.5067796282995836,14,uptrend_crowded_chase,4.892784496716181,0.007427470361366817,0.0009780651340542956,0.7,0.7,0.16427374648088922,4.192784496716181,-0.29747921547876693,0.010010249880447854,-2.055517180515932,0.6065131975556497,4.892784496716181,0,1.0,1.0
2024-03-22,3610.551025436423,3583.655938009742,3624.770558216264,3580.988167601793,185258.0,6652741500.0,361089.0,-0.6673750172146067,14,uptrend_crowded_chase,4.239443763338164,-0.0069665869624603305,-0.009405795978761011,0.5,0.65,0.17899550562858657,3.739443763338164,-1.4443200058365482,0.012217241658189515,-1.2616887354463284,0.060932497529431855,4.239443763338164,0,1.0,1.0
2024-03-25,3539.5396614006763,3496.349770208596,3556.334430167459,3488.811024495357,343732.0,12009127400.0,375558.0,-0.0885506360220076,14,uptrend_crowded_chase,4.483752399548863,-0.024362318624157053,-0.01716467235828878,0.0,0.45,0.15303873154801195,2.3588404065182034,2.727505090191835,0.019312543112090706,1.522318895869485,0.11164640820766451,4.483752399548863,0,1.0,1.0
2024-03-26,3499.5185711968984,3520.4832059884934,3524.6297785822967,3484.0440120993,256319.0,8933529540.0,380463.0,-0.3949661696014168,14,uptrend_crowded_chase,1.8917770047199065,0.006902466104945049,-0.010794390721304725,0.1,0.5333333333333333,0.13135034295487635,1.304144632970175,0.9752647434994632,0.011528464732897667,-0.9936683883267265,0.8978318520720691,1.8917770047199065,0,1.0,1.0
2024-03-27,3519.7259196207583,3528.9856458829377,3534.2712495240767,3507.3834108141373,175673.0,6071357550.0,382190.0,-0.7772935547977186,14,uptrend_crowded_chase,1.1013623440475946,0.002415134342916625,-0.014852554597505896,0.1,0.55,0.09173172395547802,1.0013623440475945,-1.3281907714132575,0.007619140854627127,-1.8635258606141791,0.8034202860944296,1.1013623440475946,0,1.0,1.0
2024-03-28,3535.575339708891,3500.9927779814225,3539.655672792185,3492.1357155687847,193458.0,6746456660.0,384657.0,-0.6872915934549181,14,uptrend_crowded_chase,0.9785317258604127,-0.00793227026416865,-0.029872602873401544,0.05,0.4666666666666667,0.07439498228714925,0.8455022572412616,-0.49044011696909573,0.013573280562663497,0.16605893723830215,0.18638616131321462,0.9785317258604127,0,1.0,1.0
2024-03-29,3504.887851170612,3461.00031154172,3519.144795853744,3457.8227543915714,291869.0,9967130380.0,388391.0,-0.2857074926943666,14,uptrend_crowded_chase,2.282999504485444,-0.011423178788378174,-0.034226395778424346,0.0,0.35,0.07288809881740121,0.8804887990920109,1.6607356226981553,0.017718010962806476,1.144285788088711,0.051817536963582184,2.282999504485444,0,1.0,1.0
2024-04-01,3438.9922719022416,3432.8528346809417,3450.6900375795685,3410.487662112388,291822.0,9840665970.0,404049.0,-0.3253921303829296,14,uptrend_crowded_chase,2.216287019805365,-0.008132757679018998,-0.018160922018927828,0.0,0.26666666666666666,0.0731232377397717,1.5500768657410635,1.3324203081286028,0.011711068724248694,-0.27345472141752325,0.5563147030157855,2.216287019805365,0,1.0,1.0
2024-04-02,3432.730419028724,3416.446582878758,3446.865540592099,3414.708903008818,211530.0,7221626410.0,429338.0,-0.7078776551032745,14,uptrend_crowded_chase,2.403966088876949,-0.004779188794939548,-0.029551802131242866,0.0,0.21666666666666667,0.1208555554018158,2.3568197516964178,0.09429267436106263,0.009412305096304207,-0.9670314680205998,0.0540379840846041,2.403966088876949,0,1.0,1.0
2024-04-03,3414.744227592792,3415.136935643485,3429.166002840024,3396.483592120664,284991.0,9540186600.0,441587.0,-0.4379174553011133,14,uptrend_crowded_chase,3.3172666532336637,-0.0003833360784378792,-0.032261029560228915,0.0,0.21666666666666667,0.14445718897176718,2.7154611830048703,1.2036109404575865,0.009569868305500804,-0.906489179227242,0.5707456430614902,3.3172666532336637,0,1.0,1.0
2024-04-08,3389.285925689367,3421.37426069106,3428.446479306728,3367.63676129604,320233.0,10791319200.0,475444.0,-0.3952002484429407,14,uptrend_crowded_chase,5.614253327849262,0.001826376266929941,-0.02274169709549312,0.1,0.2833333333333333,0.2118970761808079,3.9684378148147,1.018089407631221,0.017773477374090556,2.073541618437905,0.8836992038932812,5.614253327849262,0,1.0,1.0
2024-04-09,3418.212085580741,3484.624212321458,3488.257862202772,3416.9248846132923,348364.0,11897878230.0,482589.0,-0.3259174495945093,14,uptrend_crowded_chase,5.9226879193981095,0.01848670937789265,0.006825743615496815,0.25,0.5,0.21715279556662814,4.095155788537552,0.8350152103350598,0.0204707805614303,2.3200490513860563,0.9490607289348624,5.9226879193981095,0,1.0,1.0
2024-04-10,3497.806664781376,3460.8190439275445,3519.648622333919,3458.1792332720333,356089.0,12268047510.0,492766.0,-0.3248537167254173,14,uptrend_crowded_chase,4.243792207250446,-0.00683148797214328,0.008146637969466575,0.2,0.4166666666666667,0.19849825859748194,3.140678527852502,0.9694436075093261,0.01776151491356982,0.8367837512865612,0.04294512595291087,4.243792207250446,0,1.0,1.0
2024-04-11,3455.2494002710414,3483.4550041665584,3501.472618069241,3448.143273528996,268424.0,9376988310.0,500413.0,-0.6228659375940793,14,uptrend_crowded_chase,2.013935450939436,0.006540636754392537,0.019613484262744674,0.3,0.5,0.15318926996959625,1.4959554081172273,-0.3153798970966636,0.01530932493069607,0.43596008564441746,0.6621444711534838,2.013935450939436,0,1.0,1.0
2024-04-12,3482.4772917924465,3442.2494830785204,3494.9398837371346,3433.603227231717,366074.0,12650505740.0,527643.0,-0.3655844199024242,14,uptrend_crowded_chase,2.2836685757668485,-0.01182892302003391,0.007938934205555359,0.2,0.35,0.17804486253557705,1.1934133153626045,1.0956220918736361,0.017818771360686523,0.6848884289348518,0.14096392499059135,2.2836685757668485,0,1.0,1.0
2024-04-15,3432.204034177349,3464.2203925086496,3482.206199019994,3423.833824127491,359758.0,12812069670.0,546230.0,-0.4176085492819373,14,uptrend_crowded_chase,2.4001762106408764,0.0063827184921181335,0.01252307656308127,0.35,0.4666666666666667,0.13879102818489564,1.4738123592868262,1.04583606437669,0.016850075422087153,0.10689163833141006,0.6918781093887891,2.4001762106408764,0,1.0,1.0
2024-04-16,3465.910814283732,3415.992481430791,3472.1313653569546,3381.646413645073,493533.0,17438459580.0,561144.0,-0.1283878311380508,14,uptrend_crowded_chase,4.962323443280507,-0.013921721372621376,-0.01969559031587642,0.05,0.23333333333333334,0.15081219734916473,1.199157001659397,2.4783038277998606,0.026488627303413073,4.94802905544236,0.3795776771267034,4.962323443280507,0,1.0,1.0
2024-04-17,3400.890976102723,3424.395203394457,3444.4562627962587,3381.3260605234746,387641.0,13507900100.0,578826.0,-0.400922260697499,14,uptrend_crowded_chase,2.089395657812463,0.002459818635240918,-0.01052463017302152,0.2,0.31666666666666665,0.16096749794100162,1.2986511512829573,0.8862509488066694,0.01843543122890893,0.29523806425234184,0.6822272275460434,2.089395657812463,0,1.0,1.0
2024-04-18,3426.341275343868,3427.645734716996,3467.5056095974905,3417.71601006746,442390.0,15468796490.0,593208.0,-0.2933532503751572,14,uptrend_crowded_chase,2.592610474952517,0.0009492278576130886,-0.01602124022925777,0.25,0.3333333333333333,0.1701113388775788,1.5376683050845585,1.6098843397359173,0.014525888432907547,-1.2954376525201694,0.1994337119250504,2.592610474952517,0,1.0,1.0
2024-04-19,3422.49874822497,3441.919274734072,3458.412637068579,3395.7009979746504,535396.0,18200277400.0,592169.0,-0.1007854071086615,14,uptrend_crowded_chase,3.2249414789029425,0.004164240158341492,-9.592806857017244e-05,0.35,0.4,0.1153721484579755,1.3626790501051569,2.843706688728113,0.01821996220372537,0.18081816886745794,0.7369967908221419,3.2249414789029425,0,1.0,1.0
2024-04-22,3475.450928128325,3446.6755002963064,3497.672203619623,3443.872722964028,391426.0,13675634740.0,605791.0,-0.436738561132374,14,uptrend_crowded_chase,1.7295518887355763,0.0013818527346496357,-0.005064600465456537,0.45,0.4666666666666667,0.10349490962732588,1.012401489621603,0.5343007982279467,0.01560909364718836,-1.8609475599909986,0.05209673584436057,1.7295518887355763,0,1.0,1.0
2024-04-23,3441.315731558704,3420.6470111976287,3448.448254001623,3407.508289625197,342718.0,12030786230.0,626204.0,-0.6027682450326957,14,uptrend_crowded_chase,1.3688315915660867,-0.007551766650629066,0.0013625702609532109,0.15,0.3,0.1096986395306061,1.2188315915660868,-0.9483900302449295,0.011968485564984416,-2.5161850566101287,0.32092655117201885,1.3688315915660867,0,1.0,1.0
2024-04-24,3422.2152230262013,3457.414085170039,3459.6772477947675,3408.5541901289207,314552.0,11083421330.0,633063.0,-0.6994205389726916,14,uptrend_crowded_chase,1.9196447346604824,0.01074857296062759,0.009642252080849678,0.55,0.48333333333333334,0.08956802898447869,1.3696447346604823,-1.6126634890111669,0.01478650124239674,-1.2024327761043796,0.9557310785375737,1.9196447346604824,0,1.0,1.0
2024-04-25,3458.165384463893,3452.2763665249754,3474.5575566819484,3444.054272204552,318029.0,11539035630.0,638243.0,-0.6965765149814995,14,uptrend_crowded_chase,1.6115164892638303,-0.0014860003801977495,0.007185874420599481,0.55,0.4666666666666667,0.07317399222271348,1.0615164892638302,-0.8947012105572367,0.008835701791771866,-3.0290208878074036,0.2695478359557024,1.6115164892638303,0,1.0,1.0
2024-04-26,3464.3546117339897,3636.7973995221823,3680.558036726543,3458.085284882451,1192137.0,43900177640.0,614041.0,0.6634410727448482,14,uptrend_crowded_chase,12.685118289745814,0.0534490908046692,0.056619028290013196,1.0,0.9666666666666667,0.0362696340447517,0.43523478696795764,6.087684005281321,0.061172709778477406,16.412083000274393,0.8032988901264282,12.685118289745814,0,1.0,1.0
2024-04-29,3632.5956562260594,3573.11457751354,3656.77016393707,3569.199793464129,564905.0,21145773220.0,613925.0,-0.0832151954329717,14,uptrend_crowded_chase,3.4471845671364827,-0.01751068729234384,0.036684357783714816,0.95,0.7666666666666667,0.013337728754578393,0.40864527883094315,1.5157313476221128,0.0245081338908195,2.661347228988967,0.04470443630954775,3.4471845671364827,0,1.0,1.0
2024-04-30,3567.851984590943,3529.195899907664,3581.59237512953,3524.7272971720886,454252.0,16529634960.0,605401.0,-0.2872389382582683,14,uptrend_crowded_chase,1.0325367545321489,-0.012291427171764013,0.03173343766682035,0.9,0.6666666666666666,-0.033785148220735195,-0.1728543567969711,0.2650735090642978,0.016112757571470928,-0.1474601641142857,0.07858254830706382,1.0325367545321489,0,1.0,1.0
2024-05-06,3544.688082398974,3572.635326141558,3602.3504547810708,3537.107822312827,389593.0,14383780130.0,637024.0,-0.4917047270103444,14,uptrend_crowded_chase,2.3148568647587275,0.012308590247152473,0.03332584357359436,0.9,0.75,0.006237388213387263,1.0866251416635788,-0.19925297624676339,0.01826176659869333,0.6564634461902981,0.5445443030831657,2.3148568647587275,0,1.0,1.0
2024-05-07,3622.05019713082,3804.6309888866617,3805.388058825544,3618.266916880352,1021214.0,38564503330.0,613407.0,0.5097187312167899,14,uptrend_crowded_chase,7.079157087167918,0.06493684397272603,0.10206443081391048,1.0,1.0,-0.039690425154120135,-0.025165476094979513,2.714763559106055,0.049182468021675,9.44355061522978,0.995954118647353,7.079157087167918,0,1.0,1.0
2024-05-08,3829.4866410908057,3836.065829391742,3952.909745497928,3767.366746830856,1694985.0,64091943760.0,518826.0,1.183860603379826,14,uptrend_crowded_chase,5.578783367221798,0.008262257390243999,0.05479228232393174,1.0,1.0,-0.16849313432402901,-6.723862539541667,3.603069810230992,0.048368043438006436,5.5544969242126045,0.3702596328312888,5.578783367221798,0,1.0,1.0
2024-05-09,3826.03345361788,3817.4948886052766,3883.116692801088,3809.862270726438,802003.0,29456187080.0,549263.0,0.3785349688842223,14,uptrend_crowded_chase,1.812439933317006,-0.004841142361055484,0.06839419945547776,0.95,0.9833333333333333,-0.11129539122543619,-4.447600959756553,1.5095238582888055,0.01918913429152317,0.21535600834520666,0.10419327137767263,1.812439933317006,0,1.0,1.0
2024-05-10,3810.0709327651343,3853.407634779813,3877.3816567451418,3803.274422190745,724803.0,26980506860.0,522556.0,0.3271677386636403,14,uptrend_crowded_chase,1.288459039273553,0.009407411724828174,0.09186561020334172,1.0,1.0,-0.14715889325730558,-4.323115364262984,0.5224667510092594,0.019231610454477962,0.05445132753784702,0.6764955255788014,1.288459039273553,0,1.0,1.0
2024-05-13,3943.533349203132,3866.08758227122,3953.914000114105,3857.318463234998,787556.0,29716070460.0,514305.0,0.4261180045968434,14,uptrend_crowded_chase,1.5460159601520074,0.003290580362420359,0.08213887770252515,1.0,1.0,-0.2139908567857418,-3.479713824066134,0.2906919279086601,0.024985346250836798,0.8013399923953547,0.09078182408362127,1.5460159601520074,0,1.0,1.0
2024-05-14,3878.29878597385,3823.5130591933257,3895.698471356688,3803.165284084465,521969.0,19856132040.0,502979.0,0.0370597794207601,14,uptrend_crowded_chase,1.017896268337593,-0.011012301757758691,0.004962917655304544,0.85,0.95,-0.1984802436928792,-2.8572385611036624,-0.6586415183307562,0.024201090944291303,0.33579253667518616,0.21989705216788571,1.017896268337593,0,1.0,1.0
2024-05-15,3836.0208685430207,3862.2008678469647,3866.727706897993,3820.7106035863294,333286.0,12451107030.0,503545.0,-0.4126721023132367,14,uptrend_crowded_chase,0.95,0.010118393230178047,0.006812979656130258,0.95,0.9833333333333333,-0.029895484293735564,-1.1335150040685407,-1.6450064972187026,0.0119147358944374,-1.4905561083402161,0.9016270315763043,0.95,0,1.0,1.0
2024-05-16,3888.6131900353753,3863.531429516466,3906.053567801399,3843.105613244964,466790.0,17417277410.0,501869.0,-0.0724596517292344,14,uptrend_crowded_chase,0.95,0.00034450866617996567,0.012059358887055005,0.95,0.9833333333333333,-0.09023825016223164,-0.7043806405440346,-0.7484565144333056,0.016292854272008116,-1.0881400720580887,0.324487370803914,0.95,0,1.0,1.0
2024-05-17,3883.441457926264,3901.974994925168,3913.1470022244266,3871.65465133892,427890.0,16375087940.0,487701.0,-0.130836359951309,14,uptrend_crowded_chase,1.0,0.009950369528510361,0.012603743166697212,1.0,1.0,-0.06902964197466233,-1.2362976428157344,-0.845507645254767,0.010633679339173342,-1.4304307032294734,0.7307453768988345,1.0,0,1.0,1.0
2024-05-20,3921.0879295150567,3898.626878252057,3957.202642800629,3890.227981121408,531260.0,20300343160.0,486423.0,0.0881729278726664,14,uptrend_crowded_chase,0.95,-0.0008580569269320826,0.008416595663805593,0.95,0.9833333333333333,-0.055737858967569665,-1.461192993035262,-0.30939383670639914,0.017179038613012596,-0.2545337156578645,0.12540409940218838,0.95,0,1.0,1.0
2024-05-21,3884.230853378337,3828.093030499873,3888.429135275113,3808.283087021825,650023.0,24523906610.0,526494.0,0.2107678113813475,14,uptrend_crowded_chase,1.817036472433694,-0.01809197185441036,0.0011978437723745294,0.65,0.8833333333333333,0.045691515772476876,1.0010406552675821,0.11572827759326577,0.02093628540757341,0.2162633567389581,0.24717305356643332,1.817036472433694,0,1.0,1.0
2024-05-22,3823.620555930656,3867.387084973864,3879.216381928056,3812.447542246356,474265.0,17585024790.0,519395.0,-0.0908984354875485,14,uptrend_crowded_chase,1.5012957732789323,0.010264655054336602,0.0013428139302837927,0.9,0.9666666666666667,0.030991590145896808,0.6012957732789321,-0.5528525201317258,0.017264586713111756,-0.33191076637677125,0.8228320724070645,1.5012957732789323,0,1.0,1.0
2024-05-23,3867.9155008631415,3877.6411281794185,3887.939744017384,3840.581966961258,440920.0,16817752690.0,510628.0,-0.1467778876548927,14,uptrend_crowded_chase,0.9976799436488659,0.002651413727215113,0.003652021193656596,0.9,0.9666666666666667,0.01730221128856435,0.09767994364886588,-0.5728533593873283,0.01221303764084038,-1.7470994312584645,0.7825359111395794,0.9976799436488659,0,1.0,1.0
2024-05-24,3885.947468559479,3903.6880945209946,3922.1430064125457,3883.85545312638,417065.0,15890874710.0,478116.0,-0.1366112959229542,14,uptrend_crowded_chase,1.0,0.006717219433301613,0.00043903397588507254,1.0,1.0,-0.019849132280524984,-2.07838851413578,-0.8762221750440119,0.009808046226824357,-1.1464805510756702,0.5179918718332078,1.0,0,1.0,1.0
2024-05-27,3904.7636830084793,3895.2444578251775,3936.247350273501,3873.7036813469344,402168.0,15428881880.0,489925.0,-0.1973824063985851,14,uptrend_crowded_chase,0.85,-0.0021629895860962867,-0.0008675927531685002,0.85,0.95,0.00717370244690585,-0.6821470035145081,-0.9436657752639197,0.016056416895972297,-0.09810157227447718,0.3444117821667031,0.85,0,1.0,1.0
2024-05-28,3881.727739514626,3878.155418586728,3909.527279403436,3868.0380456990574,365791.0,13963677400.0,498248.0,-0.3090358129901133,14,uptrend_crowded_chase,0.8,-0.004387154496585999,0.01307763100007997,0.8,0.9333333333333333,-0.05514199046202428,-0.20494834900827494,-1.4193763657176663,0.010698187469623864,-0.8985743990472411,0.24385538088650996,0.8,0,1.0,1.0
2024-05-29,3855.768589215785,3845.5480672061617,3859.972776383172,3817.646891416802,303326.0,11515934520.0,502692.0,-0.5051695217814751,14,uptrend_crowded_chase,0.6044326457141369,-0.00840795374633263,-0.005646969720862538,0.45,0.8166666666666667,-0.03268701618236136,0.15443264571413692,-2.9373656973518316,0.0110064636370857,-0.683487705174639,0.6591988758540664,0.6044326457141369,0,1.0,1.0
2024-05-30,3835.614579483083,3846.616687968936,3862.73787541669,3827.683875780452,263783.0,9997324930.0,512465.0,-0.6641056205505609,14,uptrend_crowded_chase,1.1698435641561908,0.0002778851659368531,-0.008000853917352835,0.45,0.8166666666666667,0.0035910752475789565,0.7198435641561908,-4.080068815390167,0.009112943264109491,-1.082480119073124,0.5401041931007374,1.1698435641561908,0,1.0,1.0
2024-05-31,3852.7929932506304,3893.651748788311,3914.0982373350207,3846.511290550015,447759.0,17139869500.0,497859.0,-0.106061763163629,14,uptrend_crowded_chase,1.8531675944388675,0.012227644352109879,-0.0025709906861590692,0.8,0.9333333333333333,0.040463523530725354,-0.14219476128091926,0.30231367823575195,0.017358241349149543,1.8040215106419832,0.6974787363638435,1.8531675944388675,0,1.0,1.0
2024-06-03,3884.2619033641768,3918.203427251961,3944.50855075292,3853.6615883008194,557278.0,21646988370.0,484178.0,0.1406116100496936,14,uptrend_crowded_chase,2.641376470762786,0.006305566097761561,0.005894102327945294,1.0,1.0,-0.011799710463737512,-0.992245818758193,1.3609665579695926,0.023185871825908866,1.921786383555979,0.7104457563473435,2.641376470762786,0,1.0,1.0
2024-06-04,3934.3097164777273,3934.904623531751,3956.820264714832,3909.275694986416,395506.0,15471086520.0,472842.0,-0.1785953368711533,14,uptrend_crowded_chase,1.0,0.004262462781699838,0.014633040407056042,1.0,1.0,-0.05233665040184832,-1.7027632481764172,-0.4201505149520932,0.01208277563936034,-0.41561898370188854,0.5390505938266462,1.0,0,1.0,1.0
2024-06-05,3951.441602315577,3948.632558334677,3991.9143932009706,3936.625560485779,428297.0,16991334730.0,452861.0,-0.055768354969247,14,uptrend_crowded_chase,1.381990869342298,0.0034887592245131938,0.026806189736020558,1.0,1.0,-0.10439242137794658,-2.412504837805811,0.29863348175280424,0.014002020167333495,0.46534825693179155,0.2171685900975628,1.381990869342298,0,1.0,1.0
2024-06-06,3952.233167884503,3934.5918632728567,3956.177957351787,3911.59371266444,290037.0,11393277820.0,451410.0,-0.442367516389908,14,uptrend_crowded_chase,0.9,-0.0035558373321376013,0.022870793333549688,0.9,0.9666666666666667,-0.12685639855869013,-2.3206568407769765,-2.855483789173117,0.011331351824191803,-0.2626428707339192,0.5158358242848881,0.9,0,1.0,1.0
2024-06-07,3945.758565908783,3931.142998267288,3967.38783865088,3912.6866867064814,297514.0,11723435650.0,444390.0,-0.4012412725600883,14,uptrend_crowded_chase,1.2050599107586764,-0.0008765496207527868,0.009628814259170504,0.85,0.95,-0.11361434914287827,-2.3622839961999547,-1.955201167481446,0.013914821203021352,0.7101198215173525,0.33740261228075574,1.2050599107586764,0,1.0,1.0
2024-06-11,3939.539140779728,3990.2325440097934,3993.11763679026,3931.5151536317567,356596.0,14088472800.0,441095.0,-0.212656783432318,14,uptrend_crowded_chase,1.3832878943011289,0.015031136178091264,0.018383199875956935,1.0,1.0,-0.0931923359528497,-2.183624287456214,-0.22345414692724178,0.01543831906513367,0.7665757886022578,0.9531659661666049,1.3832878943011289,0,1.0,1.0
2024-06-12,3996.3229984699374,3967.873938737847,4003.983750701372,3961.661659756835,279586.0,11069371650.0,428617.0,-0.4272538087000025,14,uptrend_crowded_chase,0.95,-0.005603333897296725,0.008378682169049467,0.95,0.9833333333333333,-0.09819754835854866,-1.4220021695518108,-0.9374964259211626,0.010666188391559526,-0.732981037650146,0.14678572921061547,0.95,0,1.0,1.0
2024-06-13,3959.50401159347,3957.0938415168544,3963.91459332604,3934.678042989485,272250.0,10680150590.0,421029.0,-0.4359809531073959,14,uptrend_crowded_chase,0.9,-0.002716844684945152,0.0021428388327289216,0.9,0.9666666666666667,-0.07288352020943378,-1.3674984499521692,-0.7349947083983487,0.007388389436159504,-1.7499270761045957,0.7667046306534421,0.9,0,1.0,1.0
2024-06-14,3955.468424581747,3965.0634412962254,3976.425766693656,3949.734421980178,205049.0,8036647480.0,416779.0,-0.7093071303258139,14,uptrend_crowded_chase,0.9,0.0020140032302888855,0.007744533380400487,0.9,0.9666666666666667,-0.07981991214620798,-1.1185633026688722,-1.67169446780507,0.006731631185389625,-1.7715970817209419,0.5743067455236486,0.9,0,1.0,1.0
2024-06-17,3947.2907370673593,3864.5195203346416,3950.643731140524,3853.078689027018,435037.0,16925022200.0,412621.0,0.0529015888485086,14,uptrend_crowded_chase,2.4037562247612265,-0.025357455801190087,-0.016947609883947723,0.15,0.7,-0.0741730591678138,-1.1266033956714927,1.0453836369510605,0.02524635769081522,3.4621288125713927,0.11726363315985258,2.4037562247612265,0,1.0,1.0
2024-06-18,3848.2182494938106,3861.1878986253614,3866.8743665375287,3828.994608214629,270097.0,10352782560.0,403888.0,-0.4023564580641907,14,uptrend_crowded_chase,0.15,-0.0008621050279988829,-0.03234013154901361,0.15,0.65,-0.08812265994486168,-1.4981806240510382,-0.6764003227172697,0.009810389786103262,-0.9012964263962038,0.8498810931238292,0.15,0,1.0,1.0
2024-06-19,3867.5616034099135,3858.659531234882,3872.188318182829,3845.792085590333,164419.0,6314346360.0,403059.0,-0.8966649054957379,14,uptrend_crowded_chase,0.15,-0.0006548159418452437,-0.027524666657556485,0.15,0.6333333333333333,-0.06148079305920717,-1.3091325212896736,-2.817760131097446,0.006840777834588656,-1.4579051379133772,0.487472808835865,0.15,0,1.0,1.0
2024-06-20,3866.353816239168,3852.973397763467,3876.077605886984,3842.9965763104274,163064.0,6295401790.0,403124.0,-0.905101445145376,14,uptrend_crowded_chase,0.1,-0.0014736033136344417,-0.026312351418351865,0.1,0.6,-0.04345750799365966,-0.8545755906490939,-2.7070516085876273,0.008585844271792625,-0.49216421223429546,0.3015873925553298,0.1,0,1.0,1.0
2024-06-21,3854.5944915338446,3878.857742089509,3882.130964360695,3842.2657015005257,185856.0,7195253820.0,389546.0,-0.74000977814368,14,uptrend_crowded_chase,0.40424175461433554,0.006718017918594388,-0.02174131649670019,0.4,0.7666666666666667,-0.06757414682678586,-1.3088224962501651,-1.6049736463894562,0.01027757796518063,0.008483509228671072,0.9178928712280864,0.40424175461433554,0,1.0,1.0
2024-06-24,3899.23611891962,3941.0685004137176,3942.8193245019993,3886.782090186007,325221.0,12741712150.0,373443.0,-0.1382604312504518,14,uptrend_crowded_chase,1.452164441145658,0.01603842225229335,0.01980814941580311,0.75,0.9166666666666666,-0.09976411360931081,-2.490251628930014,0.4430844463279819,0.014218792266642891,0.9612444359633341,0.9687560581878683,1.452164441145658,0,1.0,1.0
2024-06-25,3935.297268405059,3931.640729616759,3940.997714370959,3923.5903912643007,146621.0,5781076870.0,368906.0,-0.9226908429165952,14,uptrend_crowded_chase,0.6,-0.002392186483429315,0.018246413497897906,0.6,0.8666666666666667,-0.0905957427629609,-2.6485505787632113,-1.4990184841569374,0.004427495873549709,-1.2931893720687797,0.4624684854260629,0.6,0,1.0,1.0
2024-06-26,3939.290516118129,3984.966769274018,4001.3717209468846,3936.151289620968,296127.0,11857051760.0,355725.0,-0.1833695440710119,14,uptrend_crowded_chase,2.3872908167125546,0.013563304310985957,0.03273344979434212,0.95,0.9833333333333333,-0.12492499278431524,-2.5159935695947353,0.553962201177279,0.016366618619958674,2.3206194322478297,0.7484691324580739,2.3872908167125546,0,1.0,1.0
2024-06-27,3992.1040520189727,4028.8832242001527,4036.304589229422,3988.266867461401,276343.0,11177220400.0,353849.0,-0.2472274207003185,14,uptrend_crowded_chase,1.5746825172840229,0.011020532282665751,0.045655603679692236,1.0,1.0,-0.1303739384652438,-2.6010431156750307,0.38725866028202477,0.0119233343571426,0.762106374286021,0.8455096379235466,1.5746825172840229,0,1.0,1.0
2024-06-28,4029.379560566143,4011.996809208215,4035.406285284155,3999.701108343675,195199.0,7920247690.0,341608.0,-0.5596443298288866,14,uptrend_crowded_chase,0.95,-0.004191338902678199,0.034324297504910506,0.95,0.9833333333333333,-0.131318077621966,-2.1989117673159195,-0.4508288070570219,0.008899602526734395,-0.23693275644559317,0.3443674536338722,0.95,0,1.0,1.0
2024-07-01,4019.487404335799,4072.966808994023,4077.7089718766497,4016.721506311048,277763.0,11403221540.0,350366.0,-0.232210090285958,14,uptrend_crowded_chase,1.8724426842019195,0.015196921305089539,0.03346765187320622,1.0,1.0,-0.06378706009408575,-1.016760212924061,0.43646445375505893,0.014973720245136234,1.3084209146487804,0.9222436473028065,1.8724426842019195,0,1.0,1.0
2024-07-02,4084.519251470449,4052.382755405327,4086.253212884261,4036.218471239841,216699.0,8922683170.0,343180.0,-0.4597457970004747,14,uptrend_crowded_chase,1.2556254047978122,-0.0050538230616664626,0.0307103405657152,0.95,0.9833333333333333,-0.07228677818323348,-0.99768440607182,-0.16764973398177022,0.012346993032106889,0.6112508095956244,0.32306120975621105,1.2556254047978122,0,1.0,1.0
2024-07-03,4057.184360101072,4058.765639642851,4069.591876022443,4035.222384627828,175816.0,7255912840.0,347866.0,-0.6823793545256359,14,uptrend_crowded_chase,0.95,0.0015750941169143662,0.01851931889065095,0.95,0.9833333333333333,-0.022340612282210515,-0.6251277416034521,-0.4010538761476636,0.008467966481957172,-0.6304300924627587,0.6850044635432616,0.95,0,1.0,1.0
2024-07-04,4065.686976232408,4065.9025988745952,4110.03611733749,4060.719044820528,311382.0,12901983360.0,348497.0,-0.1126091675811443,14,uptrend_crowded_chase,1.6151693540363956,0.0017584063396112182,0.009188495325970214,0.95,0.9833333333333333,-0.015240646619412601,-0.3392786108533012,1.060659963240719,0.012129427923485684,0.2696787448320725,0.10510668597136412,1.6151693540363956,0,1.0,1.0
2024-07-05,4074.9873056400247,4083.290543940712,4107.71643817972,4056.1829737793328,242684.0,10039599210.0,349744.0,-0.3654412727385406,14,uptrend_crowded_chase,1.0779758883082373,0.004276527694226928,0.017770137445988432,1.0,1.0,0.02353757744370988,-0.24007164868587627,-0.02402131441608006,0.012620572512739533,0.15595177661647458,0.5260187817137181,1.0779758883082373,0,1.0,1.0
2024-07-08,4111.919883301501,4038.4236368710535,4125.918373486283,4015.8622109840967,322059.0,13272809790.0,343988.0,-0.0658720144704761,14,uptrend_crowded_chase,3.302968394138806,-0.01098792911913582,-0.008481083628447461,0.75,0.9166666666666666,-0.018371549346843707,-0.8784270113150283,0.8113483003845829,0.027252257910083167,4.294588487893029,0.20499920562384422,3.302968394138806,0,1.0,1.0
2024-07-09,4031.086979980867,4054.4479222261216,4070.469119905631,4009.449357290299,280502.0,11492494180.0,339137.0,-0.1898233004734009,14,uptrend_crowded_chase,1.2608635525707146,0.003967955518278332,0.0005096179076471419,0.8,0.9333333333333333,-0.011850935321964684,-1.3846773369448884,0.2972480933736549,0.015050079267470004,0.6244790117677745,0.7374424777672953,1.2608635525707146,0,1.0,1.0
2024-07-10,4047.952137263144,4000.29230076166,4051.159958799747,3971.243475594621,335911.0,13615682570.0,335189.0,0.0021516920833209,14,uptrend_crowded_chase,2.070947189630873,-0.01335708893129084,-0.014406680274926198,0.55,0.85,-0.037122796309198236,-1.9296642200942435,1.0425598544965193,0.019977660929905012,1.9993345247652274,0.36348978335893223,2.070947189630873,0,1.0,1.0
2024-07-11,4013.096548522827,3947.985597898279,4018.083090007936,3935.311919597169,293475.0,11819719780.0,338770.0,-0.1435289542769036,14,uptrend_crowded_chase,1.6186946686083525,-0.013075720205101393,-0.02900143279599332,0.35,0.7333333333333333,-0.028308210800659594,-1.1972812510036428,0.274525324691025,0.02096541853010567,2.26286401252568,0.15311706042351145,1.6186946686083525,0,1.0,1.0
2024-07-12,3953.5882356392144,3903.065090319418,3957.065644699057,3896.947376449485,351789.0,14022936210.0,344721.0,0.0202961698403777,14,uptrend_crowded_chase,1.130688267262129,-0.011378082940012524,-0.044137308301201994,0.25,0.6,-0.014466064079188712,0.16426922443415864,1.1029130340250333,0.015402835171434957,0.32992505163090713,0.10176131229422516,1.130688267262129,0,1.0,1.0
2024-07-15,3894.2795297956336,3938.731791169973,3949.4537880142193,3891.128592445849,303445.0,12160804360.0,338572.0,-0.1095363978691453,14,uptrend_crowded_chase,0.488285770113947,0.009138126068924057,-0.02468583156826043,0.35,0.7,-0.01587000020786533,-0.8390700101740106,0.27657154022789415,0.014808115571394448,-0.049555136070951196,0.8161686945108005,0.488285770113947,0,1.0,1.0
2024-07-16,3941.7751047744273,3879.5698548316914,3946.153220126082,3875.437123870552,272307.0,10832304370.0,353934.0,-0.2621803487834144,14,uptrend_crowded_chase,2.088833145062886,-0.01502055470517527,-0.04313239946572367,0.2,0.5,0.04270629953807514,1.4754086640231066,-0.6347829823848635,0.018227818779305835,0.826848962079559,0.058441163751542416,2.088833145062886,0,1.0,1.0
2024-07-17,3890.366477111336,3887.6125200624106,3916.2726349621694,3876.7425193236977,210146.0,8342217560.0,357634.0,-0.5317075898328205,14,uptrend_crowded_chase,1.8574229643438105,0.00207308168989484,-0.02816788680112081,0.2,0.5,0.06481556523913312,1.6574229643438105,-2.8192280018217537,0.01016822418244426,-1.118895630879586,0.27498024134626897,1.8574229643438105,0,1.0,1.0
2024-07-18,3870.558355296659,3879.581672859532,3882.6540559067503,3848.565053523639,193870.0,7624248970.0,356324.0,-0.6086525979593235,14,uptrend_crowded_chase,1.5958515536333684,-0.0020657529940123487,-0.017326285353006954,0.15,0.48333333333333334,0.05051901826895033,1.4458515536333685,-3.4672895033265227,0.008786772713560405,-1.4244766512670064,0.9098717230651323,1.5958515536333684,0,1.0,1.0
2024-07-19,3877.30250038608,3890.828839282476,3896.2868640666734,3863.2890269310906,184047.0,7264178930.0,358511.0,-0.6667681831983329,14,uptrend_crowded_chase,1.8328609672103569,0.0028990667992960795,-0.00313503637622925,0.2,0.5,0.039223948763559946,1.632860967210357,-2.1922579021035835,0.008480927457520358,-1.173752772861561,0.8345944686686242,1.8328609672103569,0,1.0,1.0
2024-07-22,3888.778527925576,3894.342151068318,3912.2243594194847,3882.297585583776,155949.0,6168459800.0,363094.0,-0.8451327231886954,14,uptrend_crowded_chase,1.8279221871972802,0.0009029725878380024,-0.011270033720287786,0.2,0.5166666666666667,0.06992498107415912,1.6279221871972802,-3.0102259100030664,0.0076846801525898845,-1.0371357850385352,0.4024678888096653,1.8279221871972802,0,1.0,1.0
2024-07-23,3884.0133813080456,3852.129342701454,3888.7777979942266,3843.802024955131,214652.0,8408513430.0,370334.0,-0.5453871890291617,14,uptrend_crowded_chase,1.4200590211888249,-0.010839522242616528,-0.0070730810778062425,0.0,0.21666666666666667,0.04529484607633272,1.4200590211888249,-0.7813105921535345,0.01167556149803492,-0.4474222059434612,0.18515118659737823,1.4200590211888249,0,1.0,1.0
2024-07-24,3839.7311808594127,3844.7059270699774,3869.784426395614,3835.5344775686167,179938.0,7007669670.0,373591.0,-0.7305492690176073,14,uptrend_crowded_chase,1.3167630524830114,-0.0019270940747463383,-0.011036746273197062,0.0,0.16666666666666666,0.04365149904928067,1.3167630524830114,-0.8893446492674077,0.008908340319567415,-0.6343124628320332,0.26777994757561147,1.3167630524830114,0,1.0,1.0
2024-07-25,3834.841077761812,3849.735713329125,3854.915058911763,3809.6884921707,263384.0,10238082440.0,365883.0,-0.3287005668154229,14,uptrend_crowded_chase,1.1385398005980993,0.0013082369248929027,-0.007693087050905767,0.05,0.2,0.026473180853750833,0.6400730076054841,0.7006807954041318,0.01174796664209255,0.19625279058109882,0.8854800185852775,1.1385398005980993,0,1.0,1.0
2024-07-26,3850.019935808713,3831.78995366408,3862.653666973674,3828.125972101715,174066.0,6772963740.0,372713.0,-0.7613741488385444,14,uptrend_crowded_chase,1.522536269129597,-0.004661556273307443,-0.015173858336385737,0.0,0.11666666666666667,0.03884934350590186,1.522536269129597,-0.7044991133788233,0.009010852705781105,-0.5633543816669775,0.10611717857077319,1.522536269129597,0,1.0,1.0
2024-07-29,3826.554057070925,3807.4465439626806,3835.723838906029,3801.478838518966,205057.0,7930746670.0,373419.0,-0.5994131243133446,14,uptrend_crowded_chase,1.4377347530560263,-0.006353012559605742,-0.02231329547708072,0.0,0.05,0.02803935967353155,1.3972237480247562,0.08102201006254015,0.008994216988118734,-0.2664960440927262,0.17426501317749138,1.4377347530560263,0,1.0,1.0
2024-07-30,3813.1250637985177,3783.560477524656,3820.031656654652,3775.068317529488,188212.0,7233017240.0,384399.0,-0.714112088561999,14,uptrend_crowded_chase,2.889318627069069,-0.006273513275163345,-0.01780024995960061,0.0,0.016666666666666666,0.037275774486019486,1.737515510534837,-0.4258681026835269,0.01188386954358419,2.303606233068464,0.18886853513099933,2.889318627069069,0,1.0,1.0
2024-07-31,3786.835694300746,3793.411146540896,3812.910203101271,3780.1528444406417,218248.0,8483341380.0,382917.0,-0.5621862246380882,14,uptrend_crowded_chase,2.424960426317376,0.0026035447496493003,-0.013341665527114244,0.05,0.016666666666666666,0.02465663938407303,1.8264316307229067,1.0970575911889384,0.008635330417716401,-0.2935772831184039,0.4047427094965793,2.424960426317376,0,1.0,1.0
2024-08-01,3805.4765150563294,3819.514303557273,3824.674721573031,3798.321103991289,167283.0,6481712370.0,374697.0,-0.8064307104000308,14,uptrend_crowded_chase,0.4502405272727279,0.006881183190537987,-0.007850255711636223,0.15,0.06666666666666667,0.02380408919827559,0.30024052727272793,-1.0924290691326004,0.006899730040858312,-3.5196530039218676,0.8041855923668919,0.4502405272727279,0,1.0,1.0
2024-08-02,3826.911852677734,3864.093622914423,3871.030334405666,3808.83508118768,293500.0,11470494830.0,363928.0,-0.2150784066053524,14,uptrend_crowded_chase,4.683286853017279,0.01167146286522125,0.008430438421984432,0.4,0.31666666666666665,-0.023852640604415498,-1.2486780958606445,3.017950782748568,0.016095690034310436,5.54862292328599,0.8884687957305895,4.683286853017279,0,1.0,1.0
2024-08-05,3884.4025449809305,3823.831462448054,3887.331432795137,3816.5645765967793,195242.0,7625619020.0,373709.0,-0.6492376049218869,14,uptrend_crowded_chase,2.1607965264200537,-0.010419561324190196,0.004303387663145086,0.2,0.08333333333333333,0.0007763061070225064,0.08673273996706599,-0.03690759755268158,0.018506792700809092,3.7481275729059758,0.10268770214838792,2.1607965264200537,0,1.0,1.0
2024-08-06,3826.853483146069,3787.242863598016,3829.590791867309,3779.0572371870408,196291.0,7590989600.0,382861.0,-0.6680737469858946,14,uptrend_crowded_chase,3.579528495201894,-0.009568569956431516,0.0009732594721914012,0.05,0.016666666666666666,-0.004009076610230977,2.8495153300122276,-0.1339454459635935,0.013343098528479197,1.360026330379333,0.16198398198517014,3.579528495201894,0,1.0,1.0
2024-08-07,3800.544229556828,3780.47688657644,3810.138811354367,3772.1290603255743,192249.0,7421916240.0,386507.0,-0.6983585723065641,14,uptrend_crowded_chase,1.917177614536064,-0.0017865178614787647,-0.003409664669818513,0.0,0.0,0.009331723605487952,1.917177614536064,-0.12669087825121286,0.010054221244879522,-0.13503706244460892,0.2196232815243136,1.917177614536064,0,1.0,1.0
2024-08-08,3787.6834088999103,3747.341529784801,3792.6766679211496,3722.142602654316,275467.0,10525419760.0,384760.0,-0.3341519240800641,14,uptrend_crowded_chase,3.5933810239284303,-0.008764861626133658,-0.018895798794431595,0.0,0.0,0.026502063921949315,0.8274464685953783,2.970964815235959,0.018822427768115473,2.560904295430145,0.3572589646599323,3.5933810239284303,0,1.0,1.0
2024-08-09,3742.065710772565,3739.072370977591,3775.235152772421,3722.8260243211134,275576.0,10589982180.0,378287.0,-0.31678971416836,14,uptrend_crowded_chase,1.9238336777661538,-0.0022066733820454987,-0.032354612526840576,0.0,0.0,0.038697120913846916,-0.05779878579575047,2.9744060614513446,0.014016612478031525,0.8732612940809631,0.30999078092992854,1.9238336777661538,0,1.0,1.0
2024-08-12,3718.6105110639305,3690.031755262256,3732.140139669527,3683.168679584468,181541.0,6815498960.0,385196.0,-0.7522707721428579,14,uptrend_crowded_chase,0.679193406629609,-0.013115717175196995,-0.03499100535674193,0.0,0.0,0.030274875963197445,0.6167162105899984,-0.910736019532428,0.013271284187520063,0.12495439207922124,0.14014439565141454,0.679193406629609,0,1.0,1.0
2024-08-13,3686.063057032326,3616.5300121746745,3697.2103429789418,3604.129629580664,268609.0,10028991390.0,374548.0,-0.3324631750371095,14,uptrend_crowded_chase,2.546426580161049,-0.019919000150273147,-0.04507576027515647,0.0,0.0,-0.02195203338709284,-1.9278157917199192,2.3173098695863925,0.02573757526826294,2.775543290735705,0.13322182588944165,2.546426580161049,0,1.0,1.0
2024-08-14,3614.276147241369,3638.666262627368,3650.672114946024,3581.722846783205,213035.0,7846592550.0,365476.0,-0.5397441420998782,14,uptrend_crowded_chase,0.527006344613956,0.00612085351930558,-0.03751130563781713,0.05,0.016666666666666666,-0.05594936555912078,-1.9792665339873605,0.11307975630299008,0.01894904978535537,0.8409329329249219,0.8258741152943747,0.527006344613956,0,1.0,1.0
2024-08-15,3652.0912045155633,3670.418938044256,3678.846190504884,3641.9972079131967,282367.0,10722831370.0,360354.0,-0.2438792383611071,14,uptrend_crowded_chase,0.7803821504218151,0.008726459951279075,-0.020527243414870333,0.1,0.03333333333333333,-0.06553288165643956,-1.5338022306358257,1.3607643008436303,0.01003944868792602,-0.937718717338315,0.7713029813059423,0.7803821504218151,0,1.0,1.0
2024-08-16,3670.56510899107,3620.768709486504,3673.8233419957546,3613.0452838932674,226050.0,8515479590.0,356517.0,-0.4556257108113052,14,uptrend_crowded_chase,0.21166681930141518,-0.013527128482016648,-0.031639842654384465,0.05,0.016666666666666666,-0.05927124223543068,-1.6279490127743286,-0.20998609697903745,0.016785954303915402,0.3233336386028303,0.12707588617281992,0.21166681930141518,0,1.0,1.0
2024-08-19,3617.914014275633,3620.6183597907057,3660.540863061826,3612.996387857624,197243.0,7331272010.0,360832.0,-0.6039760049147639,14,uptrend_crowded_chase,0.05,-4.152424743519845e-05,-0.018811056401496162,0.05,0.016666666666666666,-0.06533981960246926,-1.2672961507360632,-0.4469646356265432,0.01313158982239434,-0.46911860563037905,0.1603124632324889,0.05,0,1.0,1.0
2024-08-20,3623.690843748353,3640.858033542515,3658.887623842735,3622.523727389447,191816.0,7117626130.0,344518.0,-0.5856097595264341,14,uptrend_crowded_chase,0.2,0.005590115206999924,0.0067268960262856226,0.2,0.06666666666666667,-0.08357362691270964,-2.411492000514286,-0.5638698579048959,0.009987727101214844,-0.7398708379072424,0.5041898130091665,0.2,0,1.0,1.0
2024-08-21,3647.685493543241,3640.571762652809,3657.900106545256,3626.023823651404,154869.0,5755499630.0,340379.0,-0.7874801043905112,14,uptrend_crowded_chase,0.2,-7.86273145144678e-05,0.0005236809006126109,0.2,0.06666666666666667,-0.07114091088992858,-1.7730923043515738,-1.45022823434703,0.008755845227625575,-0.9165628211764738,0.4563875609289004,0.2,0,1.0,1.0
2024-08-22,3639.661215350937,3614.772608899077,3645.801129194129,3600.142599636612,163444.0,5982875190.0,339833.0,-0.7319838964500344,14,uptrend_crowded_chase,0.0,-0.0070865664614540025,-0.01516075687393581,0.0,0.0,-0.0586325611550329,-1.2473226164981666,-1.0145061272774951,0.01263109315510243,-0.18818006353096392,0.32042226073083335,0.0,0,1.0,1.0
2024-08-23,3605.830925841006,3604.1460525278935,3646.2587984808383,3595.1285994802884,229914.0,8396519070.0,342637.0,-0.3989662517668024,14,uptrend_crowded_chase,0.32667252429127125,-0.0029397579103654925,-0.004590919302594143,0.0,0.0,-0.03971034682831309,-0.8244636133813273,0.4449247897410311,0.01418649473560818,0.20842025884151133,0.17636256505686915,0.32667252429127125,0,1.0,1.0
2024-08-26,3592.389140087292,3629.9484554676073,3632.467551583805,3561.040429637617,301347.0,10883424870.0,343761.0,-0.131684223790885,14,uptrend_crowded_chase,2.035267960791286,0.007159089161111076,0.002576934310591472,0.25,0.08333333333333333,-0.04846582758280071,-0.6745059510275393,2.200388338020926,0.019677172506017523,1.3701475835616457,0.9647319386871651,2.035267960791286,0,1.0,1.0
2024-08-27,3629.7936435677448,3616.382904076724,3636.872053676797,3610.517492723861,162510.0,5915984100.0,343462.0,-0.7483369412952371,14,uptrend_crowded_chase,0.1,-0.0037371195644527733,-0.006722352050067881,0.1,0.03333333333333333,-0.0030698590927489278,-0.47801029192353095,-1.2033410948745538,0.0072875471574723755,-1.1788693889794155,0.22255773349203956,0.1,0,1.0,1.0
2024-08-28,3623.280356716532,3618.700248331844,3648.955808880856,3609.748111599692,199815.0,7300764020.0,337049.0,-0.522836381904656,14,uptrend_crowded_chase,0.2,0.0006407906232792637,-0.006007714102860495,0.2,0.06666666666666667,-0.009831382293080893,-1.1910332815976694,-0.10102305571023977,0.010834745790076919,-0.4061087826885731,0.22832600108990753,0.2,0,1.0,1.0
2024-08-29,3620.2386781522337,3594.136534451789,3625.0298410112473,3590.3742482165608,153973.0,5599902920.0,332363.0,-0.7694504827458686,14,uptrend_crowded_chase,0.0,-0.006787993532036296,-0.00570881675834467,0.0,0.0,-0.02222657535993733,-2.189235303671633,-1.0046628779370894,0.009642258289993572,-0.6716883481970436,0.10856216650274829,0.0,0,1.0,1.0
2024-08-30,3591.766300630172,3587.951422715096,3611.824441676145,3584.7879303098616,198448.0,7248374200.0,301993.0,-0.4198767372253161,14,uptrend_crowded_chase,0.039612546037156124,-0.0017208894757906323,-0.00449333339347846,0.0,0.0,-0.126267739425316,-9.977636627968097,0.07922509207431225,0.00753536159801854,-1.246068082860536,0.11700815842608003,0.039612546037156124,0,1.0,1.0
2024-09-02,3587.335216591204,3601.935851571041,3635.326699725528,3586.375340906083,233272.0,8492959350.0,309158.0,-0.2816473183961095,14,uptrend_crowded_chase,0.8932270645480648,0.00389760819151852,-0.0077170803498248786,0.1,0.03333333333333333,-0.10609417539323829,-8.738704953730808,0.7183763192745053,0.013590291675542897,0.8680778098216242,0.31787699136917413,0.8932270645480648,0,1.0,1.0
2024-09-03,3608.455763443082,3616.379208031589,3617.969144073392,3579.558769887281,198826.0,7201889930.0,312765.0,-0.4530220394484448,14,uptrend_crowded_chase,0.31362677122022464,0.0040098871983653694,-1.0220281516648555e-06,0.25,0.08333333333333333,-0.09362436980556055,-5.512247553670877,0.0716639707668806,0.010621224151716598,0.05558957167356875,0.9586065984648002,0.31362677122022464,0,1.0,1.0
2024-09-04,3611.590226459314,3586.268877229535,3612.576383574,3570.1514077549623,195798.0,7089867160.0,315817.0,-0.4780794163719801,14,uptrend_crowded_chase,0.153727823360063,-0.00832609886020308,-0.00896216013394835,0.0,0.0,-0.065065388464566,-3.075770235104606,-0.054587539455582375,0.01182983687821304,0.307455646720126,0.3799052129887197,0.153727823360063,0,1.0,1.0
2024-09-05,3591.894400611968,3586.53119571152,3611.162428409239,3581.7416920625587,153390.0,5559263760.0,322352.0,-0.742660418413536,14,uptrend_crowded_chase,0.05,7.314523560975061e-05,-0.0021160405753558598,0.05,0.016666666666666666,-0.030583628939451657,-0.9644824409614071,-1.1360191148790144,0.008203117369189265,-1.0691900079474854,0.16279346623157157,0.05,0,1.0,1.0
2024-09-06,3595.496394085744,3626.650988901389,3641.403533968624,3590.761409137182,246324.0,9021400850.0,336889.0,-0.3131057567182498,14,uptrend_crowded_chase,1.9541140305342906,0.01118623845732647,0.010785978299842292,0.65,0.21666666666666667,0.10934966094300158,0.42616305878506594,0.9456135747097708,0.013963881549788363,0.8102883687886786,0.7086902432246412,1.9541140305342906,0,1.0,1.0
2024-09-09,3635.233548616461,3576.257470969436,3644.14685666884,3561.818871365511,261823.0,9450270120.0,335164.0,-0.2469512613321998,14,uptrend_crowded_chase,2.4476439622128954,-0.01389533155690259,-0.0071290499497388415,0.0,0.0,0.08076749119671511,0.3931894435104094,1.0307352815704605,0.0230207097703768,3.078173755834512,0.17537899841381344,2.4476439622128954,0,1.0,1.0
2024-09-10,3584.212619200406,3597.4010415311263,3653.0872400438434,3582.674691459357,345529.0,12548451560.0,345837.0,-0.0008909897807407,14,uptrend_crowded_chase,3.5314068098622586,0.005912205911717816,-0.005247836415582241,0.25,0.08333333333333333,0.10051545596258293,1.1409546691607018,2.066015200498395,0.019573171790298244,2.2148890809047184,0.20914382972659568,3.5314068098622586,0,1.0,1.0
2024-09-11,3602.575796545659,3607.418064649291,3614.991356693929,3578.313807483674,201499.0,7237369040.0,348836.0,-0.5488174791228424,14,uptrend_crowded_chase,1.73984145003914,0.002784516655919278,0.0058972676460595785,0.4,0.13333333333333333,0.0994389658064847,1.3199677277762,0.03974744452587924,0.010167257731970391,-0.32141930485287484,0.7935169549845353,1.73984145003914,0,1.0,1.0
2024-09-12,3612.2575641324056,3628.768481044256,3661.5603618005903,3607.845819533492,267695.0,9791539730.0,356541.0,-0.2866009675265022,14,uptrend_crowded_chase,3.2361750429943092,0.005918475766417908,0.011776639607440131,0.8,0.2833333333333333,0.1008051240806207,1.419645451671931,1.087527742326139,0.014802416452768787,0.9455314403186176,0.3895157740845133,3.2361750429943092,0,1.0,1.0
2024-09-13,3624.8677224411263,3650.6368668278974,3658.7263420820686,3616.6557012112894,196053.0,7157496980.0,358078.0,-0.6023658089238205,14,uptrend_crowded_chase,2.1490588899800906,0.006026393223452109,0.006613781695540055,1.0,0.36666666666666664,0.060997340522613186,1.1490588899800904,-0.5912101505516016,0.011524192190425985,-0.34512723821571056,0.8077168522576534,2.1490588899800906,0,1.0,1.0
2024-09-18,3651.45550667204,3638.2362097666096,3665.6103237506713,3618.7556086026857,189929.0,6911691250.0,350828.0,-0.6136457567600226,14,uptrend_crowded_chase,1.4540499105357585,-0.003396847594995922,0.017330614280512968,0.85,0.31666666666666665,0.04567611060037002,0.5768923721597486,-0.7776919101050528,0.01287841482699974,0.054315076752019686,0.41576607823559447,1.4540499105357585,0,1.0,1.0
2024-09-19,3638.692697546286,3652.468269471007,3656.277679775864,3627.661797217781,152861.0,5542788410.0,352216.0,-0.8347156120367908,14,uptrend_crowded_chase,1.596085970993203,0.003911802006200782,0.015307503195818972,1.0,0.4,0.018277057973749677,0.5960859709932029,-1.3986909859901278,0.007834669721094475,-1.555362450506836,0.8668777628254206,1.596085970993203,0,1.0,1.0
2024-09-20,3645.176848435151,3696.5225185578815,3704.284687446215,3635.185720468316,277849.0,10163006290.0,361302.0,-0.2626363730490747,14,uptrend_crowded_chase,3.3386665475782946,0.012061500836324957,0.02470034032976809,1.0,0.45,0.03511227598617417,0.9392373202031565,0.954050604879284,0.018692965248012665,1.8448078498709926,0.887665919943261,3.3386665475782946,0,1.0,1.0
2024-09-23,3688.30047410273,3638.798802036208,3720.679383712399,3622.09215479841,378315.0,13773693840.0,363617.0,0.0396260660376541,14,uptrend_crowded_chase,4.206060376500188,-0.015615681016923233,0.002764111583405837,0.85,0.35,0.019651875631650384,1.2325865460393193,2.0699279125071715,0.027093344336274267,2.1770197484145664,0.16946056220297764,4.206060376500188,0,1.0,1.0
2024-09-24,3648.825481863628,3656.046853528868,3664.2758026417946,3613.894936164494,279448.0,10081568780.0,355128.0,-0.239662059093616,14,uptrend_crowded_chase,1.4775240211585874,0.004740039895310577,0.0014819295641614882,0.95,0.43333333333333335,-0.008272551895561975,0.39588914087005483,0.2632697605770652,0.013780147929086902,-0.09540994699105348,0.8366651927942843,1.4775240211585874,0,1.0,1.0
2024-09-25,3667.8066242247182,3622.476531415084,3704.210199548984,3600.256002143919,333687.0,12176396940.0,355880.0,-0.0643901675252257,14,uptrend_crowded_chase,2.3006466464157125,-0.00918213673366386,-0.004331680914290148,0.55,0.26666666666666666,0.014297520503927075,0.32150597432974326,0.5789347062546683,0.028696996793090665,2.2793466379172704,0.2137530741984496,2.3006466464157125,0,1.0,1.0
2024-09-26,3615.204687597105,3584.242531322086,3621.388405626078,3563.997463777009,285481.0,10228270830.0,353744.0,-0.2143980107137768,14,uptrend_crowded_chase,0.24330393142817766,-0.010554657776640552,-0.018679351363345864,0.05,0.016666666666666666,0.004328863918937387,-0.29711081636979547,0.11434476892138982,0.016012014072021973,0.2722630939349655,0.352757192908924,0.24330393142817766,0,1.0,1.0
2024-09-27,3586.4037960296364,3586.643906592729,3604.352026680496,3573.963532120601,195778.0,7027051200.0,332351.0,-0.529210275126208,14,uptrend_crowded_chase,0.2,0.0006699812441981479,-0.02972485935457503,0.2,0.06666666666666667,-0.08352253434503609,-5.5037580480321715,-0.8864904807540153,0.008472682360252339,-1.139029642071095,0.4172755069236882,0.2,0,1.0,1.0
2024-09-30,3594.076284727591,3593.1558237180548,3617.845564282004,3563.904246791152,261390.0,9386743750.0,302470.0,-0.1459685540878499,14,uptrend_crowded_chase,0.36783299720695134,0.0018156017979247263,-0.012543419079013796,0.3,0.1,-0.18411901688667065,-13.203095609386065,-0.10824780500140475,0.01501223997433974,0.13566599441390273,0.5422851774405301,0.36783299720695134,0,1.0,1.0
2024-10-08,3575.078208160852,3526.5356701468904,3588.9664955985254,3518.142072046632,271449.0,9579441930.0,310708.0,-0.1350792879528028,14,uptrend_crowded_chase,0.5442511570819013,-0.018540847332980004,-0.035423830320164384,0.0,0.0,-0.13362472349055565,-8.683723902659532,0.0183356814568705,0.02008328574454578,1.0701666327069321,0.11851276267865772,0.5442511570819013,0,1.0,1.0
2024-10-09,3529.30147507711,3534.426470452212,3550.180861307253,3517.339657797478,165178.0,5820480830.0,324339.0,-0.6747655847962843,14,uptrend_crowded_chase,0.05,0.0022375501181284285,-0.02430659252013878,0.05,0.016666666666666666,-0.09280433027440438,-3.6250166644354826,-2.808574119406917,0.009291805554402451,-1.0824434994116534,0.5202858247764315,0.05,0,1.0,1.0
2024-10-10,3542.133216930989,3540.913922856932,3563.1703182136,3531.1794979987826,146924.0,5196710800.0,324488.0,-0.7923331092092697,14,uptrend_crowded_chase,0.1,0.0018355035700856615,-0.012088637441945549,0.1,0.03333333333333333,-0.08632493219167792,-2.1422076309269453,-3.4555167425519207,0.009034622391782366,-0.8097159872080454,0.304288067413811,0.1,0,1.0,1.0
2024-10-11,3538.191389546867,3509.291316241263,3549.3894914941407,3501.9220012384485,180175.0,6321733530.0,333761.0,-0.6164965671623234,14,uptrend_crowded_chase,0.0,-0.008930634097469081,-0.021566844204768065,0.0,0.0,0.004233528613580617,-0.33838756057872194,-2.3284840753202953,0.013526232500564731,-0.24824537153962598,0.15524972909075682,0.0,0,1.0,1.0
2024-10-14,3520.4448900919374,3539.121089235875,3551.185649516108,3508.7075800890657,176833.0,6296126900.0,331425.0,-0.6281957553148996,14,uptrend_crowded_chase,0.15,0.008500227056259968,-0.015038238566082218,0.15,0.05,0.09141944068575825,-0.053194603745377995,-1.0364569447091663,0.012002434603392861,-0.3085371179024195,0.7159814359983038,0.15,0,1.0,1.0
2024-10-15,3533.420319312953,3542.743199158585,3556.670921210089,3521.505645618009,155493.0,5535805910.0,336576.0,-0.7722232634380146,14,uptrend_crowded_chase,0.468042948455523,0.0010234489952114512,0.004595878371200346,0.25,0.08333333333333333,0.0799704135890913,0.21804294845552302,-1.0988206548054567,0.009926001862181788,-0.748177410147702,0.603935364731196,0.468042948455523,0,1.0,1.0
2024-10-16,3544.881600189933,3586.655631090501,3606.877530707021,3542.658155270655,271710.0,9745993020.0,335974.0,-0.212298454961796,14,uptrend_crowded_chase,1.9017191042750148,0.012395036688616301,0.014777266149097912,0.45,0.18333333333333332,0.035244510914600014,0.3623665576607059,1.1467759142475695,0.017905085417091078,1.031929178981048,0.6851121724695489,1.9017191042750148,0,1.0,1.0
2024-10-17,3592.9921705076163,3530.7231193862267,3601.1122581455734,3529.778296440522,228588.0,8204406210.0,320640.0,-0.3383977419118839,14,uptrend_crowded_chase,1.151735715964338,-0.015594614442331789,-0.0028780150245739655,0.1,0.03333333333333333,-0.011929557034740412,-1.2716089115514837,0.610113151179977,0.02020378242444908,1.4933582807486987,0.013245064806738371,1.151735715964338,0,1.0,1.0
2024-10-18,3537.572653689002,3579.811426381544,3590.918815068117,3532.510914257886,260789.0,9324247500.0,326175.0,-0.2237223959029375,14,uptrend_crowded_chase,1.2572085273053273,0.013903187912353454,0.020095256787006743,0.35,0.13333333333333333,-0.02299112082101651,-0.18132771203535847,1.1492047043949485,0.016315915519960686,0.6652123502157059,0.8098307158365254,1.2572085273053273,0,1.0,1.0
2024-10-21,3599.262443327344,3585.463902824496,3611.228120733177,3566.6877892477664,195942.0,7048137840.0,330289.0,-0.5221493317136678,14,uptrend_crowded_chase,0.912251432715683,0.0015789872062241805,0.013094441365561371,0.45,0.16666666666666666,-0.003433510900553216,0.4622514327156829,-0.09398685347430501,0.012422473825583192,-0.3122223681383544,0.42155307225047856,0.912251432715683,0,1.0,1.0
2024-10-22,3582.3759726508147,3572.4298623284385,3593.4898478067325,3561.292474812116,132121.0,4746946960.0,331441.0,-0.9197316455312112,14,uptrend_crowded_chase,0.8092458626129448,-0.0036352452149329695,0.008379569588025548,0.35,0.11666666666666667,-0.015374163064944213,0.45924586261294487,-1.2328728472432238,0.009012737614288967,-0.7608289428392361,0.3459098205988662,0.8092458626129448,0,1.0,1.0
2024-10-23,3578.173084020546,3604.4898088061054,3608.1205371454353,3576.40697062294,169987.0,6157665620.0,332542.0,-0.6710442043702131,14,uptrend_crowded_chase,0.9315795761958064,0.0089742689746668,0.004972369680827704,0.7,0.36666666666666664,-0.010267608108547321,0.23157957619580652,-0.19809892078258318,0.00879835100241256,-0.7551983069989006,0.8855149786841386,0.9315795761958064,0,1.0,1.0
2024-10-24,3595.793625287004,3563.972894963736,3601.436534231282,3551.643428063943,167226.0,6028664960.0,323593.0,-0.6601403623526624,14,uptrend_crowded_chase,0.536009095788828,-0.011240679261565023,0.009417270755371243,0.35,0.11666666666666667,0.009167554849918602,-1.567065181920727,-0.2645132449422655,0.013971235931031408,0.37201819157765614,0.2476139339120098,0.536009095788828,0,1.0,1.0
2024-10-25,3563.26480757574,3565.2381201289554,3571.359843887653,3552.2238145592164,111520.0,3980291010.0,319490.0,-1.0525220274110163,14,uptrend_crowded_chase,0.4,0.00035500414916378453,-0.004070970371564897,0.4,0.13333333333333333,-0.020708072728581328,-2.402378073057472,-2.744212705692741,0.005367391653420432,-1.6059137946648598,0.6800943574223886,0.4,0,1.0,1.0
2024-10-28,3561.0596515836537,3536.2050887197724,3569.740714223185,3522.2588275361286,188733.0,6726976350.0,301962.0,-0.469967863795554,14,uptrend_crowded_chase,0.46914961381725495,-0.00814336390191317,-0.013738477206790223,0.2,0.06666666666666667,-0.0896668471410429,-4.164727034760407,0.29050281156506397,0.01342735658588357,0.24779641606944589,0.2937175027513304,0.46914961381725495,0,1.0,1.0
2024-10-29,3535.56956221718,3496.297634636466,3536.714170548191,3492.2604725942056,151650.0,5362553380.0,300123.0,-0.6826171564945775,14,uptrend_crowded_chase,0.0,-0.01128539015189145,-0.02131104895712388,0.0,0.0,-0.09925742427276774,-3.2158306880291554,-0.582738773949103,0.01271450620038744,-0.03886497949887508,0.09081723744195895,0.0,0,1.0,1.0
2024-10-30,3499.008064596622,3499.4559325307405,3512.696379199459,3485.218790072665,184935.0,6559120100.0,295127.0,-0.4674013601835848,14,uptrend_crowded_chase,0.10256060880067841,0.0009033263824529403,-0.02913973456625052,0.05,0.016666666666666666,-0.11936039573600432,-3.5283832373381308,0.1051212176013568,0.007851960320849883,-0.9640043846798023,0.5181365218170685,0.10256060880067841,0,1.0,1.0
2024-10-31,3503.468999808367,3484.015979538439,3507.5142630311,3479.632767124788,100310.0,3554192670.0,288932.0,-1.0579259754133874,14,uptrend_crowded_chase,0.0,-0.0044121009922636345,-0.02243477090925261,0.0,0.0,-0.11329518699758268,-2.735374242504391,-2.998620500999264,0.00800268887113593,-0.843356335828714,0.15720865294958405,0.0,0,1.0,1.0
2024-11-01,3479.299890658196,3480.84007625942,3495.178985390968,3470.535631645639,121092.0,4262579710.0,289538.0,-0.8717359619231868,14,uptrend_crowded_chase,0.0,-0.0009115639244110518,-0.023672484424822282,0.0,0.0,-0.09843942522965143,-2.209253511899788,-1.6971417795412378,0.007079714438306301,-0.9046541398872471,0.41814294922151785,0.0,0,1.0,1.0
2024-11-04,3488.1552387449315,3538.0292413151483,3587.7006785832505,3487.09290084874,477552.0,17137858620.0,309562.0,0.4335146593506792,14,uptrend_crowded_chase,4.9927388499811185,0.01642970196929716,0.0005158503394484537,0.45,0.15,0.024857213521118027,-0.04020956774448368,4.154249082032253,0.028436106903715886,4.931228617929984,0.5062863092038664,4.9927388499811185,0,1.0,1.0
2024-11-05,3538.5370451570466,3535.5879859798747,3554.800510614155,3526.5610485242364,155612.0,5560187390.0,309555.0,-0.6877700527209412,14,uptrend_crowded_chase,0.5700076617676172,-0.000690004284522594,0.011237702120716175,0.4,0.13333333333333333,0.03094339168502991,0.17000766176761717,-0.0873622596073731,0.007987203882890247,-0.23095232991052989,0.3196568485226527,0.5700076617676172,0,1.0,1.0
2024-11-06,3540.2203692731746,3501.170845759668,3558.024193109715,3499.1774958395813,164567.0,5862751650.0,303455.0,-0.611915547208996,14,uptrend_crowded_chase,1.5482579477194385,-0.009734488395334973,0.0004900513856984645,0.2,0.06666666666666667,0.02782755715301377,-0.12729837178215064,0.09170899797789026,0.01680771943517233,2.604806897460987,0.033873607399513575,1.5482579477194385,0,1.0,1.0
2024-11-07,3517.3065664569995,3548.0849406311468,3557.123467977762,3516.7218423905338,174151.0,6241031160.0,308074.0,-0.5704172748842762,14,uptrend_crowded_chase,1.4399181500231435,0.013399544591860657,0.018389399322214395,0.65,0.25,0.0641486475473041,0.49641935446772684,0.3684696555063848,0.011386882293759747,0.21852793560444833,0.7762830773454662,1.4399181500231435,0,1.0,1.0
2024-11-08,3566.0541093270936,3584.333514551391,3598.995683385284,3556.5248750575283,243265.0,8836893330.0,318217.0,-0.2685821558764755,14,uptrend_crowded_chase,3.5260172226987523,0.010216377151837985,0.029732316344503573,0.85,0.36666666666666664,0.09444699080155594,1.5059002809747377,1.824507516489521,0.011849011303031917,0.5157263669585084,0.6547706669309903,3.5260172226987523,1,0.0,0.0
2024-11-11,3558.2143330974,3554.674180756907,3564.853603731725,3519.281793002451,165899.0,5975012000.0,315230.0,-0.641923361668907,14,uptrend_crowded_chase,1.9335812735329423,-0.008274713743594342,0.004704579387696528,0.6,0.26666666666666666,0.018144135955157736,1.2216654403299985,-0.12481759459909314,0.012820249736522956,0.22383166640588767,0.7766289552265024,1.9335812735329423,0,1.0,1.0
2024-11-12,3544.6776230811465,3532.841670919718,3558.183530380896,3521.627558347727,127261.0,4575867220.0,311541.0,-0.8952908550515776,14,uptrend_crowded_chase,0.8148770890136039,-0.006141915890738536,-0.0007767633194385448,0.3,0.13333333333333333,0.006395168439803811,0.5148770890136039,-1.7750936781576911,0.010347469668419255,-0.23652359494039524,0.30676554194253436,0.8148770890136039,0,1.0,1.0
2024-11-13,3539.544433065482,3531.88262963666,3548.223958316613,3526.610248660092,98341.0,3543547370.0,310811.0,-1.1507439796683774,14,uptrend_crowded_chase,0.528453315452118,-0.00027146455244575485,0.008771860965935963,0.3,0.13333333333333333,0.02395168107736012,0.228453315452118,-1.8728287397027006,0.006119600202780313,-1.1148816191740927,0.2439368835963495,0.528453315452118,0,1.0,1.0
2024-11-14,3534.408977668484,3488.348053018793,3537.1547015919814,3483.5345081102464,162320.0,5753290870.0,300799.0,-0.6168725720845144,14,uptrend_crowded_chase,0.6477422175317779,-0.012326167424863033,-0.016836374723804504,0.1,0.03333333333333333,-0.023897746254013086,-1.5779694727133133,0.03778991663578174,0.015371228061756174,1.057694518427774,0.08977112158661488,0.6477422175317779,0,1.0,1.0
2024-11-15,3488.6009365693167,3448.921144389808,3490.1723831444056,3445.394272680864,149694.0,5231249400.0,301995.0,-0.701817250484391,14,uptrend_crowded_chase,0.12471056367185467,-0.011302458364171875,-0.037778953775324364,0.0,0.0,-0.052323079048713694,-1.3598288360143935,-0.3777982037683248,0.012983222459689988,0.24942112734370933,0.07876329913062026,0.12471056367185467,0,1.0,1.0
2024-11-18,3438.1287697684497,3430.711979669533,3444.65131481059,3418.6525506022235,119310.0,4130403760.0,309683.0,-0.9538240457540323,14,uptrend_crowded_chase,0.022104623394876264,-0.005279669774385876,-0.034873013610766,0.0,0.0,-0.017753337477850906,0.022104623394876264,-2.8054641219822636,0.0075782415902109325,-1.277187368271106,0.46384624171592553,0.022104623394876264,0,1.0,1.0
2024-11-19,3431.635064222552,3442.718448421548,3447.5808390047764,3428.1418069437973,98261.0,3411093010.0,314802.0,-1.1643166659932898,14,uptrend_crowded_chase,0.9773847952541078,0.0034997017596247737,-0.025510122131996882,0.05,0.016666666666666666,0.010412919009217703,0.9273847952541078,-4.286307941995343,0.0056464193491895095,-1.6123799467306983,0.7498645730931857,0.9773847952541078,0,1.0,1.0
2024-11-20,3430.77704894148,3432.439577367679,3435.186974763915,3417.2729222404287,103043.0,3567097480.0,321982.0,-1.1393492665217473,14,uptrend_crowded_chase,1.6914981967509846,-0.0029856844838944685,-0.02815582019474172,0.05,0.016666666666666666,0.03531063295820758,1.6414981967509845,-1.7801136905490302,0.005219043808259645,-1.686413182476377,0.8466345126188478,1.6914981967509846,0,1.0,1.0
2024-11-21,3437.636176539975,3449.123085111947,3453.630056817316,3426.7343345749464,110241.0,3845170710.0,325019.0,-1.0812147638176222,14,uptrend_crowded_chase,2.59356952933487,0.004860539382622653,-0.01124456829154441,0.2,0.06666666666666667,0.07744137455731703,2.39356952933487,-0.7279794752976447,0.007797843561589419,-0.7660476157791055,0.8324279353885912,2.59356952933487,0,1.0,1.0
2024-11-22,3443.253063230483,3418.256835597876,3447.7059298736,3413.126137382674,128626.0,4420564170.0,333548.0,-0.9528778143726356,14,uptrend_crowded_chase,3.3079760947391885,-0.008949013634017455,-0.008890985762841308,0.0,0.0,0.09937632208859348,3.12872848024616,0.13782351108473592,0.010116206638076523,0.2206717179013212,0.1483727300141615,3.3079760947391885,0,1.0,1.0
2024-11-25,3420.656628343781,3446.057064965302,3455.2368686572413,3419.266156625353,186384.0,6507729380.0,334163.0,-0.5838198362264158,14,uptrend_crowded_chase,3.357556524442055,0.008132867336916538,0.004472857350516168,0.2,0.06666666666666667,0.07607970424209576,2.247635360148364,1.494842556330446,0.010438222975930526,0.32499977225693605,0.7447978320862415,3.357556524442055,0,1.0,1.0
2024-11-26,3455.955675972331,3462.663592614957,3477.9005048190006,3452.6356407519315,142726.0,5008811450.0,327906.0,-0.831800273638084,14,uptrend_crowded_chase,1.5834712133261568,0.004818993805554506,0.005793428795361821,0.35,0.11666666666666667,0.04078311218163755,0.9680721803500834,0.5307980659521472,0.007296366912729573,-0.5187295396413907,0.3969129553361093,1.5834712133261568,0,1.0,1.0
2024-11-27,3468.223435615705,3466.2948956509044,3476.1262348799537,3451.558817221516,104608.0,3672412190.0,328896.0,-1.1455215608279643,14,uptrend_crowded_chase,1.1672796625939408,0.0010487022313376837,0.00986333991323729,0.4,0.13333333333333333,0.02124594800897306,0.7672796625939409,-0.6108199207588488,0.007087515170524532,-0.18123913261963803,0.5998220339746311,1.1672796625939408,0,1.0,1.0
2024-11-28,3463.1080829320545,3439.3627634952445,3472.764417985806,3428.1783469971915,157221.0,5481933390.0,328801.0,-0.7378002456806183,14,uptrend_crowded_chase,1.780391616755243,-0.007769717512912999,-0.0028297980025221436,0.15,0.05,0.01156906238054134,0.37927843777508574,0.9101031380856585,0.012963468541859821,1.5921232198746558,0.25085001324537004,1.780391616755243,0,1.0,1.0
2024-11-29,3446.8210600268244,3488.500910072953,3493.5750715840795,3441.88264097347,225338.0,7927595980.0,337885.0,-0.4051041036834191,14,uptrend_crowded_chase,4.133130977409958,0.014286991502975965,0.02054967717567391,0.6,0.21666666666666667,0.012918817867980437,1.3149293089732215,2.284597856702849,0.014817949584404242,2.1518054801706232,0.9018393708481361,4.133130977409958,0,1.0,1.0
2024-12-02,3497.251051822514,3500.810441359724,3534.5594572680534,3477.457808315862,216125.0,7621786990.0,345070.0,-0.4678903509975028,14,uptrend_crowded_chase,4.9792925395433185,0.00352860199956595,0.015888702758604323,0.6,0.26666666666666666,0.03211839711712017,2.0154951232400182,2.1251928804096134,0.016310979959832616,2.6024019521969866,0.408966001374389,4.9792925395433185,0,1.0,1.0
2024-12-03,3496.433582180036,3495.722084772263,3506.0779574365533,3473.5620561659584,131984.0,4650216170.0,349218.0,-0.9730156659103544,14,uptrend_crowded_chase,3.3274979087881986,-0.0014534796078489176,0.009547127889585338,0.6,0.23333333333333334,0.062969387083875,2.6826281622753276,-0.06647033498581587,0.009301626525814972,0.08973949302574169,0.6815135899783409,3.3274979087881986,0,1.0,1.0
2024-12-04,3500.818250493605,3477.349161138625,3507.182270295019,3460.158260864637,141091.0,4962939580.0,352144.0,-0.9146351105778334,14,uptrend_crowded_chase,3.9074320077744984,-0.005255830752013302,0.0031890724305050355,0.5,0.16666666666666666,0.06829859148255046,2.85845838020884,0.07587595168497353,0.013522947294422449,1.0220713034463436,0.36557708460480065,3.9074320077744984,0,1.0,1.0
2024-12-05,3470.8826117609083,3439.605953669057,3471.7348203642828,3414.2069861785258,213708.0,7387384190.0,342881.0,-0.4727728509113802,14,uptrend_crowded_chase,2.828100365919301,-0.010854017160936813,7.070791612728833e-05,0.2,0.06666666666666667,0.04193074365331739,1.082708745474787,1.555940536621502,0.016725123447466874,1.5348427042675263,0.4415074520017206,2.828100365919301,0,1.0,1.0
2024-12-06,3430.720895204967,3426.1683789937565,3442.749754550915,3421.488628730166,125517.0,4316308600.0,340375.0,-0.9976067434283836,14,uptrend_crowded_chase,0.45277576948760556,-0.003906719216184129,-0.017867999087864073,0.05,0.016666666666666666,0.007342350090928207,0.4027757694876056,-0.6432060692603153,0.006205511075025795,-1.343848945838434,0.22010830014577298,0.45277576948760556,0,1.0,1.0
2024-12-09,3434.356919103828,3517.4860976334844,3518.8844087076995,3430.8836163410097,298089.0,10533145180.0,356558.0,-0.1791048198342427,14,uptrend_crowded_chase,4.666185245044304,0.02665301542084375,0.004763370240430387,0.85,0.38333333333333336,0.032749624467472316,1.4480827791012503,2.3477821165483648,0.025018092445595053,2.388422815337744,0.9841102445033844,4.666185245044304,0,1.0,1.0
2024-12-10,3527.6078434128485,3504.24786472611,3544.059684374455,3495.326988051092,258167.0,9206165500.0,346911.0,-0.2954616005557541,14,uptrend_crowded_chase,1.99612770648796,-0.0037635494611566456,0.0024389181253814396,0.85,0.36666666666666664,-0.006628106129412004,0.39595189194206953,1.3797743611072322,0.013906749238234055,0.12057726798454886,0.1830573177364129,1.99612770648796,0,1.0,1.0
2024-12-11,3507.7618201639275,3522.7120725567243,3530.8875933546715,3493.342546347975,184953.0,6548637070.0,350953.0,-0.640550572619065,14,uptrend_crowded_chase,1.7815999822779507,0.005269092981827983,0.013045256405383787,0.95,0.4166666666666667,-0.003387871486177474,0.8213482758683801,0.020503412819141108,0.010657994815752036,-0.7355225730465723,0.7822476877845163,1.7815999822779507,0,1.0,1.0
2024-12-12,3511.1999351316595,3500.129143581832,3512.96467832766,3491.7496225581094,158341.0,5614581460.0,342216.0,-0.770691181401026,14,uptrend_crowded_chase,0.8,-0.0064106655638482835,0.017595966144963393,0.8,0.3333333333333333,-0.0019413315453213897,-0.4833453667452312,-0.619079847418621,0.006061220857651024,-1.8415720006822376,0.3949799196733491,0.8,0,1.0,1.0
2024-12-13,3492.19697093546,3492.3198652812603,3510.753366444977,3479.969681525712,166604.0,5893468490.0,348875.0,-0.7390939528081283,14,uptrend_crowded_chase,1.1444441279942668,-0.0022311400466156206,0.01930771607521864,0.7,0.2833333333333333,0.024665740862563013,0.4444441279942668,-0.48769844186211436,0.008814680815838078,-1.0895162654807826,0.4011925079125026,1.1444441279942668,0,1.0,1.0
2024-12-16,3481.6693444211214,3526.052151491005,3528.503024603073,3470.33131877004,187335.0,6576262010.0,356404.0,-0.6431664608950716,14,uptrend_crowded_chase,3.058921993214062,0.0096589910177165,0.0024352772462366,1.0,0.4666666666666667,-0.0004320005901998769,1.5595102355126937,0.20573172940981285,0.01649768730971113,0.793091785992924,0.95786829564355,3.058921993214062,0,1.0,1.0
2024-12-17,3519.02272319627,3505.5275429091485,3533.981804138425,3499.18007893825,153319.0,5380185010.0,351615.0,-0.8300161088322642,14,uptrend_crowded_chase,1.2210303683349732,-0.005820846572895388,0.00036517912899936,0.85,0.4166666666666667,0.013468564117742332,0.37103036833497327,-0.4397128065977175,0.009927671306012326,-0.37974416558323426,0.18238934806790735,1.2210303683349732,0,1.0,1.0
2024-12-18,3496.0377168712976,3468.4371000663145,3496.5824388742776,3460.586728294301,173916.0,5993058450.0,348339.0,-0.6946037195126842,14,uptrend_crowded_chase,0.45,-0.010580559527440858,-0.01540715544515614,0.45,0.2,-0.007476167825073432,-0.22520078967395551,-0.03773004204454695,0.010378077947352285,-0.3006618121374529,0.21809186832334881,0.45,0,1.0,1.0
2024-12-19,3470.717136099763,3457.7511136963767,3480.765226064777,3447.6631704028696,143522.0,4935354590.0,347267.0,-0.8836056029662442,14,uptrend_crowded_chase,0.3,-0.003080922635077754,-0.012107561791873778,0.3,0.16666666666666666,0.014651819871730254,-0.20652901053875658,-1.0682877101912407,0.00957329043457985,-0.16548570442047184,0.3047527741642936,0.3,0,1.0,1.0
2024-12-20,3457.625643298755,3497.518347706853,3501.623562801393,3454.902716534073,167920.0,5832929550.0,355167.0,-0.7491004258842575,14,uptrend_crowded_chase,2.718406379444671,0.011500895438354641,0.0014885470478445129,0.65,0.36666666666666664,0.017874409540148406,1.6438206553747452,-0.09161440911461877,0.0133582848244248,0.8491714481398513,0.9121331178153069,2.718406379444671,0,1.0,1.0
2024-12-23,3487.386231382934,3474.866541353384,3493.708584231507,3464.633860180311,160293.0,5546394070.0,354312.0,-0.7931744903601401,14,uptrend_crowded_chase,1.4402101534116243,-0.006476536818833423,-0.014516407568157197,0.4,0.23333333333333334,-0.0058870379783328985,1.0402101534116241,-0.505269281121368,0.008367148408488807,-0.6385917695856178,0.3519442232729375,1.4402101534116243,0,1.0,1.0
2024-12-24,3469.522201835897,3462.2246584498266,3478.098302184493,3461.1098483132064,113837.0,3932714030.0,353096.0,-1.1319723739760177,14,uptrend_crowded_chase,0.9540013056830299,-0.003638091636933405,-0.01235274403902864,0.2,0.18333333333333332,0.004203147617486636,0.7540013056830298,-3.6596507287442632,0.004906802864402555,-2.2653761253746105,0.06562163602801105,0.9540013056830299,0,1.0,1.0
2024-12-25,3455.659716342981,3476.435649282957,3503.220619937107,3453.200502303404,214217.0,7418881300.0,354930.0,-0.5049310669899089,14,uptrend_crowded_chase,4.016538819898561,0.0041045836810293945,0.0023060960847436363,0.4,0.26666666666666666,0.018744443392616716,0.8193049218061553,2.8967442894759254,0.014388334109972738,2.6977235067088867,0.4645160403200929,4.016538819898561,0,1.0,1.0
2024-12-26,3477.6330931201446,3458.614590322716,3484.193277784034,3455.5910667605067,136872.0,4747466760.0,356195.0,-0.9564321511768608,14,uptrend_crowded_chase,1.0180896313786887,-0.005126244452106188,0.0002497220297086322,0.2,0.18333333333333332,0.025384397179550433,0.8180896313786887,-1.897060599313762,0.008269846285722847,-0.4001791423682889,0.10570943483083894,1.0180896313786887,0,1.0,1.0
2024-12-27,3466.4493840808595,3476.6809368734566,3488.130929086341,3461.8487811343743,141621.0,4903764480.0,345148.0,-0.8908188352023769,14,uptrend_crowded_chase,0.4,0.005223579002208156,-0.00595777027075739,0.4,0.3,-0.028614790846004823,-2.552302905153058,-0.997428854930077,0.007559551316089966,-1.0319683951306253,0.5643433621251045,0.4,0,1.0,1.0
2024-12-30,3470.2085160019133,3386.9858277825474,3476.4405864711766,3385.7350885094647,304805.0,10313255860.0,359859.0,-0.1660400601846477,14,uptrend_crowded_chase,7.110216370300352,-0.02579906258857656,-0.02529038526371985,0.0,0.0,0.015534407162169472,1.7984354331222214,4.366471097551032,0.02678059566050697,6.257090776805227,0.013789012807257035,7.110216370300352,0,1.0,1.0
2024-12-31,3384.9967566928403,3370.7668510142003,3394.853232136121,3362.8065453768563,193972.0,6540362330.0,345543.0,-0.5774032740219461,14,uptrend_crowded_chase,0.6992280772717803,-0.004788616661843492,-0.02641590782169967,0.0,0.0,-0.02162288186274175,-2.4330786822083663,1.3984561545435605,0.009507239205708416,-0.08937022414558969,0.24839714935718463,0.6992280772717803,0,1.0,1.0
2025-01-02,3368.434778545794,3361.1735306882297,3373.8569032051378,3352.693629550625,135729.0,4535291770.0,350232.0,-0.947935541318787,14,uptrend_crowded_chase,0.0,-0.002846034967705968,-0.03315525734483282,0.0,0.0,-0.013324794900126946,-0.5965866010689022,-0.8130327312384081,0.006296394238883469,-1.3459685458462296,0.40068948103388446,0.0,0,1.0,1.0
2025-01-03,3352.3453566252456,3303.338682037261,3354.408952006884,3285.744927995024,248533.0,8172133180.0,354790.0,-0.3559504316446698,14,uptrend_crowded_chase,3.7919551624006624,-0.017206742860171875,-0.04489540659428215,0.0,0.0,-0.003952268553883087,0.24507634696017144,3.1160573888348697,0.02078625010061425,3.977700242046113,0.2562295801247834,3.7919551624006624,0,1.0,1.0
2025-01-06,3287.2907173043272,3295.8977159221395,3315.4440058584973,3273.672630498552,170375.0,5555346910.0,361415.0,-0.7520249925374447,14,uptrend_crowded_chase,3.4065873264604227,-0.002252559253334785,-0.0519987954701111,0.0,0.0,0.04605357200351179,2.9601208179066782,0.1373644517478817,0.012673747476492473,0.7555685653596074,0.5320649663094222,3.4065873264604227,0,1.0,1.0
2025-01-07,3300.889232976657,3290.944605275998,3309.778479803001,3270.8495467119496,164045.0,5342190170.0,368916.0,-0.8104281954196858,14,uptrend_crowded_chase,3.479403400986504,-0.001502810788761244,-0.02835595641373767,0.0,0.0,0.024856687787602638,3.1735448286577213,-0.025774831535217584,0.011829106156524523,0.6117171446575654,0.5161985435626465,3.479403400986504,0,1.0,1.0
2025-01-08,3295.1277762715545,3294.2964007506457,3303.9235793297908,3264.447616240944,195763.0,6353667760.0,374078.0,-0.6475595879148452,14,uptrend_crowded_chase,3.064266070724366,0.0010184903961234504,-0.02268636593496398,0.05,0.016666666666666666,0.07934723904764773,2.6237402505769403,0.5212915309335522,0.011983124250705402,0.2597601093612995,0.7561255552530124,3.064266070724366,0,1.0,1.0
2025-01-09,3297.8125148939016,3285.033335932019,3315.57434606948,3278.3742304596008,188554.0,6183165690.0,384810.0,-0.7133652679685736,14,uptrend_crowded_chase,3.4522667170268546,-0.002811849236309172,-0.02265286039564296,0.0,0.0,0.09415391394631456,3.3927337135898297,0.11906600687405014,0.011324121190181089,-0.1283158830485777,0.1790076553055034,3.4522667170268546,0,1.0,1.0
2025-01-10,3286.0633615546785,3284.0824767448435,3291.51476325002,3273.253681681099,112947.0,3685280520.0,388946.0,-1.236521834365377,14,uptrend_crowded_chase,2.150275259433386,-0.0002894519141631857,-0.00582931607864734,0.0,0.0,0.091914451356363,2.150275259433386,-1.9220685026909248,0.005560482021456893,-1.5095677588935916,0.592998559415789,2.150275259433386,0,1.0,1.0
2025-01-13,3284.769176317354,3309.8457894440667,3316.7892817016696,3277.725542665636,168344.0,5520866220.0,390946.0,-0.8425599380944562,14,uptrend_crowded_chase,1.977733969980632,0.007844904286557153,0.004231949752125264,0.3,0.1,0.07854256047663633,1.6527255196738728,-0.26091153035721404,0.011802283707784078,0.05001690061351831,0.8222522362440006,1.977733969980632,0,1.0,1.0
2025-01-14,3314.128280755968,3316.8156713663734,3331.982139387431,3308.79174761113,154581.0,5073290610.0,387471.0,-0.9189227764831764,14,uptrend_crowded_chase,1.4859184126978522,0.0021058026161022703,0.007861288837526903,0.35,0.11666666666666667,0.04907203143350003,1.135918412697852,-1.1292768404186466,0.006991763810241314,-2.0550692980758285,0.34600207847472647,1.4859184126978522,0,1.0,1.0
2025-01-15,3314.2654705518944,3326.4923932414567,3333.958805557783,3299.3500703029563,137472.0,4492368990.0,382686.0,-1.0237945495769696,14,uptrend_crowded_chase,0.8550036902362057,0.0029174735149199993,0.009773253093885215,0.4,0.13333333333333333,0.022750477763805677,0.4550036902362057,-1.157519983497164,0.010403972462147295,-0.49384991102636644,0.7842622025523213,0.8550036902362057,0,1.0,1.0
2025-01-16,3325.353363666247,3310.2355744715737,3332.542279977667,3295.853787236197,145474.0,4727760950.0,390263.0,-0.9868234943344416,14,uptrend_crowded_chase,1.140466870777916,-0.004887075287745235,0.007671836466281778,0.35,0.11666666666666667,0.014071164840341766,0.7904668707779159,-0.6187362305361283,0.011083347972093075,-0.2851889798042083,0.39199722203688414,1.140466870777916,0,1.0,1.0
2025-01-17,3309.841436875228,3332.5762382423377,3363.661557554912,3302.487805688888,281810.0,9264968010.0,374543.0,-0.2844735311303113,14,uptrend_crowded_chase,4.754342915824971,0.006748964920519462,0.014766304391222507,0.5,0.16666666666666666,-0.037733900376018426,-0.9243939031997503,2.746765004675013,0.018356294798011423,5.761920826974928,0.49185200573190335,4.754342915824971,0,1.0,1.0
2025-01-20,3318.2521595963617,3329.301629973171,3336.986238179645,3309.74324902078,171678.0,5602190520.0,370865.0,-0.7702174857509995,14,uptrend_crowded_chase,0.5846288547005454,-0.0009826056585260368,0.005878171300655266,0.5,0.16666666666666666,-0.052731328045862114,-1.3001772673448078,0.1692577094010907,0.008182793926990905,-2.8672724093515334,0.7179234568695172,0.5846288547005454,0,1.0,1.0
2025-01-21,3329.212369905094,3336.6793347858456,3344.5108723389244,3318.698083403257,125451.0,4099318650.0,362590.0,-1.0613574752574784,14,uptrend_crowded_chase,0.6,0.002215991710169618,0.00598877519512242,0.6,0.2,-0.06636828794172267,-2.1594465897295145,-1.4622144406449171,0.007736071209049559,-2.962231897398664,0.6966024255419625,0.6,0,1.0,1.0
2025-01-22,3340.043873378377,3329.340941154166,3349.4198752502707,3323.13701810916,119104.0,3894666470.0,358666.0,-1.1023945322960476,14,uptrend_crowded_chase,0.55,-0.002199310420745171,0.000856321787627401,0.55,0.18333333333333332,-0.06482321626742582,-2.573789769638096,-1.2951981407653914,0.007894312299538532,-1.0114167330497001,0.23604446851792266,0.55,0,1.0,1.0
2025-01-23,3324.646166352091,3329.194233774591,3340.1173921401232,3316.1913143709908,118071.0,3848097470.0,348096.0,-1.081192165365383,14,uptrend_crowded_chase,0.5,-4.406499129050445e-05,0.005727284018462564,0.5,0.16666666666666666,-0.11434256701971535,-3.7128600708309043,-1.0280450171905846,0.007186747329549899,-0.7437932277937956,0.5434622226454291,0.5,0,1.0,1.0
2025-01-24,3331.841841687642,3354.408653381736,3363.7498802535947,3330.2816505548544,151895.0,4983387640.0,320915.0,-0.74798679788957,14,uptrend_crowded_chase,1.272587860852016,0.007573730409402124,0.006551212509068538,0.75,0.25,-0.15453032556849244,-3.8884858791783086,0.2786781529160964,0.009977385929111352,0.7664975687879355,0.7208927106111471,1.272587860852016,0,1.0,1.0
2025-01-27,3366.342772959472,3381.0199683709016,3388.6556941231056,3357.809637518357,137437.0,4533093640.0,299724.0,-0.7796964209053774,14,uptrend_crowded_chase,0.9090024616634187,0.00793323585137351,0.015534290414577656,0.9,0.3,-0.21297606378845657,-3.8052973059253623,-0.39411552584931137,0.009123299150348279,0.01800492332683742,0.7524569882612315,0.9090024616634187,0,1.0,1.0
2025-02-05,3352.172080524413,3369.9783262086007,3393.7896890797715,3342.3962631244617,145159.0,4832575510.0,310421.0,-0.7600997472887504,14,uptrend_crowded_chase,2.528935759399583,-0.0032657725377531754,0.009979679819874576,0.85,0.2833333333333333,-0.15534327868167885,-2.372637253403178,0.16875514261770633,0.015250372845314423,3.18911637618146,0.5366846551176323,2.528935759399583,0,1.0,1.0
2025-02-06,3363.088502422935,3325.97254259792,3367.401813896654,3313.442118370016,226286.0,7393785050.0,338925.0,-0.4039791580209297,14,uptrend_crowded_chase,3.5229470358879835,-0.013058180009184017,-0.0010117313353550372,0.45,0.15,-0.0566127493503803,-0.8606956235905664,3.3230086103404304,0.016223734512399175,2.8228854614355368,0.2322182159407875,3.5229470358879835,0,1.0,1.0
2025-02-07,3329.4026609158827,3350.643392584347,3355.6993596531624,3325.146008626175,122893.0,4035990950.0,337772.0,-1.0110570535802172,14,uptrend_crowded_chase,0.8,0.007417634893388758,0.006442747795293746,0.8,0.26666666666666666,-0.030107192145901962,-0.5698652707398866,-0.7207035886656844,0.009118651986244855,-0.1678074848651456,0.834520047756809,0.8,0,1.0,1.0
2025-02-10,3352.114900852544,3371.680007757815,3388.6559538149654,3349.767991397544,150141.0,4969442650.0,340302.0,-0.8182586060838729,14,uptrend_crowded_chase,1.7061625543242136,0.006278380808899531,0.005148852200421938,0.95,0.35,0.05865716809961796,-0.10269701400252874,0.2660516756253519,0.011533704956563235,1.2462734330230758,0.563465273008356,1.7061625543242136,1,0.0,0.0
2025-02-11,3374.511682140057,3373.2081054237883,3386.817350364342,3358.533861081111,91546.0,3018943090.0,345349.0,-1.327713921723246,14,uptrend_crowded_chase,1.1531605468310002,0.000453215507538518,-0.0023105048240449344,0.95,0.36666666666666664,0.14169344872118295,0.20316054683100035,-2.2694769426616563,0.008384744848013983,-0.38029328598794915,0.5188272279890714,1.1531605468310002,0,1.0,1.0
2025-02-12,3367.5991571762524,3364.7290959755305,3373.4369148040614,3353.5974159752104,105873.0,3479744480.0,352767.0,-1.2035675197496851,14,uptrend_crowded_chase,1.4467960361165053,-0.0025136336636403245,-0.001557645101823546,0.8,0.31666666666666665,0.12787834168300627,0.6467960361165053,-1.4061729335661213,0.0058963138674612845,-1.6656696883545539,0.5610867540732527,1.4467960361165053,0,1.0,1.0
2025-02-13,3362.72607569862,3381.425529772427,3383.177894766085,3357.3695214552577,130529.0,4300554200.0,357512.0,-1.007573503707019,14,uptrend_crowded_chase,2.1170492062790878,0.004962192592820269,0.01667271345878052,1.0,0.4166666666666667,0.05339008403883483,1.105525031793682,0.02304834897081147,0.007632394409870182,-0.6352854777060546,0.9321009126552448,2.1170492062790878,0,1.0,1.0
2025-02-14,3382.358230482525,3383.742167477952,3399.638279471499,3375.9475920992395,118458.0,3937516630.0,364442.0,-1.123808949332256,14,uptrend_crowded_chase,2.518750546355829,0.0006851068240680824,0.009878334103491593,1.0,0.43333333333333335,0.07599630504780919,1.5187505463558288,-0.6903434053179826,0.007001327583394837,-0.8353856804160573,0.3290143192653651,2.518750546355829,0,1.0,1.0
2025-02-17,3361.660576462228,3302.468654439967,3362.865271786736,3290.95361660883,369669.0,11920044150.0,401253.0,-0.0819841403966666,14,uptrend_crowded_chase,7.822227487945474,-0.024018825612402317,-0.020527260344576415,0.05,0.08333333333333333,0.16475869239499552,2.51768278887637,5.778179054616033,0.021775121190393393,4.730910343522177,0.16012755933164446,7.822227487945474,0,1.0,1.0
2025-02-18,3299.159012251205,3318.272617028758,3319.879836639663,3289.9283412548352,186583.0,6070347950.0,418081.0,-0.806799013358839,14,uptrend_crowded_chase,4.936461555689751,0.004785499649646363,-0.01628582840966719,0.2,0.16666666666666666,0.19111969373851956,3.7931058692686586,1.8867113728421843,0.009026231067068576,-0.02819901579634162,0.9463392531740018,4.936461555689751,0,1.0,1.0
2025-02-19,3328.005139823894,3325.293627931929,3337.522714569506,3323.3228194500803,120960.0,3904738880.0,413806.0,-1.2299373525334367,14,uptrend_crowded_chase,3.890812614990231,0.002115863195549572,-0.01172025055175141,0.2,0.18333333333333332,0.159589482621886,3.690812614990231,-0.4225600603066488,0.004270268044947707,-1.4292815320397605,0.13879035480711605,3.890812614990231,0,1.0,1.0
2025-02-20,3329.2714445331976,3337.4560622562026,3343.0754342491755,3325.159941406864,109722.0,3533643570.0,410433.0,-1.319262805860075,14,uptrend_crowded_chase,2.734655742201351,0.003657551989427521,-0.013003234029283384,0.55,0.31666666666666665,0.13804377197633677,2.1846557422013513,-0.5541546475019397,0.00536800859940011,-0.9975325357249352,0.6863400832768868,2.734655742201351,0,1.0,1.0
2025-02-21,3344.5689035321234,3330.3907123164736,3359.08494475814,3329.5432032075287,140163.0,4547919550.0,416767.0,-1.089721281571965,14,uptrend_crowded_chase,2.5090651896526457,-0.0021169866532873005,-0.01576699775599144,0.4,0.2833333333333333,0.13415989593816846,1.5473204968304615,0.762717200705059,0.008870353091413511,0.36077218493930946,0.02868852899186536,2.5090651896526457,0,1.0,1.0
2025-02-24,3340.533061475576,3354.244945519609,3361.5089671768405,3321.97755669986,182899.0,5919037920.0,404641.0,-0.7940661663378324,14,uptrend_crowded_chase,2.7168201255645634,0.007162592999949702,0.015678056780351834,0.6,0.36666666666666664,0.008408103199354144,0.47775748579331173,1.6502892965612164,0.011785487082505423,1.6278359829812867,0.8162468384106439,2.7168201255645634,0,1.0,1.0
2025-02-25,3356.899633518836,3351.014256619145,3358.178117249294,3344.993307423395,97695.0,3176169510.0,400656.0,-1.411252823110016,14,uptrend_crowded_chase,0.55,-0.0009631642748032521,0.00986707343524551,0.55,0.36666666666666664,-0.042571989879672145,-0.10876277135325625,-1.106375150894052,0.003934572883375623,-1.7558759434164906,0.4566580235327275,0.55,0,1.0,1.0
2025-02-26,3359.5021941929444,3353.154665321922,3366.126768654386,3334.388403376164,122724.0,3984132710.0,404538.0,-1.1928077436139686,14,uptrend_crowded_chase,1.0344154420612823,0.0006387345856704307,0.008378519465458423,0.55,0.38333333333333336,-0.02265158973881576,0.0883072050784506,-0.10370065093158556,0.009465225569955866,0.7922164739656634,0.591280041717675,1.0344154420612823,0,1.0,1.0
2025-02-27,3357.5990298652696,3348.5154794578284,3357.940754773688,3342.4449543076803,92738.0,3002924370.0,403341.0,-1.4700040449431702,14,uptrend_crowded_chase,0.4,-0.0013835287444601274,0.003313726681438034,0.4,0.35,-0.017430341974140617,-0.11309590257054485,-1.7133226149625314,0.004627662784021677,-1.1826355389645855,0.39175292450782245,0.4,0,1.0,1.0
2025-02-28,3347.807149149472,3354.5875573464327,3358.179848578044,3336.3655335061508,129444.0,4177404350.0,394096.0,-1.1133461792599613,14,uptrend_crowded_chase,0.7631441857528503,0.0018133641387816368,0.007265467364076628,0.65,0.45,-0.05593277819931686,-1.4703383478420515,0.22628837150570044,0.006502830735218329,-0.3289823711172557,0.8353241337272201,0.7631441857528503,0,1.0,1.0
2025-03-03,3355.168822309124,3389.1253194517417,3395.751633937429,3354.5732461946573,193425.0,6357597670.0,392078.0,-0.7065709591529677,14,uptrend_crowded_chase,2.29420335046257,0.010295680620907355,0.010398875007242347,1.0,0.6333333333333333,-0.03153945466265817,-1.7575825681511614,1.4686956610018336,0.012150151989491183,1.1197110399233068,0.8390827118565302,2.29420335046257,0,1.0,1.0
2025-03-04,3384.3432081827714,3383.65108382529,3387.985389983307,3374.4565121625183,107768.0,3565546860.0,394344.0,-1.2972428564213727,14,uptrend_crowded_chase,0.9,-0.0016152355284806408,0.00973938775153771,0.9,0.6,-0.015879578958850615,-0.9385973371002516,-0.5370480725450217,0.003998307593079014,-0.9252284278167595,0.6796255967840137,0.9,0,1.0,1.0
2025-03-05,3373.8562107279786,3350.487629089702,3374.1099019485778,3340.568897313543,160996.0,5304472350.0,391685.0,-0.889078425369973,14,uptrend_crowded_chase,1.7632057449746896,-0.009801085843075708,-0.0007953812151293427,0.35,0.36666666666666664,-0.032287729900540185,-1.0392043494916883,1.4303608887484935,0.010010783010754653,1.3960506012008858,0.2957195791863196,1.7632057449746896,0,1.0,1.0
2025-03-06,3347.351718649567,3343.7661605575468,3352.82604249546,3332.500715357943,107001.0,3516025900.0,399321.0,-1.3169274245096991,14,uptrend_crowded_chase,0.3,-0.0020061165048925744,-0.0014183356563280958,0.3,0.35,-0.010016753284158852,-0.23056017725088138,-0.5503316044538574,0.006078573130283695,-0.4029610204736165,0.5542565255350596,0.3,0,1.0,1.0
2025-03-07,3345.322991080337,3310.5190306147183,3357.162445508611,3306.271412240692,275200.0,8855959900.0,433223.0,-0.4537545009177142,14,uptrend_crowded_chase,6.479446878170287,-0.009943018843543983,-0.013136794308798327,0.05,0.15,0.0946580725356494,4.177166786975705,2.5785061637841826,0.015372524005237182,1.9260540186049806,0.08346496624787542,6.479446878170287,0,1.0,1.0
2025-03-10,3320.8442342304834,3296.3054788949567,3333.037059305062,3291.979306868795,237299.0,7709204870.0,459819.0,-0.6615119844315593,14,uptrend_crowded_chase,8.57092725271095,-0.004293451144161686,-0.027387550417226958,0.0,0.08333333333333333,0.15937213420090046,7.295214473014715,1.70868533912223,0.012455687950993884,0.8427402202702391,0.10536796998026306,8.57092725271095,0,1.0,1.0
2025-03-11,3285.0118898473293,3296.5537205857154,3304.6137732289167,3282.951959090384,137414.0,4485762550.0,461043.0,-1.210493047251949,14,uptrend_crowded_chase,6.763152893180008,7.530906718078434e-05,-0.025740645557670527,0.05,0.1,0.1562676893171897,6.596484108961027,0.23333756843796127,0.00657104842650151,-0.25961062775179594,0.627914236930696,6.763152893180008,0,1.0,1.0
2025-03-12,3294.739665060596,3267.991788211661,3296.834163040752,3261.463638989444,189089.0,6130728830.0,474927.0,-0.920943304321306,14,uptrend_crowded_chase,6.369228836891356,-0.008664179259599503,-0.024622040135827694,0.0,0.0,0.19270316268818277,5.47449339783454,1.0865065795433708,0.010823320970051743,0.7029642985702594,0.18456467347634933,6.369228836891356,0,1.0,1.0
2025-03-13,3268.40299236091,3240.5165551029195,3273.058624365293,3235.685549865789,256322.0,8221612230.0,501507.0,-0.6711830988340797,14,uptrend_crowded_chase,7.292057231491241,-0.008407375198386524,-0.030878237441523515,0.0,0.0,0.2278519607078735,6.311501433448597,1.2551988934391405,0.011533060814224632,0.7059127026461468,0.12926432469970972,7.292057231491241,0,1.0,1.0
2025-03-14,3237.2670499808805,3247.5303285884806,3251.466122249697,3226.653167622541,251580.0,8026576930.0,506865.0,-0.7004836655343741,14,uptrend_crowded_chase,2.696929532729629,0.0021643998314146984,-0.01902683580542397,0.05,0.016666666666666666,0.15699208896819705,2.2396544995087218,0.8145500664418155,0.007640561324008007,-0.6364764706598807,0.8413814992871134,2.696929532729629,0,1.0,1.0
2025-03-17,3253.375721606276,3243.585696365242,3263.335906457281,3238.20544958394,211590.0,6728086680.0,516568.0,-0.8925564953783885,14,uptrend_crowded_chase,1.035598352587044,-0.0012146560075247947,-0.015993597337158327,0.05,0.016666666666666666,0.11637400147719923,0.865354665139855,0.240487374894378,0.007747739454364332,-0.7478210974218406,0.21409267680322738,1.035598352587044,0,1.0,1.0
2025-03-18,3245.0799691774223,3234.8335091619974,3253.128813909135,3224.80620345625,179357.0,5653523790.0,528924.0,-1.0814665211937893,14,uptrend_crowded_chase,1.030529648790193,-0.002698306140963669,-0.018722646938315823,0.0,0.0,0.1373534401055494,1.030529648790193,-0.3082044391801762,0.008755507933458377,-0.033643792136542366,0.354038894911473,1.030529648790193,0,1.0,1.0
2025-03-19,3237.971216120785,3210.69249391126,3244.581427184942,3206.3422115666435,207196.0,6647303340.0,546090.0,-0.9691185921462384,14,uptrend_crowded_chase,1.8182834121093185,-0.007462830832672851,-0.01753348784629505,0.0,0.0,0.13962268931243038,1.3272033685478244,0.10646964372805108,0.011909958892299809,0.8756904433949374,0.11376494716943855,1.8182834121093185,0,1.0,1.0
2025-03-20,3207.850289102823,3232.997988845887,3237.426586806117,3185.4452434402465,312292.0,9838994640.0,538994.0,-0.5457657915551866,14,uptrend_crowded_chase,2.9908637205670683,0.006947253583744706,-0.002320175234159172,0.05,0.016666666666666666,0.07208687369142197,1.1504435069004229,1.5937481124910904,0.016078371698717574,1.9870923148422,0.9148040879001652,2.9908637205670683,0,1.0,1.0
2025-03-21,3232.6507943268457,3237.4530645020373,3255.166775432181,3220.6884429841434,269790.0,8573703420.0,537983.0,-0.690183082554996,14,uptrend_crowded_chase,1.2534348181443329,0.00137800136947841,-0.0031030546497847755,0.15,0.05,0.059582265204429774,0.6918047374180082,0.8232601614526495,0.010649832371651976,-0.1217716578975061,0.48623643684507645,1.2534348181443329,0,1.0,1.0
2025-03-24,3211.3603136103643,3230.3302618400344,3235.364684404295,3200.938187478509,233284.0,7409708710.0,559120.0,-0.8741075237191785,14,uptrend_crowded_chase,1.310639100822636,-0.0022001253825431055,-0.004086660802599229,0.05,0.016666666666666666,0.07915718390228754,1.1713528986008592,0.17857240444355307,0.010657268494329223,-0.028913529580965606,0.853763147173716,1.310639100822636,0,1.0,1.0
2025-03-25,3227.507445422513,3221.952493027403,3239.56985150774,3220.352619611183,188563.0,5887642790.0,578694.0,-1.1213416719032216,14,uptrend_crowded_chase,1.9513333302114206,-0.002593471296603367,-0.003981971899979286,0.05,0.016666666666666666,0.0899290862193105,1.9013333302114206,-0.7273164019138231,0.005964467799616864,-2.00525729931896,0.08325202218673987,1.9513333302114206,0,1.0,1.0
2025-03-26,3214.7347414881287,3220.467209550944,3226.511104756458,3207.672583288293,140706.0,4452034200.0,586497.0,-1.4274949458565758,14,uptrend_crowded_chase,1.6661035304263805,-0.0004609886333436508,0.0030444259791995165,0.05,0.016666666666666666,0.07138375566501765,1.6161035304263804,-2.0254939378965267,0.0058496237478510476,-2.0543696505169757,0.679173590362315,1.6661035304263805,0,1.0,1.0
2025-03-27,3223.3253193343685,3257.857025601953,3263.7170717992417,3202.240751848971,349787.0,10972807750.0,577495.0,-0.5013753865496781,14,uptrend_crowded_chase,4.228258963523947,0.011610059540467343,0.007689159362867404,0.5,0.16666666666666666,0.0689953452281884,1.1918032261577634,1.9943284893789903,0.018870171240529473,3.078582985353378,0.9046779930544148,4.228258963523947,0,1.0,1.0
2025-03-28,3255.0222976524783,3231.721832263383,3260.363167286863,3227.827274926536,256609.0,8087388530.0,587099.0,-0.8276399341696825,14,uptrend_crowded_chase,1.8744338527439146,-0.008022203900657998,-0.0017702904488395843,0.2,0.06666666666666667,0.08736649863181434,1.3454395096261276,0.5426630178403251,0.010067664870011319,0.11532566839524941,0.11970033874330775,1.8744338527439146,0,1.0,1.0
2025-03-31,3214.2383468050866,3196.9680038771025,3219.9785788365016,3191.608244176135,288399.0,8928787360.0,598385.0,-0.7298894215027666,14,uptrend_crowded_chase,1.7143986225782404,-0.010753966520051672,-0.010327816433211456,0.0,0.0,0.0678702403322955,1.2231560213255352,0.9824852025054104,0.008874137816193534,-0.47522396799250866,0.18892127164277397,1.7143986225782404,0,1.0,1.0
2025-04-01,3195.792389809528,3202.987391845096,3211.5246127498503,3192.861518961654,179610.0,5540700860.0,596598.0,-1.2004556861397897,14,uptrend_crowded_chase,0.9574894529625328,0.001882842731204537,-0.0058862137860036245,0.05,0.016666666666666666,0.03046967928547062,0.9074894529625328,-1.0163792808159375,0.005826777163005146,-1.9380696730382092,0.5425613244169873,0.9574894529625328,0,1.0,1.0
2025-04-02,3211.238527662116,3216.510932601882,3219.308217175163,3202.7294142781084,148626.0,4589916210.0,586960.0,-1.3735235910742825,14,uptrend_crowded_chase,0.46645348720176916,0.004222164842489606,-0.0012284791900160075,0.15,0.05,0.0007891214148045833,0.3164534872017692,-1.6389788260330809,0.005154281531896986,-1.1808494551476774,0.8312734284465095,0.46645348720176916,0,1.0,1.0
2025-04-03,3214.753753216739,3191.2841019020743,3221.436616479494,3184.889963649703,206001.0,6384483980.0,599556.0,-1.068308358134266,14,uptrend_crowded_chase,1.3779001247475888,-0.007842917754177003,-0.02043457499107959,0.0,0.0,0.03748959693118792,1.1904280268390495,-0.45996881487314634,0.011452021087062895,0.37494419581707883,0.1749582453460429,1.3779001247475888,0,1.0,1.0
2025-04-07,3233.496007615072,3232.572196441029,3281.230490695376,3219.55863002142,413449.0,12950955610.0,543247.0,-0.273029927308815,14,uptrend_crowded_chase,2.6826922077851725,0.01293776837804761,0.000263130375008247,0.45,0.15,-0.0776293629794278,-3.191671162611854,2.1036483440693146,0.01907826242577194,2.36173607150103,0.21101303377903008,2.6826922077851725,0,1.0,1.0
2025-04-08,3253.8497627765214,3345.43832486595,3362.3984914603348,3242.6250205715664,564315.0,17868368500.0,497202.0,0.1266162240727266,14,uptrend_crowded_chase,4.838442332011169,0.03491526919311605,0.046440978079477446,1.0,0.7166666666666667,-0.18523797734655645,-6.86292182817776,2.6934895402940833,0.03580202629907026,4.983395123728257,0.8583979701971293,4.838442332011169,0,1.0,1.0
2025-04-09,3350.498862183921,3359.5269994978544,3375.467502047535,3329.272165165171,445238.0,14408281380.0,489898.0,-0.095588235514843,14,uptrend_crowded_chase,2.066083747290661,0.0042113090315210044,0.04887300151455887,1.0,0.85,-0.19704631357477354,-7.47636753916034,1.3375570556758054,0.013750547886434317,0.7946104389055159,0.6549326484992837,2.066083747290661,0,1.0,1.0
2025-04-10,3346.468735086464,3341.9447595850384,3352.0899983819127,3311.298348721989,346947.0,11073245930.0,494312.0,-0.3539948662441456,14,uptrend_crowded_chase,1.1958566135758195,-0.005233546244886256,0.03899686014177206,0.9,0.6666666666666666,-0.17178977763249392,-6.359993241298947,0.3935286385600246,0.012205961676335034,0.19818458859161445,0.7512912843325962,1.1958566135758195,0,1.0,1.0
2025-04-11,3336.052264941919,3368.444682053929,3373.152518000101,3332.666082963812,340236.0,11007403110.0,488196.0,-0.3610774700928892,14,uptrend_crowded_chase,1.0949682968862287,0.00792949147136146,0.0555138854752113,1.0,0.8666666666666667,-0.20547241671907912,-4.184995881941491,0.16127118622203676,0.01201932608600887,0.028665407550420574,0.8837181900072865,1.0949682968862287,0,1.0,1.0
2025-04-14,3389.0861732713247,3360.2405411009668,3402.7089011325497,3356.0329628568347,292552.0,9501723460.0,487081.0,-0.5097880050384401,14,uptrend_crowded_chase,1.2480705614539205,-0.0024355872598030848,0.039494352144863853,0.95,0.8333333333333334,-0.10913366311438466,-1.6913897402263325,-0.14654903309794545,0.013890653869803574,0.5961411229078408,0.09014448128022305,1.2480705614539205,0,1.0,1.0
2025-04-15,3364.600864751333,3356.5785114023583,3367.347100437094,3335.5141295459266,209408.0,6716218060.0,490381.0,-0.8508981378887207,14,uptrend_crowded_chase,0.85,-0.001089811772049032,0.0033299632079915042,0.85,0.8,-0.013813742165719844,-0.6151062949812421,-0.8992090799003322,0.009483755789721654,-0.7069291540005936,0.6617158646124482,0.85,0,1.0,1.0
2025-04-16,3368.7872178188427,3395.197365176435,3401.977333168847,3364.502913821641,502156.0,16142999060.0,486636.0,0.031394418038698,14,uptrend_crowded_chase,1.4155810841714973,0.011505422454111569,0.010617674953620648,1.0,1.0,-0.006680795820191321,-0.7585486273251151,0.8311621683429947,0.011037478919950414,-0.3291153177844646,0.8190774370752887,1.4155810841714973,0,1.0,1.0
2025-04-17,3396.3119696394374,3385.198101534654,3400.3602864164127,3377.640663541554,352534.0,11269905170.0,487341.0,-0.3238170118903604,14,uptrend_crowded_chase,0.9771834196683389,-0.002945119993417955,0.012942566398071342,0.95,0.9666666666666667,-0.014202813381229973,-0.6697490936161724,0.054366839336677936,0.0067114603616723984,-2.1329860056272296,0.33263923590311845,0.9771834196683389,0,1.0,1.0
2025-04-18,3382.8374959288976,3388.208666081795,3388.998284329802,3366.7039747794306,236861.0,7529957360.0,487856.0,-0.7225468091530131,14,uptrend_crowded_chase,0.95,0.0008893318668043992,0.00586739159861005,0.95,0.9666666666666667,-0.000696684221233923,-0.46893923616861705,-1.2517171424363915,0.006579969461017045,-2.1849131897254246,0.9645820721102343,0.95,0,1.0,1.0
2025-04-21,3386.3874538140426,3347.4269893934834,3393.3401438194333,3338.2831904682967,338595.0,10892050310.0,502427.0,-0.3946456528445031,14,uptrend_crowded_chase,6.155904771855719,-0.012036353338140904,-0.003813284064266731,0.65,0.6,0.031019922060622207,4.842433515743652,-0.10392754609115556,0.01644754419606096,1.3269425122241343,0.16607891226509292,6.155904771855719,0,1.0,1.0
2025-04-22,3343.443930580624,3339.2466084772227,3346.234802381185,3326.954028750953,228232.0,7275129650.0,504788.0,-0.793775883686386,14,uptrend_crowded_chase,6.183465970478175,-0.002443781729125294,-0.005163562498615382,0.5,0.5333333333333333,0.02895589916474961,5.683465970478175,-1.3138941716715493,0.0057739891331429795,-1.9403053921636397,0.6375563533921184,6.183465970478175,0,1.0,1.0
2025-04-23,3327.186005505926,3340.8422727011275,3349.692768443545,3321.631303254368,201906.0,6409590710.0,504193.0,-0.915156888718582,14,uptrend_crowded_chase,5.97188715302766,0.0004778515668335537,-0.016009405825066936,0.5,0.5333333333333333,0.035442720927639115,5.47188715302766,-1.6684371644057154,0.008399518115079637,-0.9206897750984947,0.6846032207245174,5.97188715302766,0,1.0,1.0
2025-04-24,3337.74416577519,3321.160645177996,3344.473601345003,3312.2712373324207,271992.0,8503111300.0,502063.0,-0.6129529557267241,14,uptrend_crowded_chase,3.893612447594224,-0.005891217219069378,-0.018916900705937212,0.4,0.38333333333333336,0.0297615264334663,3.493612447594224,-0.49509216194223604,0.009696117548344698,-0.13859307016459643,0.27604830012174864,3.893612447594224,0,1.0,1.0
2025-04-25,3317.3601950618754,3343.736105956719,3345.076585812003,3316.9250878970265,211760.0,6637173050.0,493107.0,-0.8452726311139416,14,uptrend_crowded_chase,1.6039992401834418,0.0067974612464170026,-0.013125685135710774,0.55,0.55,0.01070590869210264,1.0539992401834417,-0.9688160854331063,0.008419174546946412,-0.29754642400670567,0.9523833559644761,1.6039992401834418,0,1.0,1.0
2025-04-28,3332.142976851153,3335.2695746263043,3352.783890446454,3319.4808594880915,208664.0,6591553600.0,478732.0,-0.8304156390791954,14,uptrend_crowded_chase,0.5111605098989465,-0.0025320572742961733,-0.003631868538343186,0.35,0.4666666666666667,-0.0483094138713458,-1.8119880898067384,-0.7075147291555678,0.009985109213276631,0.32232101979789307,0.4740924379511572,0.5111605098989465,0,1.0,1.0
2025-04-29,3335.861360265852,3351.287893589185,3352.6574025404707,3329.176446950412,192481.0,6010708790.0,458600.0,-0.8681809228659602,14,uptrend_crowded_chase,0.65,0.004802705929602524,0.003605988572809693,0.65,0.6666666666666666,-0.09596016872983881,-3.0159887314489047,-1.0222288294056265,0.007006546836807563,-0.8410085512782538,0.941675757358633,0.65,0,1.0,1.0
2025-04-30,3351.023189187293,3343.292164594264,3356.259679880053,3321.5299667551144,252924.0,7902660870.0,429614.0,-0.5297980827751285,14,uptrend_crowded_chase,1.0481804623331945,-0.002385867537735731,0.0007333156411348796,0.45,0.5333333333333333,-0.16007200015979528,-3.7681468188689444,0.3810616719652249,0.010387878598445364,0.8152992527011639,0.62661611286165,1.0481804623331945,0,1.0,1.0
2025-05-06,3325.5017048154045,3294.471952915522,3327.5471223088607,3288.5027725327777,217504.0,6808429940.0,449405.0,-0.7257072444708137,14,uptrend_crowded_chase,0.8592035925524402,-0.014602436543163066,-0.008035953425265197,0.15,0.3,-0.11080112419043964,-2.44189976382609,-0.36091086768139957,0.011851474328542924,1.4184071851048803,0.15288205379208425,0.8592035925524402,0,1.0,1.0
2025-05-07,3295.9024035105213,3302.589790080611,3306.432466230918,3293.9590790484813,147884.0,4664707890.0,468799.0,-1.153745922493496,14,uptrend_crowded_chase,0.15,0.0024640783959033463,-0.012305491394134727,0.15,0.36666666666666664,-0.05055208387806154,-1.1766677129143235,-3.370240919396418,0.003776850282739006,-2.106772239921451,0.6919300191596667,0.15,0,1.0,1.0
2025-05-08,3304.4474083152545,3309.807242163643,3311.0119760228213,3285.942019840338,186969.0,5808869690.0,477454.0,-0.9375249924904728,14,uptrend_crowded_chase,0.15,0.0021853916295357934,-0.007634265204939039,0.15,0.38333333333333336,-0.0026731216750786047,-0.3237062458539908,-1.0918575058905717,0.007574445986798528,-0.5917223186717239,0.9519451150848012,0.15,0,1.0,1.0
2025-05-09,3310.4429130269896,3322.861655318769,3325.471862223131,3306.747462091132,158403.0,4946584470.0,481587.0,-1.1119444816798856,14,uptrend_crowded_chase,0.30849567501918185,0.003944161155013948,-0.008482183319670544,0.2,0.45,0.04890852985099947,0.10849567501918182,-2.24042393627501,0.0056350224819103545,-1.256482532614329,0.8605986367541069,0.30849567501918185,0,1.0,1.0
2025-05-12,3333.9755711147377,3357.037572272195,3360.59795066554,3314.379890628782,227958.0,7275484480.0,485491.0,-0.755999348510161,14,uptrend_crowded_chase,2.6478639614433668,0.010285085717824716,0.004111339063781694,0.7,0.8,0.12227361885140375,0.28554211941638075,0.897946658555364,0.013767513482274002,2.4266970254986084,0.9229656461021266,2.6478639614433668,0,1.0,1.0
2025-05-13,3358.460963697782,3339.875633744565,3363.6511953553304,3333.1482037527026,153124.0,4898492260.0,495665.0,-1.174652244646189,14,uptrend_crowded_chase,1.3275942408033403,-0.0051122271223237314,0.013781777923124405,0.35,0.55,0.09797580967656927,0.9632188730193731,-2.0825185708174097,0.009132972286285054,0.02875073556793412,0.2205498424385067,1.3275942408033403,0,1.0,1.0
2025-05-14,3337.0922537294514,3346.0387365390434,3348.1186531309195,3325.927302757564,164415.0,5167263570.0,502936.0,-1.1180692060881656,14,uptrend_crowded_chase,1.9018224157689605,0.0018453090684602547,0.013156022763993303,0.55,0.6666666666666666,0.0702888202692371,1.3518224157689605,-1.267729595428198,0.006632125961670385,-0.8553273375852736,0.9062735454633077,1.9018224157689605,0,1.0,1.0
2025-05-15,3341.350567720603,3328.722350908263,3346.611426260056,3326.6537987141824,173365.0,5367931230.0,511581.0,-1.0821067320968256,14,uptrend_crowded_chase,1.888872834070048,-0.005175189827207993,0.005714867169199556,0.25,0.48333333333333334,0.06903811042394459,1.638872834070048,-0.3757033946684212,0.005995581920621265,-0.8469860345239106,0.10364719901329857,1.888872834070048,0,1.0,1.0
2025-05-16,3327.882581856434,3327.770478604207,3329.943277692232,3310.726579260098,167546.0,5209670870.0,504258.0,-1.10183010142699,14,uptrend_crowded_chase,1.1232179472308998,-0.0002859572543790767,0.0014772878905688902,0.25,0.48333333333333334,0.046001141579925076,0.8732179472308997,-0.3345710816079128,0.005774646585660716,-0.584586261823547,0.8869317174488197,1.1232179472308998,0,1.0,1.0
2025-05-19,3312.8929321383857,3302.6834584978706,3317.167916686477,3291.950146514572,198263.0,6161574110.0,515588.0,-0.9557135648029064,14,uptrend_crowded_chase,1.9453696696101557,-0.007538687018119883,-0.016191094857939015,0.1,0.36666666666666664,0.06014724696904672,1.2318212378053996,1.0218337013640661,0.007635539551033532,0.20526316224544605,0.425624942654779,1.9453696696101557,0,1.0,1.0
2025-05-20,3304.6208219942782,3318.377410313685,3330.073637931034,3290.628899792263,260366.0,8311488200.0,516634.0,-0.6852463599866458,14,uptrend_crowded_chase,4.064290344553648,0.004751878892732986,-0.006436833519689267,0.2,0.4166666666666667,0.041434398128284755,1.2794321754181388,2.8625890898644517,0.011886754657916564,2.3071272484065664,0.7034781273943124,4.064290344553648,0,1.0,1.0
2025-05-21,3315.321485173997,3308.6231672615486,3320.4746333411385,3292.0366278292413,217595.0,6941926510.0,525034.0,-0.8808274856228099,14,uptrend_crowded_chase,2.462648616568303,-0.002939461624171913,-0.011182049050691867,0.15,0.38333333333333336,0.04300009697546159,1.1277107264931738,1.650346537401263,0.008595117689221332,0.7195292427489952,0.583252557053208,2.462648616568303,0,1.0,1.0
2025-05-22,3301.9495850839835,3306.995836575579,3311.292659019261,3294.686374939264,208399.0,6590293820.0,524328.0,-0.9226629312886936,14,uptrend_crowded_chase,1.698138556506037,-0.0004918452793513106,-0.006526983041032497,0.15,0.38333333333333336,0.024611512066226027,1.1085485243255988,0.8791800643608764,0.005021561834560029,-1.1107959731693895,0.7412532254065204,1.698138556506037,0,1.0,1.0
2025-05-23,3304.2008898263066,3323.525112714596,3331.0036560080653,3303.551858222789,260749.0,8208040120.0,513465.0,-0.6776236085747785,14,uptrend_crowded_chase,1.890063748751659,0.0049982754608284274,-0.001275738791754466,0.45,0.5,0.018093825502495164,0.3543795523932933,1.6582200736643173,0.008259843646210317,0.513148319052414,0.7275754632915059,1.890063748751659,0,1.0,1.0
2025-05-26,3333.268795970798,3326.619866910651,3346.219411136798,3318.303342808371,277244.0,8652554410.0,520252.0,-0.6294153246937972,14,uptrend_crowded_chase,1.760428981960802,0.0009311661838256047,0.007247563598985485,0.5,0.5166666666666667,0.00900531263348725,0.5747091532520782,1.1881324358581988,0.008391721761209864,0.18330722155924933,0.2979117261226742,1.760428981960802,0,1.0,1.0
2025-05-27,3323.126042536046,3297.1202951168234,3329.859391218426,3281.995392775844,389216.0,12330497550.0,548393.0,-0.3428577237651243,14,uptrend_crowded_chase,5.774678678961015,-0.008867731503456433,-0.006405876296889268,0.05,0.35,0.05965748976125518,2.8721213493241957,2.1616125784715123,0.014516909957295416,3.543502080802127,0.3159974685174592,5.774678678961015,0,1.0,1.0
2025-05-28,3295.7032209246145,3317.9952946848525,3336.5781888950905,3283.269486642839,282721.0,9023371420.0,543428.0,-0.6534366774510956,14,uptrend_crowded_chase,5.321110915642059,0.00633128236144298,0.0028326367040043543,0.35,0.4666666666666667,0.03443420068527914,2.8269252987707847,0.9366992870576462,0.016066539436522823,3.3516719466849016,0.651409743154023,5.321110915642059,0,1.0,1.0
2025-05-29,3320.923404050662,3371.5111051218123,3385.5745377562525,3315.9642158848537,405112.0,13039422000.0,519445.0,-0.2485973618193222,14,uptrend_crowded_chase,3.9165599738165158,0.016128959110547125,0.019508723849207987,1.0,0.9166666666666666,-0.009356508787188744,0.10917748456420333,2.2098397607828333,0.020646623932411397,3.4049252177217912,0.7979691480177087,3.9165599738165158,0,1.0,1.0
2025-05-30,3374.960062973661,3434.244149242577,3436.795430473285,3372.3250190241024,302613.0,9712168350.0,484339.0,-0.4703303133288218,14,uptrend_crowded_chase,2.3844526604342375,0.018606803348642176,0.033313735498615715,1.0,1.0,-0.058396792592317226,-5.157357659265453,0.5001779412095589,0.0187728095754058,2.2687273796589156,0.960427098674267,2.3844526604342375,0,1.0,1.0
2025-06-03,3427.138607154476,3414.9818253820627,3432.0527382114224,3398.800999550182,270039.0,8813107690.0,499983.0,-0.6160077048324538,14,uptrend_crowded_chase,0.9588719019547004,-0.005608897627375264,0.02656208464042842,0.95,0.9833333333333333,-0.03973921172779704,-2.8401475053315526,0.01774380390940096,0.009737017753387362,-0.09878506687173949,0.48661593298102296,0.9588719019547004,0,1.0,1.0
2025-06-04,3412.799533976396,3418.194020534784,3427.038452338002,3387.9719719739223,292308.0,9386826100.0,509477.0,-0.5555766684635012,14,uptrend_crowded_chase,1.3129138991448406,0.0009406185206746187,0.03672105188193342,0.95,0.9833333333333333,-0.07360747385368427,-1.220099758045781,0.5927859317386438,0.011428982711159193,0.13304186655103756,0.7736056148188334,1.3129138991448406,0,1.0,1.0
2025-06-05,3414.941704529159,3415.1173173402503,3422.447501207638,3406.1866605045734,153334.0,4943844600.0,515056.0,-1.2116570839846146,14,uptrend_crowded_chase,0.9,-0.0009000961256296902,0.029271296077779008,0.9,0.9666666666666667,-0.0536215904684223,-0.3843271112244874,-5.454586007944653,0.004761429606093005,-1.2550915706921677,0.5492124914546213,0.9,0,1.0,1.0
2025-06-06,3419.0892019870425,3399.107923933525,3428.115365952207,3392.5122898735435,258689.0,8210347380.0,535479.0,-0.7275351054383803,14,uptrend_crowded_chase,2.426482678609324,-0.004687801887635845,0.008185296726381575,0.8,0.9333333333333333,0.030400739527861376,1.6264826786093238,-0.716206396576913,0.010474241146619065,-0.015578953243775204,0.18525461242193392,2.426482678609324,0,1.0,1.0
2025-06-09,3391.957276949065,3384.903481128619,3392.935848523648,3351.3072932961686,363596.0,11882117600.0,545800.0,-0.4062092471315368,14,uptrend_crowded_chase,3.5561042073517655,-0.0041788737288659394,-0.014367256947890539,0.75,0.8666666666666667,0.11946753350933292,1.4769747512011269,2.3679222062466616,0.012298299038529546,0.2903367060546157,0.8070466930419298,3.5561042073517655,0,1.0,1.0
2025-06-10,3374.3462649411504,3393.032266546261,3401.9288205714247,3369.8247542268264,242091.0,8012012440.0,551469.0,-0.8232719382464221,14,uptrend_crowded_chase,1.9113669288605015,0.0024014821878854953,-0.006427430644772469,0.75,0.9,0.0980115289340695,1.1613669288605015,-1.3790388680368044,0.009461762760445771,-0.5289778995621588,0.7228838886118015,1.9113669288605015,0,1.0,1.0
2025-06-11,3386.645291434327,3395.5973928753947,3397.9379221631884,3380.557700407006,205870.0,6894555040.0,555708.0,-0.9929980748180068,14,uptrend_crowded_chase,1.774091215866523,0.0007559982126974507,-0.0066106919395564345,0.75,0.9166666666666666,0.08685826709175615,1.024091215866523,-1.6241060504173277,0.0051184577396158415,-1.799972787067495,0.8653337500160965,1.774091215866523,0,1.0,1.0
2025-06-12,3392.249426092405,3388.0582254077067,3393.2221251955784,3360.313442819143,380365.0,12646655670.0,569528.0,-0.4036766295876587,14,uptrend_crowded_chase,3.121380919543311,-0.0022202771987946957,-0.007923327200254904,0.65,0.85,0.10053231499738224,1.5052688420712113,1.9322241549441992,0.009713139558714468,-0.25294970908098224,0.8430839700963116,3.121380919543311,0,1.0,1.0
2025-06-13,3393.918777778558,3450.374525870542,3453.049109255444,3391.634142787932,428125.0,14472416130.0,549428.0,-0.2494625280347794,14,uptrend_crowded_chase,3.8713817275552875,0.01839292488998967,0.015082369575865062,1.0,1.0,0.025716063618695273,0.696904963278249,1.3970674254398758,0.017799507272914586,2.9518861031142007,0.956450625332237,3.8713817275552875,0,1.0,1.0
2025-06-16,3462.5429450262022,3486.26953329646,3498.8880011993747,3454.7760198797405,418634.0,14406625200.0,547821.0,-0.2689515614148401,14,uptrend_crowded_chase,2.3851731732787145,0.010403220623379061,0.029946511837921852,1.0,1.0,0.003695982978783263,0.23513355836862937,1.3227140860193876,0.012653061072396169,0.977365143800783,0.7139446579948048,2.3851731732787145,0,1.0,1.0
2025-06-17,3479.344676864864,3466.156737001031,3484.4338324601963,3459.80360035839,304463.0,10552723100.0,543120.0,-0.5787807208996947,14,uptrend_crowded_chase,1.0466541373491436,-0.005769145530297282,0.02155136312016359,0.95,0.9833333333333333,-0.015255336784857576,-0.24629724461599486,0.19330827469828726,0.007105919890719229,-1.1508892089579021,0.25794059172406597,1.0466541373491436,0,1.0,1.0
2025-06-18,3467.7927710621866,3529.615282419076,3539.0363341487728,3459.9159331050605,454658.0,15793908220.0,540438.0,-0.172834433926537,14,uptrend_crowded_chase,3.3736638247099737,0.018308042663111035,0.03946813300801688,1.0,1.0,-0.027863054542640597,-0.6420074982435301,1.2580648273484263,0.02241615437178351,3.4892628220715216,0.8809276544934089,3.3736638247099737,0,1.0,1.0
2025-06-19,3522.5055701673564,3527.9379862009323,3531.933283581262,3509.634195812472,289320.0,10168933720.0,536558.0,-0.617641322354521,14,uptrend_crowded_chase,0.95,-0.00047520652647270456,0.041286114785230144,0.95,0.9833333333333333,-0.059633283278062166,-1.2635410280971588,-0.3742400181156583,0.006320714212100608,-0.9175311961861234,0.820831353203534,0.95,0,1.0,1.0
2025-06-20,3523.0536660966623,3527.661531807169,3550.68584416702,3520.2686620544746,288208.0,10193134110.0,534062.0,-0.6168294954082575,14,uptrend_crowded_chase,0.9,-7.836146634221386e-05,0.022399599045592522,0.9,0.9666666666666667,-0.02836579996180788,-1.5748359281949036,-0.40246063860325487,0.008622477479284496,-0.35777690005648966,0.2430491333924465,0.9,0,1.0,1.0
2025-06-23,3510.0185579344734,3496.22303403262,3515.3874994664,3487.8277453816645,301887.0,10595530420.0,546652.0,-0.5937596273523702,14,uptrend_crowded_chase,0.85,-0.008911993821142938,0.002855057717453313,0.85,0.95,-0.0021361887310913374,-0.019240741915070796,-0.35139248434592024,0.007882721959230291,-0.3981069832853194,0.3046213193754646,0.85,0,1.0,1.0
2025-06-24,3480.5714785706305,3493.116818388298,3503.11888658403,3469.5808606197647,218559.0,7611020460.0,550350.0,-0.923498438500078,14,uptrend_crowded_chase,1.2597655508008925,-0.0008884489387793737,0.007778090673012272,0.8,0.9333333333333333,0.013224149476009472,0.37880607120269605,-0.9770483913111536,0.009601175027332596,0.16191895919639296,0.7017693227863397,1.2597655508008925,0,1.0,1.0
2025-06-25,3496.806945707117,3508.776109558513,3519.011053167548,3493.8907682424933,256355.0,8987262030.0,556415.0,-0.7749512160851112,14,uptrend_crowded_chase,1.969101152815739,0.004482899365913617,-0.005904091860765237,0.85,0.95,0.029134496811604293,1.119101152815739,-0.4117647197957564,0.007159272675341945,-0.5490824651865341,0.5925625987296412,1.969101152815739,0,1.0,1.0
2025-06-26,3500.1260758583508,3505.0082159117874,3517.507093782419,3491.92975013482,226828.0,7944105910.0,556116.0,-0.8967848845596922,14,uptrend_crowded_chase,1.8829382103507557,-0.001073848410122591,-0.006499482241136834,0.8,0.9333333333333333,0.035802241247649746,1.0829382103507557,-0.9918487278755491,0.007297370525833464,-0.6183382626690875,0.5113301035932666,1.8829382103507557,0,1.0,1.0
2025-06-27,3500.418271275637,3515.9418820786814,3519.1797127813384,3493.2185560321523,278130.0,9730481770.0,548213.0,-0.6785752672735155,14,uptrend_crowded_chase,0.9699840765540841,0.0031194409523087607,-0.0033222149071892026,0.85,0.95,0.026151960471056057,0.11998407655408411,-0.2012854804953106,0.007383841263564189,-0.4696670425940745,0.8752817243877817,0.9699840765540841,0,1.0,1.0
2025-06-30,3498.498486688361,3568.6067742227824,3569.1692822972045,3486.8637927808613,399264.0,13864701560.0,518613.0,-0.2615350880511634,14,uptrend_crowded_chase,9.133434954296211,0.014978885860583269,0.020703410361859298,1.0,1.0,-0.052654462242156086,-3.6143596008151406,2.541423500052649,0.02306375981541669,13.725446408539772,0.9931656068419298,9.133434954296211,0,1.0,1.0
2025-07-01,3568.8449784935474,3569.7346825885625,3584.664551641543,3561.566598825801,257697.0,9236272340.0,526068.0,-0.7136460058016071,14,uptrend_crowded_chase,1.0,0.00031606406565365397,0.02193395416864874,1.0,1.0,-0.045123957520775804,-1.8678012811579876,-0.8927782319712655,0.006470495672522225,-1.0343008089325003,0.353628039156555,1.0,0,1.0,1.0
2025-07-02,3567.009279289537,3552.430562699506,3584.1797804019066,3546.537985309352,309431.0,11076625620.0,528808.0,-0.5358902899724682,14,uptrend_crowded_chase,2.138448597471887,-0.004847452661806417,0.012441504324562258,0.9,0.9666666666666667,-0.05088900169210575,-1.2147729651836936,0.6196585341785915,0.010596067798704721,1.857238660765182,0.15654347449863543,2.138448597471887,0,1.0,1.0
2025-07-03,3558.528646005543,3570.322151214681,3575.767882964621,3553.534478750765,204229.0,7308575970.0,531086.0,-0.9556820534200128,14,uptrend_crowded_chase,1.0,0.005036435814688822,0.018634459972557638,1.0,1.0,-0.04605293888644724,-0.6611477625156038,-2.408497636676264,0.006227282377387642,-0.8813582787700025,0.7550653198421937,1.0,0,1.0,1.0
2025-07-04,3578.1611096548872,3575.179564503635,3592.6282736643825,3566.2072803642795,262269.0,9439573650.0,530567.0,-0.7045755514222247,14,uptrend_crowded_chase,1.0,0.001360497199755839,0.016848311039183494,1.0,1.0,-0.03271765153392181,-0.6154156304869336,-0.10472409858466332,0.00739011644685633,-0.15242940799151114,0.33958920610757226,1.0,0,1.0,1.0
2025-07-07,3537.576753039883,3481.259093322008,3552.249903317833,3476.415458996072,658251.0,23216046700.0,565140.0,0.152512829492127,14,uptrend_crowded_chase,10.979658297106354,-0.02627014097812641,-0.02447668976355566,0.3,0.7666666666666667,0.08591554778300647,1.6116991791564492,4.3840072219564075,0.021783625489763613,13.7519110139434,0.06387116526343466,10.979658297106354,0,1.0,1.0
2025-07-08,3481.6894107456937,3484.345045972586,3500.706826585542,3472.579659742954,337074.0,11776889110.0,558485.0,-0.504925269677219,14,uptrend_crowded_chase,2.1081348122591232,0.0008864472789449351,-0.023920443452692952,0.3,0.7666666666666667,0.059797278545525856,1.0201755578077094,1.1305453870752284,0.008072440149146251,0.4453731218275991,0.4182926170800027,2.1081348122591232,0,1.0,1.0
2025-07-09,3486.9786037772387,3502.916702115176,3506.9620672567394,3484.294968604573,318551.0,11153059650.0,545392.0,-0.5377222143882487,14,uptrend_crowded_chase,1.0686107816327084,0.0053300278524528455,-0.013938023477284789,0.45,0.8166666666666667,0.030879385154349848,0.2601205404860487,0.7169804822933192,0.006470921400580015,-0.7714028754349392,0.8215314097476413,1.0686107816327084,0,1.0,1.0
2025-07-10,3504.90242015531,3486.0015883162605,3510.911024128376,3459.7585656428296,465923.0,16273498730.0,561601.0,-0.1867712489156333,14,uptrend_crowded_chase,5.486938024776732,-0.0048288655532978675,-0.023617074125855342,0.25,0.75,0.055867666639993985,1.3929460134225904,2.324053846216628,0.01467367618448308,5.363930176491655,0.5130354131629092,5.486938024776732,0,1.0,1.0
2025-07-11,3488.432938221801,3491.6243774598315,3504.3552470189547,3483.7429470362863,304929.0,10654708310.0,539925.0,-0.5713512784003831,14,uptrend_crowded_chase,0.40520911359890355,0.0016129623011120753,-0.023370906421983917,0.3,0.7666666666666667,0.01748399499688169,0.10520911359890354,-0.1043111973204798,0.005903355502880285,-0.8918739878726202,0.3823654046453919,0.40520911359890355,0,1.0,1.0
2025-07-14,3496.461696834044,3511.183818293661,3527.089622065823,3487.3755499175822,277110.0,9747481870.0,536470.0,-0.6605961032477033,14,uptrend_crowded_chase,1.3431650705389049,0.005601817011043675,0.008595948813191256,0.55,0.85,-0.052062845542449665,0.06856427928743043,-0.44628880253607683,0.011310735695843042,1.449201582502949,0.5994919958650807,1.3431650705389049,0,1.0,1.0
2025-07-15,3513.2128997889654,3523.3697495716256,3524.9796985628386,3509.097303682284,237965.0,8399370910.0,527576.0,-0.7961693267679436,14,uptrend_crowded_chase,0.6,0.003470604761412588,0.01120001121707137,0.6,0.8666666666666667,-0.05693482969247121,-0.8435049114388068,-1.319289557814721,0.004507728682885405,-1.305106524335073,0.898633108966195,0.6,0,1.0,1.0
2025-07-16,3527.8784198912017,3510.944100098909,3535.646347819988,3507.643054552512,253823.0,8983022590.0,534831.0,-0.7453136354307185,14,uptrend_crowded_chase,0.48517435473391235,-0.0035266379505662915,0.002291632564053181,0.45,0.8166666666666667,-0.019553993027967564,-0.2653851714723897,-0.9858872871975817,0.00797600089009886,0.07034870946782465,0.11788061907101517,0.48517435473391235,0,1.0,1.0
2025-07-17,3519.4057259360825,3495.4172969292217,3525.6773472330883,3487.97697749963,259646.0,9104104150.0,549242.0,-0.7492199810239999,14,uptrend_crowded_chase,1.8909455965155022,-0.0044224011339998315,0.0027010052561418085,0.25,0.7333333333333333,-0.02225248749449449,0.994156306795864,-0.5370315561403399,0.010785656341112365,1.2935785794392765,0.1973540175386858,1.8909455965155022,0,1.0,1.0
2025-07-18,3506.241934924284,3501.4163575806065,3538.7137261974863,3493.8792214336995,582328.0,20610302930.0,576161.0,0.010646727338429,14,uptrend_crowded_chase,5.078329988610696,0.001716264509148857,0.00280441968041778,0.35,0.75,0.06495689450457398,2.1823661630509115,3.771085824299898,0.012804676789356838,1.3208418268196693,0.1681101684208805,5.078329988610696,0,1.0,1.0
2025-07-21,3518.296836392825,3538.391018526578,3540.408450120242,3511.9074569993945,367833.0,13050436620.0,551424.0,-0.40487499239301,14,uptrend_crowded_chase,1.271338836617267,0.010559915522734498,0.007748725683675239,0.75,0.9166666666666666,0.02749338069342855,0.23322220695112902,0.576233259332276,0.008054789018969277,-0.2926936997331645,0.9292153931229816,1.271338836617267,0,1.0,1.0
2025-07-22,3537.8158299272977,3524.686810793706,3544.1704362136943,3514.9324216520235,317823.0,11278332280.0,562513.0,-0.5709196208774213,14,uptrend_crowded_chase,1.6886840582304254,-0.003873005459577139,0.0003738072685219862,0.7,0.85,0.06412131412094979,0.9188044566249803,0.07576951761663482,0.008295209228841183,0.06398968559425544,0.3336200931533166,1.6886840582304254,0,1.0,1.0
2025-07-23,3529.312719757695,3538.8428294598148,3576.5445916453727,3522.626800118024,431803.0,15452476010.0,553717.0,-0.2486842601865871,14,uptrend_crowded_chase,2.7232651707222213,0.004016248655840382,0.007946218613996026,0.75,0.9166666666666666,0.034702916761650826,0.3642086618000834,1.2671572684136456,0.015235994963805382,1.9509557494306302,0.3007547023428314,2.7232651707222213,0,1.0,1.0
2025-07-24,3537.852518609838,3533.8042192288503,3543.391200682572,3519.598454967382,237195.0,8445583510.0,547209.0,-0.8359482258981157,14,uptrend_crowded_chase,0.65,-0.0014238016418868238,0.010982071391977266,0.65,0.8833333333333333,-0.003708332300798034,-0.1820742792439635,-0.9511860534560278,0.006732898666463777,-0.7522646431639167,0.5970628371991046,0.65,0,1.0,1.0
2025-07-25,3534.240591196668,3532.6426788875933,3539.1962696343426,3525.3857873528714,213390.0,7588784510.0,546167.0,-0.9398033123713518,14,uptrend_crowded_chase,0.6,-0.0003286940275118999,0.008918197128822358,0.6,0.8666666666666667,-0.05346234574316533,-0.1373559066063624,-1.2420721932690497,0.00390939122261299,-1.1785890331243278,0.5254625716046237,0.6,0,1.0,1.0
2025-07-28,3506.1815418944966,3492.8131926966144,3535.809288702322,3469.079197056735,502855.0,17703403750.0,562205.0,-0.1115646939009292,14,uptrend_crowded_chase,4.005025609094561,-0.011274699937532606,-0.012880946619897027,0.2,0.6,0.01936252885128198,1.073519774798751,2.897171351998826,0.019104970109800876,2.5658403165927943,0.3556715576824586,4.005025609094561,0,1.0,1.0
2025-07-29,3487.5557437235225,3491.561813913416,3497.0617692221,3483.2542062352504,198815.0,6963820240.0,565253.0,-1.044898674437749,14,uptrend_crowded_chase,1.3969085094366813,-0.0003582724623850675,-0.009397997228817956,0.15,0.5666666666666667,0.00485917360747834,1.2469085094366814,-1.131561467693155,0.003954552066593275,-0.9068765030049378,0.6016708151958216,1.3969085094366813,0,1.0,1.0
2025-07-30,3492.4911609361234,3472.595078029374,3501.5924199350347,3469.045172755129,257318.0,8936243500.0,587407.0,-0.8254052615263905,14,uptrend_crowded_chase,2.9679532621151186,-0.005432163855287331,-0.018720173407801077,0.0,0.48333333333333334,0.05906420971142978,2.8497042664266927,-0.2727511632410646,0.00937260073477258,0.23649799137685204,0.10906929408261778,2.9679532621151186,0,1.0,1.0
2025-07-31,3469.028487693713,3423.1409324078645,3469.55907633559,3417.544061956948,421221.0,14491437830.0,591844.0,-0.340085450077874,14,uptrend_crowded_chase,3.9498216562145347,-0.014241264676782772,-0.03131562473631744,0.0,0.4166666666666667,0.07841227310320065,2.769059345529577,0.9482396970872147,0.015195113320109211,1.4132849242827008,0.10760105553704463,3.9498216562145347,0,1.0,1.0
2025-08-01,3420.187065772653,3409.2494933137787,3431.331665719159,3401.836522339234,250699.0,8615195580.0,589122.0,-0.8543802766080099,14,uptrend_crowded_chase,1.4292070924687295,-0.0040580973346938665,-0.03492942728435544,0.0,0.35,0.07570850314814415,1.4292070924687295,-0.644072263613472,0.008651506273674316,-0.027802149011684436,0.25132852819390566,1.4292070924687295,0,1.0,1.0
2025-08-04,3382.4172407975984,3338.827229165276,3386.8899068794494,3333.074621322401,530971.0,17851124290.0,629406.0,-0.1700691116587603,14,uptrend_crowded_chase,4.826875614940283,-0.020656236595947175,-0.04408651566402666,0.0,0.18333333333333332,0.11290996540829212,3.236573330556865,1.5330454582044941,0.016118020449504496,1.6475591105623424,0.10689542540430849,4.826875614940283,0,1.0,1.0
2025-08-05,3339.9330232617144,3337.95673762913,3357.617021276596,3326.833003255076,408984.0,13647808760.0,630756.0,-0.4332430644878592,14,uptrend_crowded_chase,2.8228301111495715,-0.0002607177539891703,-0.04399322838054576,0.0,0.16666666666666666,0.10964568143095299,2.4411825679396393,0.7353652169514127,0.009222413722289578,0.027929869468452405,0.36134770861548654,2.8228301111495715,0,1.0,1.0
2025-08-06,3328.97465319729,3365.0778543115325,3371.371503551221,3323.0535480463286,396277.0,13252073020.0,610769.0,-0.4326053572744106,14,uptrend_crowded_chase,1.8229166090795426,0.008125065366085593,-0.030961635693746103,0.1,0.23333333333333334,0.03900088333027618,1.1794968668709735,0.4506140706195366,0.014358644167172705,0.6362254137976012,0.8697451253074818,1.8229166090795426,0,1.0,1.0
2025-08-07,3365.576958490677,3363.772415596068,3370.660752379128,3343.2837427969657,374848.0,12638200660.0,619669.0,-0.5026648540442319,14,uptrend_crowded_chase,1.1116517421872423,-0.0003879371509315499,-0.01734328734459556,0.1,0.21666666666666667,0.04594237786684374,0.8233692173730441,0.37656504962839615,0.008138781760391808,-0.1502388893472539,0.748389729623792,1.1116517421872423,0,1.0,1.0
2025-08-08,3364.920010059194,3338.4432978401824,3370.1672115397014,3330.848964095689,335271.0,11248922380.0,648388.0,-0.6595501225748512,14,uptrend_crowded_chase,1.5838087632307654,-0.007529973680278634,-0.020768851212696893,0.05,0.18333333333333332,0.09585598966284792,1.3730376026898607,-0.3206448389294101,0.011777419574401447,0.32154232108180897,0.1931503624444939,1.5838087632307654,0,1.0,1.0
2025-08-11,3330.5557523782604,3269.541683922189,3334.4692377891392,3267.8463568352363,549649.0,18087474450.0,707503.0,-0.2524619771074501,14,uptrend_crowded_chase,4.542516161023286,-0.020638845045704235,-0.020751461662306125,0.0,0.0,0.11696535231775407,2.888963793826465,1.1812589951650418,0.02037682568217977,2.1258457392286,0.02544661927972788,4.542516161023286,0,1.0,1.0
2025-08-12,3270.2078782705617,3291.371172985645,3307.755284970397,3263.584288585175,451394.0,14798767940.0,696104.0,-0.4331585021443386,14,uptrend_crowded_chase,2.622143650804059,0.006676620509474374,-0.01395631169161704,0.05,0.016666666666666666,0.09857997449786815,2.0317784691690792,0.46364844006546935,0.013420241614729263,0.6170819232044902,0.6290753361807003,2.622143650804059,0,1.0,1.0
2025-08-13,3295.904923526318,3276.472519174752,3307.8062363497093,3275.444141728343,389012.0,12748442850.0,697923.0,-0.5844985900192631,14,uptrend_crowded_chase,1.692910524210835,-0.004526579661745744,-0.026330842545961963,0.05,0.016666666666666666,0.13338996254513802,1.642910524210835,-0.1555111442051883,0.009877114620060194,-0.5560716327385187,0.031777221420341256,1.692910524210835,0,1.0,1.0
2025-08-14,3278.548818226732,3266.3804749415585,3287.991067401815,3229.086003714146,668724.0,21538483030.0,701560.0,-0.0479350079401823,14,uptrend_crowded_chase,3.989682640415883,-0.0030801553115835656,-0.02895318963998683,0.0,0.0,0.1241209623783881,1.5465053833208704,3.6840856215262963,0.018033742284331716,1.2022688926637295,0.6331284424910915,3.989682640415883,0,1.0,1.0
2025-08-15,3273.657482059006,3257.0730929496567,3284.4103561456213,3253.101848016772,406709.0,13110940520.0,700519.0,-0.5437235468904631,14,uptrend_crowded_chase,0.9829960778893181,-0.0028494482082858097,-0.02437369684941737,0.0,0.0,0.07733220629657644,0.9598557718888563,0.04628061200092369,0.009612467155441106,-0.5842196701225014,0.1268423559673092,0.9829960778893181,0,1.0,1.0
2025-08-18,3244.927349139304,3181.984316995341,3247.0314110047475,3175.5514081364595,732737.0,23276892090.0,790346.0,-0.0756839862132661,14,uptrend_crowded_chase,5.478146641812753,-0.02305406535605692,-0.026779706573984652,0.0,0.0,0.11072895447060738,2.305682006697816,4.253407765316623,0.02246397082679043,2.0915215049132505,0.0899959233456536,5.478146641812753,0,1.0,1.0
2025-08-19,3168.891441009156,3128.5727770422413,3172.0674103601737,3127.37431748118,710113.0,22122438870.0,827816.0,-0.1533667951668844,14,uptrend_crowded_chase,4.850685315444009,-0.01678560754301095,-0.04946218077122155,0.0,0.0,0.1732918330090918,2.6590301135034964,4.0257264279823755,0.01428545732001376,0.3575839758986481,0.026815319412025754,4.850685315444009,0,1.0,1.0
2025-08-20,3122.1629843805526,3142.4671698447696,3178.8383315643155,3110.614038565933,830594.0,25882127960.0,834827.0,-0.0050834102793587,14,uptrend_crowded_chase,4.6183674348488015,0.004441128205323164,-0.04089927461492471,0.05,0.016666666666666666,0.17911573626524735,2.7405448803699413,2.3561224939637833,0.021710423470152847,1.2995226149939387,0.4668884040995769,4.6183674348488015,0,1.0,1.0
2025-08-21,3139.503173333015,3081.5624529104657,3143.239687563449,3079.683313285044,945304.0,29004193910.0,902536.0,0.0462979902751388,14,uptrend_crowded_chase,5.194988343881806,-0.019381178431631008,-0.05658190264390417,0.0,0.0,0.2519021517182214,3.906049495613808,1.4931092854601893,0.02062472373986049,1.084768411075807,0.0295665013424211,5.194988343881806,0,1.0,1.0
2025-08-22,3076.258524019125,3111.295592336404,3121.390374045802,3070.94914064466,843404.0,25824100410.0,894306.0,-0.0586019144783305,14,uptrend_crowded_chase,3.804014725773744,0.009648721997458143,-0.04475720883538248,0.05,0.016666666666666666,0.2442265095951761,3.3848566171896963,0.7302820036739663,0.016212292244229914,0.008034213494130013,0.7998704427166171,3.804014725773744,0,1.0,1.0
2025-08-25,3118.2511667702925,3093.5851614558533,3136.824259827461,3085.9894153615,673509.0,20727810790.0,947101.0,-0.3409043812961252,14,uptrend_crowded_chase,2.317087807755336,-0.005692300957894858,-0.027781141178898294,0.05,0.016666666666666666,0.18093491582451726,2.267087807755336,-0.07213747908401238,0.016432340411808112,-0.1293237033831924,0.14942007149130426,2.317087807755336,0,1.0,1.0
2025-08-26,3092.734734992792,3087.029669458932,3101.238658344711,3063.1241796787176,651852.0,19879797540.0,966718.0,-0.3940892870501778,14,uptrend_crowded_chase,1.0046999831733574,-0.0021190598140302663,-0.013278613138922868,0.05,0.016666666666666666,0.1551159218767726,0.9546999831733575,-0.20904840167798938,0.012346651230169016,-0.7444114161703173,0.6272023287975174,1.0046999831733574,0,1.0,1.0
2025-08-27,3077.189046523373,3057.1225929889865,3096.1684733482,3055.222686013011,826664.0,25270877890.0,1047409.0,-0.2366764498349541,14,uptrend_crowded_chase,1.9628286857764174,-0.009687978306728517,-0.027158462521025717,0.0,0.0,0.22685025675801285,1.4661656561563654,0.9933260592401043,0.013393570617381155,-0.4772637388830174,0.04640054813020717,1.9628286857764174,0,1.0,1.0
2025-08-28,3048.3058424065025,3018.7041483248167,3057.585669164751,3012.429711101231,969561.0,29363103690.0,1130384.0,-0.1534692852546593,14,uptrend_crowded_chase,2.842747200269537,-0.012566864263891864,-0.020398192652652747,0.0,0.0,0.22510409838031542,2.0031486016680553,1.679197197202964,0.01495872263221901,-0.26641848894254166,0.1389503731658081,2.842747200269537,0,1.0,1.0
2025-08-29,3013.6566689857623,3046.064718045164,3055.256161551777,3005.3089810707165,950707.0,29014674830.0,1117679.0,-0.1618035742977941,14,uptrend_crowded_chase,2.6197603918015036,0.009063680432390475,-0.02096582351478049,0.05,0.016666666666666666,0.22296149414373012,1.89764250549048,1.14259521544637,0.0163972814448652,0.20164055717567758,0.8159767294552669,2.6197603918015036,0,1.0,1.0
2025-09-01,3058.473307034609,3046.6133154807,3091.1813667157367,3041.530020718444,1100186.0,33348687600.0,1135220.0,-0.0313472083302145,14,uptrend_crowded_chase,2.112810245420731,0.00018010038732452216,-0.015183627902148444,0.1,0.03333333333333333,0.18117600364529807,1.3025073466921884,1.420605797457085,0.016297226085437252,-0.0020685994654348993,0.10237979777089845,2.112810245420731,0,1.0,1.0
2025-09-02,3046.45551168185,3105.012457031441,3107.1877799940844,3028.186717694574,1021191.0,31119825250.0,1103714.0,-0.077711263137208,14,uptrend_crowded_chase,3.5858697170081837,0.01916854405316193,0.005825272024567507,0.35,0.11666666666666667,0.1325293059599204,0.8490507459643607,0.9777473730225558,0.025443074188191757,3.79589056906509,0.9724646365589843,3.5858697170081837,0,1.0,1.0
2025-09-03,3113.7429033527987,3161.359927927574,3164.176884639811,3099.0066825904246,1338718.0,41178598880.0,1015645.0,0.276188560949885,14,uptrend_crowded_chase,2.984678321230853,0.018147260816468336,0.03409655052029614,0.55,0.18333333333333332,-0.030795616882315358,0.058605082401838315,3.4264208571241612,0.020614610020728806,1.3257256205338683,0.9567753877745832,2.984678321230853,0,1.0,1.0
2025-09-04,3166.6147724727625,3150.6813186164622,3185.295409776464,3123.811413962366,1296574.0,39936810540.0,1016611.0,0.2432508547590599,14,uptrend_crowded_chase,1.873906591870829,-0.0033778530615183877,0.043719809496695516,0.55,0.18333333333333332,-0.10608285165254827,-0.11768408358161062,1.6638526607970523,0.01951450800523912,0.9839605229446058,0.43702274548550346,1.873906591870829,0,1.0,1.0
2025-09-05,3151.391348133317,3097.1912532252327,3154.6728360193383,3094.725080856614,1019550.0,31133852670.0,1051862.0,-0.0312005735249947,14,uptrend_crowded_chase,1.1347870890091931,-0.016977301092043873,0.0167844546693936,0.35,0.11666666666666667,-0.06069228664560811,0.17570289146678406,0.28359936196086827,0.019355522556218686,0.9345690331239498,0.04113869421672773,1.1347870890091931,0,1.0,1.0
2025-09-08,3119.98013539613,3122.277953080242,3140.9531229475115,3111.5317911769603,788111.0,24071088870.0,1065777.0,-0.3018204467142635,14,uptrend_crowded_chase,0.6821263099506759,0.008099822647014587,0.02483565512402519,0.5,0.16666666666666666,-0.06312235413545864,0.1821263099506759,-1.0965154053516522,0.009423034147720891,-1.5819949164839529,0.3652506958926214,0.6821263099506759,0,1.0,1.0
2025-09-09,3120.481454844152,3178.197302268921,3187.764573091753,3109.6917786189897,1141540.0,35185211080.0,981788.0,0.1507581078671279,14,uptrend_crowded_chase,1.9735576806501143,0.017909792154638948,0.023569903905457545,0.75,0.25,-0.1170607362040208,-1.224978439870975,0.6520045549424868,0.024565118854335107,1.7951108063577417,0.8774570464981907,1.9735576806501143,0,1.0,1.0
2025-09-10,3171.827805758521,3123.557622011912,3173.862964345429,3121.72809776917,776104.0,23854026830.0,1039837.0,-0.2925327172608223,14,uptrend_crowded_chase,0.55,-0.01719203531448521,-0.011957608996595148,0.55,0.18333333333333332,0.02354009145073377,-0.2931180696348301,-1.9684014371594791,0.016690861154236947,-0.2827624705713056,0.03509214395065109,0.55,0,1.0,1.0
2025-09-11,3127.2804718079224,3143.97275786725,3157.675299242321,3115.476201003461,847816.0,26045445440.0,1006419.0,-0.1714901338252416,14,uptrend_crowded_chase,0.7,0.006535860171578589,-0.0021292412880901113,0.7,0.23333333333333334,-0.010076060394668573,-0.8230210993846925,-1.3326563576525883,0.013422221338675476,-1.4375891250726132,0.675288289396364,0.7,0,1.0,1.0
2025-09-12,3147.832164791728,3135.995182035778,3157.2346556464013,3132.620730684665,661884.0,20411548770.0,1003951.0,-0.4166081802828724,14,uptrend_crowded_chase,0.65,-0.002537418879190234,0.012528748029407843,0.65,0.21666666666666667,-0.046618711705946225,-0.814322573899735,-1.9628214805136779,0.007848840171290635,-3.1790113157370263,0.13709521566993516,0.65,0,1.0,1.0
2025-09-15,3175.7947507084573,3219.202850875961,3258.380241589268,3164.4281357808586,1831747.0,57906570880.0,889481.0,0.7223872886976794,14,uptrend_crowded_chase,2.975709731288819,0.026533098429751822,0.031043007461939442,1.0,0.3333333333333333,-0.18082124303308156,-4.1925024560282145,1.857965460290153,0.029184897678269758,2.0934540022874852,0.5830067844014158,2.975709731288819,0,1.0,1.0
2025-09-16,3223.3615379354496,3197.277944395773,3235.434957135075,3189.98386083672,893619.0,28268066550.0,938274.0,-0.0487625073856408,14,uptrend_crowded_chase,0.95,-0.006810663228078995,0.0060036052869438805,0.95,0.3333333333333333,-0.04533338187634328,-1.8719263182648957,-0.35941258310614693,0.014215559950933323,-0.6321463517892063,0.16048201590501518,0.95,0,1.0,1.0
2025-09-17,3186.3646148190287,3193.7082880423422,3200.6855647471093,3175.710017470423,632894.0,19798877590.0,956776.0,-0.4132663477040486,14,uptrend_crowded_chase,0.9,-0.0011164673248653667,0.02245857913299698,0.9,0.3333333333333333,-0.08324994981290779,-1.2950472923574352,-1.3910432250617868,0.007820234355842132,-1.636847648903577,0.7206356830755005,0.9,0,1.0,1.0
2025-09-18,3187.1842350502075,3217.166797064484,3223.013217851676,3182.885683172256,769353.0,24210730750.0,894698.0,-0.1509363292735107,14,uptrend_crowded_chase,0.95,0.007345225958793167,0.023280748541500085,0.95,0.36666666666666664,-0.11766753377636796,-1.9811674872980187,-0.38781932405529457,0.012472941942592018,-0.3983885141677729,0.8543040125963558,0.95,0,1.0,1.0
2025-09-19,3214.5352817881508,3209.2805460594504,3233.3196188826328,3201.0300075478767,600220.0,18967756380.0,873165.0,-0.3748282867401107,14,uptrend_crowded_chase,0.9,-0.0024513031193251766,0.023369093308395428,0.9,0.36666666666666664,-0.13957395286267626,-1.6854507402412002,-1.3879238040786903,0.010061323985652544,-0.5103341449062642,0.2555168108416644,0.9,0,1.0,1.0
2025-09-22,3216.107871740177,3172.7725224148644,3223.485161395422,3163.7458102937785,679411.0,21316335690.0,878658.0,-0.2571694971242411,14,uptrend_crowded_chase,1.2458021957404075,-0.011375765727123066,-0.01442292723133698,0.7,0.3,-0.012242403086764497,-1.2247115743787689,-0.6324375694730711,0.018828753300023725,1.0916043914808151,0.15110160982042473,1.2458021957404075,0,1.0,1.0
2025-09-23,3166.517154610628,3165.788752438911,3187.685173624568,3149.8606167045355,539462.0,16813426130.0,852327.0,-0.4573979093837769,14,uptrend_crowded_chase,0.65,-0.0022011568514964663,-0.009848750250836424,0.65,0.3,-0.09607176121159355,-1.2074497916770845,-1.6148180699432353,0.011947909313561336,-0.2878744894615684,0.4211056792562152,0.65,0,1.0,1.0
2025-09-24,3165.4414309640097,3163.687478142083,3181.5322429362755,3144.842843229349,516371.0,16017102590.0,852094.0,-0.5008713500035308,14,uptrend_crowded_chase,0.6,-0.0006637443181291003,-0.009399984968151642,0.6,0.3,-0.11587244988767154,-1.0705032732361917,-1.5529334997989772,0.011597036673316666,-0.27480956132029494,0.5136261444249333,0.6,0,1.0,1.0
2025-09-25,3162.176029523066,3183.9328152083963,3195.111090965263,3158.219437583239,391505.0,12202428430.0,830173.0,-0.7516358260649043,14,uptrend_crowded_chase,0.75,0.006399284760643553,-0.010330201681309159,0.75,0.38333333333333336,-0.07485211835859928,-1.0609287027590935,-2.045109260053856,0.01158681904524081,-0.2025002340022618,0.6969971597338729,0.75,0,1.0,1.0
2025-09-26,3177.952162965802,3162.503609152933,3181.118967818659,3156.8750992345376,450177.0,13959587240.0,793538.0,-0.5668605891563248,14,uptrend_crowded_chase,0.5,-0.006730420300674722,-0.014575521284342918,0.5,0.3,-0.09562311349838382,-1.9860613632291975,-1.3796803465967422,0.007666036653350988,-1.3334598169276808,0.23216220211992308,0.5,0,1.0,1.0
2025-09-29,3158.912304858708,3166.126735073208,3172.9385538471583,3147.725483514646,402746.0,12419120450.0,735992.0,-0.6029131588162497,14,uptrend_crowded_chase,0.6,0.0011456511574527983,-0.0020946308929196134,0.6,0.35,-0.17717649437162208,-4.28011558857985,-1.4395479223917442,0.007963380004094951,-1.236905194571302,0.729829858715514,0.6,0,1.0,1.0
2025-09-30,3163.123546882788,3199.6342854815625,3200.145400078739,3159.0681478345773,358672.0,11026201540.0,662957.0,-0.6143018095391193,14,uptrend_crowded_chase,1.052332597448229,0.010583136182506614,0.01069102700443203,0.85,0.4666666666666667,-0.251260124642096,-4.745852417840872,-1.5126629964631069,0.012838108539638703,0.4046651948964579,0.987557234984016,1.052332597448229,0,1.0,1.0
2025-10-09,3108.5439162270163,3100.8481648289844,3134.269600149702,3063.138818793866,686780.0,20634733110.0,670319.0,0.0242602895610759,14,uptrend_crowded_chase,3.2153781983374072,-0.030874191185168653,-0.019862680415576817,0.05,0.13333333333333333,-0.2399431309029385,-4.088414997207213,0.8182020990001377,0.022939137156932982,5.512554297674677,0.5301410348141004,3.2153781983374072,0,1.0,1.0
2025-10-10,3097.333110752014,3032.8241380297154,3100.858730603893,3028.4708566778218,727471.0,21621384030.0,768762.0,-0.0552072930468342,14,uptrend_crowded_chase,3.3576414078499885,-0.021937232390422667,-0.04745975683183201,0.0,0.016666666666666666,-0.0768526840512962,-1.1899773288549398,0.839122035706137,0.023868140924616324,5.87616077999384,0.06013826785877979,3.3576414078499885,0,1.0,1.0
2025-10-13,3019.54843951918,3059.276895130265,3065.043938558368,3010.132644119888,583864.0,17338429670.0,785012.0,-0.2960309252938667,14,uptrend_crowded_chase,0.9367146789899703,0.008722153312105574,-0.032640820938167114,0.05,0.08333333333333333,-0.01080242362897188,-0.35348475312801014,0.2640448385077221,0.017949108995621656,1.5093845194722186,0.8949752780902991,0.9367146789899703,0,1.0,1.0
2025-10-14,3070.6196965761296,3094.470132095396,3102.040547805407,3068.855449310622,639300.0,19094564780.0,752865.0,-0.1635121010855919,14,uptrend_crowded_chase,0.35062490014092984,0.011503776275090027,-0.022632259847347846,0.1,0.15,0.022666679753688967,-0.4348187081447756,0.5012498002818596,0.010724000257942068,-0.24588401313191963,0.7718730377973432,0.35062490014092984,0,1.0,1.0
2025-10-15,3102.6320305052427,3086.30125791404,3112.1194330931226,3068.1524539865222,421632.0,12610494700.0,756093.0,-0.5840314888116511,14,uptrend_crowded_chase,0.4422280203293928,-0.002639829706749919,-0.03542061918819117,0.1,0.11666666666666667,0.13145425311605585,-0.3033246553055632,-0.6658067813312153,0.014245848163350259,0.6844560406587856,0.4127825994939291,0.4422280203293928,0,1.0,1.0
2025-10-16,3085.4895341646093,3056.5157980346867,3089.73632173458,3053.076355881339,386451.0,11518712100.0,775856.0,-0.6969618547468128,14,uptrend_crowded_chase,0.3634755480339982,-0.009650859520915489,-0.01429685184109708,0.05,0.06666666666666667,0.1462132174741022,0.3134755480339982,-0.7466979185930553,0.01199403774612026,-0.04799775944028688,0.09382011339335267,0.3634755480339982,0,1.0,1.0
2025-10-17,3050.755443823504,3041.716012003644,3068.519716171397,3032.396525398105,419320.0,12426645470.0,783762.0,-0.625471051250331,14,uptrend_crowded_chase,0.6280996935733767,-0.004842044670784529,0.002931879188915021,0.05,0.03333333333333333,0.019323974079709316,0.5780996935733766,-0.16414900828701948,0.011875924849899654,-0.11598149741419711,0.2579917888214259,0.6280996935733767,0,1.0,1.0
2025-10-20,3006.806929391488,3028.491999235868,3039.980287804566,2989.63809564938,658682.0,19252886990.0,795674.0,-0.1889486854971394,14,uptrend_crowded_chase,2.3519960941010565,-0.0043475501051345455,-0.010062801423238343,0.0,0.016666666666666666,0.013490549928336648,1.0134610130841113,1.773782672664165,0.01662285790019861,0.9032874893697256,0.7717960208549554,2.3519960941010565,0,1.0,1.0
2025-10-21,3027.646442633849,3054.945273010921,3055.6929797191888,3018.041779745573,529576.0,15575982430.0,785225.0,-0.3938936145419619,14,uptrend_crowded_chase,0.9371646649084912,0.00873480061420917,-0.012772738917247506,0.15,0.1,0.04208437205908666,0.6998315829680849,0.17466616388081255,0.012324672492907602,-0.27837985002523974,0.9801412250129691,0.9371646649084912,0,1.0,1.0
2025-10-22,3060.342917387185,3035.404922713152,3062.803490923395,3034.573590558386,318733.0,9458052330.0,795090.0,-0.9141015540769812,14,uptrend_crowded_chase,1.1376659333522199,-0.006396301259600112,-0.016491045736503285,0.1,0.05,0.050290931307294784,1.0376659333522198,-1.5645382815889806,0.009300209060666696,-1.2760990322773442,0.029448639351067833,1.1376659333522199,0,1.0,1.0
2025-10-23,3037.4718389749296,3114.931143171405,3119.189578256364,3036.74927745483,858547.0,25985992410.0,764601.0,0.1158872963552677,14,uptrend_crowded_chase,2.6177095661699523,0.02619954255960355,0.01911174323858522,0.5,0.3333333333333333,-0.014612806818366408,-0.7884658083280316,1.2211397250678355,0.02646617116473363,3.0142794072720687,0.9483452262600236,2.6177095661699523,0,1.0,1.0
2025-10-24,3116.204652361282,3183.166480026324,3183.9767311173914,3098.0307437345245,924369.0,28494858990.0,738497.0,0.2244943028970265,14,uptrend_crowded_chase,2.996683320429457,0.02190588931781212,0.046503509027295165,0.8,0.6,-0.05948836315994299,-2.1800393931570983,1.2569730958647207,0.02700015469569663,3.136393544994194,0.9905725547435027,2.996683320429457,0,1.0,1.0
2025-10-27,3190.803569297371,3215.0702297411285,3220.508367824852,3178.942394339772,895053.0,28050237250.0,724337.0,0.2116261806970407,14,uptrend_crowded_chase,1.5743785897284281,0.010022645662736807,0.061607635269413485,1.0,0.7,-0.09393280051651054,-2.545372065362171,1.1487571794568563,0.012928480721998703,-0.08159022035915746,0.8691685138644593,1.5743785897284281,0,1.0,1.0
2025-10-28,3206.0955949206173,3200.362325016752,3208.1995536886325,3189.704504751008,542551.0,16981471110.0,713354.0,-0.27369570067811,14,uptrend_crowded_chase,0.95,-0.004574676032989999,0.04760054240268263,0.95,0.6833333333333333,-0.095992510026635,-2.4580051037575186,-0.13166495686219343,0.005779048451186813,-2.622824488130799,0.5762526123444272,0.95,0,1.0,1.0
2025-10-29,3195.603530913355,3258.854946233381,3268.1429750790403,3194.226760517994,970111.0,30871510910.0,710571.0,0.311341625768618,14,uptrend_crowded_chase,3.069967796478859,0.01827687470240491,0.07361456847098391,1.0,0.7833333333333333,-0.11238644362246397,-2.127338113104906,1.3972948740879325,0.022681652230787185,2.7426407188697857,0.8743438242770313,3.069967796478859,0,1.0,1.0
2025-10-30,3251.8098660803853,3245.880185810884,3262.0205625107665,3233.756648757793,520329.0,16593262770.0,691671.0,-0.2846491052195352,14,uptrend_crowded_chase,0.95,-0.003981386295665912,0.042039145207606765,0.95,0.7666666666666667,-0.10024372009755034,-2.255512234389589,-0.24456443201913933,0.008707626940922574,-0.7219505931164596,0.4289404913647436,0.95,0,1.0,1.0
2025-10-31,3247.4529992958205,3251.127709938868,3255.0505869123017,3218.9748015455484,540467.0,17129052330.0,652690.0,-0.1886687039131276,14,uptrend_crowded_chase,0.95,0.0016166721590411548,0.02135019652254644,0.95,0.7833333333333333,-0.12351475512537036,-1.9798312157760567,-0.18980411590927268,0.011096391340293311,-0.26078729177222626,0.891260108863801,0.95,0,1.0,1.0
2025-11-03,3235.23372410087,3273.816319119932,3290.593691711879,3227.398209318099,522932.0,16764063240.0,671948.0,-0.2507295200854628,14,uptrend_crowded_chase,1.5689528411868894,0.006978688998190874,0.01827210144132163,1.0,0.8666666666666667,-0.07507579712489232,-1.1405621890237023,-0.36045215696872746,0.019303307282299863,1.137905682373779,0.734516266726081,1.5689528411868894,0,1.0,1.0
2025-11-04,3273.6682262228364,3263.426274027617,3294.38466393966,3254.8907424426907,436556.0,14024351800.0,678282.0,-0.4406464703768835,14,uptrend_crowded_chase,0.95,-0.003173679913449634,0.019705252907742166,0.95,0.8333333333333334,-0.05041466022136376,-0.7812356133230319,-0.5803468450449772,0.012101980611998738,-0.06678856665118806,0.21612266549882775,0.95,0,1.0,1.0
2025-11-05,3269.262653987401,3303.657346987311,3314.5198230339897,3268.2268838516065,728503.0,23588033850.0,710611.0,0.0248665803342939,14,uptrend_crowded_chase,1.391619047825432,0.012327863288923657,0.013747896575057261,1.0,0.9333333333333333,5.629117172922804e-05,-0.030105539359581938,0.5916590382589256,0.014012633369680087,0.19157905739193848,0.7653535023152641,1.391619047825432,0,1.0,1.0
2025-11-06,3305.660918267297,3304.354131584266,3313.4564270350425,3284.0354032731016,523903.0,17066307830.0,712608.0,-0.3076249269218253,14,uptrend_crowded_chase,1.0583702231197643,0.00021091309532761393,0.018014819533079596,1.0,0.95,0.02982107056594252,0.05837022311976431,-0.49115426329952666,0.008903713884878022,-0.5814243941705722,0.690619350148128,1.0583702231197643,0,1.0,1.0
2025-11-07,3295.4383546535714,3302.49139656772,3304.52293617893,3269.8564405778466,472122.0,15381012690.0,703847.0,-0.3993235762300717,14,uptrend_crowded_chase,0.9,-0.000563721363500691,0.015798729306089943,0.9,0.9333333333333333,0.07545871844370922,-0.2787633077923455,-0.7244245259236902,0.010497073705358483,-0.36695137113577675,0.941397606652039,0.9,0,1.0,1.0
2025-11-10,3292.0462568593443,3297.9032648142897,3305.640883303592,3280.4718203732955,445899.0,14466508120.0,705400.0,-0.4586725488263393,14,uptrend_crowded_chase,0.85,-0.0013892940820977584,0.007357451776901502,0.85,0.9333333333333333,0.0485840612252435,-0.11143784966021307,-1.6788746636013598,0.007631837840372166,-1.0475560104088317,0.6925742324721834,0.85,0,1.0,1.0
2025-11-11,3294.7530138365064,3328.761098862396,3342.009694092872,3290.369064919056,526349.0,17227034420.0,709825.0,-0.2990539699621909,14,uptrend_crowded_chase,2.053351070371411,0.009356803875156805,0.020020315873152672,1.0,1.0,0.04545533011185121,0.4207378863082217,0.05418928713318385,0.01551346811625021,1.2110370809931947,0.7434462855616476,2.053351070371411,0,1.0,1.0
2025-11-12,3324.4525577912623,3289.613696844545,3327.47437837289,3275.743138153161,668925.0,21490379250.0,719611.0,-0.0730388420093135,14,uptrend_crowded_chase,3.9109587748458883,-0.011760351931302537,-0.004250940296690597,0.75,0.9,0.01258562488641779,1.4390353781403318,2.447522721620987,0.015725627683685323,0.9963240717901252,0.26812731789279565,3.9109587748458883,0,1.0,1.0
2025-11-13,3286.890201297389,3266.5550081342512,3300.195842120282,3239.8180393415105,592434.0,18825648720.0,713649.0,-0.1861517704280575,14,uptrend_crowded_chase,2.674830263544147,-0.007009543014856678,-0.011439186583761196,0.65,0.8666666666666667,0.0014597652244390247,0.5757725221985129,1.2358746414621309,0.01848363264308151,1.6622408412291372,0.44282778707113307,2.674830263544147,0,1.0,1.0
2025-11-14,3269.2937283844176,3249.197006109599,3279.598327308136,3242.3612802932093,455023.0,14562376670.0,694481.0,-0.4228168368848722,14,uptrend_crowded_chase,0.45,-0.0053138557230562045,-0.016137631884070913,0.45,0.7833333333333333,-0.013396198984308327,-1.6257088566850082,-0.8515000860043485,0.011460384502665844,-0.4120104587464646,0.18357325202638913,0.45,0,1.0,1.0
2025-11-17,3237.342597318707,3252.1009851623976,3253.262984140287,3222.641576628836,409778.0,12988632120.0,706381.0,-0.5445392023463115,14,uptrend_crowded_chase,0.5,0.0008937528402672701,-0.013888302953140585,0.5,0.8166666666666667,0.0013897341838280397,-0.15079005744136584,-1.2512011741324585,0.009415884577742189,-0.9394971453033845,0.9620527247986667,0.5,0,1.0,1.0
2025-11-18,3249.2630462398192,3210.675806367992,3256.584879688099,3203.865384828672,433914.0,13656816080.0,713663.0,-0.4975645043395454,14,uptrend_crowded_chase,1.7000227140541027,-0.012737974307503452,-0.03547424672042687,0.25,0.7166666666666667,0.005392401341081765,0.8532230990512834,-0.7683043033668404,0.016420061706281318,1.1935992300056382,0.1291822229609667,1.7000227140541027,0,1.0,1.0
2025-11-19,3207.4186365001274,3214.2098011164408,3219.1388738627293,3186.6689679180945,312423.0,9818320470.0,712980.0,-0.8250953307150013,14,uptrend_crowded_chase,0.7605394948335428,0.0011007012110781922,-0.02292180866113025,0.25,0.7166666666666667,-0.00925741869970409,0.5105394948335428,-2.553530823009668,0.010101987099086222,-0.5632434172163665,0.8481956567815998,0.7605394948335428,0,1.0,1.0
2025-11-20,3211.1443732955536,3253.6767891183645,3259.252324321947,3197.431734678744,544868.0,17278720400.0,720774.0,-0.279782071118586,14,uptrend_crowded_chase,3.6979406765816387,0.012278908485754414,-0.003942446701132529,0.5,0.8333333333333334,0.00993438978368033,1.7560068412945806,0.8881030519917735,0.0190002245613199,1.995764618582342,0.9098110316358718,3.6979406765816387,0,1.0,1.0
2025-11-21,3252.028865827588,3219.100514082195,3258.3584732684462,3209.638111400377,455079.0,14427340940.0,721869.0,-0.4613726517340419,14,uptrend_crowded_chase,1.691425894684896,-0.010626831513138257,-0.00926274767913804,0.25,0.7333333333333333,0.03867887797851388,1.2670737396948581,-0.09872456278397072,0.015134774964291524,0.3487043099800756,0.19421864532618305,1.691425894684896,0,1.0,1.0
2025-11-24,3222.5592157524857,3242.0124545063604,3243.91952931366,3212.441675654746,409751.0,13064721670.0,727849.0,-0.574543950966798,14,uptrend_crowded_chase,1.7164076500807839,0.007117497674874018,-0.0031021578671959205,0.25,0.75,0.029938857114487405,1.4664076500807839,-0.5650273027798511,0.009709356179418717,-1.1080518247973634,0.9394153480741059,1.7164076500807839,0,1.0,1.0
2025-11-25,3245.5083231886824,3250.3843096707046,3272.446548497342,3240.3365819333035,421109.0,13478654320.0,730195.0,-0.5504199142239604,14,uptrend_crowded_chase,2.044932422264566,0.0025823019750301768,0.012367646469928717,0.35,0.7833333333333333,0.022900759636740986,1.694932422264566,-0.41758735508656114,0.009878821549963621,-1.0746085015230773,0.31291616941931216,2.044932422264566,0,1.0,1.0
2025-11-26,3249.0296052406507,3290.663064959733,3293.346940597756,3240.215816433916,398031.0,12810679570.0,728636.0,-0.6046444014824554,14,uptrend_crowded_chase,2.758111982789976,0.012391997822900347,0.023786021627068887,0.75,0.9166666666666666,0.02172092365091416,1.7176452001692015,-0.916370567928064,0.016146023799762727,0.5809335652415499,0.9494858111839166,2.758111982789976,0,1.0,1.0
2025-11-27,3291.886860892807,3321.357098011957,3340.3974528816047,3288.2074093356305,602872.0,19613664780.0,713566.0,-0.1685700321699597,14,uptrend_crowded_chase,3.050470039100782,0.009327613446379779,0.020801177646145863,0.95,0.9833333333333333,-0.010050700220570974,-0.3240815560381351,3.708224954440758,0.015713469526421393,0.4927151237608068,0.6351726579251654,3.050470039100782,0,1.0,1.0
2025-11-28,3321.7947424960503,3361.013984411141,3366.17729319416,3314.4673547481134,424140.0,13989258140.0,715511.0,-0.5229333833318418,14,uptrend_crowded_chase,1.222867555373483,0.011939964667732061,0.044084821119481976,1.0,1.0,-0.008846709244545892,-0.15088146885508902,-0.08418068617900129,0.015385219664626406,0.44573511074696587,0.9001486186566154,1.222867555373483,0,1.0,1.0
2025-12-01,3381.2511667609715,3348.247269941038,3396.022843073604,3322.9662388817605,707591.0,23798993640.0,745222.0,-0.0518159174131271,14,uptrend_crowded_chase,9.351757033332486,-0.0037984710951267653,0.03276817005653765,0.95,0.9833333333333333,0.023588551467291552,3.6736307969738737,7.650552665294151,0.02181935750316605,1.8056998074230746,0.3460471690265107,9.351757033332486,0,1.0,1.0
2025-12-02,3349.748113709212,3380.601827362677,3453.3163545218863,3338.4174432170544,852846.0,28452018630.0,728591.0,0.1574664598779443,14,uptrend_crowded_chase,7.989426718751927,0.009663132622283355,0.04006219120137344,1.0,1.0,-0.002199089717629832,0.6515019754386883,6.920335394620085,0.03398770904483256,5.755514092006393,0.36714346260170794,7.989426718751927,0,1.0,1.0
2025-12-03,3374.633922028182,3341.039996728942,3393.174399825106,3324.814040924092,630013.0,20727887900.0,745936.0,-0.1688993515454777,14,uptrend_crowded_chase,4.974928909553883,-0.011702599907957412,0.015309051937173912,0.85,0.95,0.023465512457889304,2.978353871083042,1.5485682738162558,0.020460802315429478,0.7445818031254264,0.2373591371623015,4.974928909553883,0,1.0,1.0
2025-12-04,3333.271347965911,3344.555058376933,3347.005336307998,3299.203724460012,599638.0,19516504970.0,748669.0,-0.2219708234732298,14,uptrend_crowded_chase,3.137002575373682,0.0010520860724303471,0.006984482451122709,0.85,0.95,0.048022028886451906,1.962435980947748,0.6491331888518671,0.014292368047061951,-0.29057209015377533,0.9487406839154967,3.137002575373682,0,1.0,1.0
2025-12-05,3340.7646978789694,3323.7026549071734,3354.739279656683,3316.906918315993,388080.0,12474514640.0,753774.0,-0.6638810843935466,14,uptrend_crowded_chase,2.368604756346265,-0.0062347317074454844,-0.011101212216617529,0.7,0.9,0.05209561558774922,1.668604756346265,-0.945871339044827,0.011382595035940803,-0.9112309387131186,0.1796276084905978,2.368604756346265,0,1.0,1.0
2025-12-08,3354.96612569772,3361.872134589309,3372.336184831652,3333.2341641623943,466691.0,15094620160.0,754473.0,-0.4803521238463328,14,uptrend_crowded_chase,2.069914240700977,0.011484023586099568,0.004069252820897873,0.95,0.9833333333333333,0.012337331711766097,1.119914240700977,-0.24310877994589963,0.011631025542866047,-0.5822449106834996,0.7323910615552929,2.069914240700977,0,1.0,1.0
2025-12-09,3363.131907523177,3309.825516899577,3371.4711317804,3306.0660417393474,476032.0,15224319860.0,758658.0,-0.4660660041002246,14,uptrend_crowded_chase,2.293486722598252,-0.01548143879543773,-0.020936009053250437,0.55,0.85,0.04043855092136894,1.3921419188969406,-0.3169736926049722,0.019760887607851798,0.7026896074026232,0.05747985604591202,2.293486722598252,0,1.0,1.0
2025-12-10,3305.6881233513795,3305.5787309459115,3319.500448225069,3286.513765273213,527074.0,17041782340.0,757777.0,-0.3630481909667403,14,uptrend_crowded_chase,1.298462714962457,-0.0012830845408562386,-0.010613840545982356,0.55,0.8333333333333334,0.015749341469007305,0.7484627149624569,-0.046245985299002965,0.009979094626621294,-0.9873869393382303,0.5779594662647342,1.298462714962457,0,1.0,1.0
2025-12-11,3304.351291020541,3314.639027529419,3329.820689156975,3291.737576654963,377368.0,12002728610.0,744331.0,-0.6792649897044049,14,uptrend_crowded_chase,0.6,0.0027409108422338235,-0.008944696775909033,0.6,0.85,-0.005811134906350546,-0.22888651187956774,-1.5253867608953007,0.011489369486606569,-0.6536930217523335,0.6013544946791315,0.6,0,1.0,1.0
2025-12-12,3308.2031185482706,3293.2423379958573,3310.5864203323667,3262.751514352743,527167.0,16584297510.0,744518.0,-0.3452196427435078,14,uptrend_crowded_chase,0.5342277820067934,-0.006455209558523078,-0.00916457339116783,0.45,0.7333333333333333,-0.01235555919850917,-0.276943221655772,0.1684555640135868,0.014525170354980388,-0.05087511944070519,0.6374178650231371,0.5342277820067934,0,1.0,1.0
2025-12-15,3289.47450168159,3312.49116454523,3321.473826536865,3280.2310817064376,370428.0,11603760190.0,740143.0,-0.6921843169049591,14,uptrend_crowded_chase,0.55,0.005844946886321978,-0.01468853307536988,0.55,0.8333333333333334,-0.01917608150693617,-1.0299166211251725,-1.5490479592519388,0.01245067315857721,-0.3542769529547229,0.7822001899105373,0.55,0,1.0,1.0
2025-12-16,3312.44413225486,3277.4062169518565,3316.6072871265715,3276.2880764629863,307156.0,9692116080.0,749853.0,-0.8925214254712721,14,uptrend_crowded_chase,0.553003202337733,-0.010591710543683797,-0.009794866763275345,0.3,0.6666666666666666,-0.011673895642928755,0.25300320233773305,-1.6120816601546255,0.012302170678459248,-0.372643944526889,0.027732201857813908,0.553003202337733,0,1.0,1.0
2025-12-17,3276.8263922476226,3278.257569289654,3286.280153723062,3259.382723459239,291499.0,9296621960.0,761333.0,-0.9600342690263935,14,uptrend_crowded_chase,1.9648383137666716,0.00025976405774597033,-0.008265167427562559,0.3,0.6666666666666666,0.00468169717152378,1.6648383137666716,-1.5555743471647134,0.008204794679891877,-1.9339818002131697,0.7017341673639912,1.9648383137666716,0,1.0,1.0
2025-12-18,3277.0481308454105,3248.465369314961,3279.524252266049,3244.1311161868944,414054.0,12812563300.0,776248.0,-0.6284756566527898,14,uptrend_crowded_chase,2.6426602410186577,-0.009087815507171415,-0.019964061746952977,0.1,0.48333333333333334,0.04198622838394073,2.5426602410186576,-0.10496754287572235,0.01089534043166314,-0.5619689381402879,0.12246027360710636,2.6426602410186577,0,1.0,1.0
2025-12-19,3245.1555955596327,3240.5244014104355,3258.902400915754,3215.717616017964,450932.0,13984074350.0,798335.0,-0.5712117567757875,14,uptrend_crowded_chase,5.9800888480523176,-0.0024445290319349278,-0.01600791292435033,0.05,0.43333333333333335,0.06979127972540056,4.955209370256919,0.4901830431676694,0.013326480392801194,1.4595759124231276,0.5744334596359478,5.9800888480523176,0,1.0,1.0
2025-12-22,3243.39173604043,3258.279823757068,3283.145215338359,3238.952959618745,372330.0,11692812370.0,800486.0,-0.7654384854049626,14,uptrend_crowded_chase,3.875266249424088,0.005479181807396483,-0.016365731437537168,0.2,0.5666666666666667,0.0783756324421141,3.2323460225452747,-0.6938768168956551,0.013563063367791603,0.8858404537576259,0.43733599526907596,3.875266249424088,0,1.0,1.0
2025-12-23,3257.246116135471,3266.430349699006,3272.116734595608,3240.19197958774,297596.0,9296440400.0,813471.0,-1.0055734155825813,14,uptrend_crowded_chase,2.784269316912483,0.0025014812670509645,-0.0033489492990156355,0.2,0.6,0.081433090271128,2.584269316912483,-1.2057826640278637,0.009773591226523284,-1.3161676016421064,0.8218816434080565,2.784269316912483,0,1.0,1.0
2025-12-24,3267.591824366354,3327.182173909712,3329.725692217677,3267.1373726744578,433560.0,13558939660.0,782774.0,-0.5908138259195522,14,uptrend_crowded_chase,3.4287991715284845,0.018598842683513528,0.014923966035609526,0.7,0.8833333333333333,0.027773176587777115,0.9675378090075846,0.5112933573344312,0.018811209086778947,3.0112293677073687,0.9593611343693534,3.4287991715284845,0,1.0,1.0
2025-12-25,3325.675995070148,3316.0025167496,3332.080256965331,3295.973103566668,406787.0,12470455510.0,783153.0,-0.65503837227283,14,uptrend_crowded_chase,1.1061821026742669,-0.0033600976970176166,0.02079047788921984,0.55,0.8333333333333334,0.008856022446273926,0.389187378832264,0.33398944768400596,0.010888759346918606,-0.752263020770775,0.5547214692275806,1.1061821026742669,0,1.0,1.0
2025-12-26,3314.8755269823905,3338.2056482035373,3340.890946657563,3298.928844758073,308541.0,9758441900.0,780673.0,-0.9283016325314212,14,uptrend_crowded_chase,0.7841174204820054,0.006695752292643409,0.03014365414146747,0.7,0.9,-0.022371940676586988,0.04007867441808518,-1.2269327022406231,0.012570256695261383,0.08807749212784052,0.9360065789731523,0.7841174204820054,0,1.0,1.0
2025-12-29,3331.2568111664573,3319.4845058773044,3333.850385398024,3308.135122376306,311163.0,9790645920.0,771357.0,-0.9078344107809796,14,uptrend_crowded_chase,0.6,-0.0056081453029437345,0.018784354147233007,0.6,0.8166666666666667,-0.03706774179935124,-0.4024275366366886,-0.7015167723462487,0.0077467639858502845,-2.341068820343677,0.4413481398737089,0.6,0,1.0,1.0
2025-12-30,3316.460693414724,3315.8017980618124,3320.9476142912818,3286.5787200714026,340478.0,10555301380.0,763600.0,-0.8076935792157705,14,uptrend_crowded_chase,0.5507035485776146,-0.0011094216011466873,0.015114802116431347,0.55,0.7833333333333333,-0.0632661857393817,-0.9204364010917107,0.0014070971552291537,0.01036518354021306,-0.46836976100762384,0.850276933655521,0.5507035485776146,0,1.0,1.0
2025-12-31,3313.016861776817,3315.6493537481497,3317.4354046409167,3289.718813251949,308854.0,9626567670.0,720849.0,-0.8475610106769041,14,uptrend_crowded_chase,0.55,-4.597509831616442e-05,-0.0034662424714816398,0.55,0.7666666666666667,-0.08241433686131217,-3.181272267533421,-0.6521379387171683,0.008359325257852001,-0.8307561455544923,0.9355602257253788,0.55,0,1.0,1.0
2026-01-05,3339.9254231001964,3350.742538864295,3369.8024684021034,3334.966217516306,461903.0,14696464130.0,716982.0,-0.4396958233541975,14,uptrend_crowded_chase,1.565129876836635,0.010584106270608684,0.01047647640169691,0.95,0.95,-0.08827734351912753,-3.392346541293959,1.2302597536732702,0.010396576424998813,-0.16251969136729943,0.4528708155107731,1.565129876836635,0,1.0,1.0
2026-01-06,3350.94794722328,3347.320394893293,3363.871824800913,3334.24101558905,344101.0,11094396200.0,735895.0,-0.7601522265769077,14,uptrend_crowded_chase,0.9,-0.0010213091370971927,0.002730432948209849,0.9,0.9166666666666666,-0.0590689226727541,-1.8320134064288978,-0.16131720387749243,0.008852098310358339,-0.5736130594890373,0.44141147852979196,0.9,0,1.0,1.0
2026-01-07,3345.9879863414526,3354.7679674751107,3362.430968704856,3321.558450859264,403608.0,13050408820.0,748227.0,-0.6172622979822401,14,uptrend_crowded_chase,1.8305715439736543,0.0022249356808448084,0.010629199062485606,0.95,0.95,-0.030444893544352425,-1.0422248230533588,1.076255484595057,0.012183411264759792,0.6848876033522519,0.8125145786541851,1.8305715439736543,0,1.0,1.0
2026-01-08,3358.6467895435903,3366.05380299034,3390.1237389018725,3356.352863676774,387289.0,12325324130.0,743862.0,-0.6526843493962393,14,uptrend_crowded_chase,1.3418987075217021,0.003364118062604282,0.01515531023534078,1.0,0.9833333333333333,-0.026188558093728886,-0.9237956238998742,0.6837974150434041,0.01003277939143363,-0.14095981688467327,0.28725756288235604,1.3418987075217021,0,1.0,1.0
2026-01-09,3367.427068860467,3393.4787210132736,3400.0964053432617,3356.0122328915154,321612.0,10251219510.0,751939.0,-0.8493093535968814,14,uptrend_crowded_chase,1.5284404573011372,0.008147498414484478,0.02347334080340624,1.0,1.0,0.0422255196326109,-0.11921236352119556,-0.6378478160337442,0.01299084982580443,1.0568809146022742,0.8498852544588029,1.5284404573011372,0,1.0,1.0
2026-01-12,3401.7474668279824,3367.304179549634,3407.715248647516,3360.4747516471075,334400.0,10729086290.0,777189.0,-0.8433456828215029,14,uptrend_crowded_chase,2.706278124487527,-0.007713188623096556,0.0049426777776104824,0.95,0.9666666666666667,0.08063282835006547,1.0176081807090325,-0.1521961657585456,0.014029174224090103,1.477339887556989,0.1445672322724972,2.706278124487527,1,0.0,0.0
2026-01-13,3373.450071349621,3351.408624581257,3399.2680626508004,3345.3291418045446,467344.0,14823735860.0,783296.0,-0.5164450545575467,14,uptrend_crowded_chase,4.3458238527439175,-0.004720558084688076,0.0012213440022654787,0.8,0.8833333333333333,0.06242321225181513,1.241954541247158,2.592240835725181,0.016094402947654643,2.015497787268339,0.11271050071692759,4.3458238527439175,1,0.0,0.0
2026-01-14,3356.355545229006,3360.716174637467,3371.8482071677463,3339.0527749334938,374476.0,11784031850.0,772549.0,-0.7241677217245374,14,uptrend_crowded_chase,2.002011368053663,0.0027772053780439343,0.0017730606766324097,0.85,0.9,0.031989029310190986,0.8459717455019008,0.6120792451035243,0.009758465318122349,-0.21956249877772965,0.6605614937237243,2.002011368053663,0,1.0,1.0
2026-01-15,3375.944691584618,3415.5652319003693,3430.510066353821,3367.6939838650305,828857.0,26432552560.0,740167.0,0.1131718068586942,14,uptrend_crowded_chase,5.659227735578648,0.01632064548527934,0.014709042638012537,1.0,1.0,-0.004979697344897005,-0.3692429399752467,6.074788243552107,0.018391123642466797,3.243667227605191,0.7620858566575115,5.659227735578648,0,1.0,1.0
2026-01-16,3416.542480349698,3413.1251187065254,3425.5584161216666,3394.326779681854,317290.0,10132231820.0,739218.0,-0.8457766885033772,14,uptrend_crowded_chase,0.95,-0.00071440977647097,0.0057894565749290194,0.95,0.9833333333333333,-0.017062332958047932,-0.2579795138975653,-0.8234833234194843,0.00915045166924569,-0.697360748099619,0.6019005459703729,0.95,0,1.0,1.0
2026-01-19,3397.837332240632,3365.17369508114,3399.194345271904,3359.467640054541,422756.0,13419900420.0,744644.0,-0.5661110713594409,14,uptrend_crowded_chase,1.0760930728802383,-0.014049125642237703,-0.0006326973611212594,0.75,0.9,-0.042777312209301144,-0.11052367233827753,0.47119803629472046,0.01180524656882682,0.1809881094657561,0.14363272754130404,1.0760930728802383,0,1.0,1.0
2026-01-20,3364.216039879086,3360.7161359007587,3376.255796992302,3351.28966375306,347143.0,11218796860.0,756140.0,-0.7784897454182286,14,uptrend_crowded_chase,1.6106027304633526,-0.0013246148889423104,0.0027771938197076462,0.65,0.8333333333333334,-0.035284113539814754,0.9606027304633525,-0.5328593102553779,0.007428813452151459,-1.4421015620487185,0.3775703693226404,1.6106027304633526,0,1.0,1.0
2026-01-21,3377.2043422851266,3370.573341711555,3387.158553029923,3366.114899224744,334871.0,10688925150.0,759111.0,-0.8184026287242244,14,uptrend_crowded_chase,1.5963411750311371,0.002933067064336825,0.002933055504203974,0.85,0.9333333333333333,-0.017547425418836582,0.7463411750311372,-0.7399407483719355,0.006243345470267439,-1.8165533061450008,0.21186636731847022,1.5963411750311371,0,1.0,1.0
2026-01-22,3376.8174925052663,3423.420368925986,3424.393712917584,3369.5927909668035,417767.0,13365460800.0,773109.0,-0.6154961868595974,14,uptrend_crowded_chase,3.23446195428241,0.015678942974015175,0.0022998058863734627,1.0,1.0,0.04354421128924102,1.0480885824871868,1.0480685233720082,0.01600765201031177,1.3246782202184382,0.9822385471457608,3.23446195428241,0,1.0,1.0
2026-01-23,3423.0547222680066,3383.3530634431263,3430.208909366244,3375.8937973997126,447268.0,14362763210.0,762557.0,-0.5335192922595401,14,uptrend_crowded_chase,1.9803193162237558,-0.011703881254708448,-0.008722813910402971,0.8,0.9333333333333333,0.031084389105627608,0.22029846159721825,1.2008972305199763,0.01605363405711392,0.7191444787330987,0.13733316149674935,1.9803193162237558,0,1.0,1.0
2026-01-26,3405.5352479529224,3401.4692837474654,3425.5605467424607,3390.7332417452885,428365.0,13754937250.0,757205.0,-0.5696583866989757,14,uptrend_crowded_chase,1.031131579124658,0.005354516648021113,0.010785650892070953,0.85,0.95,0.01672777076584353,-0.17292242200194105,0.36226315824931615,0.010238900337445426,-0.5702377425600506,0.30826508117836254,1.031131579124658,0,1.0,1.0
2026-01-27,3413.530819532504,3365.264626111856,3421.9687565919617,3356.2066872176533,459819.0,15033749230.0,754370.0,-0.4950500300371291,14,uptrend_crowded_chase,1.5102948405403733,-0.010643829067808586,0.00135342886074441,0.55,0.8333333333333334,-0.0023435803935427657,-0.18363471078539176,0.5478632695851529,0.01954142591463549,1.3727264114955937,0.13773804535630313,1.5102948405403733,0,1.0,1.0
2026-01-28,3365.8757500732668,3382.486945536216,3390.262511964905,3352.738626402844,292352.0,9526379740.0,762268.0,-0.9583396441759404,14,uptrend_crowded_chase,1.123882918523955,0.005117671665618051,0.003534592669213854,0.7,0.9,0.004150188127168164,0.41812207485093705,-2.384482473877867,0.011093578827134961,0.011521687346035737,0.7927835480728891,1.123882918523955,0,1.0,1.0
2026-01-29,3386.965024298908,3369.7150323029227,3402.00611191014,3363.990111396676,371715.0,11874588940.0,749313.0,-0.7010293551319271,14,uptrend_crowded_chase,0.6,-0.0037758943165022707,-0.015687625484308354,0.6,0.85,-0.03126326095621934,-0.8722699183375658,-0.5889918048945173,0.011281666297901501,-0.02637732275859124,0.1505924039594587,0.6,0,1.0,1.0
2026-01-30,3371.1212197794075,3361.244938338223,3382.677603866804,3343.595975519036,498014.0,15931983180.0,711624.0,-0.3569214929564555,14,uptrend_crowded_chase,1.0242197618882563,-0.0025135935482684113,-0.0065343831076276615,0.35,0.75,-0.06912757775021916,-5.478126612709271,1.2461469001723453,0.011627128955109603,0.10229262360416706,0.45159230987352317,1.0242197618882563,0,1.0,1.0
2026-02-02,3333.940390070422,3376.072740748284,3379.5874189782703,3325.830186708816,394735.0,12800940730.0,707004.0,-0.5828216699087903,14,uptrend_crowded_chase,1.2250790608936182,0.004411401930557224,-0.007466344947028691,0.65,0.8666666666666667,-0.06859769899939572,-6.059434085244314,-0.39729469589866767,0.015923007706741286,1.150158121787236,0.9346194347884367,1.2250790608936182,0,1.0,1.0
2026-02-03,3371.674013804968,3368.190042774765,3388.732652569397,3352.8699580518823,328847.0,10507418120.0,713271.0,-0.7742688353466564,14,uptrend_crowded_chase,0.5,-0.002334872077362826,0.0008692976594499857,0.5,0.8166666666666667,-0.05602153147443012,-5.271806364170847,-1.288659904233554,0.01064746764941163,-0.12815030989289686,0.4271872186123846,0.5,0,1.0,1.0
2026-02-04,3362.8654455232054,3359.5688383798138,3369.5478021377944,3348.69883912216,252280.0,7972310500.0,727966.0,-1.0597147620138991,14,uptrend_crowded_chase,0.1,-0.002559595594507802,-0.006775519765611082,0.1,0.65,-0.046043856079970524,-2.887616350475199,-2.9076218917004426,0.0062058448624285984,-1.245613465459093,0.5213688205740765,0.1,0,1.0,1.0
2026-02-05,3352.14613059242,3334.305585261421,3360.175738430034,3327.732405536085,433235.0,13570009670.0,735919.0,-0.5298397523709679,14,uptrend_crowded_chase,0.19762976082108732,-0.007519790286713124,-0.010508142885097937,0.0,0.5,-0.018036728421360948,-0.6863916904911866,0.39525952164217465,0.009730161817608364,-0.40920448697571654,0.2026049465023388,0.19762976082108732,0,1.0,1.0
2026-02-06,3341.781893290441,3372.3694663895235,3388.323989315573,3336.5360497443858,390054.0,12291589520.0,717321.0,-0.6092382480799688,14,uptrend_crowded_chase,1.7686139064771504,0.01141583461826512,0.0033096451628427115,0.6,0.85,0.007973757121447989,-1.0141412303404216,-0.3349215268977099,0.015356543844714469,2.337227812954301,0.6919258989997384,1.7686139064771504,0,1.0,1.0
2026-02-09,3367.125945479112,3364.208309849474,3373.4337509080187,3357.368775425683,265129.0,8416422840.0,727450.0,-1.0093287681673542,14,uptrend_crowded_chase,0.3,-0.0024200066515210894,-0.003514269925410596,0.3,0.7166666666666667,0.02850894457220221,-0.15353686415592913,-2.0528662402676443,0.004775261815774583,-3.594970225988594,0.42574197709243206,0.3,0,1.0,1.0
2026-02-10,3368.336481089454,3348.85767256906,3374.6062655996607,3335.9787832843867,332870.0,10733939020.0,737328.0,-0.7952808173070127,14,uptrend_crowded_chase,0.5095354464936246,-0.004562927103970216,-0.005739691038863959,0.05,0.55,0.03317140832281318,0.417948785486575,-0.5410337889684506,0.011534524931195732,0.08317332201409917,0.3334125993394282,0.5095354464936246,0,1.0,1.0
2026-02-11,3347.375755574264,3361.96298768362,3366.7020914242275,3332.994016897731,299314.0,9694796810.0,728136.0,-0.8889946543611656,14,uptrend_crowded_chase,0.32304978382192523,0.003913368794949967,0.0007126358824547374,0.3,0.7,0.00023350012673795106,0.02304978382192525,-0.7253421243443616,0.010026307442998157,-0.7842312541798601,0.8594074622422556,0.32304978382192523,0,1.0,1.0
2026-02-12,3363.980788011101,3439.0385115564663,3442.378904908649,3362.862142822708,427443.0,13900270050.0,666683.0,-0.44449372442005,14,uptrend_crowded_chase,5.2491508478924125,0.022925750270067935,0.031410716149711915,1.0,1.0,-0.09880538775077419,-4.294921826030419,0.9500208565886245,0.02312180041564954,7.548280839196201,0.9579913308269217,5.2491508478924125,0,1.0,1.0
2026-02-13,3435.638197272116,3483.339532939932,3484.7064797821663,3430.9600204869093,340015.0,11166717550.0,617351.0,-0.5964480095550082,14,uptrend_crowded_chase,1.5201092478528482,0.012881804386486895,0.03290566696691544,1.0,1.0,-0.15008569531809002,-7.662287309594484,-0.2204669266838055,0.015429578077878342,1.0402184957056964,0.9745667554633666,1.5201092478528482,0,1.0,1.0
2026-02-24,3484.3655509650766,3466.5575618111206,3493.2341294945454,3460.2508367692635,319399.0,10634186390.0,611864.0,-0.6500689306894583,14,uptrend_crowded_chase,0.95,-0.004817782180035479,0.030422982923499875,0.95,0.9833333333333333,-0.17303523256630982,-7.164861851333754,-0.2276213306383082,0.009514710815316624,-0.24713482207228618,0.19120968589721762,0.95,0,1.0,1.0
2026-02-25,3466.55852534861,3465.5657957386966,3477.3405406681627,3437.00636341839,439216.0,15357448310.0,634266.0,-0.3674771054025846,14,uptrend_crowded_chase,1.7864453544683339,-0.0002860953711976144,0.03485012938161214,0.9,0.9666666666666667,-0.15056441586805036,-5.613059717148175,1.443367266504808,0.011638554748944114,0.3295234424318594,0.7080702835079542,1.7864453544683339,0,1.0,1.0
2026-02-26,3466.222438282442,3460.316836500941,3469.4100747743305,3438.6657867943736,339488.0,11432275620.0,632970.0,-0.6229844273792852,14,uptrend_crowded_chase,0.8658419847797907,-0.001514603833004613,0.029254887450467226,0.85,0.95,-0.14006481627994205,-4.5597907888552545,0.031683969559581464,0.008884818770250352,-0.437843276101241,0.7042299929236403,0.8658419847797907,0,1.0,1.0
2026-02-27,3459.570044560711,3508.909231837459,3510.5056255546874,3456.7764046758657,287530.0,9629118200.0,600563.0,-0.7365403459703187,14,uptrend_crowded_chase,1.9669006455780462,0.014042758982051762,0.02031693452870642,1.0,1.0,-0.10444712198389716,-1.5063626063597657,-0.8502048015168726,0.015312228766512182,1.9338012911560925,0.9702881655248888,1.9669006455780462,0,1.0,1.0
2026-03-02,3511.414050321755,3497.5877627225536,3513.69047856962,3476.3836964171865,305470.0,10347258640.0,599349.0,-0.6739924920604579,14,uptrend_crowded_chase,0.95,-0.003226492441634643,0.004090393614485377,0.95,0.9833333333333333,-0.029593677661582163,-0.7834880877546949,-0.4877659898581057,0.01066643203354353,-0.1931117552653466,0.5683702823451349,0.95,0,1.0,1.0
2026-03-03,3491.1265158800115,3462.890599711007,3494.199341560488,3452.4281100660824,329984.0,11087763490.0,599322.0,-0.5967548478481598,14,uptrend_crowded_chase,0.9741197043694143,-0.009920312331073045,-0.001057810820887628,0.75,0.9166666666666666,-0.020711019310315493,-0.7187022665812093,0.1068430369851167,0.012062532815183815,0.34139637175371174,0.2504711800590738,0.9741197043694143,0,1.0,1.0
2026-03-04,3460.9854861659023,3481.1634059209514,3486.3095603703373,3458.1979392724243,197992.0,6624329020.0,596796.0,-1.1033487206163552,14,uptrend_crowded_chase,0.85,0.005276749491153199,0.0045007398795988696,0.85,0.95,-0.06089307835262758,-0.7612018650824808,-5.864440436297973,0.008075352352061171,-1.3040878110382417,0.8169385382841565,0.85,0,1.0,1.0
2026-03-05,3484.6984942278727,3513.932710377165,3520.4643329401206,3482.178002342311,286919.0,9822975150.0,598651.0,-0.735478844626488,14,uptrend_crowded_chase,1.0,0.009413319811554466,0.015494498454783123,1.0,1.0,-0.05574423706956644,-0.6499795122476361,-1.1724793092372612,0.01089557875845038,-0.08874072201855146,0.8294006643893662,1.0,0,1.0,1.0
2026-03-06,3508.788675991824,3521.880603620391,3525.410098219311,3496.0734487945306,210818.0,7226370760.0,601040.0,-1.0476662860448231,14,uptrend_crowded_chase,1.0,0.002261822834499494,0.0036966963024402943,1.0,1.0,0.0007939394709506331,-0.40902438046071776,-3.194726030312714,0.008329825092486962,-0.958322681275824,0.8796899213739601,1.0,0,1.0,1.0
2026-03-09,3555.3664831239403,3548.9876247847915,3626.027647114123,3539.1997372211586,615121.0,21581026360.0,547142.0,0.1171106298831376,14,uptrend_crowded_chase,6.6231759894231805,0.007696746203302629,0.014695803379134675,1.0,1.0,-0.09113569963902002,-12.282895650368253,5.437085234169792,0.02446554315562863,5.809266744676569,0.11272743494227587,6.6231759894231805,0,1.0,1.0
2026-03-10,3537.878237185702,3534.2632832204813,3547.208589155885,3518.8472012075854,224464.0,7721742990.0,553085.0,-0.9017963587866408,14,uptrend_crowded_chase,0.95,-0.0041488850120189324,0.020610724322457807,0.95,0.9833333333333333,-0.08028731952171597,-14.71431842034322,-2.6494821666665036,0.008024695863194492,-1.1700897456820885,0.5435588004718998,0.95,0,1.0,1.0
2026-03-11,3535.358244044073,3557.204813119058,3559.2433691048577,3532.7414150497093,210475.0,7256759080.0,557601.0,-0.9742767716212652,14,uptrend_crowded_chase,1.0,0.0064911773855376165,0.021843676475735485,1.0,1.0,-0.06793169360922846,-13.740430673811318,-1.115846943049514,0.007450218766546296,-1.0335381573322682,0.9230790310194672,1.0,0,1.0,1.0
2026-03-12,3564.186592592193,3573.299831903036,3577.4314879880144,3555.1624241077902,238026.0,8213769710.0,553847.0,-0.8445085639169251,14,uptrend_crowded_chase,1.0,0.00452462526886821,0.0168947804124282,1.0,1.0,-0.07779031526735913,-14.915490739183186,-0.612611404875944,0.00623207257376001,-1.3850787231668324,0.8144665574089407,1.0,0,1.0,1.0
2026-03-13,3584.5351283198584,3539.4127750001308,3595.916453962636,3532.0848867365667,299818.0,10371007640.0,572227.0,-0.6463601419084171,14,uptrend_crowded_chase,2.734957799395553,-0.009483407073863748,0.004978070909535504,0.85,0.95,-0.04912572225963707,-5.723059492464169,0.49973730465635724,0.018034507779632124,3.2701782941347486,0.11480038141020825,2.734957799395553,0,1.0,1.0
2026-03-16,3545.038151062651,3536.7649783561715,3546.6004789466674,3514.664674699466,259539.0,8886120540.0,580304.0,-0.804645123828171,14,uptrend_crowded_chase,0.8,-0.0007480892487763402,-0.003443981135144436,0.8,0.9333333333333333,0.058843737620675185,-0.17693840263806812,-0.025036566225508705,0.00902966537008759,-0.17946229030347907,0.6920227681017967,0.8,0,1.0,1.0
2026-03-17,3522.0763404929635,3503.8104808989683,3527.128520247343,3491.971893936801,272108.0,9250770800.0,584759.0,-0.7650007502261306,14,uptrend_crowded_chase,1.2551218157912434,-0.009317695028896122,-0.008616449845740948,0.55,0.85,0.0556880997756064,0.25546585480592765,0.36914074830111476,0.010033826458993377,0.5301711736695168,0.33673842471674986,1.2551218157912434,0,1.0,1.0
2026-03-18,3507.4486316419443,3505.2599289542104,3514.5837874333374,3488.84584910033,232883.0,7977380670.0,590042.0,-0.92965753928134,14,uptrend_crowded_chase,0.9860359668429581,0.0004136776412833054,-0.014602725143425421,0.55,0.85,0.05655006796181539,0.43603596684295814,-0.28496802230090207,0.007342661843821233,-0.6981326086472771,0.6377387202311525,0.9860359668429581,0,1.0,1.0
2026-03-19,3512.34435235518,3473.127730336927,3523.585601109903,3464.1916815391983,296731.0,10135883900.0,591731.0,-0.6902261352435897,14,uptrend_crowded_chase,3.400854085104786,-0.009166851893596895,-0.02803350020386075,0.3,0.7666666666666667,0.0661636644056145,0.5033998586798739,0.9736496272161332,0.01710098913204757,4.221258825633692,0.1504539330341875,3.400854085104786,0,1.0,1.0
2026-03-20,3475.464190463033,3505.096424237245,3518.7021525202795,3463.04329256684,299360.0,10238014330.0,585050.0,-0.6700504511391874,14,uptrend_crowded_chase,3.1191742331370556,0.009204583413699341,-0.009695492711466636,0.5,0.8333333333333334,0.02216154786369806,0.3440859861704485,0.9412506769467278,0.01587940907090778,3.6089258169864857,0.7555514379127423,3.1191742331370556,0,1.0,1.0
2026-03-23,3508.473634784161,3526.705844803025,3532.036092648331,3504.899647528731,230542.0,7939364550.0,574921.0,-0.9137995816346008,14,uptrend_crowded_chase,0.7,0.006165142966211512,-0.002844162282397922,0.7,0.9,-0.009319464105239206,-0.06216146430129289,-0.7997664942017053,0.00769455869408231,-0.45152871967952113,0.8035760460954348,0.7,0,1.0,1.0
2026-03-24,3522.2403097268925,3498.046597593824,3523.9519265729464,3490.272317308036,222585.0,7622470350.0,583249.0,-0.9633051452432227,14,uptrend_crowded_chase,1.010450227850075,-0.008126350330984633,-0.0016450328396944158,0.35,0.7833333333333333,-0.002585600169240365,0.3845203087503456,-0.7732553611696759,0.009628119101694513,0.5518598381994589,0.23083047741554533,1.010450227850075,0,1.0,1.0
2026-03-25,3500.5314308928323,3505.6412861673384,3513.3821026700866,3490.81798966888,191585.0,6577179350.0,592489.0,-1.129000733064225,14,uptrend_crowded_chase,1.4482569695115022,0.0021711227571235003,0.00010879570156197005,0.5,0.8333333333333334,0.00413858662929556,0.9482569695115022,-1.7480009568545565,0.006436515079349659,-1.009536968722116,0.6569412454930448,1.4482569695115022,0,1.0,1.0
2026-03-26,3509.9078523342723,3552.069628545127,3576.4283339562426,3507.527159223203,662010.0,22939282280.0,636578.0,0.0391737059047911,14,uptrend_crowded_chase,10.543738332782015,0.013243894223001984,0.022729339182852915,0.9,0.9666666666666667,0.07305481593347274,4.962564391473126,6.578289267310845,0.01939747300540966,2.7840586153069276,0.6464689389477881,10.543738332782015,1,0.0,0.0
2026-03-27,3550.3950578871863,3548.499212184464,3571.523228632452,3532.4445884489783,440166.0,15342874330.0,639109.0,-0.3729230903702015,14,uptrend_crowded_chase,8.15798221143426,-0.0010051650823426073,0.012382765748495395,0.8,0.9333333333333333,0.08837770519535404,5.875322059845465,2.6943323048205254,0.01101272336465224,0.2709879983570673,0.4108286178871447,8.15798221143426,1,0.0,0.0
2026-03-30,3528.681623089249,3527.368342999213,3531.082729798815,3504.82503841446,314273.0,10818593370.0,596083.0,-0.6401178841869674,14,uptrend_crowded_chase,2.2514433459117242,-0.005954874982836089,0.00018785184399905397,0.6,0.8666666666666667,0.03614727906034787,1.2388092492059715,0.8252681934115057,0.007443989068073587,-0.6962569443787455,0.8585409987027628,2.2514433459117242,0,1.0,1.0
2026-03-31,3527.227681968472,3523.9571843818467,3547.613845440736,3517.803452368692,287684.0,9879636640.0,575561.0,-0.6934825618072838,14,uptrend_crowded_chase,0.5204139934491151,-0.0009670548368265752,0.007407158842836825,0.5,0.8333333333333334,-0.013268979037393436,-1.7420307652452278,0.040827986898230174,0.008459351664135835,-0.37952404306820203,0.20642907989447562,0.5204139934491151,0,1.0,1.0
2026-04-01,3531.1450858413,3501.7981622366938,3539.275510310081,3485.945669154364,355098.0,12240145280.0,578747.0,-0.4884716140847916,14,uptrend_crowded_chase,1.5704937377192725,-0.006288107654474739,-0.0010962684476044648,0.15,0.7,-0.023466885634407575,-1.2209412819136056,0.5674080690475728,0.015229273271893376,2.2735794063909722,0.29725370897022285,1.5704937377192725,0,1.0,1.0
2026-04-02,3506.2687988736207,3516.3082494537616,3520.406059795561,3493.5643929943617,255711.0,8942293560.0,595894.0,-0.8460148983638269,14,uptrend_crowded_chase,0.979917548046687,0.004143610380959117,-0.010067758470718058,0.4,0.8,-0.06604415675955622,0.5799175480466869,-0.4783964752019211,0.007633479461127691,-0.5361617453557957,0.8473339836847926,0.979917548046687,0,1.0,1.0
2026-04-03,3518.591121460025,3512.638467643408,3531.1288198216344,3507.9946012814617,255944.0,8849567420.0,607326.0,-0.8641070438853542,14,uptrend_crowded_chase,1.7692040962867557,-0.0010436462192765505,-0.010105890517862037,0.35,0.7666666666666667,-0.05100930442467444,1.4192040962867556,-0.4272040816609664,0.006585994759572624,-0.9290259241756599,0.20073582143621554,1.7692040962867557,0,1.0,1.0
2026-04-07,3518.302938790749,3485.796870745653,3521.828874787922,3457.101683624906,372004.0,12685455100.0,617016.0,-0.5059903485943396,14,uptrend_crowded_chase,4.020603922871802,-0.007641434535607949,-0.011785407196293285,0.05,0.6166666666666667,0.03451503638354758,1.05503714346822,1.1786762575423142,0.018568836212527223,4.65245730126485,0.44332507876756133,4.020603922871802,0,1.0,1.0
2026-04-08,3474.233767032697,3497.133212741054,3505.560451204922,3445.940855210177,518755.0,17692169350.0,639068.0,-0.2085791549384806,14,uptrend_crowded_chase,4.137051340553389,0.003252152209596737,-0.007611889202194688,0.1,0.6166666666666667,0.10466564765912523,1.8473121548658458,1.940253628506029,0.01704813410525347,2.439224742869056,0.858649856255136,4.137051340553389,0,1.0,1.0
2026-04-09,3496.980410712298,3497.1957075957007,3513.4562256839586,3463.296639684295,467894.0,15816218370.0,658978.0,-0.3424483754931089,14,uptrend_crowded_chase,2.9741148336884704,1.7870310006662393e-05,-0.0013143117986141872,0.15,0.6166666666666667,0.12982472822853275,1.9165101524796087,0.8516652897087965,0.01434280211734221,0.963544072708928,0.6758243162460136,2.9741148336884704,0,1.0,1.0
2026-04-10,3510.6029988994856,3507.179577363365,3529.955635546589,3492.170115234092,422908.0,14395231580.0,659621.0,-0.4445107663547272,14,uptrend_crowded_chase,1.9363954587403702,0.0028548215777515207,-0.00259609551916129,0.5,0.7333333333333333,0.1016026287571492,1.2262938636422254,0.42020319019628993,0.01077376264288791,-0.2728152057780558,0.39722788002230436,1.9363954587403702,0,1.0,1.0
2026-04-13,3531.8611145812706,3521.0252008634216,3552.935970992855,3502.573511053486,568505.0,19506690930.0,695373.0,-0.2014382840186843,14,uptrend_crowded_chase,3.689434215988029,0.0039477942873018534,0.0023875879334771533,0.65,0.8,0.13538267780971047,1.9965355753632608,1.4189908516356637,0.014303351173691968,0.6668064296138734,0.36637785033037323,3.689434215988029,0,1.0,1.0
2026-04-14,3522.4305765322097,3507.2226391149225,3530.911932674679,3499.9127220897244,428404.0,14619063740.0,706017.0,-0.4995726409252891,14,uptrend_crowded_chase,2.7190379554896227,-0.0039200406021275835,0.006146591199585938,0.55,0.7166666666666667,0.13474436102560539,1.94103050467298,0.45601490163328473,0.008838677715874224,-0.5811148071757268,0.23580977990277877,2.7190379554896227,0,1.0,1.0
2026-04-15,3511.176662305054,3548.2104033910227,3554.366218393931,3505.1738331506167,513534.0,17789746750.0,742431.0,-0.3686136976203099,14,uptrend_crowded_chase,3.6402885669094838,0.011686673044071005,0.014605446101932706,0.9,0.9166666666666666,0.14991907207457622,2.223598117407665,0.8035342109042738,0.013863998932053489,0.22984668809936465,0.8748624411591258,3.6402885669094838,0,1.0,1.0
2026-04-16,3545.517086734116,3537.041044659871,3582.281182028674,3529.83527028702,739881.0,25541689390.0,770356.0,-0.0403633832089814,14,uptrend_crowded_chase,3.6496713005766277,-0.0031478851199120417,0.01139351079999007,0.85,0.8833333333333333,0.15616259563471324,1.7088844265000431,2.021625892847771,0.014827623168477232,0.15994785530539748,0.13739439612273985,3.6496713005766277,1,0.0,0.0
2026-04-17,3549.6214835021447,3573.5603268794403,3581.4870299514523,3548.8461355689687,785026.0,27125590610.0,769458.0,0.0200304673603714,14,uptrend_crowded_chase,3.685910726158813,0.010324811546845059,0.01892710311856316,1.0,1.0,0.15402094323675541,1.5468493086910586,2.2781228349355085,0.00913399842083728,-1.0641738921618409,0.757154231770504,3.685910726158813,1,0.0,0.0
2026-04-20,3551.928425341849,3541.400188667605,3560.77398653529,3529.1587287087805,573092.0,19784469560.0,778088.0,-0.3057933660308903,14,uptrend_crowded_chase,2.405033717803085,-0.008999466993724559,0.005786663440860096,0.8,0.8833333333333333,0.11239123607636614,1.2487758871524808,0.7125156613012081,0.008927332733441892,-1.1086067400591009,0.3872010162308431,2.405033717803085,0,1.0,1.0
2026-04-21,3543.1849933938265,3562.144212235672,3568.7117826789085,3537.8327984319267,406580.0,14044923240.0,783921.0,-0.6565275383742027,14,uptrend_crowded_chase,1.9373255050765779,0.005857576795315955,0.015659562785728776,0.95,0.9666666666666667,0.10466893344366746,0.9873255050765779,-1.1061184951190668,0.008668650792103,-1.1642230133657039,0.787312613954314,1.9373255050765779,0,1.0,1.0
2026-04-22,3574.3953659536646,3631.1290469374,3642.8332301204455,3572.7538653131605,754554.0,26697618730.0,784513.0,-0.0389362968767681,14,uptrend_crowded_chase,3.514657578814607,0.019366098223864814,0.023369145039181305,1.0,1.0,0.05513320603443006,0.8074240633767666,1.7605345144949684,0.0192996073401445,1.6539325163807126,0.8329867398879597,3.514657578814607,1,0.0,0.0
2026-04-23,3637.9194754407417,3631.030007951917,3650.636314900212,3620.920462664841,543851.0,19174033920.0,783459.0,-0.3650434188547412,14,uptrend_crowded_chase,1.6160112602573324,-2.727498367660619e-05,0.026572765796412767,0.95,0.9833333333333333,0.016865985470268186,0.6568049490553862,0.018412622403892468,0.008183863027926864,-0.9797032266937523,0.340207146239694,1.6160112602573324,0,1.0,1.0
2026-04-24,3633.230822557912,3644.620702577198,3649.549697270396,3619.7559446130495,460967.0,16318722970.0,776541.0,-0.5215229853047537,14,uptrend_crowded_chase,1.3142381078408,0.0037429309577494685,0.019885035985893085,1.0,1.0,0.009163071332423556,0.3142381078408001,-0.4732889786376641,0.008174719700263613,-0.7855518354415894,0.8345628108722746,1.3142381078408,0,1.0,1.0
