date,open,close,high,low,volume,total_turnover,open_interest,speculation,factor_id,factor_name,factor_value,daily_return,price_ma_5,price_ma_10,price_ma_20,is_ma_bullish,open_interest_rank_10,log_open_interest,delta_log_open_interest,oi_change_rate,log_open_interest_median_past,log_open_interest_mad_past,log_open_interest_mad_score,signal,position,position_scale
2018-01-02,3917.31118326928,3935.989301179684,3944.1479647656174,3915.6471933122,59048.0,2294692290.0,145717.0,-0.903315712032744,13,price_up_oi_down,,,,,,0,,11.889421663482633,,,,,,0,1.0,1.0
2018-01-03,3940.3175974782425,3895.016572041342,3948.631727540601,3892.5993833141297,67196.0,2594582890.0,152003.0,-0.816286535545645,13,price_up_oi_down,,-0.01040976638987856,,,,0,,11.93165553647575,0.042233872993117316,4.313841212761682,,,,0,1.0,1.0
2018-01-04,3899.895359657864,3887.952313912835,3903.548822259914,3860.6339553277294,64829.0,2479841590.0,149876.0,-0.8380552514419177,13,price_up_oi_down,,-0.001813665743867321,,,,0,,11.917563564534412,-0.014091971941338599,-1.3993144872141317,,,,0,1.0,1.0
2018-01-05,3888.7156204360094,3873.029756738988,3893.984273513355,3871.241328073636,40576.0,1552717600.0,152100.0,-1.3213614404504863,13,price_up_oi_down,,-0.003838153343714512,,,,0,,11.932293478247384,0.01472991371297283,1.4838933518375619,,,,0,1.0,1.0
2018-01-08,3866.34181607485,3797.850739578664,3886.155121584457,3795.29514700716,113466.0,4287520340.0,165094.0,-0.3750117760813744,13,price_up_oi_down,,-0.019410906159322394,3877.9677366903024,,,0,,12.014270287636702,0.0819768093893174,8.543063773832937,,,,0,1.0,1.0
2018-01-09,3797.808592517056,3800.229308924485,3811.4158838184367,3795.16261198922,43229.0,1631729380.0,163875.0,-1.3325923757560751,13,price_up_oi_down,3.5995097452252507,0.0006262935299254924,3850.815738239263,,,0,0.8,12.006859221066001,-0.007411066570700342,-0.7383672332125002,11.93165553647575,0.014091971941338599,3.5995097452252507,0,1.0,1.0
2018-01-10,3799.157857221187,3799.708462046998,3816.6885966252494,3782.75554566184,51490.0,1936350960.0,166390.0,-1.172946816369366,13,price_up_oi_down,2.1340530390616483,-0.00013705669714814128,3831.754116240394,,,0,1.0,12.022089709409553,0.01523048834355123,1.5347063310449327,11.931974507361566,0.028481893353044185,2.1340530390616483,0,1.0,1.0
2018-01-11,3806.581727243216,3801.120774504377,3808.714679042477,3787.398806726588,35442.0,1330665940.0,164389.0,-1.534338012854685,13,price_up_oi_down,1.2223918944892442,0.00037168968921852397,3814.387808358703,,,0,0.7142857142857143,12.009990849389975,-0.012098860019577273,-1.2025963098743486,11.932293478247384,0.04287181476475155,1.2223918944892442,0,1.0,1.0
2018-01-12,3798.975281157873,3800.343543616794,3813.8826832239088,3761.1406243381753,88440.0,3310382150.0,163985.0,-0.6174506042372856,13,price_up_oi_down,0.6015748491315301,-0.00020447413636437428,3799.8505657342635,,,0,0.625,12.007530239208668,-0.0024606101813073877,-0.24575853615512733,11.969576349656693,0.042554218856645676,0.6015748491315301,0,1.0,1.0
2018-01-15,3794.343866227576,3780.729048908599,3805.243245848698,3777.2567195933498,55531.0,2082831090.0,165063.0,-1.0893857958332067,13,price_up_oi_down,0.31988689814243615,-0.005161242525334342,3796.4262276002505,3837.1969821452767,,0,0.7777777777777778,12.014082498190524,0.00655225898185563,0.6573771991341459,12.006859221066001,0.01523048834355123,0.31988689814243615,0,1.0,1.0
2018-01-16,3775.343442841234,3749.658201788607,3794.786903106584,3748.627851999784,62722.0,2336578270.0,166610.0,-0.9769434886521264,13,price_up_oi_down,0.9956739014566095,-0.008218215777446747,3786.3120061730747,3818.563872206169,,0,1.0,12.023411030923114,0.009328532732590489,0.9372179107370204,12.007194730137336,0.010985268385791613,0.9956739014566095,0,1.0,1.0
2018-01-17,3751.528450010511,3743.9429067084766,3763.11097230281,3737.481073012977,52828.0,1958590080.0,167743.0,-1.1553916930365238,13,price_up_oi_down,1.5343606826160594,-0.001524217614662704,3775.158895105371,3803.4565056728825,,0,1.0,12.03018832520022,0.0067772942771053835,0.6800312106116868,12.00876054429932,0.009419454223806412,1.5343606826160594,0,1.0,1.0
2018-01-18,3736.474846384448,3763.179022802085,3771.933066825775,3727.451394310712,50242.0,1875778040.0,166476.0,-1.197999824601802,13,price_up_oi_down,0.9361755633008856,0.00513792987044237,3767.5705447649125,3790.9791765618074,,0,0.8,12.022606433868726,-0.007581891331494006,-0.7553221296865753,12.012036673790249,0.007615244171775615,0.9361755633008856,0,1.0,1.0
2018-01-19,3760.131580211335,3771.182426267581,3787.40670584903,3750.338506915094,56857.0,2123427360.0,168786.0,-1.088092296670499,13,price_up_oi_down,1.967211356869759,0.002126766602651875,3761.73832129507,3780.7944435146665,,0,1.0,12.03638691931579,0.01378048544706445,1.3875873999856347,12.014176392913612,0.007615244171775615,1.967211356869759,0,1.0,1.0
2018-01-22,3782.681810089021,3766.020217555929,3797.252606469147,3739.3455020172846,73929.0,2751982900.0,170347.0,-0.8347323599817551,13,price_up_oi_down,2.755505120914941,-0.0013688568009055935,3758.7965550245353,3777.611391312393,,0,1.0,12.04559281213275,0.009205892816959604,0.9248397378929907,12.018179998523127,0.006710090766569365,2.755505120914941,0,1.0,1.0
2018-01-23,3765.974886767799,3756.9600905796033,3778.627127681391,3751.92845889388,44264.0,1646157880.0,169133.0,-1.3405136820676302,13,price_up_oi_down,1.05265132683228,-0.0024057563297430473,3760.2569327827346,3773.284469477905,,0,0.9,12.038440666645576,-0.007152145487173911,-0.7126629761604719,12.02234807163914,0.010311397848890458,1.05265132683228,0,1.0,1.0
2018-01-24,3764.331046696972,3783.405337311839,3803.273404419015,3756.484596267466,76434.0,2854655410.0,172259.0,-0.8125715348102537,13,price_up_oi_down,2.074466318855437,0.007039001238939413,3768.149418903407,3771.654157004389,,0,1.0,12.056754437148095,0.01831377050251959,1.8482496023839001,12.023008732395919,0.01097205860566941,2.074466318855437,0,1.0,1.0
2018-01-25,3776.048427843842,3754.751290055058,3793.2919201144177,3743.3386637521935,69750.0,2592617930.0,173636.0,-0.9120437332977994,13,price_up_oi_down,2.099870593183718,-0.007573612844015365,3766.463872354002,3767.0172085594577,,0,1.0,12.064716432981411,0.007961995833316138,0.7993776812822873,12.026799678061668,0.012179084227526005,2.099870593183718,0,1.0,1.0
2018-01-26,3749.9181971395255,3750.435630748788,3766.821999100336,3736.364524334408,54214.0,2002012480.0,174602.0,-1.1695699204193617,13,price_up_oi_down,2.170022537006304,-0.0011493861970832686,3762.314513250243,3762.0264172726565,,0,1.0,12.070264377075757,0.00554794409434578,0.5563362436361796,12.033287622258005,0.011493189132012027,2.170022537006304,0,1.0,1.0
2018-01-29,3756.255808904607,3711.0213327724296,3757.3456034005017,3697.548560001312,92627.0,3398308640.0,180661.0,-0.6680416711401992,13,price_up_oi_down,3.135459673201961,-0.01050925861870855,3751.314736293544,3755.0556456590393,3796.1263139021585,0,1.0,12.10437762594812,0.034113248872362334,3.470177890287629,12.037413792980683,0.014405060584762985,3.135459673201961,0,1.0,1.0
2018-01-30,3715.139539265508,3719.250097025318,3726.802616313285,3705.34783813133,43986.0,1615575300.0,175212.0,-1.3821252678379228,13,price_up_oi_down,1.2839183260453944,0.0022173853273812494,3743.772737582686,3752.014835182711,3785.2893536944403,0,0.9,12.073751948289564,-0.030625677658555617,-3.0161462628902846,12.042016739389162,0.016671703112490555,1.2839183260453944,0,1.0,1.0
2018-01-31,3719.768302287358,3718.947389725375,3726.792311555495,3686.0488308499353,70579.0,2572392940.0,175403.0,-0.9103535337275276,13,price_up_oi_down,0.9424401364680299,-8.138933710999385e-05,3730.881148065394,3749.5152834844002,3776.4858945786414,0,0.9,12.07484146253678,0.001089514247215817,0.10901079834717553,12.051173624640423,0.0169387288799836,0.9424401364680299,0,1.0,1.0
2018-02-01,3727.292730519721,3717.5921356977647,3731.689511404357,3706.195928840232,44677.0,1642704320.0,173798.0,-1.3584348774745656,13,price_up_oi_down,0.2266185610245452,-0.0003644187146488731,3723.449317193935,3744.9565947739693,3767.9678856678884,0,0.6,12.065648984267355,-0.009192478269424598,-0.9150356607355636,12.060735435064753,0.014624325202015065,0.2266185610245452,0,1.0,1.0
2018-02-02,3721.624442185426,3720.728670708265,3727.7991186697423,3689.472826989243,55878.0,2040637800.0,175838.0,-1.146392373846709,13,price_up_oi_down,0.8981140669265789,0.000843700679367787,3717.5079251858306,3739.9112192180364,3760.352831366352,0,0.9,12.077318395596421,0.011669411329066293,1.1737764531236872,12.065182708624384,0.00911399678878766,0.8981140669265789,0,1.0,1.0
2018-02-05,3736.791607826166,3768.035754235275,3801.160457678015,3732.915753689869,117779.0,4378494940.0,172539.0,-0.3818133107995921,13,price_up_oi_down,-0.7952905293558243,0.012714467437370258,3728.9108094783996,3740.112772885972,3758.8620820991828,0,0.3,12.058378576856269,-0.018939818740152603,-1.87615873701924,12.067956680671557,0.008123248395043525,-0.7952905293558243,0,1.0,1.0
2018-02-06,3771.4485202844585,3777.800283634744,3785.29443858101,3756.0203477876,53166.0,1972760250.0,170642.0,-1.1661487003825302,13,price_up_oi_down,-1.7132527022967536,0.00259141102588889,3740.620846800285,3742.196792191486,3757.7406308346954,0,0.1,12.047323073657887,-0.011055503198381444,-1.0994615710071542,12.067956680671557,0.008123248395043525,-1.7132527022967536,0,1.0,1.0
2018-02-07,3784.130637745253,3762.095033071627,3788.356218309532,3749.0870079939978,70836.0,2638802900.0,169783.0,-0.8741538050329442,13,price_up_oi_down,-2.1322863580740616,-0.004157247441362033,3749.2503754695354,3740.0657617674647,3755.8599593859267,0,0.0,12.042276430061634,-0.00504664359625373,-0.5033930685294341,12.067956680671557,0.008123248395043525,-2.1322863580740616,0,1.0,1.0
2018-02-08,3755.493261519061,3772.841737735121,3782.168345700567,3752.732745000944,51035.0,1896593100.0,168265.0,-1.1930284457415412,13,price_up_oi_down,-2.878000855452347,0.0028565744801827275,3760.300295877006,3741.8748065354703,3754.4460075474635,0,0.0,12.03329539657914,-0.008981033482493572,-0.8940824464168773,12.067956680671557,0.008123248395043525,-2.878000855452347,0,1.0,1.0
2018-02-09,3774.6516969448458,3791.0213498408993,3815.958394753467,3767.5976220236817,73232.0,2723882390.0,161219.0,-0.7891312052205527,13,price_up_oi_down,-5.515472166651992,0.004818546170105575,3774.3588317035333,3745.9333784446817,3753.9798978586687,0,0.0,11.990518968113976,-0.04277642846516372,-4.187442427123845,12.067956680671557,0.009469909370076302,-5.515472166651992,0,1.0,1.0
2018-02-12,3791.72138378807,3839.5362849803137,3845.191361518701,3777.0618309327824,68932.0,2585945490.0,160769.0,-0.8468480406702606,13,price_up_oi_down,-3.341046617434023,0.01279732575007797,3788.658937852541,3758.7848736654696,3756.9202596622554,1,0.0,11.987723831071728,-0.002795137042248541,-0.2791234283801125,12.062013780561813,0.014997660969267024,-3.341046617434023,0,1.0,1.0
2018-02-13,3850.91807658612,3857.932117733205,3869.0997598328186,3832.5536742942622,68574.0,2599971160.0,152956.0,-0.8022368441900266,13,price_up_oi_down,-3.8327293999037426,0.004791160022332042,3804.685304672233,3772.653075736259,3762.333955459485,1,0.0,11.93790557731568,-0.049818253756047426,-4.859767741293286,12.052850825257078,0.02022827585521192,-3.8327293999037426,0,1.0,1.0
2018-02-14,3854.273550783882,3817.072889035114,3859.863093797624,3809.129619531879,45207.0,1700907620.0,145893.0,-1.171621534206459,13,price_up_oi_down,-4.086656927858836,-0.010590966209664376,3815.6808758649304,3782.465625667233,3765.990454575817,1,0.0,11.890628755292724,-0.047276822022956466,-4.617667826041516,12.04479975185976,0.025445471542307807,-4.086656927858836,0,1.0,1.0
2018-02-22,3793.0538030610087,3810.959051104169,3821.791940772655,3779.094854823773,59071.0,2200994210.0,149479.0,-0.9284158044936738,13,price_up_oi_down,-2.459446031064214,-0.0016017084579410534,3823.30433853874,3791.802317207873,3768.3794559909206,1,0.1,11.914911193718869,0.024282438426144637,2.4579657694337786,12.037785913320388,0.03369777661150053,-2.459446031064214,0,1.0,1.0
2018-02-23,3804.7356998811374,3888.035445017405,3890.175636514821,3801.613833353366,103132.0,3908981660.0,161151.0,-0.4463320925018271,13,price_up_oi_down,-0.35929152698463407,0.02022493363997291,3842.707157574041,3808.5329946387874,3774.222106928412,1,0.4,11.990097092623028,0.07518589890415939,7.80845469932232,12.011907182346558,0.040943642910519884,-0.35929152698463407,0,1.0,1.0
2018-02-26,3899.275073131264,3902.533092842225,3917.721867346367,3884.193780644021,65765.0,2533973780.0,158010.0,-0.8765705402426657,13,price_up_oi_down,-0.2571332574705518,0.003728784891454451,3855.306519146424,3821.9827284994817,3781.0477506927273,1,0.3,11.970413601145545,-0.019683491477483273,-1.9491036357205949,11.990308030368503,0.05218542637297663,-0.2571332574705518,0,1.0,1.0
2018-02-27,3904.999253117286,3883.083794495962,3906.912386859928,3865.876712672208,50330.0,1920430900.0,160464.0,-1.1594682975575838,13,price_up_oi_down,-0.04363536427969993,-0.004983762567429717,3860.3368544989753,3832.511079585604,3787.353935888544,1,0.4,11.985824897327989,0.01541129618244419,1.5530662616289437,11.988910461847379,0.04769490963172984,-0.04363536427969993,0,1.0,1.0
2018-02-28,3878.377164374183,3882.1817859629127,3892.839514325407,3867.922410677567,44109.0,1681237820.0,158010.0,-1.275994478899778,13,price_up_oi_down,-0.35098181983487775,-0.0002322918022855669,3873.3586338845344,3844.5197548747324,3792.2927583210985,1,0.4,11.970413601145545,-0.01541129618244419,-1.5293149865389766,11.986774364199858,0.0314408977167977,-0.35098181983487775,0,1.0,1.0
2018-03-01,3883.711367032188,3867.758684497748,3904.046534028008,3866.386080421177,71838.0,2771190020.0,159422.0,-0.7971411904356772,13,price_up_oi_down,0.06589554629140601,-0.0037152050729090114,3884.7185605632503,3854.011449550995,3797.9431280432336,1,0.5,11.979310053380576,0.00889645223503166,0.8936143282071374,11.978119249236766,0.01218878113173627,0.06589554629140601,0,1.0,1.0
2018-03-02,3861.91251802169,3884.721416283507,3898.9857389612566,3858.512022817026,81612.0,3151227030.0,159855.0,-0.6722908443595274,13,price_up_oi_down,0.3437887568769985,0.004385674797589223,3884.055754816471,3863.381456195256,3804.6574173199688,1,0.6,11.982022433323166,0.002712379942590104,0.27160617731551984,11.97486182726306,0.014048634584317377,0.3437887568769985,0,1.0,1.0
2018-03-05,3848.174812018086,3804.170400582856,3850.417973558168,3803.493995810729,100584.0,3787977980.0,153726.0,-0.4241785976502792,13,price_up_oi_down,-1.8081534435454747,-0.020735339054946622,3864.3832163645975,3859.8448677555107,3809.3148707104906,1,0.3,11.942927075923297,-0.03909535739986936,-3.834099652810319,11.97486182726306,0.011912536936797835,-1.8081534435454747,0,1.0,1.0
2018-03-06,3782.893705147951,3818.6230168875736,3830.374111235309,3766.784657731756,87723.0,3275922000.0,148630.0,-0.5272758734695112,13,price_up_oi_down,-2.3523553288078842,0.003799150611787372,3851.49106084292,3855.9139576709467,3814.283516703603,0,0.1,11.909215275142941,-0.03371180078035607,-3.3149890064140375,11.970413601145545,0.01754739382996373,-2.3523553288078842,0,1.0,1.0
2018-03-07,3822.5093132643465,3795.823790471708,3833.713396538064,3791.049534183175,56192.0,2093563320.0,148715.0,-0.9732573246094368,13,price_up_oi_down,-2.3303791756077703,-0.00597053605842679,3834.219461744679,3853.7890478146064,3818.1273367409194,0,0.2,11.909787001604226,0.0005717264612847828,0.057188992800938365,11.970413601145545,0.01754739382996373,-2.3303791756077703,0,1.0,1.0
2018-03-08,3800.070089682476,3800.7331932056254,3820.84313037138,3795.998153676139,45854.0,1711431860.0,146533.0,-1.1617882231630303,13,price_up_oi_down,-2.898537095907993,0.001293369504201225,3820.8143634862536,3852.7664620247524,3822.2843896163126,0,0.0,11.895005938045637,-0.01478106355858877,-1.4672359882999086,11.970413601145545,0.01754739382996373,-2.898537095907993,0,1.0,1.0
2018-03-09,3805.665076765609,3804.119161762399,3818.5927103228137,3767.492896454628,79281.0,2970498680.0,146641.0,-0.6149889194660324,13,price_up_oi_down,-2.870217196975645,0.0008908724671403689,3804.6939125820327,3844.3748336992517,3826.4539141690193,0,0.1,11.895742701912047,0.0007367638664099729,0.07370353435747212,11.970413601145545,0.01754739382996373,-2.870217196975645,0,1.0,1.0
2018-03-12,3785.112506247303,3729.9400695264335,3788.41753216078,3721.080826957893,100747.0,3697261570.0,152460.0,-0.4142898428516073,13,price_up_oi_down,-0.5447931394537272,-0.019499676293420642,3789.847846370748,3827.1155313676727,3824.549129933577,0,0.4,11.934657545542265,0.03891484363021824,3.968194434026051,11.95667033853442,0.027253326791156773,-0.5447931394537272,0,1.0,1.0
2018-03-13,3740.021079782394,3741.036867057352,3750.533746288994,3730.818627129966,41178.0,1515575020.0,151870.0,-1.305120758587626,13,price_up_oi_down,-0.1498249746348951,0.0029750605436209554,3774.3306164047035,3812.9108386238113,3822.7109591047074,0,0.4,11.930780170724315,-0.003877374817950141,-0.3869867506232194,11.938792310732781,0.036069516530279344,-0.1498249746348951,0,1.0,1.0
2018-03-14,3743.356317142293,3765.324877726372,3767.870304031725,3737.458169116194,48395.0,1786568680.0,151300.0,-1.1398681181932584,13,price_up_oi_down,-0.12711346974559373,0.006492320587079492,3768.230833855637,3801.2251478001576,3822.872451337445,0,0.4,11.927019899776447,-0.0037602709478683494,-0.3753209982221617,11.93271885813329,0.030239869605796166,-0.12711346974559373,0,1.0,1.0
2018-03-15,3769.3018808094025,3761.3771191190535,3777.9185312906698,3744.892988277798,54588.0,2046421710.0,151655.0,-1.0217941258713186,13,price_up_oi_down,0.01611387396249191,-0.001048450993079375,3760.3596190383223,3790.5869912622884,3822.299220406642,0,0.5,11.929363483229324,0.002343583452876885,0.2346331791144518,11.928900035250381,0.019398896876797522,0.01611387396249191,0,1.0,1.0
2018-03-16,3757.39440608373,3743.001116949208,3760.0509997102295,3734.7707169414016,49380.0,1812690130.0,151305.0,-1.119752183257875,13,price_up_oi_down,-0.04635313763870179,-0.004885445300456648,3748.1360100756838,3776.414961328858,3819.898208762057,0,0.5,11.927052946157046,-0.0023105370722777963,-0.23078698361413963,11.928191691502885,0.016570037159535644,-0.04635313763870179,0,1.0,1.0
2018-03-19,3730.50576189467,3586.635694504276,3731.6180062519866,3579.8585148441,205258.0,7406374000.0,162490.0,0.2336512630157655,13,price_up_oi_down,4.092843806077501,-0.041775414315767034,3719.4751350712527,3754.661490721,3807.253179238255,0,1.0,11.998371740396822,0.07131879423977594,7.392353193879853,11.927036422966747,0.011755887766033979,4.092843806077501,0,1.0,1.0
2018-03-20,3569.594640480603,3556.351779746153,3591.7419754600432,3537.5895629820047,150551.0,5236548620.0,152297.0,-0.0115306645253578,13,price_up_oi_down,0.35534974626854055,-0.008443543570518353,3682.5381176090123,3728.4343670068583,3792.1741623389025,0,0.8,11.933587840724702,-0.06478389967212017,-6.273001415471747,11.927036422966747,0.012435271969019723,0.35534974626854055,0,1.0,1.0
2018-03-21,3556.598416111606,3551.163605573392,3564.4799172354565,3536.8006134568946,65260.0,2252754100.0,152941.0,-0.8516729349413633,13,price_up_oi_down,1.0947089813426,-0.0014588472946653885,3639.7058631784166,3703.9683485170267,3778.878698165817,0,0.9,11.937807505088674,0.004219664363972697,0.42285796831189604,11.928208214693186,0.005914478440297799,1.0947089813426,0,1.0,1.0
2018-03-22,3549.6499134698583,3574.0958209742275,3591.3468204283363,3546.251415947768,67570.0,2339079230.0,151710.0,-0.8088067061959181,13,price_up_oi_down,-0.05756825389349086,0.006457662318020141,3602.2496035494514,3681.3046112938873,3767.03553665932,0,0.5,11.929726082742139,-0.008081422346535305,-0.804885544098588,11.93007182697682,0.004050866156664057,-0.05756825389349086,0,1.0,1.0
2018-03-23,3567.868285813928,3602.293397799754,3640.2616538963766,3527.214807454397,116901.0,4085064850.0,136712.0,-0.1565491005832414,13,price_up_oi_down,-21.488048415122133,0.007889429449555285,3574.1080597195605,3661.1220348976226,3752.7484342984367,0,0.0,11.825631802326745,-0.10409428041539392,-9.885966646892118,11.930253126733227,0.003283970474127429,-21.488048415122133,0,1.0,1.0
2018-03-26,3631.9509242909376,3578.731794342408,3642.830008132881,3564.949685145465,86213.0,3059203180.0,144337.0,-0.5153298648051274,13,price_up_oi_down,-10.340710922550588,-0.00654072304930442,3572.527279687187,3646.0012073792195,3736.5583693734457,0,0.1,11.879906122150881,0.05427431982413644,5.577418222248265,11.930253126733227,0.003283970474127429,-10.340710922550588,0,1.0,1.0
2018-03-27,3577.2753738356514,3593.300813178815,3605.8544153074113,3550.505568249655,63883.0,2235481430.0,142896.0,-0.8050638076417189,13,price_up_oi_down,-12.256044981487975,0.004071000475486697,3579.917086373719,3631.227601991366,3722.0692203075896,0,0.1,11.869872371923668,-0.010033750227213645,-0.9983580093808286,11.929544782985731,0.003283970474127429,-12.256044981487975,0,1.0,1.0
2018-03-28,3583.708377168988,3566.292064249364,3593.644420662804,3546.155764241911,85856.0,3006574590.0,138336.0,-0.4770140342420076,13,price_up_oi_down,-8.174395153096405,-0.0075164174483788315,3582.9427781089134,3611.324320643665,3706.274734221911,0,0.1,11.837440787467358,-0.03243158445630989,-3.191132012092801,11.928208214693186,0.007489458213502331,-8.174395153096405,0,1.0,1.0
2018-03-29,3553.42154423608,3453.4019650051723,3557.379005119651,3437.7257460799187,223996.0,7709045170.0,155623.0,0.3641917788219725,13,price_up_oi_down,0.6286588336224326,-0.03165475435281073,3558.804006915103,3580.5268052322776,3685.5568982472823,0,0.9,11.955191694712907,0.11775090724554893,12.496385611843696,11.928208214693186,0.028950691468896395,0.6286588336224326,0,1.0,1.0
2018-03-30,3445.071569135164,3575.499845572688,3583.445043675212,3439.2249935266705,193976.0,6568100310.0,126273.0,0.4292882102893882,13,price_up_oi_down,-3.2644800893196013,0.035355826458890904,3553.4452964696893,3563.776678094625,3670.095819711742,0,0.0,11.746201508762992,-0.20899018594991503,-18.859680124403212,11.928389514449592,0.0376427862810127,-3.2644800893196013,0,1.0,1.0
2018-04-02,3578.2010181552487,3614.509227658714,3637.8524274789656,3562.018659164013,125395.0,4372041350.0,123650.0,0.0140137610281759,13,price_up_oi_down,-2.83974294172865,0.010910189839423046,3560.6007831329507,3566.5640314100688,3660.612761065534,0,0.0,11.725210272949562,-0.020991235813429654,-2.0772453335234253,11.90481610244651,0.04265966139461952,-2.83974294172865,0,1.0,1.0
2018-04-03,3601.71532161471,3614.3957884602833,3620.968052502367,3591.356659706378,58523.0,2052512560.0,122568.0,-0.739246138650561,13,price_up_oi_down,-1.882851820383931,-3.138439862393483e-05,3564.819778189244,3572.368432281482,3650.4013996441704,0,0.0,11.71642125699559,-0.008789015953972523,-0.8750505458956503,11.874889247037274,0.0567677146961465,-1.882851820383931,0,1.0,1.0
2018-04-04,3600.629603041229,3637.662186656866,3639.9771628089584,3595.405964986702,60092.0,2135718380.0,119717.0,-0.6892539030005895,13,price_up_oi_down,-1.3536143518976702,0.0064371473292619275,3579.0938026707445,3581.018290389829,3642.493319453428,0,0.0,11.692885903182903,-0.023535353812686566,-2.3260557404869875,11.853656579695514,0.08011021421989284,-1.3536143518976702,0,1.0,1.0
2018-04-09,3732.418382965696,3769.668802781495,3798.97375805711,3701.321155175503,112643.0,4159959770.0,117347.0,-0.0409118318419702,13,price_up_oi_down,-1.1661112009711707,0.03628886063385317,3642.3471702260094,3600.575588570556,3640.9400999322215,0,0.0,11.6728906364019,-0.019995266781002385,-1.979668718728289,11.831536294897052,0.09176228698957356,-1.1661112009711707,0,1.0,1.0
2018-04-10,3756.5099931670657,3754.751745566261,3761.484002391527,3725.3331371696136,70001.0,2590689560.0,114576.0,-0.4927288306029791,13,price_up_oi_down,-1.2036838004627004,-0.003957126738621475,3678.1975502247237,3615.8214233472063,3638.471729122414,0,0.0,11.64899363724672,-0.02389699915518051,-2.3613726810230107,11.785916655544868,0.07672555746403908,-1.2036838004627004,0,1.0,1.0
2018-04-11,3752.762694471741,3795.4507075307697,3800.856885750281,3749.283674374516,65937.0,2464065100.0,115048.0,-0.556649691880832,13,price_up_oi_down,-0.7451970928144204,0.01083932167088486,3714.3858461991354,3637.493314666043,3641.7472610226314,0,0.1,11.653104711566215,0.004111074319494534,0.4119536377600985,11.735705890856277,0.07476375403196656,-0.7451970928144204,0,1.0,1.0
2018-04-12,3810.809580391681,3816.3684707472144,3819.340707887944,3786.543041050564,62435.0,2361765350.0,115442.0,-0.6146422237657557,13,price_up_oi_down,-0.7500165698073564,0.005511272528171851,3754.7803826565214,3659.8000804228823,3645.5138412071246,1,0.2,11.656523518315002,0.003418806748786807,0.342465753424781,11.720815764972576,0.0578180909885182,-0.7500165698073564,0,1.0,1.0
2018-04-13,3817.3806052400914,3855.392911003907,3872.644452018355,3807.916139446485,103305.0,4077447340.0,113387.0,-0.0931209686094195,13,price_up_oi_down,-0.994182469765037,0.01022554309307866,3798.326527525929,3688.7101650983373,3650.0172428710007,1,0.0,11.638562025256327,-0.01796149305867445,-1.7801146896278097,11.704653580089246,0.04483899522399515,-0.994182469765037,0,1.0,1.0
2018-04-16,3882.319990486173,3886.22300877036,3895.1966731641655,3854.9663647098223,77392.0,3025684260.0,111740.0,-0.3672913279503753,13,price_up_oi_down,-1.1795401586135452,0.007996616292585745,3821.637368723702,3731.9922694748557,3656.259537353567,1,0.0,11.62393002301314,-0.014632002243187614,-1.452547470168486,11.682888269792402,0.03371380987443473,-1.1795401586135452,0,1.0,1.0
2018-04-17,3899.738457563392,3946.764285650098,3950.463082102443,3849.966657542229,115745.0,4552645190.0,111283.0,0.0393129892149837,13,price_up_oi_down,-1.1143523255804482,0.015578436117307026,3860.0398767404704,3769.1187134825973,3666.447695788611,1,0.0,11.619831785256222,-0.0040982377569172,-0.40898514408449493,11.66470707735845,0.027161938963288,-1.1143523255804482,0,1.0,1.0
2018-04-18,3948.583660637071,3903.975847995647,3993.8929986556286,3896.174552932761,130700.0,5176245330.0,110260.0,0.1700634074686386,13,price_up_oi_down,-1.2183008307072323,-0.010841396789269542,3881.7449048334456,3798.0653755162903,3682.3147034631793,1,0.0,11.610596492143674,-0.009235293112547893,-0.9192778771240584,11.654814114940608,0.024480306694380616,-1.2183008307072323,0,1.0,1.0
2018-04-19,3906.561386828928,3875.921415236101,3912.921304973787,3871.811034603745,79502.0,3142419310.0,109805.0,-0.3229238868027037,13,price_up_oi_down,-1.2285009221959289,-0.0071861184218006136,3893.6554937312226,3824.2179381938718,3698.2931852376773,1,0.0,11.606461344361394,-0.004135147782280413,-0.4126609831307082,11.651049174406467,0.024480306694380616,-1.2285009221959289,0,1.0,1.0
2018-04-20,3869.718653879306,3866.466086591885,3894.129752036903,3856.201255750229,69314.0,2716792020.0,114468.0,-0.5016484019565268,13,price_up_oi_down,0.13161363735339823,-0.002439504734809028,3895.8701288488182,3847.098328187374,3714.058309288601,1,0.5,11.64805058693321,0.04158924257181518,4.246619006420493,11.643777831251523,0.02189692711684188,0.13161363735339823,0,1.0,1.0
2018-04-23,3877.764738340268,3902.537132033777,3929.858725857696,3845.804871278885,100896.0,3994702410.0,114039.0,-0.1224502117903403,13,price_up_oi_down,0.040952162007235816,0.009329202593287844,3899.1329535015016,3860.3851611126024,3730.480374841579,1,0.5,11.644295774135127,-0.0037548127980819856,-0.3747772303177688,11.643306306094768,0.01629674765093103,0.040952162007235816,0,1.0,1.0
2018-04-24,3886.542235292045,3826.648229617842,3893.4850851397273,3821.669766927338,103644.0,4075287360.0,117517.0,-0.1256210538838637,13,price_up_oi_down,1.65832782658471,-0.019446042368951533,3875.1097422950506,3867.57480951776,3741.698116432484,1,1.0,11.67433828295215,0.030042508817022195,3.0498338287779037,11.641428899695727,0.01338521524488101,1.65832782658471,0,1.0,1.0
2018-04-25,3827.20797633358,3834.7983642863655,3855.974825257173,3822.2293579545935,73890.0,2879980840.0,120559.0,-0.4895617588582002,13,price_up_oi_down,2.419779336248425,0.002129836394535234,3861.2742455531943,3871.50957519332,3754.501444929681,0,1.0,11.699894538640894,0.025556255688744756,2.5885616549095936,11.641428899695727,0.01629674765093103,2.419779336248425,0,1.0,1.0
2018-04-26,3820.828138387696,3852.885764740172,3872.285562793516,3815.840774292297,68006.0,2646328830.0,116654.0,-0.5396163519147543,13,price_up_oi_down,0.8811949732550216,0.004716649673749407,3856.667115454008,3875.161304592616,3767.4806925077487,0,0.8,11.666967567474611,-0.03292697116628318,-3.2390779618278964,11.641428899695727,0.01954799556104625,0.8811949732550216,0,1.0,1.0
2018-04-27,3854.36294664289,3879.001592987256,3906.4915418366304,3853.6274689664624,90521.0,3553476040.0,111112.0,-0.2049568336272335,13,price_up_oi_down,-0.6620995099316718,0.00677825137876753,3859.1742167330826,3877.5221727909507,3783.116168944644,0,0.2,11.618293980596055,-0.0486735868785555,-4.75080151559305,11.641428899695727,0.023567891109194328,-0.6620995099316718,0,1.0,1.0
2018-05-02,3902.47092304778,4010.9109457736186,4013.442121086722,3899.90352784117,109950.0,4414036360.0,118411.0,-0.0741359065391006,13,price_up_oi_down,1.639409838995452,0.03400600634576634,3880.8489794810507,3889.990966491276,3810.991617983066,0,0.9,11.681916902522008,0.06362292192595298,6.569047447620413,11.634112898574134,0.0196676622042693,1.639409838995452,0,1.0,1.0
2018-05-03,4015.201096413427,3981.126620122645,4029.254878110587,3971.230534480566,74971.0,3030140860.0,117738.0,-0.451360444780428,13,price_up_oi_down,0.7231544478779707,-0.007425825717311874,3911.7446575820113,3893.427199938531,3831.2729567105634,1,0.8,11.676217095857377,-0.005699806664631879,-0.5683593585056879,11.646173180534168,0.02802215117804696,0.7231544478779707,1,2.0,2.0
2018-05-04,3972.8460625482167,3963.949225101186,3983.682492132146,3953.9848195572304,52302.0,2103550800.0,115628.0,-0.7933435301844509,13,price_up_oi_down,0.01953405959130657,-0.004314707031581322,3937.5748297449754,3899.424537649085,3848.7449565826873,1,0.5,11.658133420424083,-0.018083675433294033,-1.7921146953403633,11.65750907720391,0.021557921985782436,0.01953405959130657,0,1.0,1.0
2018-05-07,3938.740205010408,3994.356031684634,4006.3741156298383,3933.592474891839,76223.0,3082590640.0,118922.0,-0.4448045615981653,13,price_up_oi_down,0.9749432190553767,0.00767083654626588,3965.868883133868,3911.2679992939384,3867.742968743905,1,0.9,11.686223094999539,0.028089674575456414,2.8487909502887376,11.662550493949347,0.016377313415178563,0.9749432190553767,0,1.0,1.0
2018-05-08,3985.21655003794,3978.7806224812016,3992.2662928926734,3957.868255333792,48166.0,1944750550.0,114638.0,-0.8671259594919372,13,price_up_oi_down,-1.01418790664312,-0.0038993542588299235,3985.824689032657,3922.4994528828697,3884.7988905351217,1,0.3,11.649534616432216,-0.03668847856732249,-3.6023612115503645,11.67065292521338,0.014044837287728207,-1.01418790664312,0,1.0,1.0
2018-05-09,3979.748538317887,3967.874492894139,4030.4068584165634,3954.021357947751,95927.0,3904288620.0,117579.0,-0.2035229625524128,13,price_up_oi_down,0.20231604446597543,-0.0027410733643971064,3977.217398456761,3929.0331889689055,3894.709175040754,1,0.6,11.674865727072316,0.025331110640099297,2.565466948132311,11.67065292521338,0.014044837287728207,0.20231604446597543,0,1.0,1.0
2018-05-10,3981.3273244135776,4008.158600348572,4008.817200697145,3959.6068053089866,59616.0,2421517680.0,119344.0,-0.6940860847936294,13,price_up_oi_down,1.062296692776944,0.010152565945968028,3982.6237945019466,3947.184226041979,3907.3795177798697,1,0.9,11.689765358194945,0.014899631122629486,1.5011183969927844,11.674602005012233,0.009627763762463992,1.062296692776944,0,1.0,1.0
2018-05-11,4010.594146718017,3992.309084287832,4019.6460257927015,3977.375215250034,47072.0,1915884380.0,115331.0,-0.8961279105520609,13,price_up_oi_down,-1.082184438864162,-0.003954313599107917,3988.295766339276,3962.9352980421254,3917.2224366177225,1,0.2,11.655561533953225,-0.03420382424171997,-3.362548599007964,11.675541411464845,0.012452815132396822,-1.082184438864162,0,1.0,1.0
2018-05-14,3989.815090541513,3985.42540078344,4012.728965910269,3978.270878343789,52141.0,2114138210.0,113091.0,-0.7742412169044104,13,price_up_oi_down,-1.6793340328711692,-0.0017242361147545848,3986.5096401590367,3976.189261646453,3925.6752831195336,1,0.1,11.63594808334109,-0.019613450612135708,-1.942235825580263,11.670916647273463,0.014044837287728207,-1.6793340328711692,0,1.0,1.0
2018-05-15,3985.19452726195,3915.625232714205,4000.4564858979215,3911.8536629190407,104213.0,4187465690.0,115485.0,-0.1027037697839717,13,price_up_oi_down,-0.4000686480720996,-0.01751385637666536,3973.8785622056375,3979.851625619147,3928.686899205049,0,0.4,11.65689593038026,0.020947847039170853,2.1168793272674513,11.6664995737482,0.016191143044895995,-0.4000686480720996,0,1.0,1.0
2018-05-16,3904.2536516194136,3907.827078862048,3926.249423685198,3877.1857034051336,78721.0,3122615380.0,109495.0,-0.3299689301982085,13,price_up_oi_down,-3.2177229556857507,-0.001991547553378048,3961.8690793992196,3969.54323892799,3929.767102709633,0,0.0,11.603634165095691,-0.05326176528456905,-5.18682079923799,11.6664995737482,0.013177684284391589,-3.2177229556857507,0,1.0,1.0
2018-05-17,3885.126978025498,3889.5318474011738,3902.226679790992,3860.8172499245593,52786.0,2080961400.0,107183.0,-0.7082916499334941,13,price_up_oi_down,-2.814506742365849,-0.004681689105394571,3938.1437288097395,3960.3837616558426,3926.905480797187,0,0.0,11.582292932953818,-0.021341232141873334,-2.1115119411845518,11.657514675402172,0.018026736062673798,-2.814506742365849,0,1.0,1.0
2018-05-18,3886.66442632171,3992.745731605584,4011.4630724495087,3885.205343082115,123862.0,5004637620.0,107886.0,0.1380929285650325,13,price_up_oi_down,-2.3361926659359193,0.026536325772309466,3938.23105827329,3963.263412306283,3931.3439749776835,0,0.1,11.588830393059693,0.00653746010587497,0.6558875941147013,11.656228732166742,0.019458821865613096,-2.3361926659359193,0,1.0,1.0
2018-05-21,3991.0886541667833,4016.996187686038,4018.867226306844,3961.834583719689,71465.0,2908796350.0,106497.0,-0.3989089963775626,13,price_up_oi_down,-1.847286037377542,0.006073628953753074,3944.54521565381,3965.527427906423,3938.3977136001804,0,0.0,11.575872094720777,-0.012958298338915597,-1.287470107335631,11.65254807519272,0.027996335843206488,-1.847286037377542,0,1.0,1.0
2018-05-22,4033.1977707416745,4001.489384221524,4131.455753551389,3998.705209274316,181738.0,7553308650.0,110543.0,0.4971615039407516,13,price_up_oi_down,-0.5602134216926745,-0.0038602982776159145,3961.7180459552737,3967.798304080455,3945.1488784816625,0,0.4,11.613159864516,0.0372877697952223,3.7991680516823445,11.642741349886652,0.035615780988312196,-0.5602134216926745,0,1.0,1.0
2018-05-23,4010.875564434471,3978.021181100835,4016.396562932037,3947.9648391224,86878.0,3528938630.0,103158.0,-0.1717569578029369,13,price_up_oi_down,-1.5961497692630415,-0.00586486702007194,3975.756866403031,3968.8129729011257,3948.9230809350156,1,0.0,11.544017072447902,-0.06914279206809759,-6.6806582054042885,11.624553973928546,0.03403276866028371,-1.5961497692630415,0,1.0,1.0
2018-05-24,3979.4686780799966,3989.138735091584,4006.724156184133,3970.5021899234257,53921.0,2184592290.0,100782.0,-0.6254397558367789,13,price_up_oi_down,-1.9688623774442047,0.002794744795117543,3995.678243941113,3966.9109863754265,3957.0476062087023,1,0.0,11.520715047245059,-0.023302025202843524,-2.3032629558540685,11.608397014805846,0.03003799431015608,-1.9688623774442047,0,1.0,1.0
2018-05-25,3986.805561903248,3947.18229636309,4001.805850666613,3934.530677516847,75645.0,3033249900.0,99810.0,-0.2772170345016967,13,price_up_oi_down,-1.9133244105894016,-0.010517668478013165,3986.5655568926136,3962.398307582952,3962.6668028125396,0,0.0,11.511023657680632,-0.009691389564427055,-0.9644579389177843,11.596232279077693,0.03003799431015608,-1.9133244105894016,0,1.0,1.0
2018-05-28,3972.372580031633,4035.203154688849,4057.755266249194,3962.365586755951,118342.0,4842112080.0,109995.0,0.0731438273481767,13,price_up_oi_down,0.4414843936269392,0.02229966890732693,3990.206950293176,3967.376082973493,3971.782672309973,0,0.7,11.60819018919601,0.0971665315153789,10.204388337842051,11.585561663006755,0.034571396034048796,0.4414843936269392,0,1.0,1.0
2018-05-29,4040.8347875827376,4024.05316728645,4059.962365208092,4011.296117394732,81261.0,3339822310.0,109447.0,-0.2977742171555022,13,price_up_oi_down,0.4736119867659695,-0.002763178698807933,3994.7197069061613,3978.2188764307175,3979.035251024932,0,0.6,11.6031956927992,-0.004994496396809822,-0.4982044638393579,11.585561663006755,0.02511336384924956,0.4736119867659695,0,1.0,1.0
2018-05-30,4025.951093998066,3996.428382443551,4062.3550644730985,3987.043611682732,87180.0,3576369490.0,110364.0,-0.2358090468983142,13,price_up_oi_down,0.8609933667900207,-0.00686491547066892,3998.401147174705,3987.079006788868,3978.311122858429,1,0.9,11.611539272690697,0.008343579891496589,0.8378484563303923,11.585561663006755,0.020350514139095388,0.8609933667900207,0,1.0,1.0
2018-05-31,4000.049110808349,3988.8418166504944,4008.2199953640143,3960.6923302393743,76578.0,3100313270.0,109234.0,-0.3551825409325452,13,price_up_oi_down,0.43533815276650295,-0.0018983364812402703,3998.341763486487,3997.0100037138,3978.696882684822,1,0.6,11.601247649143291,-0.010291623547406203,-1.0238846000506618,11.585561663006755,0.02430306793659831,0.43533815276650295,0,1.0,1.0
2018-06-01,3989.496785724056,3976.780868912653,4026.2030490118304,3975.868012675418,79720.0,3254525590.0,111933.0,-0.3393799826632293,13,price_up_oi_down,1.1929550719922752,-0.0030236716049996115,4004.2614779963997,3995.4135174445064,3979.338464875395,1,1.0,11.62565575698996,0.02440810784666958,2.4708424117033223,11.595039021101492,0.017310547501856455,1.1929550719922752,0,1.0,1.0
2018-06-04,3975.450189494056,3967.304116025844,3997.8558612069046,3959.781218861929,66474.0,2709684880.0,110665.0,-0.5096967261274176,13,price_up_oi_down,0.4725724948961064,-0.0023830211417710245,3990.681670263798,3990.4443102784876,3977.985869092455,1,0.9,11.614262898876145,-0.011392858113815407,-1.1328205265650482,11.602221670971247,0.017186139781733445,0.4725724948961064,1,2.0,2.0
2018-06-05,3967.108883558854,3975.891071012262,3992.126285033117,3929.010477436708,80486.0,3268478820.0,107235.0,-0.2869394316305123,13,price_up_oi_down,-1.9275491187464389,0.002164430740696499,3981.0492510089607,3987.884478957561,3977.841391519009,0,0.3,11.582777966869061,-0.0314849320070838,-3.0994442687390045,11.605692940997606,0.008018440698466023,-1.9275491187464389,0,1.0,1.0
2018-06-06,3980.4252595091225,3978.478299640549,3998.24136790763,3964.785707802345,65760.0,2682824810.0,108777.0,-0.5032881642675864,13,price_up_oi_down,-0.22135928238993738,0.0006507292534119191,3977.459234448361,3987.930190811533,3978.3715818563287,0,0.4,11.597055193997647,0.014277227128586034,1.4379633515176904,11.602221670971247,0.0157424660035419,-0.22135928238993738,0,1.0,1.0
2018-06-07,3982.484736870967,4010.2535587344382,4018.1064044904647,3948.553478984904,93320.0,3804503010.0,114226.0,-0.2021444949086925,13,price_up_oi_down,2.7607983783714323,0.007986787083081648,3981.741582865149,3990.0416731758173,3978.4763297756226,0,1.0,11.645934221044058,0.04887902704641078,5.009331016667118,11.602221670971247,0.010679414812174493,2.7607983783714323,0,1.0,1.0
2018-06-08,4001.8649293255226,3939.2409812931937,4023.362026688692,3937.395900423345,108545.0,4413083300.0,110548.0,-0.0182849822377109,13,price_up_oi_down,0.5889080888199077,-0.01770775249025769,3974.2336053412573,3989.2475416688285,3975.82292462589,0,0.7,11.613205094760566,-0.032729126283491894,-3.219932414686655,11.605692940997606,0.008603852439248882,0.5889080888199077,0,1.0,1.0
2018-06-11,3933.750584609807,3943.140468196829,3954.292666957661,3916.9563763255687,55889.0,2240044010.0,109313.0,-0.6708477459775557,13,price_up_oi_down,-0.6966469564750499,0.0009899081884436889,3969.400875775454,3980.0412730196267,3973.70867799656,0,0.3,11.601970605792808,-0.011234488967758693,-1.1171617758800378,11.609864730943354,0.007643059972108013,-0.6966469564750499,0,1.0,1.0
2018-06-12,3945.8356761328632,3955.645374813833,3968.352790273668,3943.263405326181,44421.0,1784810610.0,108774.0,-0.8955600046808946,13,price_up_oi_down,-1.071688348861901,0.0031713064035789884,3965.3517365357684,3973.200493772365,3975.7096851015403,0,0.1,11.597027614257723,-0.0049429915350849285,-0.4930795056398929,11.607367482744948,0.006507624866427086,-1.071688348861901,0,1.0,1.0
2018-06-13,3956.72713477721,4016.4429975589615,4033.170459806636,3918.0685131724654,142175.0,5748231700.0,107741.0,0.2773284943796883,13,price_up_oi_down,-1.5106109474177638,0.015369836520795266,3972.9446761194513,3975.2019552839056,3981.140481036387,0,0.1,11.587485477795312,-0.009542136462410866,-0.9496754739183766,11.606754939241753,0.008603852439248882,-1.5106109474177638,0,1.0,1.0
2018-06-14,4015.78219100445,4009.004657529038,4036.641569825596,3999.026671010986,66630.0,2722302200.0,105206.0,-0.4567654063233067,13,price_up_oi_down,-2.110192283152573,-0.0018519720146518148,3972.694895878371,3977.2182393717603,3987.11412154278,0,0.0,11.563675611879889,-0.02380986591542289,-2.3528647404423952,11.601609127468048,0.012124869350307321,-2.110192283152573,0,1.0,1.0
2018-06-15,4011.123844925277,4017.4625447993576,4043.93014743264,4001.973609190211,71354.0,2924432510.0,102122.0,-0.3585147729644133,13,price_up_oi_down,-3.1108341421636805,0.0021097224854642604,3988.339208579604,3981.2864069604307,3988.349962202469,0,0.0,11.533923455965834,-0.029752155914055223,-2.9313917457178817,11.599512899895227,0.01422109692312823,-3.1108341421636805,0,1.0,1.0
2018-06-19,4042.648748371441,4069.629843978093,4120.027936997725,4022.768001605941,127524.0,5277535170.0,96589.0,0.2778397190795638,13,price_up_oi_down,-5.267920361196508,0.012985136413099063,4013.637083735857,3991.518979755655,3990.9816450170715,1,0.0,11.478220142081131,-0.05570331388470251,-5.418029415796822,11.597041404127685,0.015213563945752462,-5.267920361196508,0,1.0,1.0
2018-06-20,4075.3310309225135,4127.858791699308,4135.635591919301,4057.2261942552864,108287.0,4524568540.0,109774.0,-0.0136385969965493,13,price_up_oi_down,0.612508685111656,0.014308168053017933,4048.079767112952,4006.7157518243607,3997.30011539096,1,0.8,11.60617898584618,0.1279588437650485,13.65062274172002,11.592256546026517,0.015331304250169708,0.612508685111656,0,1.0,1.0
2018-06-21,4138.366412908866,4088.24451141606,4148.132312231369,4075.388199773072,75320.0,3148150940.0,102531.0,-0.308419488088439,13,price_up_oi_down,-3.10086446721069,-0.00959681090906217,4062.440069884372,4017.6923730019107,4002.811281906722,1,0.2,11.537920470859527,-0.06825851498665259,-6.598101554102032,11.597041404127685,0.012859808482627244,-3.10086446721069,0,1.0,1.0
2018-06-22,4090.516149134851,4076.098036625272,4097.665568882696,4064.076800303251,57149.0,2379139260.0,98402.0,-0.5433992367799478,13,price_up_oi_down,-2.599400898668851,-0.0029710734660977067,4075.8587457036183,4024.276820790995,4007.159246983407,1,0.1,11.496816408037043,-0.04110406282248391,-4.027074738371706,11.592256546026517,0.02476474144033869,-2.599400898668851,0,1.0,1.0
2018-06-25,4066.828337653921,4107.2744970676,4116.948897516394,4066.133161860013,61241.0,2563771580.0,106227.0,-0.5507614139303848,13,price_up_oi_down,-0.04442925732326127,0.007648604170507278,4093.821136157267,4041.080172368436,4015.163857018632,1,0.5,11.57333359276529,0.07651718472824598,7.952074144834476,11.5755805448376,0.03411149546577352,-0.04442925732326127,0,1.0,1.0
2018-06-26,4092.646932952925,4087.193268795624,4095.053716294522,4069.2413991833855,59108.0,2460644480.0,101646.0,-0.5421299095454769,13,price_up_oi_down,-0.8267235252136959,-0.004889185830241782,4097.333821120773,4055.4854524283146,4017.76336272397,1,0.2,11.529251467569,-0.0440821251962884,-4.312462933152716,11.568504602322589,0.032025067466640245,-0.8267235252136959,0,1.0,1.0
2018-06-27,4089.663754814873,4076.069089172781,4107.223369612203,4056.1171858485295,74654.0,3102439590.0,102621.0,-0.3181784842166738,13,price_up_oi_down,-0.27333998436298,-0.002721716075374414,4086.9758806154678,4067.5278238642095,4020.3641588182873,1,0.5,11.538797869137621,0.00954640156862041,0.9592113806741853,11.550798041369708,0.02961149391059248,-0.27333998436298,0,1.0,1.0
2018-06-28,4079.6679218113,4071.43641270836,4098.7607230215135,4069.80624096556,58236.0,2410419910.0,98927.0,-0.5298784841924069,13,price_up_oi_down,-0.8104442706261584,-0.0011365549413101528,4083.6142608739274,4073.0271653791497,4024.114560331528,1,0.2,11.502137483385624,-0.03666038575199693,-3.5996530924468972,11.538359169998575,0.03014543232401401,-0.8104442706261584,0,1.0,1.0
2018-06-29,4068.056140315468,4140.727436928275,4142.55750742877,4045.618541217265,90409.0,3720201370.0,102978.0,-0.1301715532178228,13,price_up_oi_down,0.13917003986665075,0.017018815276995003,4096.540140934529,4086.199443319073,4031.708841345416,1,0.7,11.542270652164694,0.040133168779069806,4.094938692166927,11.53592196341268,0.030769064247132327,0.13917003986665075,0,1.0,1.0
2018-07-02,4113.932090091145,4055.97185043338,4176.77408548468,4036.697495369877,138075.0,5720422340.0,99220.0,0.3304574089143485,13,price_up_oi_down,-1.0279367868141158,-0.020468767332768367,4086.279611607684,4090.050373882475,4035.6683904214538,0,0.3,11.50509488585504,-0.03717576630965347,-3.6493231564023287,11.53592196341268,0.020227487935366995,-1.0279367868141158,0,1.0,1.0
2018-07-03,4061.104862108085,4042.22563818208,4065.6727478901366,4031.721423277986,54519.0,2230977910.0,97386.0,-0.5801331983837547,13,price_up_oi_down,-1.0611035054838363,-0.0033891291059703343,4077.286085484975,4087.309953302874,4039.414466529265,0,0.1,11.486437742133125,-0.018657143721915403,-1.8484176577304057,11.533585969214265,0.029969784593932403,-1.0611035054838363,0,1.0,1.0
2018-07-04,4040.580467915537,3994.7417345855774,4055.337563738215,3989.181228347718,71594.0,2902266790.0,99874.0,-0.3328981199480728,13,price_up_oi_down,-0.4933540102676142,-0.011746970072125329,4061.0206145675343,4073.998247591501,4040.3569997079308,0,0.4,11.511664670502805,0.02522692836967977,2.5547820015196843,11.533585969214265,0.029969784593932403,-0.4933540102676142,0,1.0,1.0
2018-07-05,3995.099975933576,3996.3760775421824,4016.388577951992,3986.321176505922,46446.0,1885438940.0,97908.0,-0.7457379147840322,13,price_up_oi_down,-1.0551282344089454,0.0004091235592167397,4046.008547534299,4064.8114042041134,4041.251888603013,0,0.1,11.491783541216801,-0.01988112928600394,-1.9684802851591798,11.520458069035904,0.018330192875998463,-1.0551282344089454,0,1.0,1.0
2018-07-06,4000.7136528269457,4001.162243889782,4018.3752218278623,3984.089571401346,58214.0,2367628150.0,100201.0,-0.5430522930027846,13,price_up_oi_down,0.23595591808292163,0.0011976266133950642,4018.0955089266004,4057.3178249305647,4040.7973228607793,0,0.6,11.51493344762302,0.0231499064062195,2.341994525472746,11.508379778178924,0.018733963176099877,0.23595591808292163,0,1.0,1.0
2018-07-09,4007.083586067,4032.962786960739,4047.689739603576,4004.3775890699726,67125.0,2758641850.0,102061.0,-0.4190141209167412,13,price_up_oi_down,0.721040955968437,0.007947826439560046,4013.4936962320726,4049.8866539198775,4045.4834131441567,0,0.7,11.533325952727907,0.018392505104886325,1.856268899512048,11.513299059062913,0.018733963176099877,0.721040955968437,0,1.0,1.0
2018-07-10,4036.6053636096703,4037.263383840848,4045.618358812641,4021.015344322309,37984.0,1558897910.0,102493.0,-0.992629485136227,13,price_up_oi_down,0.9092388074298153,0.001066361656996584,4012.5012453638255,4044.8936654244003,4050.1895589263577,0,0.8,11.537549782545621,0.0042238298177146305,0.42327627595262207,11.513299059062913,0.01798965108554107,0.9092388074298153,0,1.0,1.0
2018-07-11,4041.594096121482,3964.912953659796,4068.8358294986215,3962.271689946881,92508.0,3786982290.0,106495.0,-0.1408029084254382,13,price_up_oi_down,2.031286381248683,-0.01792066142393245,4006.535489178669,4033.7780518731024,4050.652937868656,0,1.0,11.5758533146727,0.038303532127079265,3.904656903398296,11.513299059062913,0.020771205755552913,2.031286381248683,0,1.0,1.0
2018-07-12,3960.886843988999,3947.628508986773,3969.77033492823,3936.318332254784,57548.0,2303264760.0,106156.0,-0.6122903281641631,13,price_up_oi_down,1.927753826946978,-0.004359350350193414,3996.7859754675874,4021.3972615009434,4047.212213440046,0,0.9,11.572664989321087,-0.003188325351613841,-0.31832480398139573,11.513299059062913,0.020771205755552913,1.927753826946978,0,1.0,1.0
2018-07-13,3951.640789659224,3949.958009418448,3972.725980072632,3937.633190716486,44141.0,1782869550.0,107024.0,-0.8856640526160487,13,price_up_oi_down,2.056675870199783,0.0005901012282112372,3986.5451285733207,4002.3203187499603,4044.2598810345166,0,1.0,11.58080838735819,0.0081433980371024,0.8176645691246875,11.524129700175465,0.018587883154826734,2.056675870199783,0,1.0,1.0
2018-07-16,3977.919156365274,3977.839369035239,3991.990157040785,3949.010705138835,62932.0,2572001470.0,108659.0,-0.546159759684262,13,price_up_oi_down,1.8861260071297272,0.007058647092022197,3975.520444988221,3994.507070610146,4042.2787222463107,0,1.0,11.595969817044576,0.015161429686386896,1.5276947226790405,11.524129700175465,0.025690486639543764,1.8861260071297272,0,1.0,1.0
2018-07-17,3984.547985428652,3942.715917137204,3991.9817172646985,3929.472289244055,60587.0,2454291580.0,110158.0,-0.5978353502351701,13,price_up_oi_down,1.2897447288311072,-0.0088297813560414,3956.610951647492,3984.556098505659,4035.9330259042663,0,1.0,11.609670977827413,0.013701160782837007,1.3795451826356109,11.535437867636764,0.03882128436012966,1.2897447288311072,0,1.0,1.0
2018-07-18,3947.8886130990127,3947.958551181683,3971.9482825270607,3942.436350944628,47551.0,1918059440.0,108447.0,-0.8244587551085016,13,price_up_oi_down,0.7967848270405543,0.001329701189398902,3953.2200711518694,3979.8777801652695,4026.9380138783854,0,0.8,11.594016853355116,-0.01565412447229697,-1.5532235516259596,11.555107385933354,0.03293746986758439,0.7967848270405543,0,1.0,1.0
2018-07-19,3950.481785668197,3970.90701603048,3986.911204962387,3913.306715693693,110962.0,4501461360.0,111288.0,-0.0029336353997946,13,price_up_oi_down,1.0772858139029111,0.005812742092220713,3957.875772560611,3977.330874014099,4021.0711391091063,0,1.0,11.619876714739407,0.02585986138429064,2.6197128551274984,11.574259151996895,0.02856124543909999,1.0772858139029111,0,1.0,1.0
2018-07-20,3976.9381651804974,3959.105428882645,3992.0631280597777,3949.591167623735,55844.0,2269068900.0,109249.0,-0.6710675914893284,13,price_up_oi_down,0.6349559497491357,-0.002972012968370241,3959.7052564534506,3973.125192513385,4015.2215087219747,0,0.8,11.601384959597867,-0.018491755141539556,-1.832183164402268,11.578330851015444,0.024489546420550568,0.6349559497491357,0,1.0,1.0
2018-07-23,3960.400709090577,3926.087466233052,3962.239368198472,3918.345828380223,77664.0,3140470990.0,114387.0,-0.3871956065807695,13,price_up_oi_down,2.8149259718777797,-0.008339753321222165,3949.354875893013,3962.437660440617,4006.1621571802475,0,1.0,11.647342715107097,0.04595775550922987,4.703017876593774,11.587412620356652,0.014359985138390208,2.8149259718777797,0,1.0,1.0
2018-07-24,3919.542969297631,3905.150648766089,3934.981514099859,3902.211950248928,65464.0,2623783130.0,115527.0,-0.5680038956514653,13,price_up_oi_down,2.4837898983249365,-0.005332743512984184,3941.8418222187893,3949.226386933141,3997.060026178771,0,1.0,11.657259547858683,0.009916832751585503,0.9966167484067201,11.594993335199845,0.01690883157735623,2.4837898983249365,0,1.0,1.0
2018-07-25,3914.446486974173,3930.929062222764,3939.017696160266,3913.211553643153,54091.0,2156385370.0,114974.0,-0.7540382024271038,13,price_up_oi_down,1.8570924519860081,0.00660113162723186,3938.4359244270063,3945.827997789437,3989.8030248312702,0,0.9,11.652461294827356,-0.004798253031326638,-0.47867598050674864,11.59867738832122,0.019534163690608786,1.8570924519860081,0,1.0,1.0
2018-07-26,3942.242675891876,3973.695081819005,3981.573755222609,3936.221927883023,91098.0,3695868080.0,110610.0,-0.1940746507860571,13,price_up_oi_down,0.2844415358396464,0.010879366917921018,3938.9935375847112,3948.434655072661,3984.9159582868015,0,0.6,11.6137657798963,-0.03869551493105661,-3.7956407535616687,11.60552796871264,0.019534163690608786,0.2844415358396464,0,1.0,1.0
2018-07-27,3980.626308017647,3909.7056132608577,3987.953203048091,3900.577378694728,84171.0,3361128620.0,111486.0,-0.2810485786081677,13,price_up_oi_down,0.4006977868058907,-0.016103265912606246,3929.1135744603534,3944.409415456902,3973.3648671034307,0,0.7,11.62165430146081,0.007888521564510143,0.7919717927854952,11.611718378861855,0.01672504366200922,0.4006977868058907,0,1.0,1.0
2018-07-30,3907.588594977785,3898.588884679431,3928.058996001778,3895.198144791937,62424.0,2505054850.0,113501.0,-0.5978618306408716,13,price_up_oi_down,0.8455615967076706,-0.0028433671690577533,3923.6138581496293,3936.4843670213218,3965.4957188157337,0,0.7,11.63956692643747,0.017912624976659686,1.8074018262383307,11.616821247317853,0.0181438589966314,0.8455615967076706,0,1.0,1.0
2018-07-31,3894.224208461261,3876.2555688038574,3914.6813774306825,3873.052445215255,61780.0,2487598650.0,110706.0,-0.5832983512973647,13,price_up_oi_down,-0.21665231287224068,-0.005728563984609525,3917.8348421571827,3929.838332187987,3957.1972153468223,0,0.4,11.614633317769938,-0.02493360866753136,-2.462533369750042,11.620765508100108,0.019090983419800978,-0.21665231287224068,0,1.0,1.0
2018-08-01,3868.6498826502975,3845.988064230402,3889.495152554612,3830.233385247785,80787.0,3175996040.0,114027.0,-0.3446192009635138,13,price_up_oi_down,0.8276141767911169,-0.007808438849349564,3900.8466425587103,3919.6412834928583,3949.7595318290637,0,0.7,11.644190541439231,0.029557223669293364,2.9998374071864786,11.620765508100108,0.019090983419800978,0.8276141767911169,0,1.0,1.0
2018-08-02,3848.5434535170816,3856.108814551574,3868.1994724347146,3839.856358288724,57637.0,2298383250.0,111713.0,-0.6617683598849949,13,price_up_oi_down,-0.28548342203184385,0.002631508510205771,3877.3293891052244,3908.161463344967,3942.746168679533,0,0.5,11.6236883614545,-0.020502179984731583,-2.029343927315397,11.63061061394914,0.016354698668579637,-0.28548342203184385,0,1.0,1.0
2018-08-03,3866.689091726618,3902.9648608520192,3957.92928452579,3861.9398651079136,120648.0,4818115010.0,105068.0,0.1382694554679613,13,price_up_oi_down,-2.8565696762726436,0.012151121390461483,3875.9812386234566,3902.5474065419053,3937.836299527645,0,0.0,11.56236303857256,-0.061325322881939925,-5.948278177114541,11.631627643945984,0.016354698668579637,-2.8565696762726436,0,1.0,1.0
2018-08-06,3932.69269947444,3923.8705333873872,3950.078166059877,3911.455739714091,75241.0,3041894640.0,103602.0,-0.319860339511076,13,price_up_oi_down,-3.436057817179322,0.0053563568417074325,3881.037568365048,3902.325713257339,3932.3816868489776,0,0.0,11.548311913640486,-0.014051124932073833,-1.3952868618418157,11.631627643945984,0.016354698668579637,-3.436057817179322,0,1.0,1.0
2018-08-07,3926.408735658736,3884.5630824950463,3928.435984060984,3880.580622528989,69082.0,2741420290.0,105473.0,-0.4231607911921675,13,price_up_oi_down,-1.9826970828466297,-0.010017519833511845,3882.699071103286,3900.2669566302343,3924.7466717816874,0,0.2,11.566210274973463,0.01789836133297662,1.805949692090758,11.622671331457655,0.019207402480695634,-1.9826970828466297,0,1.0,1.0
2018-08-08,3877.6681746061727,3937.1600175822496,3955.041059490723,3872.804229156435,102212.0,3977036600.0,104651.0,-0.02358191680155,13,price_up_oi_down,-1.6981684302415856,0.013539987373154094,3900.9334617736554,3900.890052166183,3923.359024977811,0,0.1,11.55838628349022,-0.00782399148324231,-0.779346373005374,11.618143809615374,0.023734924322976525,-1.6981684302415856,0,1.0,1.0
2018-08-09,3937.1043972822354,3940.2547622157126,3972.430902557198,3901.899711949452,120575.0,4736302870.0,107198.0,0.1175943742087904,13,price_up_oi_down,-0.774095435213521,0.000786034761006027,3917.7626513064833,3897.546020205854,3922.9903376392576,0,0.4,11.582432870728383,0.02404658723816233,2.433803785917066,11.614199548833119,0.027679185105231596,-0.774095435213521,0,1.0,1.0
2018-08-10,3951.835493705928,3927.674157826601,3987.626989150493,3925.389529992685,125549.0,4936661560.0,107371.0,0.1564059936264736,13,price_up_oi_down,-0.2853380552308057,-0.003192840348738568,3922.704510701399,3899.342874662428,3921.876145059665,0,0.5,11.584045405973336,0.001612535244953861,0.16138360790316497,11.59853309424916,0.034246437476148195,-0.2853380552308057,0,1.0,1.0
2018-08-13,3987.816003070672,3995.9746713140216,4024.204900652568,3950.860247253484,154371.0,6213967290.0,110744.0,0.3321375647299396,13,price_up_oi_down,0.7611624125238244,0.01738955695989186,3937.125338286726,3909.0814533258867,3922.7829101736047,0,0.7,11.61497651036757,0.03093110439423441,3.141444151586459,11.583239138350859,0.028123517139858834,0.7611624125238244,0,1.0,1.0
2018-08-14,4021.362997700648,3946.544572215069,4033.6815988221497,3941.052009057408,114959.0,4644216970.0,112615.0,0.0206006213017931,13,price_up_oi_down,1.1629688183093783,-0.0123699730766057,3949.5216362307306,3916.110353667008,3922.9743429274977,0,0.9,11.631730200735479,0.01675369036790819,1.6894820486889284,11.583239138350859,0.028123517139858834,1.1629688183093783,0,1.0,1.0
2018-08-15,3979.735256708825,3981.6178026685934,3989.308040518612,3956.540207426533,88548.0,3554403690.0,116241.0,-0.2721208442513642,13,price_up_oi_down,1.9113497518656177,0.008887073188138084,3958.413193247999,3929.673327510828,3924.657305501843,1,1.0,11.663420901097732,0.031690700362252855,3.21981973982155,11.583239138350859,0.0282951134386753,1.9113497518656177,0,1.0,1.0
2018-08-16,3962.3278209777536,3858.104695593105,3970.7138755312735,3854.290430832853,138315.0,5445867250.0,117770.0,0.1608001228057571,13,price_up_oi_down,2.2228597238402723,-0.031020834544366882,3941.983179923478,3929.8729156149807,3919.017189479974,1,1.0,11.676488848835595,0.013067947737862795,1.315370652351544,11.583239138350859,0.0282951134386753,2.2228597238402723,0,1.0,1.0
2018-08-17,3858.3558649624856,3852.213606862357,3881.7703455594615,3832.567837579197,85322.0,3329196460.0,118793.0,-0.330950148142528,13,price_up_oi_down,2.429030014065203,-0.0015269385347362885,3926.8910697306287,3924.797790216014,3913.6725983789597,1,1.0,11.685137761615756,0.008648912780161666,0.8686422688289674,11.583239138350859,0.0282951134386753,2.429030014065203,0,1.0,1.0
2018-08-20,3860.6975985195777,3879.50471139574,3901.013326971753,3838.835028434847,111154.0,4328377770.0,119922.0,-0.0759249042733767,13,price_up_oi_down,1.7234590609739358,0.007084525241478401,3903.597077746973,3920.3612080168496,3911.343460637094,0,1.0,11.694596810422597,0.009459048806840897,0.9503926999066659,11.599510958170454,0.03721267893861224,1.7234590609739358,0,1.0,1.0
2018-08-21,3882.8744908307976,3868.1142199772567,3893.056982143154,3852.11207330925,70469.0,2742546690.0,113439.0,-0.4760923507096413,13,price_up_oi_down,0.22470367627024262,-0.0029360684586938746,3887.9110072994104,3918.7163217650714,3909.4916391976526,0,0.6,11.639020526494377,-0.055576283928219894,-5.406013909040974,11.623353355551526,0.047027989053606056,0.22470367627024262,0,1.0,1.0
2018-08-22,3875.510908644487,3855.218643363184,3877.8781721882174,3836.797786934897,80148.0,3110795780.0,115462.0,-0.3650665459675465,13,price_up_oi_down,0.31649933756901544,-0.0033338148463848416,3862.6311754383287,3910.5221843431636,3905.7061182546736,0,0.6,11.656696750481183,0.017676223986805795,1.783337300223109,11.635375363614928,0.04543794161074732,0.31649933756901544,0,1.0,1.0
2018-08-23,3855.222170240416,3850.648990265872,3897.315223955713,3847.557622787601,89094.0,3454289140.0,117011.0,-0.2725759553304638,13,price_up_oi_down,0.48607515640644133,-0.0011853161960552194,3861.140034372882,3901.5616071481795,3899.553813677017,0,0.7,11.67002322645458,0.013326475973396867,1.341566922450621,11.64785863848778,0.03075616923401192,0.48607515640644133,0,1.0,1.0
2018-08-24,3852.088303594297,3804.922938870876,3858.625774780159,3792.5813702467767,99731.0,3829441170.0,118127.0,-0.1692837554509034,13,price_up_oi_down,0.5691326287632829,-0.011874894728288066,3851.6819007745858,3889.2864852526072,3894.314679957518,0,0.8,11.679515595869644,0.009492369415063706,0.9537564844331214,11.660058825789458,0.0230586175606895,0.5691326287632829,0,1.0,1.0
2018-08-27,3791.599800845562,3792.5348118601705,3817.2210932139706,3783.7475379954594,72654.0,2789932040.0,116828.0,-0.474994320691547,13,price_up_oi_down,0.07503577791852113,-0.0032558154816091367,3834.2879208674713,3868.942499307222,3889.0119763165544,0,0.5,11.668458046673969,-0.01105754919567481,-1.0996639210340886,11.666722063776156,0.015604614966544084,0.07503577791852113,0,1.0,1.0
2018-08-28,3792.4214520832975,3845.119694502533,3865.638831480757,3787.9662779095993,122010.0,4710250610.0,120983.0,0.0084529687287392,13,price_up_oi_down,2.019713276654512,0.013865365843951372,3829.689015772527,3858.800011535969,3887.455182601488,0,1.0,11.703405318840641,0.03494727216667215,3.5565104255828928,11.669240636564275,0.011409422694230287,2.019713276654512,0,1.0,1.0
2018-08-29,3833.5162098255846,3827.865725591024,3854.979320283416,3813.591618206678,82366.0,3189750850.0,119792.0,-0.3745841750837441,13,price_up_oi_down,1.2582466829522236,-0.00448723844310428,3824.2184322180956,3843.4248038282117,3886.5490656695197,0,0.8,11.693512184470466,-0.00989313437017536,-0.9844358298274458,11.673256037645087,0.01085843025901223,1.2582466829522236,0,1.0,1.0
2018-08-30,3817.456912847384,3796.023966010578,3845.1322146832968,3785.4619291892977,88204.0,3408324580.0,115330.0,-0.2681452707795259,13,price_up_oi_down,-1.2087332969355307,-0.008318410796797071,3813.293427367036,3837.2167308699595,3883.54482324247,0,0.1,11.655552863219985,-0.03795932125048118,-3.7247896353678867,11.67800222235262,0.012527068898248395,-1.2087332969355307,0,1.0,1.0
2018-08-31,3799.457215304192,3783.451003037303,3815.085988307735,3781.915146499826,54476.0,2109167480.0,109966.0,-0.7024109893981738,13,price_up_oi_down,-2.449240273587002,-0.0033121400406985746,3808.999040200322,3830.3404704874533,3877.569130351734,0,0.0,11.607926506087022,-0.04762635713296248,-4.651001474031036,11.674769411162112,0.018407716994641277,-2.449240273587002,0,1.0,1.0
2018-09-03,3779.045932054884,3750.467627357578,3788.870549754686,3747.886102927349,78540.0,2988090220.0,108533.0,-0.3234462250526244,13,price_up_oi_down,-2.6450988216753597,-0.00871780172473402,3800.585603299803,3817.4367620836374,3868.898985050244,0,0.0,11.594809553184625,-0.013116952902397117,-1.3031300583817185,11.669240636564275,0.01897966062524059,-2.6450988216753597,0,1.0,1.0
2018-09-04,3750.8337727719545,3754.812130150073,3765.673823767768,3742.45855343543,45453.0,1720803160.0,107814.0,-0.8637286951265635,13,price_up_oi_down,-2.478917085643774,0.0011583896260840554,3782.524090429311,3806.106553100919,3862.4114374329947,0,0.0,11.588162799154508,-0.006646754030116497,-0.6624713220863887,11.662577398577575,0.020247534687633184,-2.478917085643774,0,1.0,1.0
2018-09-05,3756.303869439811,3756.0769378832456,3771.933761690713,3751.7555008210174,44174.0,1678781990.0,109101.0,-0.9041376779885828,13,price_up_oi_down,-1.7625009468519057,0.00033684980481885063,3768.1663328877557,3796.192382552925,3853.3572834480447,0,0.2,11.600029337681997,0.011866538527488757,1.1937225221214876,11.662577398577575,0.02393649159247957,-1.7625009468519057,0,1.0,1.0
2018-09-06,3770.082319452734,3775.355176808506,3789.790660895622,3765.577980808962,62982.0,2407380860.0,105142.0,-0.512462846184705,13,price_up_oi_down,-1.8306439907815157,0.005132546335998356,3764.0325750473407,3788.6630012071887,3845.1123041776837,0,0.0,11.563067096448558,-0.036962241233439386,-3.6287476741734936,11.662005454946977,0.036453296708576666,-1.8306439907815157,0,1.0,1.0
2018-09-07,3784.62419958578,3767.158607686729,3794.521401620294,3761.782932340821,54249.0,2075236900.0,103425.0,-0.6452621532765229,13,price_up_oi_down,-1.4265734737648927,-0.002171072319798517,3760.7740959772264,3784.8865680887743,3837.086526670691,0,0.0,11.546601991329613,-0.016465105118944834,-1.633029617089199,11.631739684653503,0.040253508483936606,-1.4265734737648927,0,1.0,1.0
2018-09-10,3783.468067397679,3794.7751042061386,3813.7453734921705,3778.103728512552,81989.0,3152244940.0,105560.0,-0.2526944197107588,13,price_up_oi_down,-0.5388461713705788,0.007330855797539115,3769.635591346939,3785.1105973233707,3827.0265483152966,0,0.2,11.56703479061726,0.020432799287647185,2.0642978003383217,11.60397792188451,0.04624288338571336,-0.5388461713705788,0,1.0,1.0
2018-09-11,3788.2378198900137,3756.265196985845,3794.39395746743,3744.362647300378,69363.0,2644646750.0,106962.0,-0.4331200470657038,13,price_up_oi_down,-0.3582142051030447,-0.010148139524160271,3769.9262047140933,3776.225147571701,3817.5125795538356,0,0.3,11.580228910179917,0.013194119562657036,1.3281546040167624,11.59741944543331,0.03236850190040119,-0.3582142051030447,0,1.0,1.0
2018-09-12,3752.439160956823,3775.250169763861,3777.501468524928,3747.03876830544,47636.0,1808272610.0,104557.0,-0.7861435993383129,13,price_up_oi_down,-1.1215810964880515,0.005054215233059267,3773.760851090216,3770.9635919889856,3807.194197908598,0,0.1,11.557487656226199,-0.0227412539537184,-2.248462070642021,11.591486176169568,0.020445857734880946,-1.1215810964880515,0,1.0,1.0
2018-09-13,3766.690578697764,3786.27655962384,3805.222300773001,3764.605708094545,66574.0,2550813190.0,104849.0,-0.4542071089342308,13,price_up_oi_down,-0.8426983211096072,0.0029207044206738253,3775.9451276532827,3769.9888513503115,3803.602791110135,0,0.2,11.560276498850154,0.00278884262395529,0.27927350631715697,11.584195854667213,0.019144911134303833,-0.8426983211096072,0,1.0,1.0
2018-09-14,3792.631212138476,3843.732854455277,3847.721197555202,3787.544095026491,106659.0,4124774630.0,111093.0,-0.040730858817443,13,price_up_oi_down,1.9565579417845278,0.015174880631843024,3791.2599770069924,3776.0170364921096,3803.1787534897812,0,1.0,11.618122967342112,0.05784646849195774,5.9552308558022515,11.573631850398588,0.01533757146415482,1.9565579417845278,0,1.0,1.0
2018-09-17,3871.16677057075,3884.298564134703,3911.716085475488,3860.0031035084335,126463.0,4955738270.0,108506.0,0.1531443042746988,13,price_up_oi_down,0.9203770884608117,0.010553727643274335,3809.164668992705,3789.4001301698213,3803.4184461267296,0,0.7,11.594560749972858,-0.023562217369253347,-2.3286795747707867,11.573631850398588,0.01533757146415482,0.9203770884608117,0,1.0,1.0
2018-09-18,3890.4801339429455,3871.240664317148,3895.703255659917,3863.5979046829066,51178.0,2001601220.0,109526.0,-0.7608522117904856,13,price_up_oi_down,1.3318417121901869,-0.0033617137307940803,3832.159762458966,3801.042983586529,3803.5747683437244,0,0.9,11.603917242975959,0.009356493003100042,0.940040182109847,11.573631850398588,0.01533757146415482,1.3318417121901869,0,1.0,1.0
2018-09-19,3885.029964661736,3899.4272040720352,3906.4971493623934,3857.829486285553,72798.0,2855614190.0,108447.0,-0.3985730920751889,13,price_up_oi_down,0.7417506733880311,0.007281009422817508,3856.995169320601,3815.378010205409,3805.7851963791663,1,0.6,11.594016853355116,-0.009900389620842276,-0.9851542099594157,11.573631850398588,0.01853654687332984,0.7417506733880311,0,1.0,1.0
2018-09-20,3915.655134329183,3847.7992373453535,3928.721824925679,3839.989457675808,81589.0,3191543840.0,105159.0,-0.2537790415357064,13,price_up_oi_down,-0.3841738938312362,-0.013239884738140084,3869.2997048649036,3822.622416259093,3805.642708733141,1,0.4,11.56322876947947,-0.030788083875645356,-3.03189576475138,11.573631850398588,0.018264598564458723,-0.3841738938312362,0,1.0,1.0
2018-09-21,3840.712744827848,3841.868877389982,3850.3373019991136,3827.1723710481738,61036.0,2360466870.0,104551.0,-0.5382111366009414,13,price_up_oi_down,-0.59830586969185,-0.001541234245751033,3868.9269094518445,3830.0934432294184,3807.490005659096,1,0.1,11.557430269612567,-0.005798499866903839,-0.5781721012942831,11.573631850398588,0.018264598564458723,-0.59830586969185,0,1.0,1.0
2018-09-25,3818.380839195691,3849.4166659011366,3854.789340311251,3799.375385765493,60575.0,2344625580.0,108857.0,-0.5861528275919243,13,price_up_oi_down,1.0075319242855851,0.001964613773149493,3861.9505298051313,3835.557599398918,3810.3340983611442,1,0.8,11.59779037327665,0.04036010366408327,4.11856414572791,11.573631850398588,0.016172887479204867,1.0075319242855851,0,1.0,1.0
2018-09-26,3850.712284522198,3868.050373117203,3882.760181786401,3845.588039380742,72424.0,2834238310.0,108947.0,-0.4083237892716052,13,price_up_oi_down,0.38106834478776486,0.004840657386124825,3861.312471565142,3846.736117012054,3811.4806322918785,1,0.8,11.598616804426882,0.0008264311502319543,0.08267727385482537,11.587122881767517,0.020344236748243816,0.38106834478776486,0,1.0,1.0
2018-09-27,3867.43146083936,3867.447454963476,3869.231276486574,3835.7259755114287,51504.0,2004469980.0,103083.0,-0.6938750144130577,13,price_up_oi_down,-2.0559292938535045,-0.00015587132936978332,3854.91652174343,3855.9558455320157,3813.459718760501,0,0.0,11.543289767951647,-0.0553270364752354,-5.382433660403773,11.594288801663987,0.01673130349504781,-2.0559292938535045,0,1.0,1.0
2018-09-28,3857.625609069555,3874.8341475206735,3877.7382718504527,3854.506146066323,54223.0,2117747990.0,99281.0,-0.604849040691439,13,price_up_oi_down,-3.5709068112016826,0.0019099658478145543,3860.3235037784943,3864.8116043216987,3817.400227836005,0,0.0,11.50570949234992,-0.0375802756017265,-3.6882900187228063,11.594288801663987,0.01673130349504781,-3.5709068112016826,0,1.0,1.0
2018-10-08,3889.100548227,3946.078770117704,3955.954090741633,3888.514594421865,85522.0,3382883590.0,104075.0,-0.1963381402953295,13,price_up_oi_down,-1.6698384476994612,0.01838649601109177,3881.1654823240387,3875.0461958879414,3825.531616190025,1,0.2,11.552867072063176,0.047157579713255515,4.82871848591373,11.594288801663987,0.01673130349504781,-1.6698384476994612,0,1.0,1.0
2018-10-09,3953.111319311664,3999.411689902909,4003.7157257690233,3951.887801147228,68864.0,2764251360.0,107734.0,-0.4475316809792317,13,price_up_oi_down,0.28815063436129207,0.013515421990325294,3911.164487124393,3886.5575084647617,3837.978819317292,1,0.5,11.587420505060633,0.03455343299745728,3.515733845784319,11.578622811417294,0.02059326740715761,0.28815063436129207,0,1.0,1.0
2018-10-10,4016.1738418105247,4044.901524280865,4052.770006461772,3969.889707538669,81389.0,3301618040.0,108707.0,-0.2894160607360572,13,price_up_oi_down,0.6332069282368282,0.011374131473586901,3946.534717357126,3903.923594461134,3852.483289023832,1,0.7,11.596411468459978,0.00899096339934502,0.9031503517923367,11.575324637270052,0.022461650606737216,0.6332069282368282,0,1.0,1.0
2018-10-11,4004.51909710854,4058.126010586469,4094.551124009037,3986.995893396694,142256.0,5833618190.0,113919.0,0.2221405818435328,13,price_up_oi_down,2.1040720333663137,0.003269421078911261,3984.6704284817242,3919.793475112577,3867.585742658993,1,1.0,11.643242948517388,0.04683148005740989,4.7945394500815475,11.575324637270052,0.02177219819840115,2.1040720333663137,0,1.0,1.0
2018-10-12,4058.3754662790498,4072.074901341752,4079.464922762916,4042.64986078314,67744.0,2780988580.0,114030.0,-0.5207256767168125,13,price_up_oi_down,2.068733154912431,0.0034372739335581937,4024.11857924594,3942.221041512217,3882.4217288856553,1,1.0,11.644216850651404,0.0009739021340156029,0.09743765306917673,11.575324637270052,0.022461650606737216,2.068733154912431,0,1.0,1.0
2018-10-15,4097.160321673681,4151.970478524095,4159.892286355293,4093.1695073607743,128099.0,5366206740.0,118761.0,0.0756903322673111,13,price_up_oi_down,1.7051968019266535,0.019620360410368853,4065.2969209272183,3973.2312016256283,3901.662322427523,1,1.0,11.684868349185795,0.040651498534391095,4.148908182057354,11.591915986760306,0.03676731592243421,1.7051968019266535,0,1.0,1.0
2018-10-16,4157.161119102295,4109.515205027892,4158.357584475232,4096.077579319283,87837.0,3671652140.0,110424.0,-0.2288446773487482,13,price_up_oi_down,0.22362440686523094,-0.010225331253148506,4087.3176239522145,3999.2410555383044,3917.399327468611,1,0.7,11.612082780503414,-0.07278556868238084,-7.019981306994705,11.597100920868314,0.045187938227106095,0.22362440686523094,0,1.0,1.0
2018-10-17,4119.267285712998,4199.929980518186,4209.627552483437,4112.774882690419,145176.0,6144473520.0,130378.0,0.1075088758700244,13,price_up_oi_down,2.6968780900987963,0.022001323995510136,4118.323315199679,4032.429016278402,3939.582566645228,1,1.0,11.778193202584836,0.16611042208142202,18.07034702600894,11.59751413644343,0.045187938227106095,2.6968780900987963,0,1.0,1.0
2018-10-18,4197.259181741934,4179.000048788421,4201.371070876199,4161.983161172779,100672.0,4264870530.0,122980.0,-0.200154033089511,13,price_up_oi_down,1.7060544172369012,-0.004983400158300566,4142.49812284007,4063.5842756608968,3959.7700605964565,1,0.9,11.719777019507461,-0.05841618307737484,-5.674270198959952,11.604247124481695,0.045674889294113896,1.7060544172369012,1,2.0,2.0
2018-10-19,4187.013804626416,4170.144308312656,4196.731174772086,4123.1774808006285,110488.0,4668481680.0,116064.0,-0.0492348453248643,13,price_up_oi_down,0.4739075889820755,-0.0021191051381614923,4162.11200423425,4093.1152917400955,3978.963448030897,1,0.7,11.661897042082629,-0.05787997742483242,-5.623678646934516,11.627662864510402,0.048723922062580804,0.4739075889820755,0,1.0,1.0
2018-10-22,4169.772181228999,4146.617776786174,4170.889549150543,4131.427344236892,79349.0,3346511890.0,116534.0,-0.3843272314221531,13,price_up_oi_down,0.33868248058039113,-0.005641658846094466,4161.041463886666,4113.169192406942,3994.107694147442,1,0.7,11.665938354902842,0.00404131282021325,0.4049489936586381,11.643729899584397,0.044228440362908295,0.33868248058039113,0,1.0,1.0
2018-10-23,4145.362798064985,4154.938334287397,4176.657010922072,4136.162337884251,69325.0,2931550010.0,120537.0,-0.5531511682393627,13,price_up_oi_down,0.8646886806258467,0.0020065889718130503,4170.126089738567,4128.721856845391,4007.6396826550763,1,0.8,11.69971203872334,0.033773683820498945,3.4350489985755184,11.653056946367016,0.03639278434119042,0.8646886806258467,0,1.0,1.0
2018-10-24,4135.1773654634735,4098.633464876239,4141.222147254785,4090.0981125629855,108721.0,4528974320.0,110737.0,-0.0183730528054077,13,price_up_oi_down,-1.1649667657621203,-0.013551312891101008,4149.866786610177,4134.095050904928,4019.009322683031,1,0.2,11.614913299527794,-0.0847987391955467,-8.130283647344715,11.663917698492735,0.028372495461832514,-1.1649667657621203,0,1.0,1.0
2018-10-25,4110.169148505955,4122.920769237543,4139.484379941666,4100.815897551112,71979.0,3006730170.0,113567.0,-0.4560185613216582,13,price_up_oi_down,-0.5650639124454053,0.005925707816870629,4138.6509307000015,4140.574526770035,4030.1840009413063,0,0.2,11.640148250110188,0.025234950582394333,2.5556047210958166,11.663917698492735,0.028372495461832514,-0.5650639124454053,0,1.0,1.0
2018-10-26,4123.666610936098,4249.660595507028,4254.26585247239,4122.944509952306,154141.0,6538101200.0,127488.0,0.1898455254153919,13,price_up_oi_down,2.0804117142177496,0.030740301199851494,4154.554188138876,4158.333096186563,4050.27706884939,0,0.9,11.755777521504216,0.11562927139402746,12.257962260163758,11.663917698492735,0.029781894306576184,2.0804117142177496,0,1.0,1.0
2018-10-29,4246.07274590164,4224.901115614492,4268.891957681864,4218.226011783404,101930.0,4370576870.0,121637.0,-0.1767548963848848,13,price_up_oi_down,0.5657089875035382,-0.005826225256368334,4170.21085590454,4165.6261598956025,4069.428680760616,1,0.7,11.708796478547344,-0.04698104295687244,-4.589451556224922,11.675403352044318,0.039814384698636296,0.5657089875035382,0,1.0,1.0
2018-10-30,4228.41251884134,4241.862330780912,4284.210092479335,4209.165305281528,118507.0,5094893690.0,123804.0,-0.0437276393457614,13,price_up_oi_down,0.7391264447581392,0.0040145827564423975,4187.595655203242,4178.860872470905,4089.050964004605,1,0.8,11.726454948888376,0.01765847034103274,1.7815302909476305,11.682825196813091,0.039814384698636296,0.7391264447581392,0,1.0,1.0
2018-10-31,4244.327875092118,4202.933303449048,4252.761286978775,4181.802131343633,114397.0,4892376620.0,116003.0,-0.013941198015288,13,price_up_oi_down,-0.7170700171620872,-0.009177343415739059,4208.455622917804,4179.161204763991,4105.795110521196,1,0.2,11.66137133182305,-0.0650836170653264,-6.301088817808786,11.704254258635341,0.040336560142606004,-0.7170700171620872,0,1.0,1.0
2018-11-01,4203.981894162369,4197.638831609115,4235.024382251871,4182.082165247974,101622.0,4343626900.0,114448.0,-0.1188605242289887,13,price_up_oi_down,-0.7492640884104667,-0.001259708745696364,4223.3992353921185,4181.02508304606,4122.304679353479,1,0.2,11.647875850348164,-0.013495481474885551,-1.3404825737266313,11.682825196813091,0.031461552214310906,-0.7492640884104667,0,1.0,1.0
2018-11-02,4159.551579318863,4206.373779749181,4208.885582776016,4145.400725486225,122778.0,5204520470.0,112272.0,0.089453348058814,13,price_up_oi_down,-0.7980570964664282,0.0020809194145743337,4214.74187224055,4184.648030189713,4138.881660964904,1,0.1,11.62867977749207,-0.019196072856093593,-1.9013001537814822,11.663917698492735,0.029781894306576184,-0.7980570964664282,0,1.0,1.0
2018-11-05,4201.839436744454,4129.576571257193,4209.539458885002,4123.459902867163,115567.0,4878645520.0,106698.0,0.0798480343671741,13,price_up_oi_down,-1.6312822708690595,-0.0182573429070223,4195.67696336909,4182.943909636814,4148.0565510218785,1,0.0,11.577757692971716,-0.05092208452035507,-4.964728516460093,11.663654843362945,0.03551613061563508,-1.6312822708690595,0,1.0,1.0
2018-11-06,4143.464917039227,4143.522818772783,4162.813220111073,4130.032869565218,91933.0,3853405910.0,105067.0,-0.1335381910307043,13,price_up_oi_down,-1.4678357324249032,0.003377161622975855,4176.009060967464,4181.802358085353,4155.262107465372,0,0.0,11.562353520881551,-0.015404172090164536,-1.5286134697932607,11.654623591085606,0.04239936959777335,-1.4678357324249032,0,1.0,1.0
2018-11-07,4126.856757793765,4163.715457018549,4163.937923582213,4095.393157626516,112324.0,4695780350.0,105499.0,0.0626860779807898,13,price_up_oi_down,-1.1143706839379994,0.004873302049715145,4168.165491681364,4188.310557299585,4161.202804102256,0,0.1,11.566456753180349,0.004103232298797721,0.41116620822898575,11.644012050229176,0.04694158950977467,-1.1143706839379994,0,1.0,1.0
2018-11-08,4159.129710076494,4184.723187836826,4190.798533172326,4139.347463937997,108830.0,4601592910.0,112076.0,-0.0293901808902023,13,price_up_oi_down,-0.17582587374990283,0.005045429024902459,4165.582362926906,4194.490799159513,4167.532662964773,0,0.3,11.626932491580309,0.06047573839996012,6.234182314524306,11.644012050229176,0.06551939278781393,-0.17582587374990283,0,1.0,1.0
2018-11-09,4187.516177503534,4207.699785789557,4226.261576001864,4173.223872906076,101495.0,4343058220.0,115774.0,-0.1316304787014648,13,price_up_oi_down,0.21739433902393715,0.0054905896809409604,4165.847564134981,4190.294718187766,4174.313907187165,0,0.6,11.659395293868332,0.03246280228802334,3.299546736143344,11.638277813920118,0.06551939278781393,0.21739433902393715,0,1.0,1.0
2018-11-12,4199.002518913491,4123.698715793108,4202.259023942663,4121.452008106952,106552.0,4498546080.0,110029.0,-0.0321108385113637,13,price_up_oi_down,-0.4804328313804937,-0.01996365574372516,4164.671993042165,4180.174478205628,4172.900319050615,0,0.3,11.60849924639223,-0.05089604747610288,-4.962254046677161,11.638277813920118,0.04180681942566711,-0.4804328313804937,0,1.0,1.0
2018-11-13,4119.263280825638,4125.045996269172,4141.653052060829,4101.9464912435415,80404.0,3379724490.0,115792.0,-0.3647315519326221,13,price_up_oi_down,0.6572531967772995,0.00032671651566196225,4160.976628541443,4168.4928447544535,4173.676858612679,0,0.8,11.659550757105908,0.05105151071367864,5.237710058257372,11.62780613453619,0.03257717830950124,0.6572531967772995,0,1.0,1.0
2018-11-14,4126.187793263748,4187.976998615962,4207.9956836824085,4100.15910020806,150077.0,6413384310.0,121384.0,0.2121894214961658,13,price_up_oi_down,1.6807101278196692,0.015255830457092223,4165.828936860925,4166.997214271145,4173.079209517568,0,1.0,11.706714353205077,0.047163596099169425,4.829349177836262,11.62780613453619,0.03166689095093034,1.6807101278196692,0,1.0,1.0
2018-11-15,4184.788218573636,4159.008392271864,4186.956651571019,4138.984260088929,91471.0,3900225280.0,115940.0,-0.2370508337568835,13,price_up_oi_down,0.7033531379824376,-0.006917088215544487,4160.685977747933,4163.134170337419,4172.0796266917405,0,0.9,11.660828094893724,-0.045886258311353956,-4.484940354577283,11.62780613453619,0.03166689095093034,0.7033531379824376,0,1.0,1.0
2018-11-16,4160.4806114101175,4153.597706753498,4192.708336175729,4133.623851071182,95045.0,4074207030.0,114859.0,-0.1893548254890457,13,price_up_oi_down,0.49268299044877095,-0.0013009556625133145,4149.86556194072,4157.856563037851,4171.252296613782,0,0.6,11.6514605681293,-0.009367526764423317,-0.932378816629198,11.62780613453619,0.03238329146362595,0.49268299044877095,0,1.0,1.0
2018-11-19,4133.768486114737,4127.892068479978,4165.204644903555,4111.879850088183,93265.0,3965266740.0,116472.0,-0.2222059972744987,13,price_up_oi_down,0.6756566280872487,-0.006188764557464088,4150.704232478094,4157.68811276013,4170.316011198472,0,0.9,11.665406179753163,0.01394561162386232,1.4043305269939799,11.639196529854804,0.026164424250747054,0.6756566280872487,0,1.0,1.0
2018-11-20,4125.231495497344,4191.08657793819,4198.77000481642,4112.564304197331,134199.0,5753470560.0,132990.0,0.0090498355199178,13,price_up_oi_down,4.999949516768117,0.015309147722334382,4163.9123488118985,4162.4444886766705,4172.123423381012,0,1.0,11.798029216407208,0.13262303665404573,14.181949309705178,11.655427930998815,0.019236844086426785,4.999949516768117,0,1.0,1.0
2018-11-21,4157.728989994509,4060.413105041091,4222.918018151016,4055.653754527163,279225.0,11883716000.0,122533.0,0.8236375269653727,13,price_up_oi_down,1.8848633598991507,-0.031178900857109948,4138.399570096924,4152.114253478924,4170.212405389254,0,0.9,11.716135660443655,-0.08189355596355341,-7.862997217835844,11.65947302548712,0.020276495632315594,1.8848633598991507,0,1.0,1.0
2018-11-22,4045.479189686924,4052.624287824436,4073.000128943869,4036.692375690608,91547.0,3817902770.0,123214.0,-0.2970701794020284,13,price_up_oi_down,1.975594396394826,-0.0019182327056783688,4117.122749207439,4138.904363477685,4166.697581318598,0,0.9,11.721677959989071,0.005542299545416185,0.5557686500779813,11.660189425999816,0.02099289614501121,1.975594396394826,0,1.0,1.0
2018-11-23,4038.04673901625,4040.607903845674,4071.226158124752,4015.710386614192,104026.0,4348694330.0,120473.0,-0.1467847935374641,13,price_up_oi_down,0.8804718773087209,-0.002965087095505914,4094.524788625874,4122.195175283297,4156.244946735531,0,0.6,11.69918094041618,-0.02249701957289041,-2.224584868602719,11.663117137323443,0.027626892537888637,0.8804718773087209,0,1.0,1.0
2018-11-26,4040.6309657588577,3974.8531139443294,4046.948732310835,3947.0492572819785,164151.0,6697684160.0,119848.0,0.3145624627029992,13,price_up_oi_down,0.2853051129158622,-0.01627348940211748,4063.916997718744,4107.3106150984195,4143.7425466520235,0,0.5,11.693979552197218,-0.005201388218962322,-0.5187884422234612,11.682293560084672,0.027626892537888637,0.2853051129158622,0,1.0,1.0
2018-11-27,3983.9914632007153,3966.104557777457,3989.9872532723,3956.9227976304223,68572.0,2800382040.0,117667.0,-0.5399743129771298,13,price_up_oi_down,-0.5026185488910889,-0.0022009759646667293,4018.9205936865974,4091.416471249248,4129.9546580018505,0,0.4,11.675613880104502,-0.018365672092716778,-1.8198050864428605,11.696580246306699,0.028135890117954254,-0.5026185488910889,0,1.0,1.0
2018-11-28,3947.7093010419417,3943.563982011448,3952.6724727152464,3885.990070418969,131140.0,5235012640.0,107624.0,0.1976217836522316,13,price_up_oi_down,-3.22664715320593,-0.005683303462539202,3995.550769080669,4066.9751695887962,4116.986191929971,0,0.0,11.586398950165378,-0.08921492993912317,-8.535103299990709,11.696580246306699,0.023032039942284754,-3.22664715320593,0,1.0,1.0
2018-11-29,3944.032860392275,3903.826887258628,3951.720217924475,3898.687554474977,73670.0,2937281810.0,105232.0,-0.3565717758642729,13,price_up_oi_down,-2.948182428916999,-0.010076442257328733,3965.791288967507,4041.457019087473,4102.2955947124465,0,0.0,11.563922715541132,-0.022476234624246416,-2.2225525905002486,11.68479671615086,0.027653782774965663,-2.948182428916999,0,1.0,1.0
2018-11-30,3891.4528691045,3942.052343561732,3952.404319624067,3885.8788022139183,75417.0,3020298490.0,99592.0,-0.2780491262878239,13,price_up_oi_down,-3.6701338344776726,0.00979179082655146,3946.080176910719,4020.3024827682966,4089.0795229030737,0,0.0,11.508837119061623,-0.05508559647950939,-5.3595864375854285,11.68479671615086,0.03233754615717732,-3.6701338344776726,0,1.0,1.0
2018-12-03,3929.215865751335,3903.253140895998,3966.30347570108,3901.838338338338,82892.0,3305499200.0,97902.0,-0.1664284226617472,13,price_up_oi_down,-3.8178416664666472,-0.009842386473914222,3931.7601823010527,3997.8385900098983,4077.7633513850137,0,0.0,11.491722257319125,-0.01711486174249721,-1.696923447666554,11.68479671615086,0.03411009406550303,-3.8178416664666472,0,1.0,1.0
2018-12-04,3897.11738997555,3867.150690018568,3899.269325590872,3854.1760482088007,68486.0,2688401120.0,99635.0,-0.3748841636667605,13,price_up_oi_down,-1.750337559103386,-0.009249323467947712,3911.9694087492744,3965.445001217936,4063.944744947303,0,0.2,11.509268787466684,0.017546530147559025,1.7701374844231843,11.68479671615086,0.06763950491184634,-1.750337559103386,0,1.0,1.0
2018-12-05,3865.512590054208,3864.878596241204,3893.6995014916,3839.793072737238,78866.0,3121158230.0,101043.0,-0.2477959590577888,13,price_up_oi_down,-0.9477393144384978,-0.000587536912701303,3896.232331595226,3945.8915503379476,4049.002901908436,0,0.3,11.523301447795,0.014032660328314961,1.4131580267978672,11.63100641513494,0.07665188529497691,-0.9477393144384978,0,1.0,1.0
2018-12-06,3865.195728301737,3830.17453352232,3884.05272660536,3825.7203544484782,70374.0,2756238890.0,103006.0,-0.3809633621927905,13,price_up_oi_down,-0.2938089701479943,-0.00897934096885622,3881.5018608479645,3923.646574907735,4031.275469192711,0,0.4,11.542542517942351,0.01924107014735199,1.9427372504775553,11.575160832853255,0.0748811446628812,-0.2938089701479943,0,1.0,1.0
2018-12-07,3827.594118558398,3829.348415358986,3850.137495626093,3814.090332513508,60138.0,2383351420.0,97246.0,-0.4806019292764659,13,price_up_oi_down,-1.0417203977626985,-0.0002156868195178907,3858.961075207415,3902.5206260590667,4012.357900671182,0,0.0,11.484999129529387,-0.0575433884129648,-5.591907267537943,11.553232616741742,0.04417966347758817,-1.0417203977626985,0,1.0,1.0
2018-12-10,3795.7086882980257,3751.948009163524,3798.798974813836,3746.8442026453713,64582.0,2474259780.0,98652.0,-0.4236627717670546,13,price_up_oi_down,-0.6271827041606983,-0.02021242201023543,3828.7000488609206,3880.2301155809864,3993.7703653397025,0,0.2,11.499353784940133,0.014354655410746986,1.4458178228410778,11.532921982868675,0.0361002291110033,-0.6271827041606983,0,1.0,1.0
2018-12-11,3735.080818014985,3750.5538171223575,3758.925324047205,3724.800967314937,68701.0,2589847730.0,96447.0,-0.3392298795058031,13,price_up_oi_down,-1.049455627397844,-0.00037159151399790424,3805.3806742816787,3858.675041515476,3975.045756382362,0,0.0,11.476748913651063,-0.022604871289070516,-2.235129546283854,11.516285117630842,0.02541013031161299,-1.049455627397844,0,1.0,1.0
2018-12-12,3751.684069542016,3753.763828830757,3773.910247858081,3746.77499712045,58892.0,2174510460.0,93428.0,-0.4614858281720682,13,price_up_oi_down,-2.0896364936815623,0.0008558767224575714,3783.1577207995892,3839.6950261974075,3953.335097893102,0,0.0,11.444946365157367,-0.03180254849369568,-3.1302165956432315,11.509052953264153,0.020692259839896643,-2.0896364936815623,0,1.0,1.0
2018-12-13,3750.611693561289,3729.554246183727,3758.2723840402728,3722.4894197733047,48232.0,1778244690.0,91647.0,-0.6419215393386434,13,price_up_oi_down,-2.7610512595361705,-0.006449415506934231,3763.0336633318702,3822.267762089918,3931.862390588695,0,0.0,11.425699519507885,-0.01924684564948187,-1.9062807723594033,11.504095452000879,0.019151159132806406,-2.7610512595361705,0,1.0,1.0
2018-12-14,3737.5791077044014,3674.234336241553,3744.7380219252273,3672.753239671542,61238.0,2203924300.0,93528.0,-0.4234929448415388,13,price_up_oi_down,-2.0542548418938846,-0.014832847651641057,3732.0108475083834,3795.485961357899,3907.8942220630975,0,0.2,11.446016135686655,0.020316616178769564,2.052440341746009,11.49553802112963,0.01625993690781069,-2.0542548418938846,0,1.0,1.0
2018-12-17,3667.642619904525,3678.862100068977,3689.2340740895374,3662.018262011812,43874.0,1562469740.0,94235.0,-0.7644697729650953,13,price_up_oi_down,-0.8408966227761244,0.0012595178760856918,3717.3936656894743,3773.0468572751975,3885.442723642548,0,0.3,11.453546941450728,0.007530805764073278,0.7559233598494641,11.488360693424255,0.027924424206586806,-0.8408966227761244,0,1.0,1.0
2018-12-18,3681.2704996678726,3666.9635541175503,3690.5916557360506,3664.849988858052,61949.0,2194775030.0,97048.0,-0.4488942355737914,13,price_up_oi_down,0.04450831474073403,-0.0032343006146393627,3700.675613088513,3753.0281436850955,3859.2365724515157,0,0.5,11.482960980450756,0.02941403900002726,2.9850904653260457,11.480874021590225,0.031626325890014684,0.04450831474073403,0,1.0,1.0
2018-12-19,3664.731967897139,3658.677912224203,3675.372491479525,3649.84800593429,41955.0,1500559940.0,95949.0,-0.8272191849825247,13,price_up_oi_down,-0.18576935740782005,-0.002259537563181868,3681.6584297672025,3732.4080752833956,3839.1498128106714,0,0.4,11.471572079286695,-0.011388901164060883,-1.1324293133294971,11.47985494705091,0.03007340848221851,-0.18576935740782005,0,1.0,1.0
2018-12-20,3660.753584964437,3655.693715324962,3669.12144769892,3633.7969575596553,57726.0,2038032810.0,97873.0,-0.5279630412676721,13,price_up_oi_down,0.5084577295029263,-0.0008156489778098353,3666.8863235954486,3714.95999346366,3819.3032841856975,0,0.8,11.491425998856991,0.019853919570296696,2.0052319461379975,11.47416049646888,0.022903421744702612,0.5084577295029263,0,1.0,1.0
2018-12-21,3659.587744698206,3650.876743421401,3673.704908939632,3645.686506147864,50664.0,1811481290.0,94283.0,-0.621085298457862,13,price_up_oi_down,-0.7159723007197993,-0.0013176628784210553,3662.2148050314186,3697.1128262699012,3799.816726164484,0,0.4,11.454056176654127,-0.037369822202864,-3.6680187590040547,11.47416049646888,0.018939528703131536,-0.7159723007197993,0,1.0,1.0
2018-12-24,3641.549012370417,3658.056774165936,3664.020253057066,3607.970921934093,69972.0,2472963340.0,93458.0,-0.2894169754860773,13,price_up_oi_down,-0.6828118825062728,0.0019666593120331033,3658.0537398508104,3687.723702770142,3783.9769091755647,0,0.2,11.445267416496234,-0.008788760157893094,-0.875025190118961,11.462814127970411,0.01733287754839985,-0.6828118825062728,0,1.0,1.0
2018-12-25,3651.8874032900176,3648.0773399123286,3672.353155134495,3637.611999397447,77777.0,2769806790.0,90794.0,-0.1547474464715757,13,price_up_oi_down,-1.8975456216914828,-0.002728069811295586,3654.276497009766,3677.4760550491396,3768.075548282308,0,0.0,11.416348483110898,-0.028918933385336132,-2.850478289713043,11.453801559052428,0.013312857064663675,-1.8975456216914828,0,1.0,1.0
2018-12-26,3651.983504181575,3603.012153230716,3654.7103697083294,3601.0760093217964,58325.0,2068033010.0,91992.0,-0.45567079883887,13,price_up_oi_down,-1.0297401765893863,-0.012353133577671205,3643.1433452110687,3662.4008874891356,3751.047956843272,0,0.2,11.429456895728501,0.013108412617603094,1.3194704495891774,11.449781538568692,0.013312857064663675,-1.0297401765893863,0,1.0,1.0
2018-12-27,3605.896344855421,3598.498588571365,3624.8270596319776,3583.77298401251,48578.0,1717462280.0,88917.0,-0.6045325968141003,13,price_up_oi_down,-1.7400043034887898,-0.0012527197987117766,3631.7043198603496,3649.295321727899,3735.781541908908,0,0.0,11.395458629317355,-0.033998266411146005,-3.342681972345385,11.449781538568692,0.021057591779096718,-1.7400043034887898,0,1.0,1.0
2018-12-28,3600.200477674868,3568.882228768381,3607.909003078167,3565.40966723173,40007.0,1437512220.0,83849.0,-0.7399631233364417,13,price_up_oi_down,-3.6197549542031218,-0.008230199088320789,3615.305416929745,3638.7601109805823,3717.123036169241,0,0.0,11.336772841121801,-0.05868578819555381,-5.699697470674958,11.449781538568692,0.021057591779096718,-3.6197549542031218,0,1.0,1.0
2019-01-02,3555.2547586108203,3496.073530331131,3565.416334140896,3489.2980222330425,82892.0,2858780570.0,95974.0,-0.1465387657772912,13,price_up_oi_down,0.5477998754163128,-0.020400980971113758,3582.908768162785,3620.481254006797,3696.764055640997,0,0.8,11.47183260043467,0.13505975931286862,14.460518312681181,11.44940717897348,0.027611798087898265,0.5477998754163128,0,1.0,1.0
2019-01-03,3502.569927336037,3488.367339994432,3515.369624541263,3485.1658694645894,38826.0,1333446620.0,96981.0,-0.9154249577252732,13,price_up_oi_down,0.7930117515254493,-0.002204241492589354,3550.9667681792052,3602.6216325944856,3677.824888139791,0,0.8,11.482270362010594,0.010437761575923687,1.0492425031778163,11.449661796575182,0.027734993867531088,0.7930117515254493,0,1.0,1.0
2019-01-04,3489.281724998453,3523.6395803332657,3527.960425486876,3488.1512467259263,52210.0,1801813700.0,92359.0,-0.570409109807298,13,price_up_oi_down,-0.3995119620132052,0.010111389340920152,3535.0922535997147,3589.117799405392,3660.762937344394,0,0.4,11.433438436211896,-0.048831925798697995,-4.765881976882024,11.449661796575182,0.027389684647450174,-0.3995119620132052,0,1.0,1.0
2019-01-07,3541.4276934122354,3592.033896433697,3594.997791763277,3523.739302566956,64833.0,2253251080.0,90570.0,-0.3343082993978576,13,price_up_oi_down,-0.6193625576836648,0.01941013390874735,3533.799315172181,3582.751817516265,3648.8559054899624,0,0.2,11.413878311368995,-0.019560124842900706,-1.937006680453346,11.439352926354065,0.02774205866188595,-0.6193625576836648,0,1.0,1.0
2019-01-08,3600.0097381423466,3596.109685128228,3615.625523996696,3582.087095564721,80289.0,2834836490.0,90386.0,-0.1184567628804559,13,price_up_oi_down,-0.6581754148039857,0.001134674341068287,3539.244806444151,3577.2751116869485,3637.1939689784244,0,0.2,11.41184466713046,-0.0020336442385353592,-0.20315777851386274,11.431447665970198,0.02008893264256617,-0.6581754148039857,0,1.0,1.0
2019-01-09,3595.8116397085646,3599.2110771572807,3609.849794035261,3581.8104953997804,42013.0,1479434270.0,89337.0,-0.7544366415762725,13,price_up_oi_down,-0.9174771553270953,0.0008624297645531964,3559.872315809381,3571.390541986083,3629.5571223781126,0,0.2,11.40017101475869,-0.011673652371769094,-1.160577965614129,11.4229026894197,0.016711374682887303,-0.9174771553270953,0,1.0,1.0
2019-01-10,3603.8257614523777,3607.648013227372,3615.5638698181433,3590.831073879865,55515.0,1961222580.0,93745.0,-0.523925075588685,13,price_up_oi_down,1.3470671865922876,0.002344107052691946,3583.7284504559693,3567.3476093175873,3622.411832183363,0,0.8,11.448333609077052,0.04816259431836123,4.934125838118564,11.415113397239946,0.01663371072660258,1.3470671865922876,0,1.0,1.0
2019-01-11,3600.6623578021604,3590.8983598436303,3607.3138921049,3573.7942976753043,53502.0,1882026890.0,92857.0,-0.5513416389908501,13,price_up_oi_down,0.484907982439398,-0.004642818069370724,3597.1802063580412,3566.136229978879,3614.2685587340065,0,0.7,11.438815954353785,-0.009517654723266489,-0.9472505200277315,11.421667603548748,0.02385278151072523,0.484907982439398,0,1.0,1.0
2019-01-14,3599.89921612542,3531.879858326928,3605.1166444138166,3528.297866594653,69666.0,2429193850.0,96278.0,-0.3235274460800336,13,price_up_oi_down,1.437886007212045,-0.016435581183999903,3585.1493987366875,3559.474356954435,3604.384839341167,0,0.9,11.474995118935094,0.03617916458130921,3.6841595140914674,11.423658373790445,0.024081297159180615,1.437886007212045,0,1.0,1.0
2019-01-15,3536.164157579656,3531.929689586457,3547.1117337860223,3516.990795427605,43107.0,1495055220.0,97354.0,-0.8146684229135537,13,price_up_oi_down,1.1239704458223965,1.4108990545436129e-05,3572.3133996283336,3555.7791030362423,3597.269607008412,0,1.0,11.48610909881087,0.011113979875775115,1.117596958806777,11.43612719528284,0.029993966652105186,1.1239704458223965,0,1.0,1.0
2019-01-16,3527.18017622046,3522.083961428711,3539.5640778765364,3505.412328753841,51081.0,1764819310.0,101630.0,-0.6879261590430584,13,price_up_oi_down,1.8875970752377582,-0.0027876342461671255,3556.8879764826197,3558.3801461460002,3589.4307000763993,0,1.0,11.529094046131812,0.04298494732094227,4.392218090679401,11.44357478171542,0.030558403783049748,1.8875970752377582,0,1.0,1.0
2019-01-17,3521.6188321884206,3528.3391201900613,3540.469049370098,3517.7799379584835,42024.0,1449355610.0,102704.0,-0.8936101809177619,13,price_up_oi_down,2.051367780410538,0.0017759822962348792,3541.0261978751573,3562.377324165563,3582.499478380024,0,1.0,11.53960634355156,0.010512297419747796,1.0567745744367363,11.44357478171542,0.03157522590231743,2.051367780410538,0,1.0,1.0
2019-01-18,3531.5641904651234,3503.6442193419,3539.375113052514,3498.6835969406698,64108.0,2207148110.0,107704.0,-0.5188175625456048,13,price_up_oi_down,3.066795600694412,-0.006999015686120047,3523.5753697748114,3560.3777880664265,3574.7477937359095,0,1.0,11.587142002659071,0.04753565910751156,4.868359557563506,11.44357478171542,0.03157522590231743,3.066795600694412,0,1.0,1.0
2019-01-21,3500.976030031979,3540.453411632595,3558.671872603419,3499.7305556842944,84613.0,2931936570.0,108643.0,-0.2499793584579331,13,price_up_oi_down,1.8541625186893902,0.01050597320569513,3525.290080435945,3555.2197395863163,3568.9857785512913,0,1.0,11.595822556549699,0.008680553890627607,0.8718339151748911,11.461664364006072,0.04880287475634493,1.8541625186893902,0,1.0,1.0
2019-01-22,3537.863803422328,3450.767750675241,3544.308058415824,3449.7120673651825,133439.0,4553193000.0,119587.0,0.1096003046210033,13,price_up_oi_down,2.648502377662829,-0.02533168793089624,3509.057692653702,3540.6855461410173,3558.9803289139827,0,1.0,11.691799418938693,0.09597686238899428,10.073359535358817,11.480552108872981,0.05379808596870461,2.648502377662829,0,1.0,1.0
2019-01-23,3451.246580385005,3449.1128267912623,3462.342998385459,3437.101049381188,62782.0,2121637940.0,120069.0,-0.648398169347125,13,price_up_oi_down,1.9828081469231669,-0.0004795813579905328,3494.463465726212,3525.6757211044155,3548.5331315452495,0,1.0,11.695821856515025,0.004022437576331583,0.4030538436452069,11.50760157247134,0.06402679075592221,1.9828081469231669,0,1.0,1.0
2019-01-24,3444.9604880353427,3461.4700616719583,3467.805857919192,3426.3627927319,73211.0,2471812530.0,120314.0,-0.4967593090354322,13,price_up_oi_down,1.8255131048296693,0.0035827285163623213,3481.0896540225913,3511.0579259488745,3539.2027676332305,0,1.0,11.697860270918989,0.0020384144039642393,0.2040493382972297,11.534350194841686,0.060413718807302175,1.8255131048296693,0,1.0,1.0
2019-01-25,3457.866311491735,3438.253052845956,3462.1716614196807,3434.760659456523,56302.0,1901756200.0,123737.0,-0.7874282869321897,13,price_up_oi_down,1.3236974829004224,-0.00670726841843261,3468.0114207234024,3495.7933952491067,3530.9648126139923,0,1.0,11.725913624407696,0.028053353488706634,2.8450554382698723,11.563374173105316,0.08282206423233429,1.3236974829004224,0,1.0,1.0
2019-01-28,3441.2258550902247,3441.0423860969104,3455.9131336994,3428.9694793110275,53094.0,1789097810.0,124404.0,-0.8514704066157072,13,price_up_oi_down,0.9215310035939904,0.0008112646765907616,3448.129215616266,3486.7096480261052,3523.0920024902707,0,1.0,11.731289613111112,0.005375988703416823,0.5390465260997068,11.591482279604385,0.10232835812247387,0.9215310035939904,0,1.0,1.0
2019-01-29,3438.26466610651,3456.4546057815937,3466.334019148833,3402.2360979444607,101428.0,3419693270.0,120555.0,-0.1727568931714304,13,price_up_oi_down,0.5448586276206127,0.004478939215324607,3449.2665866375364,3479.162139645619,3517.470621340931,0,0.8,11.699861359314928,-0.03142825379618408,-3.093951962959407,11.643810987744196,0.06938581087431217,0.5448586276206127,0,1.0,1.0
2019-01-30,3450.755940524502,3452.749393549924,3471.591906507339,3447.88989105948,52298.0,1770247780.0,117487.0,-0.8093695597435807,13,price_up_oi_down,-0.38245920184042936,-0.0010719690128352388,3449.9938999892684,3472.2286828577403,3515.3044145018707,0,0.4,11.67408296814761,-0.02577839116731795,-2.5448965202604534,11.693810637726859,0.034790981032545076,-0.38245920184042936,0,1.0,1.0
2019-01-31,3452.401275884594,3427.1139751737246,3454.766752347747,3423.2569323039083,51951.0,1742437050.0,117859.0,-0.8191880280928525,13,price_up_oi_down,-0.43116797090264414,-0.007424639165555691,3443.1226826896223,3462.1061683561065,3512.2417462608346,0,0.4,11.677244273713113,0.0031613055655022038,0.31663077617094526,11.693810637726859,0.025915328130042603,-0.43116797090264414,0,1.0,1.0
2019-02-01,3424.0822708927885,3440.3675443500792,3443.025700416212,3417.2136251489565,48921.0,1637004310.0,112683.0,-0.8343718145746654,13,price_up_oi_down,-2.2849776690629393,0.0038672682823985838,3443.5455809904465,3455.778500856925,3508.0781444616755,0,0.2,11.632333845704052,-0.044910428009060865,-4.391688373395342,11.693810637726859,0.01814701679649744,-2.2849776690629393,0,1.0,1.0
2019-02-11,3399.5938085154794,3477.4711354669007,3487.529165223415,3371.074191064523,93872.0,3159871270.0,114050.0,-0.1947047965468929,13,price_up_oi_down,-1.8367901057920304,0.010784775358596344,3450.831330864444,3449.480273240355,3502.3500064133354,0,0.2,11.644392227712535,0.012058382008483193,1.2131377403868937,11.693810637726859,0.01814701679649744,-1.8367901057920304,0,1.0,1.0
2019-02-12,3467.032662639607,3459.9751434669583,3476.507676474558,3451.8906179678024,53114.0,1798443410.0,120411.0,-0.8184703438462879,13,price_up_oi_down,0.18047106909727484,-0.005031240035754725,3451.5354384015177,3450.4010125195264,3495.5432793302725,0,0.7,11.698666169809838,0.05427394209730352,5.5773783428319845,11.693810637726859,0.01814701679649744,0.18047106909727484,0,1.0,1.0
2019-02-13,3453.754534341242,3465.836223585437,3473.2055185537583,3437.264043775832,52217.0,1769394940.0,122423.0,-0.852074148554816,13,price_up_oi_down,0.5859183906203044,0.0016939659608670166,3454.15280440862,3452.0733521989446,3488.87453665168,0,0.8,11.715237539904505,0.016571370094666804,1.6709436845471881,11.696841063717006,0.021177442786644463,0.5859183906203044,0,1.0,1.0
2019-02-14,3466.835784751905,3484.6259564330026,3495.6731905225583,3456.945973733885,70615.0,2414513290.0,122983.0,-0.5548035479172033,13,price_up_oi_down,0.6428128177236868,0.005421413949020293,3465.655200660475,3454.3889416750485,3482.723433811962,0,0.8,11.719801413420367,0.004563873515861516,0.4574303848131622,11.698263220364414,0.02259959943405221,0.6428128177236868,0,1.0,1.0
2019-02-15,3489.080888737412,3538.741154700222,3544.9075326690427,3482.1877390885884,101450.0,3504530330.0,121590.0,-0.1810886630365031,13,price_up_oi_down,0.2613991242817859,0.015529700732245466,3485.329922730504,3464.437751860475,3480.115573554792,0,0.6,11.708410008290464,-0.011391405129902665,-1.1326768740394066,11.699263764562383,0.023600143632021897,0.2613991242817859,0,1.0,1.0
2019-02-18,3541.150337452317,3534.139872457717,3548.89897438359,3519.494380215788,65326.0,2279575040.0,122626.0,-0.6297489534316922,13,price_up_oi_down,0.5588565511093112,-0.0013002596237912112,3496.663670128667,3473.7475004965554,3480.2285742613303,0,0.8,11.716894351778347,0.00848434348788274,0.8520437535980641,11.699263764562383,0.021278569853627083,0.5588565511093112,0,1.0,1.0
2019-02-19,3539.310150345256,3519.059264658245,3546.125781569802,3506.659729813838,62009.0,2130971690.0,123480.0,-0.688799663833425,13,price_up_oi_down,0.8684037454745053,-0.004267122508930243,3508.4804943669246,3480.007966384221,3479.5850530149196,1,1.0,11.723834478616096,0.006940126837749361,0.69642653270936,11.699263764562383,0.019084118036973408,0.8684037454745053,0,1.0,1.0
2019-02-20,3515.956941279154,3504.2363001773465,3524.94128512258,3500.195834033798,48333.0,1655660470.0,123487.0,-0.9380213301926228,13,price_up_oi_down,0.7509885110307973,-0.004212195182321854,3516.160509685307,3485.156657046963,3478.6926699523515,1,1.0,11.72389116635172,5.668773562383933e-05,0.005668934240388168,11.703538089050152,0.018279856968079322,0.7509885110307973,0,1.0,1.0
2019-02-21,3503.6982796932703,3547.6474427361145,3556.22448600446,3501.775552089984,82559.0,2839894690.0,127480.0,-0.4344463002923396,13,price_up_oi_down,2.4590041685983315,0.012388189277238837,3528.764806945929,3497.2100038032017,3479.6580860796544,1,1.0,11.755714768531274,0.03182360217955349,3.233538753067111,11.711823774097486,0.012039048386422557,2.4590041685983315,0,1.0,1.0
2019-02-22,3552.817982971917,3552.2823062881603,3568.4728285077954,3544.869117133884,56685.0,1964176300.0,127096.0,-0.8074330809481604,13,price_up_oi_down,3.168957688285151,0.0013064611483690758,3531.4730372635167,3508.401479997011,3482.0899904269672,1,0.9,11.752697985399859,-0.0030167831314145133,-0.3012237213681823,11.716065945841425,0.007796876642482964,3.168957688285151,1,2.0,2.0
2019-02-25,3540.878154696219,3548.172903731051,3567.109518276598,3524.8110794439626,59452.0,2055383060.0,125139.0,-0.7442558552016163,13,price_up_oi_down,1.6410087515867586,-0.0011568344525532126,3534.2796435181835,3515.4716568234253,3482.4759650318906,1,0.8,11.737180398470402,-0.015517586929457039,-1.539780952980374,11.718347882599357,0.00774057903062797,1.6410087515867586,1,2.0,2.0
2019-02-26,3552.472885532592,3508.846021137705,3559.1166108776683,3498.987556783024,92090.0,3123460330.0,128680.0,-0.3345623426375499,13,price_up_oi_down,2.9199558764761364,-0.01108369959986788,3532.2369948140754,3520.3587445905005,3485.3798785550134,1,1.0,11.765083981352962,0.02790358288256023,2.829653425390921,11.72181794601823,0.00999417192074592,2.9199558764761364,0,1.0,1.0
2019-02-27,3509.4371786307925,3520.410872553201,3532.0411983275544,3506.210895872493,43039.0,1471116630.0,126594.0,-1.0788784338391786,13,price_up_oi_down,1.5293989333357643,0.003295913056836408,3535.471909289247,3525.8162094872764,3488.9447808431096,1,0.7,11.748740394204184,-0.016343587148778482,-1.6210755362137452,11.723862822483909,0.010971429282948364,1.5293989333357643,0,1.0,1.0
2019-02-28,3527.441952111478,3561.409654633638,3561.5820285797986,3520.94796492194,70900.0,2427421750.0,122884.0,-0.549970387414806,13,price_up_oi_down,-0.48881484819825627,0.01164602188911612,3538.224351668751,3533.49457930734,3493.941760491195,1,0.2,11.718996099935024,-0.029744294269159255,-2.930628623789555,11.73053578241106,0.015923021212918442,-0.48881484819825627,0,1.0,1.0
2019-03-01,3567.2226109881526,3548.775786741472,3575.3404097773728,3541.7637972595794,48370.0,1658587180.0,124056.0,-0.941853289726956,13,price_up_oi_down,-0.08672791953376399,-0.003547434616438583,3537.5230477594137,3534.498042511465,3499.46789718597,1,0.5,11.728488355543984,0.00949225560895961,0.9537449952800481,11.73053578241106,0.015923021212918442,-0.08672791953376399,0,1.0,1.0
2019-03-04,3544.1977567076865,3579.6816868861924,3608.448479787436,3536.485640508372,102509.0,3566801940.0,128094.0,-0.2228137697963529,13,price_up_oi_down,1.2555994467369331,0.0087088906152335,3543.8248043904414,3539.0522239543125,3506.3998622254344,1,0.9,11.760519648380379,0.03203129283639505,3.2549816212034344,11.732834377007194,0.014872147134579627,1.2555994467369331,0,1.0,1.0
2019-03-05,3584.8481517312403,3597.08703382876,3598.598765994954,3574.716206094839,59900.0,2081137790.0,131604.0,-0.7871209084446685,13,price_up_oi_down,1.8779817530602645,0.004862261079338515,3561.4730069286525,3546.8550008713637,3513.4314836277927,1,1.0,11.787552692548209,0.0270330441678297,2.7401751838493027,11.742960396337292,0.016015646418197527,1.8779817530602645,0,1.0,1.0
2019-03-06,3604.393392893616,3646.680077808153,3667.296735087478,3600.3840200921395,124121.0,4403723510.0,133148.0,-0.0702043952267034,13,price_up_oi_down,2.344575982189863,0.013787001402244536,3586.726847979643,3561.0993786344443,3523.128017840704,1,1.0,11.799216570475869,0.011663877927659883,1.1732166195556726,11.750719189802021,0.013951791441280115,2.344575982189863,0,1.0,1.0
2019-03-07,3645.771734953015,3645.601064571615,3674.911813828372,3640.738656044337,71383.0,2527608840.0,129066.0,-0.5922641556734437,13,price_up_oi_down,0.6706721335990319,-0.0002958891960673782,3603.565129967238,3570.8947408179947,3534.052372310599,1,0.8,11.768079180413853,-0.03113739006201577,-3.0657614083576146,11.754206376965566,0.013951791441280115,0.6706721335990319,1,2.0,2.0
2019-03-08,3639.287422360248,3640.876793487024,3643.361841044657,3612.670893088435,52223.0,1833285030.0,124060.0,-0.8652423086709741,13,price_up_oi_down,-1.226277706988982,-0.0012958826270109691,3621.985331316349,3579.754189537881,3544.077834767446,1,0.2,11.728520598527108,-0.03955858188674455,-3.878635736754854,11.756608816890118,0.015449390971725485,-1.226277706988982,0,1.0,1.0
2019-03-11,3673.38648498017,3687.092073632829,3706.334036044318,3668.223746973512,91595.0,3252524170.0,122717.0,-0.2925042063896279,13,price_up_oi_down,-1.1456637876723959,0.012693447970685945,3643.4674086656764,3593.6461065280587,3554.558881675742,1,0.0,11.717636170409188,-0.010884428117920564,-1.0825407061098913,11.754630021292282,0.02177952279352713,-1.1456637876723959,0,1.0,1.0
2019-03-12,3699.04551306446,3688.971043221085,3702.823882820661,3669.819373525163,58417.0,2073779340.0,126119.0,-0.7696189623244724,13,price_up_oi_down,-0.24910681579002936,0.0005096074496464542,3661.8442105441413,3611.6586087363967,3566.0086766634486,1,0.4,11.744981184671014,0.027345014261825895,2.772232046089762,11.754630021292282,0.026125544256736077,-0.24910681579002936,0,1.0,1.0
2019-03-13,3690.5869657381527,3662.829779623323,3703.676365292215,3658.7265662794,87134.0,3089014600.0,128598.0,-0.3892440959808972,13,price_up_oi_down,0.5992007149947205,-0.007086329301987826,3665.074150907175,3625.9004994434094,3575.8583544653425,1,0.7,11.764446538565187,0.01946535389417292,1.9656039137638803,11.746860789437598,0.019795412434934434,0.5992007149947205,0,1.0,1.0
2019-03-14,3667.263279230609,3669.309695014152,3675.848916004937,3648.932683979276,53319.0,1891279990.0,126137.0,-0.8610758774085736,13,price_up_oi_down,-0.21215993957080967,0.0017691008812033004,3669.8158769956826,3636.6905034814604,3585.0925413944,1,0.5,11.745123896836676,-0.01932264172851106,-1.913715609884925,11.752750416525696,0.024245939490150192,-0.21215993957080967,0,1.0,1.0
2019-03-15,3665.041915407088,3692.466950343222,3694.30201918831,3659.8653311736784,51635.0,1833063660.0,124555.0,-0.8805476482993254,13,price_up_oi_down,-0.6928989903110712,0.00631106590990016,3680.133908366922,3651.059619841635,3592.77883117655,1,0.3,11.73250266440483,-0.012621232431845542,-1.2541918707437483,11.752821772608527,0.019779290943372274,-0.6928989903110712,0,1.0,1.0
2019-03-18,3717.264203314776,3732.293894631999,3740.0625918706464,3689.079590640496,106411.0,3801620710.0,124497.0,-0.1569726642064084,13,price_up_oi_down,-0.7881157173402236,0.010785998852359535,3689.1742725667564,3666.3208406162166,3602.6865322852645,1,0.2,11.732036898211035,-0.0004657661937947921,-0.04656577415595997,11.752821772608527,0.017788258004511448,-0.7881157173402236,0,1.0,1.0
2019-03-19,3729.4474335089294,3696.73830342812,3729.9004159707056,3693.6902060956063,64901.0,2328000220.0,125229.0,-0.657281029325193,13,price_up_oi_down,-0.26859520758720973,-0.009526471442942164,3690.7277246081635,3676.2859675761524,3611.5704842237583,1,0.4,11.73789934021916,0.005862442008124802,0.5879659750836375,11.745052540753845,0.017962970019039126,-0.26859520758720973,0,1.0,1.0
2019-03-20,3689.735458621965,3701.8106165286217,3702.5646641602425,3681.929370449541,47588.0,1701079270.0,125201.0,-0.9673398172402682,13,price_up_oi_down,-0.2274911641129916,0.0013721049974777522,3698.523891989223,3681.7990214481993,3621.449200041322,1,0.4,11.737675724836684,-0.0002236153824757281,-0.022359038241959173,11.741440262445087,0.011161514076015067,-0.2274911641129916,0,1.0,1.0
2019-03-21,3705.284895081472,3712.1921766943983,3715.946317796147,3700.529286715465,52033.0,1864976170.0,125369.0,-0.879383256023383,13,price_up_oi_down,0.11411415954596242,0.002804454695608305,3707.100388325272,3688.458132660477,3629.6764367392366,1,0.6,11.739016667688373,0.0013409428516890642,0.1341842317553965,11.737787532527921,0.007265008225923353,0.11411415954596242,0,1.0,1.0
2019-03-22,3716.01012878136,3710.1191467048425,3724.7140099044864,3695.6660585569152,72646.0,2582664750.0,120146.0,-0.5031093399087502,13,price_up_oi_down,-4.3066181956171485,-0.0005584382194894211,3710.630827597596,3695.38236798226,3637.56827876007,1,0.0,11.696462948891748,-0.04255371879662562,-4.166101667876498,11.737787532527921,0.006472143229989236,-4.3066181956171485,0,1.0,1.0
2019-03-25,3709.828623230592,3721.699852495152,3727.165591010352,3707.540611121277,48913.0,1755993760.0,120674.0,-0.9030494849716044,13,price_up_oi_down,-3.8496352986648636,0.003121383797227928,3708.512019170227,3698.8431458684913,3646.2446261982755,1,0.1,11.70084797377383,0.0043850248820813675,0.43946531719756265,11.737787532527921,0.006472143229989236,-3.8496352986648636,0,1.0,1.0
2019-03-26,3726.686609875663,3674.913050017547,3728.640557735217,3662.930087748765,103620.0,3712576320.0,119678.0,-0.1440744414699442,13,price_up_oi_down,-4.713353286129207,-0.01257135296556422,3704.146968488112,3697.4373465481376,3654.5479776422676,1,0.0,11.692560081838723,-0.008287891935106373,-0.8253642043855258,11.737787532527921,0.006472143229989236,-4.713353286129207,0,1.0,1.0
2019-03-27,3680.919833534115,3700.736089030207,3702.586886069807,3678.6153003715153,44310.0,1571034950.0,115107.0,-0.9546517453483262,13,price_up_oi_down,-7.871547960477549,0.007026843536484861,3703.932062988429,3701.2279774888257,3663.564238466118,1,0.0,11.653617409541862,-0.03894267229686044,-3.819415431407458,11.735089194620757,0.006981087641767303,-7.871547960477549,0,1.0,1.0
2019-03-28,3707.431452872766,3709.382991299208,3712.9356274952265,3686.1705724066287,47741.0,1712678120.0,115047.0,-0.8795501730356607,13,price_up_oi_down,-5.44890215034314,0.00233653577585069,3703.3702259093907,3705.235307117332,3670.962905299396,0,0.0,11.653096019504241,-0.0005213900376208613,-0.05212541374551849,11.732269781307933,0.00980050095459184,-5.44890215034314,0,1.0,1.0
2019-03-29,3713.8360576046666,3693.321094199487,3714.612366426792,3679.33417064248,68890.0,2441337600.0,114714.0,-0.5099310446232174,13,price_up_oi_down,-2.0933002632009736,-0.004330072450700273,3700.01061540832,3705.320721502959,3678.1901706722974,0,0.0,11.650197353210459,-0.002898666293782881,-0.2894469216929374,11.716442435992432,0.021345096535489994,-2.0933002632009736,0,1.0,1.0
2019-04-01,3697.82693517386,3769.0796328476586,3771.033328877601,3690.993962956491,78681.0,2850807090.0,112215.0,-0.3550149708421687,13,price_up_oi_down,-1.2148724468274574,0.02051230768078982,3709.486571478822,3708.9992953245246,3687.6600679703706,1,0.0,11.628171952974615,-0.02202540023584376,-2.1784612165908213,11.698655461332788,0.03913207119513462,-1.2148724468274574,0,1.0,1.0
2019-04-02,3773.810116034784,3783.100357973868,3784.891166594693,3765.904914255329,45342.0,1680104270.0,111740.0,-0.9019409887643648,13,price_up_oi_down,-1.125720743378766,0.0037199333768431764,3731.1240330700857,3717.635500779099,3696.9607341776255,1,0.0,11.62393002301314,-0.004241929961475321,-0.42329456846234015,11.694511515365235,0.04228985266622143,-1.125720743378766,0,1.0,1.0
2019-04-03,3781.0825934797904,3810.430008031007,3811.8202451202906,3777.7796023046026,46029.0,1710998170.0,114556.0,-0.9117921537704552,13,price_up_oi_down,-0.6402728974135532,0.007224140908536736,3753.062816870245,3728.4974399293374,3705.148230688768,1,0.2,11.64881906538377,0.024889042370631387,2.520136030069864,11.673088745690293,0.02556671564249502,-0.6402728974135532,0,1.0,1.0
2019-04-04,3815.429633343128,3882.021218972843,3882.8304387076473,3812.175428284958,67386.0,2578280830.0,120741.0,-0.5832104743844287,13,price_up_oi_down,1.1868132813392762,0.018788223583938723,3787.5904624049726,3745.480344157182,3716.9692384088294,1,0.9,11.70140303457552,0.05258396919174935,5.3991061140403085,11.653356714523053,0.027305726529175622,1.1868132813392762,0,1.0,1.0
2019-04-08,3915.80119922026,3929.957786825884,3951.862075763311,3905.285992689869,87453.0,3400603390.0,124274.0,-0.3513872990841503,13,price_up_oi_down,1.8992287332552813,0.012348352868025936,3834.9178009302523,3767.464208169286,3731.4232880757727,1,1.0,11.730244084259809,0.028841049684288578,2.9260980114459434,11.653356714523053,0.027305726529175622,1.8992287332552813,0,1.0,1.0
2019-04-09,3940.041758860683,3960.4450071728047,4012.375613827955,3924.828764533129,97130.0,3938145030.0,126171.0,-0.261587842308379,13,price_up_oi_down,2.2734388587122667,0.007757645756176101,3873.1908757952815,3791.3387236370518,3745.0909347527713,1,1.0,11.745393408704755,0.015149324444946544,1.5264657128603032,11.653356714523053,0.027305726529175622,2.2734388587122667,0,1.0,1.0
2019-04-10,3958.301168141593,3986.4504057816944,3988.5431286839657,3952.681202500373,52851.0,2151959000.0,126053.0,-0.8692258198169321,13,price_up_oi_down,2.2503263071193755,0.006566281961191578,3913.8608853568467,3822.4924592134666,3759.9649028808017,1,0.9,11.744457732412181,-0.0009356762925740725,-0.0935238684009132,11.653356714523053,0.027305726529175622,2.2503263071193755,1,2.0,2.0
2019-04-11,3995.447791685328,3993.797696178582,4027.4019913545326,3963.5580196302576,93133.0,3832774420.0,125791.0,-0.3005932205264348,13,price_up_oi_down,2.1989311612621028,0.0018430657976409304,3950.5344229863613,3851.798619928304,3776.513298708565,1,0.8,11.742377078558851,-0.0020806538533300056,-0.20784907935542662,11.653356714523053,0.027305726529175622,2.1989311612621028,1,2.0,2.0
2019-04-12,3990.2709597100966,4041.938579204204,4042.553076514014,3985.1537926070064,60952.0,2503510900.0,127872.0,-0.740943094415325,13,price_up_oi_down,1.0775703632288722,0.012053911261375339,3982.5178950326335,3885.0541787188035,3795.1447429180675,1,1.0,11.75878504256817,0.016407964009319542,1.6543313909580304,11.67724952703988,0.051036065642596995,1.0775703632288722,0,1.0,1.0
2019-04-15,4075.6367213729136,4078.1066129177625,4089.602249992061,4059.34321779852,87125.0,3558989060.0,122049.0,-0.3370787343613396,13,price_up_oi_down,-0.06780450217765022,0.008948189836343268,4012.1476602510097,3923.5327305906308,3814.4267260467946,1,0.5,11.712177882424164,-0.04660716014400634,-4.553772522522559,11.715823559417665,0.036265666218798565,-0.06780450217765022,0,1.0,1.0
2019-04-16,4083.96547333366,4066.974357710757,4091.667273235165,4057.0129521454014,65897.0,2709170470.0,121752.0,-0.6138932719807495,13,price_up_oi_down,-0.32621618502495225,-0.002729760710949325,4033.4535303586003,3953.3222030769407,3831.1607492007324,1,0.4,11.709741467914636,-0.002436414509528362,-0.2433448860702736,11.721210983341987,0.023714587216481675,-0.32621618502495225,0,1.0,1.0
2019-04-17,4062.488565727565,4068.245664575247,4086.430439617107,4059.148009163841,48489.0,2000948880.0,122883.0,-0.9298957150680623,13,price_up_oi_down,-0.06752133437298458,0.0003125927907756676,4049.8125821173103,3981.8367337370787,3849.7361172580886,1,0.5,11.718987962145981,0.009246494231344826,0.9289375123201049,11.721210983341987,0.022206422143529636,-0.06752133437298458,0,1.0,1.0
2019-04-18,4066.6294167713695,4108.988087741393,4116.22649770965,4057.18363772018,90879.0,3814753250.0,133392.0,-0.3837632102770824,13,price_up_oi_down,2.7419412054526795,0.010014740142395118,4072.850660429873,4011.692541708117,3870.094990818727,1,1.0,11.801047440650395,0.08205947850441397,8.55203730377676,11.724616023202895,0.018801382282621404,2.7419412054526795,0,1.0,1.0
2019-04-19,4115.708651911469,4159.174486204956,4169.460988024356,4109.472104567004,136695.0,5747946420.0,142080.0,-0.0386381126276601,13,price_up_oi_down,4.333157592623184,0.012213809675741594,4096.297841830024,4039.407868431329,3892.4441062942547,1,1.0,11.864145558225998,0.06309811757560269,6.513134220942818,11.736310581409331,0.01989854021109494,4.333157592623184,0,1.0,1.0
2019-04-22,4174.902674591383,4122.063769596778,4188.540428782687,4113.524572055487,102720.0,4294235050.0,131144.0,-0.2442891161825041,13,price_up_oi_down,1.3773443835417016,-0.008922615949695345,4105.089273165826,4058.6184667084176,3913.0413374388527,1,0.8,11.784051235106292,-0.08009432311970599,-7.697072072072187,11.743417405485516,0.01989854021109494,1.3773443835417016,1,2.0,2.0
2019-04-23,4125.707128858403,4159.448597305058,4162.410617774832,4122.076938388045,61887.0,2595185750.0,135810.0,-0.7859467086369963,13,price_up_oi_down,1.7030057638175695,0.009069444287596928,4123.584121084687,4078.518825721643,3934.9287746793475,1,0.9,11.819012129098114,0.03496089399182267,3.5579210638688297,11.744925570558468,0.02934264827339561,1.7030057638175695,0,1.0,1.0
2019-04-24,4157.226254786528,4145.499970352362,4168.460309485531,4137.8596936907925,65720.0,2768004250.0,134918.0,-0.7192638933153417,13,price_up_oi_down,1.1379442777908528,-0.0033534798246415143,4139.0349822401095,4094.423782178709,3958.458120696088,1,0.8,11.812422465466547,-0.006589663631567433,-0.6567999410941217,11.751621387490175,0.036038465205102455,1.1379442777908528,1,2.0,2.0
2019-04-25,4162.8560812502765,4142.728107323271,4166.200069230656,4132.1730259357455,53419.0,2241385480.0,132236.0,-0.90642171709549,13,price_up_oi_down,0.31860541935159964,-0.0006686438424592378,4145.782986156484,4109.3168232931785,3980.5577216107413,1,0.6,11.792343484003547,-0.02007898146299958,-1.9878741161298508,11.77141813883723,0.04429915844510024,0.31860541935159964,0,1.0,1.0
2019-04-26,4131.198511185006,4100.68569676153,4135.513097037485,4072.767295990991,94364.0,3927976420.0,122280.0,-0.259153852538048,13,price_up_oi_down,-1.6603507656537817,-0.010148484156471738,4134.0852282678,4115.191535048912,4000.1228568838574,1,0.2,11.71406877600477,-0.07827470799877645,-7.528963368522968,11.78819735955492,0.03011354326497173,-1.6603507656537817,0,1.0,1.0
2019-04-29,4094.738280680732,4082.514903447756,4102.371740463435,4082.008412224092,52428.0,2166653300.0,119469.0,-0.8236161237346342,13,price_up_oi_down,-1.3133903647856857,-0.004431159727292577,4126.175455037996,4115.632364101911,4019.5825473462705,1,0.0,11.69081220247407,-0.02325657353070021,-2.2988223748773073,11.78819735955492,0.05001208347606667,-1.3133903647856857,0,1.0,1.0
2019-04-30,4076.039212236965,4172.90157055604,4174.711160466408,4074.434542956709,96646.0,4054632240.0,126070.0,-0.2657824898912196,13,price_up_oi_down,-0.5880781995230663,0.022139947862027443,4128.866049688191,4126.225085386439,4039.77364423169,1,0.4,11.744592587225315,0.053780384751243915,5.525282709321999,11.78819735955492,0.05001208347606667,-0.5880781995230663,0,1.0,1.0
2019-05-06,4183.749719362775,4202.819072744906,4222.591185976654,4161.127965924951,101750.0,4346500650.0,128875.0,-0.2363241180144195,13,price_up_oi_down,-0.3915213339325705,0.007169472292364754,4140.3298701667,4139.682426203404,4060.759579970242,1,0.4,11.766598221319262,0.02200563409394718,2.2249543904181435,11.78819735955492,0.03720977093639988,-0.3915213339325705,0,1.0,1.0
2019-05-07,4197.099200407514,4244.1589599229565,4247.48309533424,4192.762368983256,84088.0,3590176340.0,134990.0,-0.4733368320996824,13,price_up_oi_down,0.6068131868330591,0.00983622812748175,4160.6160406866375,4153.199513421561,4082.4460275648394,1,0.8,11.812955980602872,0.04635775928361063,4.7449078564499425,11.78819735955492,0.027519937727411126,0.6068131868330591,0,1.0,1.0
2019-05-08,4248.159381729716,4233.273353078312,4253.72505590459,4221.458292203161,79033.0,3380356640.0,136406.0,-0.545770245947037,13,price_up_oi_down,0.8542863016581601,-0.002564844283033718,4187.133571949994,4160.609400108897,4100.008634270112,1,0.9,11.823391011693838,0.010435031090965552,1.048966590117817,11.78819735955492,0.02778669529557387,0.8542863016581601,0,1.0,1.0
2019-05-09,4253.934519361228,4241.187662945625,4283.228765050792,4232.122798357442,110242.0,4735523870.0,138850.0,-0.230716264416905,13,price_up_oi_down,1.285353445010931,0.0018695485047186544,4218.868123849568,4172.521789443782,4115.5701280761,1,1.0,11.841149492734946,0.017758481041108,1.7917100420802967,11.78819735955492,0.02778669529557387,1.285353445010931,0,1.0,1.0
2019-05-10,4242.033115648391,4213.452332685365,4242.034440274327,4193.05251995111,94873.0,4034368650.0,144040.0,-0.417551883655981,13,price_up_oi_down,1.7924573599756366,-0.006539519696941887,4226.978276275432,4177.922162981812,4128.220494351728,1,1.0,11.877846317762812,0.03669682502786564,3.7378465970471453,11.802382974735046,0.028396395187288093,1.7924573599756366,0,1.0,1.0
2019-05-13,4212.03757460475,4230.9031661952295,4247.729475083144,4206.846159147611,76741.0,3285261920.0,149896.0,-0.6695056045484952,13,price_up_oi_down,2.0865705577958575,0.004141694774731697,4232.595094965497,4186.462482566099,4140.443132372405,1,1.0,11.917696999278348,0.039850681515536834,4.065537350735893,11.802382974735046,0.03727563570784209,2.0865705577958575,0,1.0,1.0
2019-05-14,4221.756795795133,4240.919445520226,4257.336018957346,4206.401148746578,101004.0,4330231320.0,149762.0,-0.3938872473235241,13,price_up_oi_down,1.5948126188652005,0.002367409257916009,4231.947192084952,4196.281616385795,4152.799219839487,1,0.9,11.9168026463231,-0.000894352955247868,-0.08939531408441725,11.802649732303209,0.04827845275481568,1.5948126188652005,1,2.0,2.0
2019-05-15,4254.991363847738,4264.743091476171,4274.1682077650985,4228.963659961065,96067.0,4138201520.0,155822.0,-0.483668465439226,13,price_up_oi_down,1.4000275999369294,0.005617566252315909,4238.241139764524,4212.687355857258,4163.939445453085,1,1.0,11.956469609125286,0.03966696280218507,4.046420320241451,11.818173496148354,0.0666268652687485,1.4000275999369294,0,1.0,1.0
2019-05-16,4269.455657414264,4306.41818719914,4354.468575564561,4259.068173334261,173158.0,7523135110.0,165567.0,0.0448285257646605,13,price_up_oi_down,1.6602309606838155,0.009772006151147705,4251.287244615227,4235.077684232397,4175.355024167154,1,1.0,12.017131225713005,0.06066161658771918,6.253930767157434,11.832270252214393,0.0751022125019194,1.6602309606838155,0,1.0,1.0
2019-05-17,4310.398314142005,4247.681452163231,4332.8400441032345,4232.12123207582,116585.0,5044591460.0,161194.0,-0.3239879878351863,13,price_up_oi_down,1.528397662125554,-0.013639347709078598,4258.1330685108,4242.555672393117,4184.390378889778,1,0.9,11.99036388751828,-0.0267673381947251,-2.6412268145222684,11.85949790524888,0.057751917551844834,1.528397662125554,1,2.0,2.0
2019-05-20,4239.525474655175,4200.985009191583,4256.824906447988,4187.356874535123,117063.0,5003035690.0,158297.0,-0.3017607639313835,13,price_up_oi_down,0.7592795567837172,-0.01099339569069302,4252.14943711007,4242.372266037784,4191.027346120594,1,0.8,11.972228294331343,-0.018135593186936916,-1.79721329578032,11.897324482042956,0.06653929871572384,0.7592795567837172,1,2.0,2.0
2019-05-21,4206.171625046613,4239.554617117116,4246.011976446524,4203.293485763589,97231.0,4162999190.0,163392.0,-0.5190626309588476,13,price_up_oi_down,0.9126184026871157,0.009181086778730307,4251.876471429448,4241.9118317572,4197.555672589381,1,0.9,12.003907500601155,0.031679206269812354,3.2186333284901503,11.917249822800724,0.06404626812408765,0.9126184026871157,0,1.0,1.0
2019-05-22,4226.972406153997,4207.425474617912,4233.596257834025,4164.941158592567,130744.0,5567452310.0,156705.0,-0.1811238441668241,13,price_up_oi_down,0.30017083711342746,-0.007578424009324847,4240.412948057797,4239.32704391116,4199.9682220100285,1,0.6,11.962120335939717,-0.041787164661437615,-4.092611633372501,11.937083304201817,0.05625878487773406,0.30017083711342746,0,1.0,1.0
2019-05-23,4202.008294884081,4191.408615165085,4224.051314017228,4184.777827343554,72281.0,3082176530.0,156979.0,-0.7755507377260293,13,price_up_oi_down,0.07334982505504581,-0.0038068076426907016,4217.411033650986,4234.349139133106,4203.435464288444,0,0.6,11.963867317422268,0.0017469814825510355,0.17485083437045468,11.9592949725325,0.0420451497317762,0.07334982505504581,0,1.0,1.0
2019-05-24,4191.652304047688,4269.44339848329,4282.099600571444,4176.31289609989,156377.0,6745452740.0,167204.0,-0.066944865335944,13,price_up_oi_down,1.2638814299355339,0.0186177942746657,4221.763422914997,4239.948245712898,4208.9352043473555,0,1.0,12.026969902791553,0.06310258536928437,6.513610100713985,11.962993826680993,0.03414186737872438,1.2638814299355339,0,1.0,1.0
2019-05-27,4251.880331634015,4252.748210265512,4284.537654993151,4239.549207027286,91421.0,3948454060.0,167902.0,-0.6079052644955829,13,price_up_oi_down,1.4628851137679124,-0.003910389870424136,4232.1160631297835,4242.132750119927,4214.297616343013,0,1.0,12.03113575484698,0.004165852055427521,0.41745412789180314,11.968047805876806,0.029087888182911747,1.4628851137679124,0,1.0,1.0
2019-05-28,4244.784707219674,4280.584653222421,4287.122103782007,4231.654888639451,108746.0,4689349000.0,169143.0,-0.4417296232997375,13,price_up_oi_down,1.6266897709408137,0.006545518704755615,4240.322070350844,4246.099270890146,4221.190443637971,0,1.0,12.038499789965012,0.007364035118031964,0.739121630474826,11.981296090924811,0.02371894573793476,1.6266897709408137,0,1.0,1.0
2019-05-29,4287.461336305508,4344.804529114874,4466.949707670844,4282.835472517159,341395.0,15179511820.0,165242.0,0.7256290986138665,13,price_up_oi_down,0.3854519558917019,0.01500259452738728,4267.797881250236,4254.105414654016,4233.396385255638,1,0.6,12.015166345044328,-0.023333444920684343,-2.3063325115434186,11.997135694059718,0.031551292684642185,0.3854519558917019,0,1.0,1.0
2019-05-30,4327.815664677058,4326.939331407346,4359.729019266686,4300.480114284266,123142.0,5400876500.0,155072.0,-0.23055136416675,13,price_up_oi_down,-1.9154236305894004,-0.0041118530391440755,4294.904024498688,4256.157529074837,4245.617606653617,1,0.0,11.951644804176198,-0.06352154086813044,-6.1546096028855075,12.009536922822742,0.020385933664350375,-1.9154236305894004,0,1.0,1.0
2019-05-31,4348.189069072926,4394.6980156664295,4413.579256268469,4342.723202291899,168647.0,7470451210.0,165194.0,0.0206872322157276,13,price_up_oi_down,0.37924122478878225,0.01565972597934362,4319.954947935317,4270.859185425156,4256.707428909137,1,0.6,12.01487581979685,0.06323101562065325,6.527290548906306,11.997135694059718,0.031551292684642185,0.37924122478878225,0,1.0,1.0
2019-06-03,4403.335799644803,4403.508904117504,4431.231277702038,4379.462896740731,142102.0,6328251930.0,173066.0,-0.1971279150348638,13,price_up_oi_down,1.380401173900478,0.0020048905339264955,4350.107086705715,4291.11157491775,4266.741920477766,1,1.0,12.061428303616365,0.04655248381951438,4.765306245989587,12.009391660199004,0.025426112206992535,1.380401173900478,0,1.0,1.0
2019-06-04,4401.927040160479,4360.040445894908,4435.989245596846,4351.324728040266,164898.0,7343761160.0,163626.0,0.0077437651823243,13,price_up_oi_down,-0.32989024889847496,-0.009871322885699474,4365.998245240213,4303.160157795528,4272.5359947763645,1,0.4,12.005338614729048,-0.056089688887317024,-5.45456646597261,12.015021082420589,0.019796689985407845,-0.32989024889847496,0,1.0,1.0
2019-06-05,4357.658998638559,4345.648292603781,4367.693042850854,4334.176815023816,93542.0,4133345130.0,160244.0,-0.5382871203057217,13,price_up_oi_down,-1.0414839356156844,-0.0033009219684367874,4366.166997937993,4316.982439594115,4278.154741752637,1,0.3,11.984452932584306,-0.02088568214474229,-2.0669086819942506,12.015021082420589,0.019796689985407845,-1.0414839356156844,0,1.0,1.0
2019-06-06,4332.579596071293,4327.53381107905,4344.474060048018,4283.331925376198,143424.0,6292985430.0,157685.0,-0.0947940939552419,13,price_up_oi_down,-1.5899666416421516,-0.0041684186811807855,4366.285893872335,4330.5949591855115,4282.472049159309,1,0.2,11.96835465111584,-0.016098281468465814,-1.5969396670078462,12.015021082420589,0.019796689985407845,-1.5899666416421516,0,1.0,1.0
2019-06-10,4338.9355138048495,4312.298927460812,4400.045145421263,4307.059090505712,107704.0,4749646880.0,157570.0,-0.3804830802970205,13,price_up_oi_down,-1.614823674939362,-0.0035204539775599564,4349.806076231211,4334.880512083264,4287.414378898081,1,0.1,11.967625082956092,-0.0007295681597483394,-0.07293020896078639,12.015021082420589,0.019796689985407845,-1.614823674939362,0,1.0,1.0
2019-06-11,4325.395044782917,4366.382099772395,4370.911427337147,4310.462368884944,103962.0,4578482600.0,155093.0,-0.3999994892344495,13,price_up_oi_down,-1.455811690204776,0.012541610222607913,4342.380715362189,4346.243901033953,4294.188325576939,0,0.1,11.95178021597335,-0.015844866982741124,-1.5719997461446922,12.010107217262949,0.027023428690353235,-1.455811690204776,0,1.0,1.0
2019-06-12,4363.835195278776,4364.3251595650745,4393.261823003227,4342.546259590793,111049.0,4915786540.0,158556.0,-0.3561362978729125,13,price_up_oi_down,-0.52725705373737,-0.00047108570901932545,4343.237658096223,4354.617951668218,4300.358611279182,0,0.4,11.973863122202218,0.022082906228867216,2.23285383608558,11.994895773656676,0.02690590662071024,-0.52725705373737,0,1.0,1.0
2019-06-13,4376.114680598553,4424.461939971253,4429.117884630499,4370.973588897878,112752.0,5028747990.0,164188.0,-0.375821396155275,13,price_up_oi_down,0.7457744479762436,0.013779170480544778,4359.000387569717,4362.583692753856,4308.344553703936,0,0.7,12.00876739172208,0.034904269519861586,3.5520573172885372,11.979158027393261,0.026779199377848784,0.7457744479762436,0,1.0,1.0
2019-06-14,4437.331599872103,4418.21585351491,4447.326771536825,4405.003211685923,96399.0,4313724810.0,161327.0,-0.5149375329609182,13,price_up_oi_down,0.30301641811804136,-0.0014117166202549658,4377.136796056889,4371.711344964611,4313.934437019724,1,0.6,11.991188640061766,-0.017578751660312975,-1.742514678295759,11.979158027393261,0.026779199377848784,0.30301641811804136,0,1.0,1.0
2019-06-17,4381.228400783899,4411.703016517533,4412.553362408201,4374.105793245908,74600.0,3301807310.0,159588.0,-0.7604549870093114,13,price_up_oi_down,-0.254070663632117,-0.001474087553281489,4397.017613868234,4373.411845049722,4322.13551523744,1,0.4,11.980350773201163,-0.010837866860603285,-1.0779348776087883,11.987820786323036,0.01983091928707026,-0.254070663632117,0,1.0,1.0
2019-06-18,4416.418486953914,4377.3034829410935,4420.827726681996,4360.599162761874,89650.0,3980795930.0,154582.0,-0.5448114998282677,13,price_up_oi_down,-1.5875668214278513,-0.00779733664021498,4399.201890501973,4370.791302932081,4330.951438924914,1,0.0,11.948479978861547,-0.03187079433961593,-3.1368273303756244,11.982401852892735,0.014411985856769505,-1.5875668214278513,0,1.0,1.0
2019-06-19,4377.284259545526,4411.916147052834,4414.260466507176,4365.282797444223,79983.0,3558162180.0,157168.0,-0.6755011848399562,13,price_up_oi_down,-0.6890658749958993,0.007907302805626903,4408.720087999524,4375.978873047874,4339.569515421701,1,0.2,11.96507057591465,0.01659059705310284,1.672898526348332,11.97710694770169,0.011781778552837352,-0.6890658749958993,0,1.0,1.0
2019-06-20,4409.728861398412,4447.317998351811,4449.951893015271,4397.796964743447,83185.0,3725488320.0,166243.0,-0.6923835302746479,13,price_up_oi_down,2.992122684824499,0.008024144185656334,4413.291299675637,4386.145843622677,4351.564141608395,1,1.0,12.02120585236849,0.05613527645384053,5.774076147816376,11.971108886659028,0.011292966233706458,2.992122684824499,0,1.0,1.0
2019-06-21,4439.488352095059,4340.282569111074,4444.894495357676,4332.504846437624,134157.0,5933053110.0,151025.0,-0.118434630119441,13,price_up_oi_down,-2.1675930952253255,-0.024067410803636058,4397.704642794869,4387.420719425879,4359.007839305696,1,0.0,11.925200665006942,-0.0960051873615484,-9.15406964503761,11.971108886659028,0.014285278613906272,-2.1675930952253255,0,1.0,1.0
2019-06-24,4340.998390803076,4266.444494069123,4360.166498662428,4260.386593204775,161258.0,7036543760.0,152254.0,0.0574553880254431,13,price_up_oi_down,-1.2815544153686493,-0.017012273709422043,4368.6529383051875,4382.83527608671,4358.857894084987,0,0.1,11.933305457805021,0.008104792798079075,0.8137725542127772,11.970744102579154,0.019704212044207914,-1.2815544153686493,0,1.0,1.0
2019-06-25,4260.509601512526,4252.45814983663,4279.019657573502,4244.860012606889,99770.0,4289028530.0,154862.0,-0.4396668608406343,13,price_up_oi_down,-0.6057237643252117,-0.0032782201319941917,4343.683871684294,4371.442881093133,4358.843391063542,0,0.3,11.950289676748188,0.016984218943166596,1.7129270823756482,11.969466849058435,0.021354330600109606,-0.6057237643252117,0,1.0,1.0
2019-06-26,4267.280438230893,4287.7003267889095,4293.940670624097,4265.894873392114,72874.0,3149477980.0,154228.0,-0.7497001045561409,13,price_up_oi_down,-0.7352998780194282,0.008287483547282815,4318.84070763151,4363.780397815517,4359.199174741867,0,0.2,11.946187305987856,-0.0041023707603322634,-0.4093967532384113,11.969466849058435,0.021354330600109606,-0.7352998780194282,0,1.0,1.0
2019-06-27,4295.3056963466615,4223.91529183603,4314.09108632364,4212.31494430815,155649.0,6721419650.0,150564.0,0.0332152292306802,13,price_up_oi_down,-1.0189797252915036,-0.014876281011142578,4274.160166328353,4343.725733001995,4353.154712877925,0,0.0,11.9221435219477,-0.02404378404015617,-2.3757035039033814,11.957680126331418,0.023522657698070937,-1.0189797252915036,0,1.0,1.0
2019-06-28,4208.840662265758,4284.664601051924,4290.360738865264,4202.56288596678,105372.0,4544003660.0,142976.0,-0.305179837840822,13,price_up_oi_down,-2.6452179727616274,0.01438222715623838,4263.036572716524,4330.370607755696,4351.040976360154,0,0.0,11.870432062988819,-0.05171145895888074,-5.039717329507587,11.949384827804867,0.02013176639888492,-2.6452179727616274,0,1.0,1.0
2019-07-01,4287.443479726881,4344.444977168951,4360.984308904123,4274.716638066888,127281.0,5580512150.0,140160.0,-0.0963873864955103,13,price_up_oi_down,-3.2749749969485418,0.01395217168278462,4278.636669336489,4323.644803820838,4348.5283244352795,0,0.0,11.85053990617022,-0.01989215681859946,-1.969561324977609,11.947333642424702,0.01993495545385393,-3.2749749969485418,0,1.0,1.0
2019-07-02,4334.829365672439,4377.81627048411,4385.388692115965,4328.4383500224185,91007.0,4049789850.0,143831.0,-0.4577025726087203,13,price_up_oi_down,-2.658307938929709,0.007681370920919139,4303.708293465985,4323.696082575139,4347.24369275361,0,0.2,11.876394278226202,0.025854372055983177,2.619149543378918,11.939746381896438,0.016074288419116733,-2.658307938929709,0,1.0,1.0
2019-07-03,4384.271297110532,4362.740928941676,4392.14534589845,4350.134921761466,77908.0,3469745020.0,147006.0,-0.63494475890465,13,price_up_oi_down,-0.7361174213762077,-0.003443575657588349,4318.716413896538,4318.7785607640235,4347.378716905949,0,0.3,11.89822868125444,0.02183440302823847,2.2074518010721356,11.929253061405982,0.02842706492543723,-0.7361174213762077,0,1.0,1.0
2019-07-04,4365.921410811432,4367.655688089728,4383.412013725464,4342.498333443556,91638.0,4086543600.0,151659.0,-0.5037885467382611,13,price_up_oi_down,0.14815620257641837,0.0011265301396761185,4347.464493147278,4310.812329737815,4348.479086680246,0,0.6,11.929389858536762,0.031161177282321262,3.1651769315538036,11.923672093477322,0.026030497746873493,0.14815620257641837,0,1.0,1.0
2019-07-05,4373.897612374267,4434.829171073465,4435.957596913915,4366.957706754701,134053.0,6007926220.0,163573.0,-0.1990241297331693,13,price_up_oi_down,2.2880057531453097,0.015379756963653124,4377.497407151585,4320.266989934054,4353.843854679967,0,1.0,12.005014652855916,0.07562479431915392,7.855781720834143,11.923672093477322,0.02397931236670736,2.2880057531453097,0,1.0,1.0
2019-07-08,4451.814519495448,4450.8532409458985,4485.188488978322,4425.8721866064725,172830.0,7862449700.0,173761.0,-0.0053723393810655,13,price_up_oi_down,3.6190512938022676,0.0036132327208795445,4398.779059906976,4338.707864621732,4360.771570354222,0,1.0,12.065436070775604,0.060421417919688025,6.228411779450216,11.92576669024223,0.026030497746873493,3.6190512938022676,0,1.0,1.0
2019-07-09,4472.703733221717,4549.870369060895,4566.345601421934,4459.70767801751,215359.0,9916599650.0,183845.0,0.1582133917640698,13,price_up_oi_down,3.439201751792909,0.022246774439580008,4433.189879622333,4368.4490865441585,4369.945983818647,0,1.0,12.121848290275834,0.056412219500229455,5.803373599369199,11.92576669024223,0.03845521050190914,3.439201751792909,0,1.0,1.0
2019-07-10,4546.54850762551,4519.276657176545,4547.870077236926,4501.235822072635,138864.0,6401902220.0,173865.0,-0.224784099106929,13,price_up_oi_down,1.8071236634080798,-0.0067240842931235445,4464.4970252693065,4391.606719582922,4377.6935586992195,1,0.9,12.066034414990956,-0.05581387528487802,-5.428485952840633,11.92576669024223,0.052353519634720236,1.8071236634080798,1,2.0,2.0
2019-07-11,4537.297058602966,4512.8619955246095,4560.177485620378,4477.099472323867,154381.0,7112760910.0,176074.0,-0.1314807881936384,13,price_up_oi_down,1.579714570903205,-0.0014194000807074003,4493.538286756282,4420.501389951781,4382.113561476887,1,0.9,12.078659640199499,0.012625225208543256,1.2705259828026394,11.92576669024223,0.06528070566271182,1.579714570903205,0,1.0,1.0
2019-07-12,4522.19078525959,4445.608868012927,4541.969050229249,4432.143077441197,183612.0,8463080660.0,166486.0,0.097913613726527,13,price_up_oi_down,0.3836856607904771,-0.014902544677496743,4495.6942261441745,4436.59581664788,4383.483212201789,1,0.6,12.022666500783286,-0.055993139416212756,-5.445437713688561,11.967202255696339,0.0975020038933927,0.3836856607904771,0,1.0,1.0
2019-07-15,4432.049596585663,4513.66867847212,4520.482409668948,4429.708996199633,141813.0,6470763050.0,170825.0,-0.1861303523507141,13,price_up_oi_down,0.3122746570454737,0.015309446350284528,4508.257313649419,4453.518186778198,4388.581495299518,1,0.6,12.04839491964898,0.025728418865693214,2.6062251480605925,12.0138405768196,0.07463489083136832,0.3122746570454737,0,1.0,1.0
2019-07-16,4513.296164436417,4536.661085603157,4558.6079449018,4495.08915655623,152575.0,6993807430.0,173802.0,-0.1302604418143844,13,price_up_oi_down,0.5521087490008625,0.005093951011667874,4505.615456957871,4469.402668290102,4396.549375432621,1,0.7,12.06567199922708,0.01727707957810054,1.742719157031991,12.035530710216133,0.036822493671791356,0.5521087490008625,0,1.0,1.0
2019-07-17,4539.062776745359,4512.612359486253,4544.874425909082,4498.604463659077,110098.0,5029528930.0,174716.0,-0.4617909202622058,13,price_up_oi_down,0.337324821285375,-0.005300974805726888,4504.282597419813,4484.389811344559,4401.584186054291,1,0.8,12.070917077503717,0.005245078276637116,0.5258857780693127,12.05691549521229,0.027996569708106378,0.337324821285375,0,1.0,1.0
2019-07-18,4516.447145811141,4641.400916968963,4648.37443810469,4504.87944068018,238771.0,11096656420.0,198480.0,0.1848165942243891,13,price_up_oi_down,5.923252841956912,0.028539689923060996,4529.990381708684,4511.764334232483,4411.28833198515,1,1.0,12.198443618365683,0.12752654086196635,13.60150186588529,12.065554035001341,0.01513236027525977,5.923252841956912,0,1.0,1.0
2019-07-19,4633.186691525458,4620.557341931373,4742.869361256742,4592.482348157186,380938.0,18021763370.0,182057.0,0.7383168073687713,13,price_up_oi_down,2.060236583164239,-0.004490793924176284,4564.980076492373,4530.337151318274,4425.302070626165,1,0.8,12.112075103839366,-0.08636851452631689,-8.274385328496647,12.065853207109019,0.01513236027525977,2.060236583164239,1,2.0,2.0
2019-07-22,4580.045406772423,4577.766906948061,4614.711999403306,4558.360280326116,167452.0,7841358850.0,182425.0,-0.0856423866189576,13,price_up_oi_down,2.0333487756236117,-0.009260881711171676,4577.799722187561,4543.02851791849,4440.868191270112,1,0.8,12.114094408633822,0.0020193047944552234,0.20213449633914582,12.068475746247337,0.01513236027525977,2.0333487756236117,0,1.0,1.0
2019-07-23,4559.2166538165,4577.236477638864,4613.612681802909,4554.286511045816,128970.0,6022499320.0,184047.0,-0.3556113405973847,13,price_up_oi_down,1.0201660155921164,-0.00011587075532215607,4585.914800594703,4545.765128776287,4457.107107660223,1,0.9,12.122946438755822,0.008852030122000087,0.8891325202137201,12.074788358851608,0.03184009209519356,1.0201660155921164,0,1.0,1.0
2019-07-24,4584.364405813468,4575.212957657319,4603.470110156197,4521.311047402285,161468.0,7496600700.0,183243.0,-0.1265061602406586,13,price_up_oi_down,0.9274234036644114,-0.0004420833381518774,4598.434920228916,4551.3587588243645,4471.482739203644,1,0.8,12.118568419837844,-0.0043780189179774,-0.4368449363478022,12.074788358851608,0.03184009209519356,0.9274234036644114,1,2.0,2.0
2019-07-25,4594.777424197918,4563.640425005113,4601.160019365297,4551.88375482759,107931.0,5048727140.0,185786.0,-0.5431033396434044,13,price_up_oi_down,0.958879675312899,-0.0025293975951081737,4582.882821836147,4556.436601772415,4488.4689958620975,1,0.9,12.132350752684397,0.013782332846552947,1.387774703535749,12.095367372019432,0.02601468062605239,0.958879675312899,0,1.0,1.0
2019-07-26,4537.082846717308,4428.678808969215,4539.562175702273,4417.536909957027,258540.0,11829262730.0,178165.0,0.3723403336395158,13,price_up_oi_down,-0.4966842540524532,-0.02957323615953944,4544.507115243714,4554.7435958680435,4495.669706257962,0,0.4,12.090465366198423,-0.04188538648597451,-4.102031369425029,12.113084756236594,0.030716837590340162,-0.4966842540524532,0,1.0,1.0
2019-07-29,4288.298973549151,4316.360179542386,4352.765305603724,4270.313394619593,215929.0,9436013310.0,164418.0,0.2725376842658718,13,price_up_oi_down,-3.3146123919146753,-0.025361656212086525,4492.22576976258,4535.012745975071,4494.265466376634,0,0.0,12.010167244661822,-0.08029812153660032,-7.715881345943387,12.113084756236594,0.020942693242987254,-3.3146123919146753,0,1.0,1.0
2019-07-30,4322.406319222999,4304.891536795876,4353.124288481421,4286.068744970644,168653.0,7412031230.0,163945.0,0.0283123439456168,13,price_up_oi_down,-3.407398016318789,-0.002657017086031388,4437.756781593982,4511.835791094343,4490.619229692222,0,0.0,12.007286284704973,-0.0028809599568493383,-0.28768139741386367,12.113084756236594,0.020942693242987254,-3.407398016318789,0,1.0,1.0
2019-07-31,4325.679301694007,4328.51660551322,4354.29241820215,4311.057173930408,98909.0,4366435100.0,159435.0,-0.4774360801542067,13,price_up_oi_down,-4.305788231522897,0.005487959107775442,4388.417511165162,4493.426215697039,4488.9080135208,0,0.0,11.979391594635791,-0.027894690069182104,-2.750922565494607,12.113084756236594,0.020942693242987254,-4.305788231522897,0,1.0,1.0
2019-08-01,4333.725682180968,4262.200195509586,4352.07344580052,4261.924041372351,159890.0,6978990560.0,158560.0,0.0083530082156511,13,price_up_oi_down,-4.483028470158697,-0.015320816817282812,4328.129465266056,4455.506143551102,4483.635238891792,0,0.0,11.973888349563815,-0.005503245071976082,-0.5488129958916677,12.113084756236594,0.020942693242987254,-4.483028470158697,0,1.0,1.0
2019-08-02,4262.272795950744,4280.339355852318,4301.688668614874,4231.119665984364,108029.0,4699960260.0,159125.0,-0.3872903472794775,13,price_up_oi_down,-3.1661842530650777,0.004255820822739009,4298.461574642677,4421.4843449431955,4475.910748130735,0,0.1,11.977445335859707,0.003556986295892628,0.35633198789100096,12.101270235018895,0.02637836070121491,-3.1661842530650777,0,1.0,1.0
2019-08-05,4267.356960540193,4165.713679664678,4289.996101829754,4161.354509081672,181611.0,7793596480.0,157460.0,0.1426955792636453,13,price_up_oi_down,-0.8082594704551678,-0.02677957672466247,4268.332274667135,4380.279022214858,4461.653770066674,0,0.0,11.966926736738458,-0.01051859912124975,-1.0463472113118932,12.050316305430123,0.06958841260102666,-0.8082594704551678,0,1.0,1.0
2019-08-06,4181.603942572531,4277.668275158087,4279.362752376282,4181.173357420471,146017.0,6237417140.0,150866.0,-0.0326689723225349,13,price_up_oi_down,-1.4887584348490304,0.02687524974170108,4262.887622339578,4350.322201966779,4448.043665371533,0,0.0,11.924147304590754,-0.042779432147703744,-4.187730217197927,12.008726764683399,0.038319221532262304,-1.4887584348490304,0,1.0,1.0
2019-08-07,4294.884858948379,4243.675178073605,4317.957824498721,4230.402421527575,137064.0,5908986920.0,153167.0,-0.1110808593731561,13,price_up_oi_down,-1.5899373670824837,-0.007946641697742729,4245.919336851655,4317.168424008409,4434.263591416387,0,0.1,11.939284108385964,0.015136803795209985,1.525194543502062,11.993338939670382,0.022931396519245695,-1.5899373670824837,0,1.0,1.0
2019-08-08,4251.426268917308,4141.825244305819,4276.365243528005,4128.164113949311,193119.0,8220888740.0,159022.0,0.1942640217796432,13,price_up_oi_down,-0.03606600157208699,-0.02400040754627697,4221.844346610901,4274.986905938478,4415.711753855447,0,0.4,11.97679783641072,0.03751372802475572,3.8226249779653054,11.97841846524775,0.0303082994356485,-0.03606600157208699,0,1.0,1.0
2019-08-09,4140.964188514358,4133.32899605743,4169.2569198340025,4101.918717667842,155123.0,6483016230.0,148634.0,0.0427314423474238,13,price_up_oi_down,-2.268807735146195,-0.002051329485730835,4192.442274651924,4245.451924647301,4400.097760257672,0,0.0,11.909242187248006,-0.0675556491627134,-6.532429475167046,11.977121586135214,0.020179773983257654,-2.268807735146195,0,1.0,1.0
2019-08-12,4132.881330514633,4097.550384549541,4153.334732237853,4083.756613092511,152110.0,6345465340.0,157717.0,-0.0361983444549104,13,price_up_oi_down,-0.22680009903231535,-0.008656124770618612,4178.8096156288975,4223.570945148016,4379.291845561543,0,0.4,11.9685575667607,0.059315379512693056,6.110984027880684,11.975343092987266,0.020179773983257654,-0.22680009903231535,0,1.0,1.0
2019-08-13,4096.304528024905,4085.936694256658,4118.803180261146,4062.322101071632,135021.0,5594485750.0,154283.0,-0.1333582564191338,13,price_up_oi_down,-2.3133637818671713,-0.0028343007902171813,4140.463299448611,4201.675460894095,4356.7556259942185,0,0.3,11.946543857297746,-0.022013709462953557,-2.177317600512263,11.971222958162258,0.007195507085491215,-2.3133637818671713,0,1.0,1.0
2019-08-14,4089.601317462905,4085.500937145271,4112.280197200893,4073.538855607549,119428.0,4957628320.0,151524.0,-0.2380303489155971,13,price_up_oi_down,-2.479220567018538,-0.00010664803299553771,4108.828451262944,4177.373894057299,4335.400054877169,0,0.2,11.92849930722668,-0.018044550071065757,-1.7882722010851504,11.96774215174958,0.010676313498169776,-2.479220567018538,0,1.0,1.0
2019-08-15,4091.816391854474,4133.062998150864,4150.895390070922,4077.9645481834177,174986.0,7331774560.0,156830.0,0.10954355457701,13,price_up_oi_down,0.22231703519022228,0.011641671789414998,4107.076002031953,4164.460174321427,4309.983158936264,0,0.5,11.96291769512847,0.034418387901789416,3.501755497478909,11.956735297018103,0.01875686401237786,0.22231703519022228,0,1.0,1.0
2019-08-16,4149.074290745078,4144.701029179657,4162.8564073774,4125.727323671005,110788.0,4666615770.0,153326.0,-0.3249479083855051,13,price_up_oi_down,-0.5181474229926647,0.002815836834328511,4109.350408656398,4150.896341654161,4286.190343298678,0,0.4,11.940321652566508,-0.022596042561961127,-2.2342664031115067,11.954730776213108,0.01875686401237786,-0.5181474229926647,0,1.0,1.0
2019-08-19,4173.018326453838,4090.37002928062,4182.697678823345,4087.4542931430647,154271.0,6451913220.0,164614.0,-0.0648925431594939,13,price_up_oi_down,2.3634204620976997,-0.013108544987089243,4107.914337602613,4143.361976615755,4261.820499415307,0,1.0,12.01135861828617,0.0710369657196619,7.362091230450152,11.943432754932127,0.019385195268857736,2.3634204620976997,0,1.0,1.0
2019-08-20,4079.4788390316407,4073.7089865466673,4098.215980242104,4068.7491738879257,101995.0,4218112040.0,171779.0,-0.5212849744467423,13,price_up_oi_down,3.8458387112866195,-0.004073236067809516,4105.468796060615,4122.966047754613,4236.644124860696,0,1.0,12.053964045903808,0.042605427617637304,4.352606704168549,11.943432754932127,0.019385195268857736,3.8458387112866195,0,1.0,1.0
2019-08-21,4071.6225795176506,4142.6400886428,4151.872141415966,4067.316655015728,174816.0,7289992360.0,157486.0,0.1043974267873597,13,price_up_oi_down,0.44450001178076975,0.0169209686611822,4116.896626360121,4112.862538811532,4215.015481409971,0,0.6,11.967091844408085,-0.08687220149572283,-8.320574691900685,11.954730776213108,0.01875686401237786,0.44450001178076975,0,1.0,1.0
2019-08-22,4149.2961037138175,4142.630759786682,4160.021422293602,4125.12486241745,95679.0,4021138450.0,156386.0,-0.4913284713954038,13,price_up_oi_down,-0.1539014995189882,-2.2519108391350073e-06,4118.810178687285,4112.943090359619,4193.964998149049,0,0.4,11.960082589020228,-0.007009255387856683,-0.6984747850603212,11.965004769768278,0.0215720148361509,-0.1539014995189882,0,1.0,1.0
2019-08-23,4151.614862014751,4274.364896185419,4276.438532110092,4144.934171002006,275213.0,11822344110.0,165680.0,0.5074871262282562,13,price_up_oi_down,2.102287209790161,0.03179963265794905,4144.742952088438,4127.0466803724175,4186.249302509859,0,0.9,12.017813496069465,0.05773090704923689,5.94298722392026,11.96150014207435,0.018067387142222557,2.102287209790161,0,1.0,1.0
2019-08-26,4298.280513983555,4324.65927614354,4361.607675764895,4296.413618502438,187368.0,8230382830.0,162325.0,0.143474099091549,13,price_up_oi_down,1.01151681271701,0.01176651530219286,4191.600801461022,4149.757569531817,4186.664257339917,0,0.7,11.997355777376688,-0.020457718692776794,-2.024987928536792,11.965004769768278,0.0215720148361509,1.01151681271701,0,1.0,1.0
2019-08-27,4325.243106490504,4262.002737067357,4329.034017023831,4252.487252228568,153781.0,6681603300.0,160756.0,-0.044358175080953,13,price_up_oi_down,0.5354427553055757,-0.014488202439859377,4229.25955156516,4167.364173812888,4184.519817353491,0,0.6,11.987642966442184,-0.009712810934503935,-0.9665793931927236,11.965004769768278,0.028517062405089888,0.5354427553055757,0,1.0,1.0
2019-08-28,4238.644736680391,4261.98643437863,4353.139692068256,4234.915713144473,272038.0,11921657410.0,172200.0,0.4572851704267618,13,price_up_oi_down,1.9753676055656073,-3.825123945810915e-06,4253.128820712326,4185.012723536223,4181.193308796761,1,1.0,12.056411870975767,0.06876890453358264,7.118863370573969,11.977367405425134,0.026989792406294733,1.9753676055656073,0,1.0,1.0
2019-08-29,4246.52289617832,4258.167795089322,4286.542985355306,4238.199153930603,124717.0,5396539950.0,171626.0,-0.3192705201485867,13,price_up_oi_down,1.4859764754603033,-0.0008959764063315445,4276.236227772853,4197.523203230069,4180.991688775748,1,0.8,12.053072969710254,-0.0033389012655131722,-0.3333333333331856,11.992499371909435,0.027494602141158175,1.4859764754603033,1,2.0,2.0
2019-08-30,4245.651744629685,4292.192817642747,4302.76426491087,4240.484721483571,154692.0,6698188880.0,165099.0,-0.0651092507235801,13,price_up_oi_down,0.16450129371519126,0.00799053118401405,4279.801812064319,4212.272382076379,4181.58436186527,1,0.6,12.014300572954685,-0.03877239675556865,-3.8030368359107447,12.004357197831428,0.040769981117271925,0.16450129371519126,0,1.0,1.0
2019-09-02,4314.098918918918,4301.217348302435,4339.2407082927175,4263.849849053044,155344.0,6780946430.0,169861.0,-0.0893384429079691,13,price_up_oi_down,0.6165799581243134,0.0021025454920369224,4275.113426496098,4233.35711397856,4188.359545297158,1,0.7,12.042735734517896,0.028435161563210798,2.8843300080558576,12.012829595620428,0.032715001634034735,0.6165799581243134,0,1.0,1.0
2019-09-03,4310.788459294185,4361.300208826847,4388.765943787677,4281.920665916655,287054.0,12713596880.0,185321.0,0.4375808947655629,13,price_up_oi_down,2.345980409065822,0.013968803633725768,4294.972920847997,4262.116236206578,4192.541141980595,1,1.0,12.129844735587685,0.08710900106978947,9.10155951042313,12.016057034512075,0.032715001634034735,2.345980409065822,0,1.0,1.0
2019-09-04,4353.705689471342,4343.103055188024,4395.59614877897,4319.173855086992,178192.0,7905481140.0,182902.0,-0.0260888696234137,13,price_up_oi_down,2.0750921028829454,-0.004172414822991022,4311.196245009875,4282.1625328611,4197.512535836317,1,0.9,12.116705769256296,-0.013138966331389668,-1.305302691006327,12.016057034512075,0.032715001634034735,2.0750921028829454,1,2.0,2.0
2019-09-05,4362.544033796675,4351.0961972223295,4380.219451819089,4333.435966429624,159972.0,7106522400.0,183103.0,-0.1350500361160505,13,price_up_oi_down,1.999381779124359,0.0018404219132579502,4329.781925436476,4303.009076604665,4207.976083482142,1,0.9,12.117804115017728,0.0010983457614326397,0.10989491640331916,12.030274615293681,0.029528046799539354,1.999381779124359,0,1.0,1.0
2019-09-06,4358.469794858676,4271.8230135650665,4402.139213468368,4271.58792351864,264830.0,11686693470.0,176409.0,0.4062829480176821,13,price_up_oi_down,0.5234845995405252,-0.018219129172062365,4325.70796462094,4302.75488834263,4214.900784357524,1,0.7,12.080560441661495,-0.03724367335623313,-3.6558658241535924,12.047904352114074,0.04207617694838728,0.5234845995405252,0,1.0,1.0
2019-09-09,4270.808391568821,4270.732019765918,4296.738471665842,4243.690669269939,157599.0,6849455960.0,176263.0,-0.1119233656115919,13,price_up_oi_down,0.34459413839456976,-0.0002553930244029168,4319.610898913637,4297.362162704868,4223.559866118343,1,0.6,12.079732476819713,-0.0008279648417826024,-0.08276221734719869,12.054742420343011,0.04891424517732457,0.34459413839456976,0,1.0,1.0
2019-09-10,4271.404342172216,4250.144915411266,4278.110253589306,4229.752058172553,150209.0,6513253170.0,178097.0,-0.1703006880429259,13,price_up_oi_down,0.4014198505767073,-0.004820509519063765,4297.379840230521,4296.176380539258,4231.770277176073,1,0.7,12.090083624666484,0.01035114784677127,1.040490630478219,12.06807217389774,0.0369850173691999,0.4014198505767073,0,1.0,1.0
2019-09-11,4248.892837337486,4259.895186118108,4279.183792274995,4242.165727930488,118314.0,5141534880.0,178650.0,-0.4120864772918149,13,price_up_oi_down,0.27638603771625625,0.002294103119045765,4280.738266416537,4295.967255713206,4240.489989624715,0,0.7,12.093183863451555,0.0031002387850715962,0.3105049495499612,12.080146459240604,0.031816399773020976,0.27638603771625625,0,1.0,1.0
2019-09-12,4262.066337025537,4318.321936554695,4328.92102637129,4246.6119363482985,181823.0,7975662790.0,181952.0,-0.0007092296359415,13,price_up_oi_down,0.5549207141515529,0.013715537092786834,4274.18341428301,4301.982669859744,4249.752936544906,0,0.7,12.111498195010672,0.018314331559116326,1.8483067450322466,12.08532203316399,0.031816399773020976,0.5549207141515529,0,1.0,1.0
2019-09-16,4373.101053037822,4486.721581096877,4503.046059112151,4355.375384361506,325702.0,14660042620.0,207881.0,0.4490170522872885,13,price_up_oi_down,4.5956426514352655,0.038996547042191576,4317.163127789373,4321.435546205156,4266.853964140768,0,1.0,12.244721079578385,0.13322288456771325,14.250461660218017,12.09163374405902,0.022468238074463187,4.5956426514352655,0,1.0,1.0
2019-09-17,4518.791213110354,4479.382343679604,4539.790695445025,4455.404650561695,205689.0,9338910320.0,206419.0,-0.003542764341046,13,price_up_oi_down,4.9014318508724966,-0.0016357684078714962,4358.89319257211,4339.252045742874,4286.304579860716,1,0.9,12.237663362616377,-0.007057716962007632,-0.7032869766836924,12.102341029231113,0.018621836678116566,4.9014318508724966,1,2.0,2.0
2019-09-18,4480.026105443816,4446.537975178344,4484.795138554101,4436.995927520544,175781.0,7960113650.0,204660.0,-0.1521111636089486,13,price_up_oi_down,3.452371523769679,-0.007332343162803068,4398.171804525525,4347.775822378024,4304.946029292301,1,0.8,12.229105344640747,-0.008558017975630605,-0.8521502381079404,12.114101982133484,0.022468238074464075,3.452371523769679,1,2.0,2.0
2019-09-19,4443.051241714194,4473.626760530329,4481.806263656227,4430.449448605554,165435.0,7525646370.0,213075.0,-0.2530658479821414,13,price_up_oi_down,3.639573432535397,0.006092107051193896,4440.91811940797,4360.828192912254,4321.495362886677,1,1.0,12.269399495390498,0.04029415074975162,4.111697449428275,12.114101982133484,0.028779948969494207,3.639573432535397,0,1.0,1.0
2019-09-20,4485.693847004848,4476.18920657974,4505.324142034388,4454.663250997246,217024.0,9895635850.0,217577.0,-0.0025448643627191,13,price_up_oi_down,3.4337059558062677,0.0005727894137299572,4472.491573412979,4373.337493847995,4338.17328522633,1,1.0,12.290308089848029,0.020908594457530683,2.112871054792853,12.1146511550142,0.03450469577359705,3.4337059558062677,0,1.0,1.0
2019-09-23,4442.052187052575,4384.152256575537,4445.204079824272,4371.499528639472,200754.0,8981260410.0,196714.0,0.0203293806691027,13,price_up_oi_down,0.16465640937228743,-0.02056145210951188,4451.97770850871,4384.570418149042,4343.662653245836,1,0.5,12.189506176221599,-0.1008019136264302,-9.58878925621729,12.17030176982571,0.07866802576668963,0.16465640937228743,0,1.0,1.0
2019-09-24,4376.664644520964,4384.134392713776,4403.684550197832,4369.16366736686,112145.0,5005816990.0,198292.0,-0.5699480149723885,13,price_up_oi_down,-0.11291022221891389,-4.074644472940037e-06,4432.928118315545,4395.910655443828,4346.636409074347,1,0.5,12.197495970779315,0.007989794557715868,0.8021798143497794,12.209305760431173,0.07054803218809091,-0.11291022221891389,0,1.0,1.0
2019-09-25,4375.580532767252,4305.391380889055,4379.320231254627,4302.26685412817,190468.0,8395460710.0,183476.0,0.0374003327039718,13,price_up_oi_down,-1.4405726275737039,-0.01796090283080476,4404.6987994576875,4401.435301991606,4348.805841265433,1,0.3,12.119839147732243,-0.07765682304707155,-7.471809251003625,12.21330065771003,0.043759629774410946,-1.4405726275737039,0,1.0,1.0
2019-09-26,4309.279791870061,4318.946330832881,4333.297233166925,4285.676849691558,136867.0,6014655840.0,178501.0,-0.2655845520708378,13,price_up_oi_down,-1.8642856554207679,0.0031483664885834095,4373.762713518198,4407.340416463084,4351.653836088145,0,0.0,12.092349482427034,-0.027489665305209243,-2.711526303167755,12.21330065771003,0.043759629774410946,-1.8642856554207679,0,1.0,1.0
2019-09-27,4315.923218029349,4335.344902583724,4360.478449999727,4303.970214996209,146949.0,6485487210.0,175638.0,-0.1783394708948326,13,price_up_oi_down,-2.1135093982754145,0.0037968917635706756,4345.593852718996,4409.042713065986,4355.512691462865,0,0.0,12.076180337683015,-0.016169144744019093,-1.6039125831227574,12.21330065771003,0.043759629774410946,-2.1135093982754145,0,1.0,1.0
2019-09-30,4277.154618392936,4249.688111774248,4285.42674561257,4203.710852327589,186137.0,8019022340.0,159679.0,0.1533174117079346,13,price_up_oi_down,-3.5817955489761237,-0.019757780000024483,4318.7010237587365,4385.339366133723,4353.387456169441,0,0.0,11.980920829000631,-0.09525950868238375,-9.086302508568721,12.21330065771003,0.043759629774410946,-3.5817955489761237,0,1.0,1.0
2019-10-08,4292.321333151073,4329.517056784731,4345.102964804672,4267.058844122528,158664.0,6962097290.0,168496.0,-0.0601232519388546,13,price_up_oi_down,-1.4326246387664907,0.018784659699921935,4307.777556572927,4370.352837444237,4354.802441593555,0,0.1,12.034667289620378,0.05374646061974708,5.521702916476157,12.193501073500457,0.0747801738291276,-1.4326246387664907,0,1.0,1.0
2019-10-09,4337.851904197798,4300.181967119205,4341.318083721368,4286.755328463854,103954.0,4559660980.0,174570.0,-0.518377313734524,13,price_up_oi_down,-0.7461989016121776,-0.00677560320949766,4306.735673818957,4355.717236638322,4351.746529508173,0,0.2,12.070081086318826,0.0354137966984478,3.6048333491597084,12.154672661976921,0.07646250347886596,-0.7461989016121776,0,1.0,1.0
2019-10-10,4301.00684947093,4372.468810797987,4378.819091556165,4291.391472294915,142927.0,6315447150.0,189665.0,-0.2829253476681045,13,price_up_oi_down,0.40877746280408767,0.01681018250658095,4317.440169811979,4345.601441665089,4353.214817288672,0,0.6,12.153014637055527,0.08293355073670128,8.646961104427886,12.106094315079638,0.07741944330061035,0.40877746280408767,0,1.0,1.0
2019-10-11,4364.9969862567,4340.91745779458,4401.936652874161,4330.093850485488,205340.0,9136352440.0,186232.0,0.0976739335768125,13,price_up_oi_down,0.32661440726188523,-0.007215912649963463,4318.554680854149,4332.0742667865725,4352.705880317284,0,0.6,12.134748487276143,-0.018266149779384122,-1.8100334800832396,12.106094315079638,0.05917367371757454,0.32661440726188523,0,1.0,1.0
2019-10-14,4370.447014797524,4331.968516376411,4379.527228729897,4314.849281555641,132867.0,5887589400.0,186732.0,-0.3403258059372028,13,price_up_oi_down,0.5096956786218184,-0.002061532269428512,4335.010761774583,4326.85589276666,4355.713155457851,0,0.7,12.13742971280751,0.0026812255313668487,0.2684823231238198,12.106094315079638,0.04146677536835064,0.5096956786218184,0,1.0,1.0
2019-10-15,4339.151591365649,4351.420834135906,4362.757245381765,4295.366491109565,182441.0,8080161250.0,197282.0,-0.078207344157159,13,price_up_oi_down,1.728476980797482,0.0044904106957284196,4339.391517244818,4323.584536908873,4359.74759617635,0,0.9,12.192389456221886,0.054959743414375595,5.649808281387347,12.106094315079638,0.033674313244342,1.728476980797482,0,1.0,1.0
2019-10-16,4359.9959035924685,4344.049361958288,4384.3674092250285,4325.781388975335,142531.0,6325565320.0,192699.0,-0.3015698660841392,13,price_up_oi_down,1.2576800150559508,-0.001694037984051322,4348.164996212634,4327.450335015796,4364.442818503701,0,0.9,12.168884664975396,-0.02350479124648963,-2.3230705284822073,12.106094315079638,0.033674313244342,1.2576800150559508,0,1.0,1.0
2019-10-17,4329.345180663582,4355.386975889132,4365.119170309831,4313.64019853677,154805.0,6850632750.0,198002.0,-0.246110871278018,13,price_up_oi_down,1.3416598712171441,0.0026099183011432103,4344.748629230863,4331.094399521421,4369.217407992252,0,1.0,12.196032410635759,0.027147745660363043,2.751960311158963,12.113548984851588,0.04146677536835064,1.3416598712171441,0,1.0,1.0
2019-10-18,4363.247158663443,4356.255189230481,4385.655787720531,4344.142365564029,131923.0,5887548970.0,197669.0,-0.4043754955964757,13,price_up_oi_down,0.6762962366942001,0.00019934241116925655,4347.816175518044,4333.185428186096,4371.114070626042,0,0.9,12.194349193626568,-0.0016832170091909404,-0.1681801193927135,12.136089100041826,0.05810455926943536,0.6762962366942001,0,1.0,1.0
2019-10-21,4452.821004893542,4551.671908971998,4562.616310652392,4443.027803083479,310633.0,14151787380.0,228589.0,0.306686519828586,13,price_up_oi_down,2.7241616597472342,0.04485887792446719,4391.75685403716,4363.383807905871,4374.361587019798,0,1.0,12.339680910199965,0.14533171657339672,15.642311136293397,12.145222174931519,0.048147149992708194,2.7241616597472342,0,1.0,1.0
2019-10-22,4592.75202881913,4527.161381836969,4596.141087051185,4514.592777580119,257616.0,11946947510.0,212905.0,0.1906240472746007,13,price_up_oi_down,2.2396914552228275,-0.005384950327090965,4426.904963577374,4383.148240411096,4376.750538927666,1,0.9,12.26860133581012,-0.07107957438984513,-6.861222543516887,12.16094965101546,0.0324196739087661,2.2396914552228275,1,2.0,2.0
2019-10-23,4528.713789438692,4496.614449111723,4613.817064046397,4484.959164006788,395683.0,18558148450.0,204497.0,0.6600600801801131,13,price_up_oi_down,0.9079233691880907,-0.006747480407436002,4457.41798100806,4402.791488610348,4379.254362624335,1,0.8,12.228308584430739,-0.04029275137938093,-3.949179211385423,12.180637060598642,0.03541488566712303,0.9079233691880907,1,2.0,2.0
2019-10-24,4498.85178434429,4508.56050887528,4541.450666150857,4491.307524121406,189791.0,8844134400.0,206416.0,-0.0839700832663277,13,price_up_oi_down,0.7933205084941644,0.0026566786854311797,4488.052687605291,4416.400658418077,4381.001050041583,1,0.8,12.237648828964918,0.009340244534179476,0.9384000743287491,12.193369324924227,0.03764697368760572,0.7933205084941644,0,1.0,1.0
2019-10-25,4506.524273581121,4601.472772558445,4631.063167630443,4501.005384998381,325465.0,15237736560.0,228850.0,0.3521881618858228,13,price_up_oi_down,2.5994277655892337,0.020607966445224335,4537.096204270883,4442.456189894463,4387.265228340517,1,1.0,12.340822046081788,0.10317321711687022,10.868343539260517,12.195190802131163,0.03778790456666492,2.5994277655892337,0,1.0,1.0
2019-10-28,4667.083553044031,4718.127122295959,4757.3123280952295,4656.109493219742,488458.0,23249456040.0,255266.0,0.6489473515807496,13,price_up_oi_down,4.666826966473771,0.02535152450172018,4570.387246935676,4481.0720504864175,4403.963971626539,1,1.0,12.45006141770586,0.10923937162407249,11.542932051562094,12.212170497533249,0.034382081994761116,4.666826966473771,0,1.0,1.0
2019-10-29,4706.802913750616,4729.594027502715,4738.493679444851,4679.617258819168,320303.0,15091886580.0,250448.0,0.2460161086445521,13,price_up_oi_down,3.3721298725893796,0.0024303934399239058,4610.8737760688255,4518.889369823099,4421.236953365986,1,0.9,12.431006593128004,-0.019054824577857232,-1.8874429026975892,12.232978706697828,0.039609381773601626,3.3721298725893796,1,2.0,2.0
2019-10-30,4728.36563312615,4712.663387073584,4760.0174160566985,4688.517556482392,278631.0,13357838060.0,257349.0,0.0794551854619762,13,price_up_oi_down,1.934231551136572,-0.003579723826332426,4654.083563661197,4555.750772334628,4441.600553675213,1,1.0,12.458188419314657,0.02718182618665388,2.7554622117167415,12.25312508238752,0.0715081530865378,1.934231551136572,0,1.0,1.0
2019-10-31,4681.585241889452,4624.729833567406,4701.598966805637,4622.870058275624,305350.0,14529443380.0,247788.0,0.2088851177968066,13,price_up_oi_down,0.8520930260255787,-0.018658993075417185,4677.317428599622,4582.6850581024555,4456.889728811939,1,0.7,12.420328820854474,-0.03785959846018372,-3.71518832402703,12.304141123005042,0.09197062547179335,0.8520930260255787,0,1.0,1.0
2019-11-01,4599.6692622801065,4769.752041299544,4773.425533823149,4595.701544794978,414417.0,19629440910.0,278744.0,0.3965789153908768,13,price_up_oi_down,1.3799565087028447,0.03135798477989593,4710.973282347842,4624.034743309363,4478.61008574773,1,1.0,12.53804907686113,0.11772025600665614,12.49293751109828,12.340251478140877,0.09667888208154274,1.3799565087028447,0,1.0,1.0
2019-11-04,4751.696969477086,4670.020690480734,4756.529298441021,4663.143281219078,375925.0,17687271780.0,267321.0,0.3409394719375568,13,price_up_oi_down,1.0603933667637986,-0.02090912692216962,4701.351995984796,4635.869621460236,4499.626714683053,1,0.9,12.496205462452965,-0.04184361440816531,-4.0980254283499935,12.380575433468131,0.0735494850421281,1.0603933667637986,1,2.0,2.0
2019-11-05,4665.61686079212,4633.171210364971,4686.703061860882,4621.236355271262,294548.0,13882759740.0,262268.0,0.1160750962080126,13,price_up_oi_down,0.44670859182728007,-0.007890646007388424,4682.067432557247,4646.470604313035,4514.8094223620665,1,0.8,12.477122160700096,-0.01908330175286821,-1.8902368313750362,12.425667706991238,0.07769170818558813,0.44670859182728007,1,2.0,2.0
2019-11-06,4634.117938553021,4558.966720405342,4677.305837025905,4557.938725570836,372901.0,17381075950.0,243152.0,0.4276262066740277,13,price_up_oi_down,-0.5715863743379224,-0.016015917951321068,4651.328099223599,4652.7058314423975,4527.748660026373,0,0.3,12.401442041173386,-0.0756801195267105,-7.288727561120778,12.440534005416932,0.046129806159598274,-0.5715863743379224,0,1.0,1.0
2019-11-07,4565.971403777016,4575.9278531757645,4608.119491980693,4554.55604777057,250451.0,11607650090.0,239470.0,0.0448351445637645,13,price_up_oi_down,-0.9687871299582207,0.0037203896870987574,4641.567703145271,4659.442565872446,4537.921612145261,0,0.2,12.386183427026964,-0.015258614146421934,-1.5142791340395312,12.440534005416932,0.03784005976335525,-0.9687871299582207,0,1.0,1.0
2019-11-08,4584.664842869664,4556.921227510711,4604.323187397908,4536.208384153779,277816.0,12803191620.0,235501.0,0.1652438643221029,13,price_up_oi_down,-1.2666924781676747,-0.004153611305707683,4599.001540387505,4654.987411367672,4548.721800631068,0,0.1,12.369470438714096,-0.01671298831286805,-1.6574101140017006,12.440534005416932,0.03784005976335525,-1.2666924781676747,0,1.0,1.0
2019-11-11,4502.3149034141,4378.266564758459,4504.8538715668565,4371.721094602763,407933.0,18279368940.0,213918.0,0.6455101812125409,13,price_up_oi_down,-2.9800530830517844,-0.039205124212745024,4540.6507152430495,4621.001355613923,4551.036703050171,0,0.0,12.273348043002612,-0.09612239571148429,-9.164716922645798,12.440534005416932,0.03784005976335525,-2.9800530830517844,0,1.0,1.0
2019-11-12,4368.133042280484,4386.478236150058,4407.194165555499,4359.837023559157,183583.0,8173357100.0,207546.0,-0.1226861205420263,13,price_up_oi_down,-2.708079187493278,0.001875553091649662,4491.312120400067,4586.689776478657,4552.789573150878,0,0.0,12.243108280831002,-0.030239762171609286,-2.9787114688806127,12.425667706991238,0.045469366836566216,-2.708079187493278,0,1.0,1.0
2019-11-13,4386.426733909702,4348.427445506384,4402.87962358727,4341.0187568468245,207501.0,9229853450.0,210621.0,-0.0149241508921214,13,price_up_oi_down,-1.8186445404319609,-0.008674565014386237,4449.204265420275,4550.266182321937,4553.008477328283,0,0.1,12.257815588810507,0.014707307979504591,1.481599259923061,12.41088543101393,0.05676985899344622,-1.8186445404319609,0,1.0,1.0
2019-11-14,4335.272942253775,4365.005043624999,4393.245120427618,4329.265305062826,185152.0,8260030850.0,212149.0,-0.1361117486375495,13,price_up_oi_down,-0.9354035648567404,0.003812320275861092,4407.019703510123,4524.293703327697,4553.489380715077,0,0.2,12.265044136973357,0.0072285481628497905,0.7254737181952908,12.393812734100175,0.09285107747635557,-0.9354035648567404,0,1.0,1.0
2019-11-15,4327.135837498591,4307.431811330709,4348.32053185163,4285.921382691562,244975.0,10764122850.0,212308.0,0.1431181139979111,13,price_up_oi_down,-0.6956185574423155,-0.013189728698796088,4357.121820274122,4478.061680330813,4551.048211820088,0,0.3,12.265793329506108,0.0007491925327514082,0.07494732475756827,12.37782693287053,0.10863084288254576,-0.6956185574423155,0,1.0,1.0
2019-11-18,4165.262443503227,4259.931715330004,4269.43260982762,4150.3737930773095,263414.0,11305975290.0,213679.0,0.2092520501021136,13,price_up_oi_down,-0.5168090503912735,-0.011027474857699504,4333.454850388431,4437.052782815741,4536.461202137988,0,0.4,12.272230167877721,0.006436838371612907,0.6457599336812114,12.321409240858355,0.06418391910822852,-0.5168090503912735,0,1.0,1.0
2019-11-19,4274.813987342957,4262.9555002348525,4290.904760380465,4246.534633636439,187072.0,8109535300.0,212900.0,-0.129329002410653,13,price_up_oi_down,-0.12721953595953833,0.0007098200410036171,4308.750303205389,4400.031211802729,4523.250908057883,0,0.4,12.26857785088157,-0.003652316996150873,-0.3645655398986647,12.272789105440166,0.022327170619411696,-0.12721953595953833,0,1.0,1.0
2019-11-20,4257.42074621054,4228.407143190408,4296.328412914506,4226.724830868287,226777.0,9806506300.0,214330.0,0.0564502724273751,13,price_up_oi_down,0.36588707190991265,-0.008104320357681827,4284.746242742194,4366.975254081235,4509.840542761816,0,0.7,12.275272162331179,0.0066943114496087475,0.6716768435886866,12.270404009379646,0.008974146487714663,0.36588707190991265,0,1.0,1.0
2019-11-21,4206.7588788421735,4159.600638272972,4236.063729120936,4144.19138165978,257337.0,10956077530.0,222162.0,0.1469796644810904,13,price_up_oi_down,5.37561670617382,-0.016272440800371935,4243.6653616717895,4325.342532590957,4492.392549231701,0,0.8,12.311162124460864,0.035889962129685316,3.654178136518338,12.270404009379646,0.005114012678911095,5.37561670617382,0,1.0,1.0
2019-11-22,4162.713404858246,4186.640193524377,4212.673692660138,4139.981320208099,241111.0,10239241920.0,214960.0,0.1148054440614508,13,price_up_oi_down,1.0291740548776445,0.006500517141624362,4219.507038110522,4288.314429192322,4471.650920279998,0,0.8,12.278207243289373,-0.03295488117149148,-3.2417785219794326,12.270404009379646,0.005114012678911095,1.0291740548776445,0,1.0,1.0
2019-11-25,4171.938955737697,4175.433623740438,4192.901399536779,4153.174842432638,149138.0,6329041320.0,218429.0,-0.38158896713139,13,price_up_oi_down,3.140619624786197,-0.002676745377181544,4202.607419792609,4268.03113509052,4444.516245352222,0,0.9,12.294216297920672,0.01600905463129898,1.6137886118347877,12.270404009379646,0.005114012678911095,3.140619624786197,0,1.0,1.0
2019-11-26,4199.281019217524,4212.152777265179,4225.034368794834,4182.012614720831,201487.0,8680355140.0,216760.0,-0.073065887521463,13,price_up_oi_down,1.6542665947387463,0.00879409346036919,4192.446875198675,4250.598589202032,4418.644182840345,0,0.8,12.28654602968005,-0.00767026824062178,-0.7640926800013603,12.270404009379646,0.006581553158008013,1.6542665947387463,0,1.0,1.0
2019-11-27,4226.563632498578,4130.852437843074,4237.143453285949,4127.674573039297,246252.0,10479740870.0,238469.0,0.0321160790018779,13,price_up_oi_down,8.762051586225297,-0.019301374788900927,4172.935934129208,4228.841088435701,4389.553635378819,0,1.0,12.381994601826886,0.09544857214683589,10.01522421110903,12.27375116510445,0.008332431864717549,8.762051586225297,0,1.0,1.0
2019-11-28,4132.051432512067,4138.070695338787,4155.538929324084,4105.791813409255,212792.0,8993443920.0,234188.0,-0.0958090488171379,13,price_up_oi_down,5.664321378297233,0.0017474014393703552,4168.6299455423705,4206.14765360708,4365.220678467389,0,0.9,12.36387949057513,-0.018115111251756133,-1.7952018920698198,12.276739702810275,0.010376350086970909,5.664321378297233,0,1.0,1.0
2019-11-29,4138.251882368448,4141.508956143051,4169.398083928594,4124.858935647839,174723.0,7337582120.0,227330.0,-0.2632008435724527,13,price_up_oi_down,2.724505211223212,0.0008308849841878185,4159.603698066106,4189.555368088315,4333.808524209564,0,0.8,12.334157985293391,-0.02972150528173856,-2.9284164859002315,12.282376636484711,0.012819223519550782,2.724505211223212,0,1.0,1.0
2019-12-02,4173.709544530442,4255.330250467988,4265.145095355972,4168.90395727075,314891.0,13394876270.0,224899.0,0.3365751346620488,13,price_up_oi_down,1.1443253936284155,0.02748304918092881,4175.583023411616,4189.095221602112,4313.074002208927,0,0.7,12.32340669151689,-0.010751293776500859,-1.0693705186292313,12.290381163800362,0.019465978291571595,1.1443253936284155,0,1.0,1.0
2019-12-03,4268.505475171462,4240.122116897919,4273.12271457479,4213.478849483484,230678.0,9764280770.0,221116.0,0.0423353479999052,13,price_up_oi_down,0.09756306340983341,-0.003573902065156065,4181.176891338164,4186.8118832684195,4293.421547535573,0,0.5,12.306442729672785,-0.016963961844105313,-1.6820884041280681,12.302689211190767,0.02594950838049126,0.09756306340983341,0,1.0,1.0
2019-12-04,4230.733288688938,4226.402372138569,4254.215406758772,4219.640474364114,170871.0,7214672940.0,227727.0,-0.2872386572696191,13,price_up_oi_down,0.7678309277651537,-0.003235695666564231,4200.286878197263,4186.611406163235,4276.793330122235,0,0.8,12.335902822097225,0.02946009242443992,2.9898333906185792,12.308802427066825,0.023805977806670597,0.7678309277651537,0,1.0,1.0
2019-12-05,4220.079147267827,4179.674261302954,4230.997812983877,4177.20334671337,200172.0,8387772950.0,235956.0,-0.1644683500055015,13,price_up_oi_down,1.7512080784273896,-0.011056238077012726,4208.607591390096,4188.618768466234,4256.980650528594,0,0.9,12.371400625947556,0.03549780385033152,3.6135372617211114,12.317284407988877,0.020843262088276582,1.7512080784273896,0,1.0,1.0
2019-12-06,4181.662806856988,4183.44013501778,4218.399979169705,4172.849222560852,196200.0,8195076510.0,244116.0,-0.2185089750265523,13,price_up_oi_down,1.4836269820058499,0.0009009969388507066,4216.993827165043,4188.298762615574,4238.306595903948,0,1.0,12.405398801139953,0.03399817519239612,3.458271881198316,12.32878233840514,0.034831596327228986,1.4836269820058499,0,1.0,1.0
2019-12-09,4176.643866530987,3998.150438747749,4180.994665835084,3997.282986550178,410796.0,16537008040.0,260970.0,0.4536912827210936,13,price_up_oi_down,2.836372969949926,-0.044291226906547854,4165.557864820994,4170.570444116305,4219.300789603412,0,1.0,12.472160737169697,0.066761936029744,6.904094774615355,12.335030403695308,0.03260965456603504,2.836372969949926,0,1.0,1.0
2019-12-10,3992.979053526857,3950.477861904204,3998.9495378593774,3928.318786707308,277351.0,10910558460.0,247379.0,0.1143622784725756,13,price_up_oi_down,1.583784649032918,-0.011923657594654302,4107.629013822251,4144.402952580208,4197.50077089112,0,0.9,12.418676852556857,-0.053483884612839816,-5.207878300187718,12.349891156336177,0.029293955154997775,1.583784649032918,0,1.0,1.0
2019-12-11,3948.4477637818136,3919.5913701968425,3980.6037393196575,3905.486772227705,250007.0,9821258270.0,259751.0,-0.0382345623573027,13,price_up_oi_down,1.8904971863819058,-0.007818419134862253,4046.266813433906,4123.276845815585,4176.058967125643,0,0.9,12.467478758809694,0.04880190625283731,5.001232925996102,12.367640058261344,0.035620407923280695,1.8904971863819058,0,1.0,1.0
2019-12-12,3922.232097628368,3917.688608169674,3947.889337506994,3916.810718463338,176231.0,6909152550.0,259888.0,-0.3884551345140921,13,price_up_oi_down,1.6512792005721653,-0.00048544908064562797,3993.86968280725,4101.238637098673,4153.693145352876,0,0.9,12.468006047959177,0.0005272891494829679,0.05274281908438372,12.367640058261344,0.040996054811531124,1.6512792005721653,0,1.0,1.0
2019-12-13,3902.888655687476,3836.921127470129,3911.403860407895,3829.6760715219098,305701.0,11769386789.999998,273923.0,0.1097604550761275,13,price_up_oi_down,1.4956954899218653,-0.020616105254286476,3924.56588129772,4070.779854231381,4130.167611159847,0,1.0,12.520602323978345,0.05259627601916783,5.400403250631114,12.388399713543755,0.05961737513861465,1.4956954899218653,0,1.0,1.0
2019-12-16,3816.281227624458,3798.7456315716654,3837.9444297164105,3793.7603125909823,231030.0,8767396700.0,289120.0,-0.2242942546246498,13,price_up_oi_down,1.8889424227981302,-0.009949512807325922,3884.684919862503,4025.121392341748,4107.108306971931,0,1.0,12.574597105826056,0.05399478184771134,5.547909449005761,12.412037826848405,0.058045565716032144,1.8889424227981302,0,1.0,1.0
2019-12-17,3801.488809248953,3782.170316476234,3829.48591477435,3774.915671061293,274587.0,10350043290.0,292755.0,-0.0640679311258165,13,price_up_oi_down,1.776503318214424,-0.004363365358731275,3851.023410776909,3979.32621229958,4083.069047783999,0,1.0,12.587091360733412,0.012494254907355895,1.257263420033139,12.443077805683275,0.054678092139520906,1.776503318214424,0,1.0,1.0
2019-12-18,3767.155740295758,3795.8150611449255,3806.415184213418,3737.5510065357694,256236.0,9634094820.0,285224.0,-0.1071759416584779,13,price_up_oi_down,1.0923572163922286,0.003607649451758288,3826.2681489665256,3936.267481200216,4061.439443681725,0,0.8,12.561030115454392,-0.02606124527902054,-2.5724581988352813,12.467742403384435,0.05760176141919615,1.0923572163922286,0,1.0,1.0
2019-12-19,3787.283524662986,3779.172004208832,3802.128046346467,3747.2113761752007,247368.0,9237044090.000002,283214.0,-0.1353256892233411,13,price_up_oi_down,0.9746256633724526,-0.004384580562540319,3798.564828174357,3896.217255490804,4042.4180119785187,0,0.7,12.55395807460808,-0.007072040846312078,-0.70470928112637,12.470083392564437,0.058045565716032144,0.9746256633724526,0,1.0,1.0
2019-12-20,3789.004536150121,3718.117187500001,3824.221900475725,3714.434142114385,312350.0,11710769880.0,295424.0,0.0557127413741085,13,price_up_oi_down,1.1013169632915278,-0.016155606741591777,3774.8040401803314,3849.684960739026,4018.9918616773,0,1.0,12.596166891547607,0.04220881693952805,4.311227552310304,12.49638153057402,0.06111256445721569,1.1013169632915278,0,1.0,1.0
2019-12-23,3728.176912274572,3667.1956927188207,3732.3009447147047,3660.343102594267,317686.0,11602909210.0,323313.0,-0.0175574206790512,13,price_up_oi_down,1.8503374865326436,-0.013695505604926606,3748.494052409763,3816.589486136133,3993.579965126219,0,1.0,12.686376173236074,0.09020928168846609,9.44032983102261,12.537280199293212,0.05434892684729764,1.8503374865326436,0,1.0,1.0
2019-12-24,3668.5160531290576,3673.7407866659846,3713.4707016524367,3614.745243265,585932.0,21415741620.0,332263.0,0.5672769178969207,13,price_up_oi_down,2.7882742265296327,0.0017847681159091078,3726.8081464477123,3788.9157786123105,3966.6593655962592,0,1.0,12.713682102973324,0.027305929737250878,2.7682153207571503,12.557494095031235,0.03778228378463133,2.7882742265296327,0,1.0,1.0
2019-12-25,3667.1804546254248,3640.6070060357342,3684.171950637684,3636.147359266798,308234.0,11292315760.0,366484.0,-0.1730956293896035,13,price_up_oi_down,4.354050125186074,-0.009019085056439224,3695.7665354258743,3761.0173421962,3942.147094005892,0,1.0,12.811710143148517,0.09802804017519229,10.299371281183989,12.567813610640224,0.03778228378463133,4.354050125186074,0,1.0,1.0
2019-12-26,3630.54350569851,3621.4749682869738,3650.3232024371982,3617.487107611493,297089.0,10750163860.0,382335.0,-0.2522654304373832,13,price_up_oi_down,4.23001297040251,-0.00525517797362951,3664.227128241503,3731.39597820793,3916.317307653301,0,1.0,12.854052466631805,0.042342323483287814,4.325154713439039,12.580844233279734,0.04356403398652198,4.23001297040251,0,1.0,1.0
2019-12-27,3615.383884613079,3549.1363853932667,3632.619299411968,3546.5849885655384,385362.0,13825714850.0,394859.0,-0.024345586888946,13,price_up_oi_down,3.656778770234978,-0.019974895181430585,3630.4309678201557,3702.617504000243,3886.6986791158124,0,1.0,12.886284018131834,0.0322315515000291,3.275661396419416,12.59162912614051,0.05434892684729853,3.656778770234978,0,1.0,1.0
2019-12-30,3530.2270531889603,3510.9429919216072,3552.6260437265137,3485.866173796824,458130.0,15993794329.999998,411468.0,0.1074217338169086,13,price_up_oi_down,2.5292742722749395,-0.010761320311286737,3599.180427660713,3673.837240035238,3849.479316188493,0,1.0,12.927486531798428,0.04120251366659389,4.2063116200971695,12.64127153239184,0.07632599375946647,2.5292742722749395,0,1.0,1.0
2019-12-31,3525.570623857516,3550.069853164712,3556.8933340207245,3510.272034802039,391857.0,13523749830.0,394728.0,-0.0072999427891997,13,price_up_oi_down,0.9955146417374288,0.011144259913400179,3574.446240960459,3650.627193704085,3814.976703001833,0,0.8,12.885952199089214,-0.04153433270921347,-4.068360115488934,12.7000291381047,0.12596840001079812,0.9955146417374288,0,1.0,1.0
2020-01-02,3578.751974602786,3496.034721859307,3595.224749264009,3492.1383933449565,418911.0,14670859720.0,420974.0,-0.004912587196941,13,price_up_oi_down,1.0253834092327352,-0.015220864247850074,3545.531784125173,3620.649159775524,3778.45832048787,0,1.0,12.950326353037717,0.06437415394850277,6.649135607304313,12.76269612306092,0.12342198554960415,1.0253834092327352,0,1.0,1.0
2020-01-03,3496.2429004361697,3457.0806411414687,3513.578765506693,3454.6531778916124,431696.0,14723763740.0,449386.0,-0.0401605697932636,13,price_up_oi_down,1.1626238644857214,-0.011142360936598816,3512.6529186960724,3588.440023468788,3742.3286394797956,0,1.0,13.015637485600138,0.06531113256242094,6.749110396366631,12.832881304890162,0.10602513752791065,1.1626238644857214,0,1.0,1.0
2020-01-06,3482.4868846374466,3446.132811116821,3505.0324227679075,3411.5178700988,502913.0,17149092009.999998,463154.0,0.0823575807398163,13,price_up_oi_down,1.7109679461543472,-0.003166784683689916,3492.0522038407826,3561.2415858304694,3705.463273284748,0,1.0,13.045814891155729,0.030177405555591008,3.063735852919236,12.870002332860508,0.06930810494460005,1.7109679461543472,0,1.0,1.0
2020-01-07,3453.370458338268,3516.547892151571,3517.869148091398,3429.131357525716,615207.0,20876555260.0,444624.0,0.3247298153604432,13,price_up_oi_down,1.1567784301600108,0.020433072343468472,3493.173183886776,3546.176805773745,3681.3831459549388,0,0.8,13.004984260161919,-0.04083063099380979,-4.000829097880998,12.886118108610525,0.06930810494460005,1.1567784301600108,0,1.0,1.0
2020-01-08,3503.462832462432,3481.966805918903,3531.945764111798,3478.324077322632,460904.0,15743165020.0,463667.0,-0.0059768438013695,13,price_up_oi_down,1.276328962482647,-0.009833816371404458,3479.5525744376137,3526.999407699036,3657.9575931556733,0,1.0,13.046921901144472,0.04193764098255315,4.282944690344981,12.90688527496513,0.07400397007496995,1.276328962482647,0,1.0,1.0
2020-01-09,3454.315984363589,3379.19339670036,3458.930696701918,3374.382848410297,539345.0,18213660790.0,497630.0,0.0804986113636666,13,price_up_oi_down,1.6880650024685544,-0.029515907229167415,3456.184309405825,3500.858046765499,3630.937694480849,0,1.0,13.117612107978841,0.07069020683436911,7.324868925327865,12.938906442418073,0.0714044304629553,1.6880650024685544,0,1.0,1.0
2020-01-10,3370.8428606358925,3378.675857254506,3416.242987764834,3358.666812620633,469597.0,15541974550.0,491336.0,-0.0452533313970486,13,price_up_oi_down,1.2488775416365905,-0.00015315472809562802,3440.5033526284324,3476.5781356622524,3603.987056935091,0,0.9,13.104883490456993,-0.012728617521847951,-1.2647951289109671,12.977655306599818,0.06871308955028255,1.2488775416365905,0,1.0,1.0
2020-01-13,3388.074521852365,3415.9908915286287,3437.0798958435103,3359.260614194732,564627.0,18854711070.0,486580.0,0.1487640081585287,13,price_up_oi_down,0.8014581623271396,0.011044277655106294,3434.4749687107933,3463.263586275788,3582.940545138016,0,0.8,13.095156606966112,-0.009726883490881022,-0.9679730367813444,13.010310872881028,0.07140443046295619,0.8014581623271396,0,1.0,1.0
2020-01-14,3424.750963649871,3396.4114883378184,3431.193251994852,3389.2803959771472,381926.0,12782374780.0,491246.0,-0.2517181480932091,13,price_up_oi_down,0.7200472631378019,-0.005731690690208069,3410.4476879480435,3451.8104359174094,3562.8238379763234,0,0.8,13.10470029963882,0.009543692672707493,0.9589378930495274,13.030726188377933,0.0692938603336195,0.7200472631378019,0,1.0,1.0
2020-01-15,3380.2434817139515,3407.3906824782684,3434.868806840233,3369.097600557568,399400.0,13423604050.0,493393.0,-0.2113425957409108,13,price_up_oi_down,0.7895021716199528,0.003232586563244544,3395.5324632599163,3437.542518848765,3544.084856276426,0,0.9,13.109061295704763,0.004360996065942757,0.4370519047482313,13.0463683961501,0.05356005715236556,0.7895021716199528,0,1.0,1.0
2020-01-16,3410.270526420467,3482.84860929582,3529.485700032164,3409.3040733201688,759197.0,25931980690.0,436110.0,0.5543667906536435,13,price_up_oi_down,-1.6028215182406067,0.022145369829640327,3416.263505779008,3436.2239075924167,3528.4365336839705,0,0.1,12.98564978408848,-0.12341151161628261,-11.610014734704388,13.071039254055293,0.035933139025584815,-1.6028215182406067,0,1.0,1.0
2020-01-17,3483.7445078508285,3493.864862438126,3523.5792679074293,3472.278617391036,418240.0,14402452020.0,434350.0,-0.0377952302700723,13,price_up_oi_down,-1.6787273743598583,0.003163000858809273,3439.301306815732,3439.9023297220824,3514.171176595435,0,0.0,12.981605939688066,-0.004043844400413832,-0.40356790717939184,13.071039254055293,0.035933139025584815,-1.6787273743598583,0,1.0,1.0
2020-01-20,3497.992953737642,3582.699967675898,3601.465718503305,3452.7204790815344,710702.0,24823810770.0,371240.0,0.649404460228615,13,price_up_oi_down,-4.625765633387958,0.025426027833194587,3472.643122045186,3453.55904537799,3507.4003156042295,0,0.0,12.82460403270933,-0.15700190697873673,-14.529757108322716,13.071039254055293,0.035933139025584815,-4.625765633387958,0,1.0,1.0
2020-01-21,3581.9889325953263,3562.2055039567185,3593.4997580440336,3545.5455401470085,349818.0,12214805600.0,366718.0,-0.047180141082695,13,price_up_oi_down,-4.125179490518597,-0.005720396322350774,3505.8019251689666,3458.1248065585046,3502.1508061661248,0,0.0,12.812348439301404,-0.012255593407925147,-1.2180799482814253,13.071039254055293,0.04229744778650879,-4.125179490518597,0,1.0,1.0
2020-01-22,3510.302522019474,3456.4215492693083,3528.4626675419886,3421.9992596357843,507348.0,17333997940.0,345905.0,0.3830329877820235,13,price_up_oi_down,-5.0569097844667175,-0.02969619651923805,3515.608098527174,3455.570280893545,3491.284844296291,0,0.0,12.753919449865597,-0.05842898943580721,-5.675478160330371,13.071039254055293,0.04229744778650879,-5.0569097844667175,0,1.0,1.0
2020-01-23,3430.894307166294,3469.5417082624226,3493.158361910127,3426.1671976350385,329945.0,11218134430.0,315537.0,0.0446500246302494,13,price_up_oi_down,-3.8337309888996716,0.0037958792948411535,3512.946718320495,3464.605112049752,3482.7315794076253,0,0.0,12.662031228255314,-0.09188822161028298,-8.77928911117214,13.040403195527297,0.06656919755358093,-3.8337309888996716,0,1.0,1.0
2020-02-03,3254.796079407793,3267.128455994623,3272.5573137846445,3242.67601171408,138312.0,4973164590.0,322881.0,-0.8477718314838404,13,price_up_oi_down,-1.6327870387067671,-0.05834005447629276,3467.5994370317944,3453.450371923763,3465.014253793008,0,0.1,12.685039113268452,0.023007885013138107,2.3274608049135725,12.983627861888273,0.12334453119260491,-1.6327870387067671,0,1.0,1.0
2020-02-04,3111.755244374391,3326.2265537895087,3332.7051800800355,3061.3805711466503,652542.0,21088145780.0,308536.0,0.7490369747250643,13,price_up_oi_down,-1.0417145390317646,0.018088697334949,3416.304754254516,3444.473938149851,3453.868762212819,0,0.0,12.639593809198495,-0.045445304069957615,-4.4428132965395495,12.903104986198699,0.17061857855025764,-1.0417145390317646,0,1.0,1.0
2020-02-05,3331.926728879112,3384.623097423918,3434.193580016913,3323.4690990056265,749316.0,25146156120.0,349329.0,0.7631466188495453,13,price_up_oi_down,-0.23092704120968485,0.017556393916667856,3380.788272947956,3443.2950990584613,3447.5527674879354,0,0.4,12.763769450537925,0.1241756413394306,13.221471724531341,12.818476236005367,0.15978735571637603,-0.23092704120968485,0,1.0,1.0
2020-02-06,3393.067384440278,3450.949638963494,3459.528889345423,3379.8632477181063,545836.0,18372062890.0,358551.0,0.4202476549895564,13,price_up_oi_down,0.010408226158867356,0.01959643352610163,3379.6938908867933,3447.650994706984,3442.5967567778744,0,0.5,12.789826188318127,0.0260567377802019,2.639918243260597,12.788058944919666,0.11452377415778248,0.010408226158867356,0,1.0,1.0
2020-02-07,3434.836390840852,3435.405995444887,3466.879462820973,3415.3353682661927,710588.0,23954995610.0,392965.0,0.5923722469275648,13,price_up_oi_down,1.011777888427262,-0.004504164112715259,3372.8667483232866,3442.9067333218904,3439.5653204571536,0,0.8,12.88147582836128,0.09164964004315301,9.598076703174808,12.776797819428026,0.06978245972043862,1.011777888427262,0,1.0,1.0
2020-02-10,3404.6369677915395,3494.5147080426445,3508.434921388005,3395.457213979584,726109.0,24978255460.0,415249.0,0.5588218009936343,13,price_up_oi_down,1.5449121522486111,0.017205742982381533,3418.3439987328907,3442.9717178823425,3441.437023802212,0,0.9,12.936633619284803,0.055157790923523464,5.67073403483771,12.776797819428026,0.06978245972043862,1.5449121522486111,0,1.0,1.0
2020-02-11,3493.405727449751,3479.920111341428,3522.95432775024,3445.3897431938294,674833.0,23072092910.0,422125.0,0.4691637741491291,13,price_up_oi_down,1.70365197223694,-0.00417643018288838,3449.082710243274,3432.6937322488957,3443.1263888134426,0,1.0,12.953056757687868,0.01642313840306464,1.6558739455120763,12.776797819428026,0.06978245972043862,1.70365197223694,0,1.0,1.0
2020-02-12,3473.198441502235,3410.7568335604124,3489.333860270272,3389.986221429004,704810.0,23982254840.0,436705.0,0.4786703530099211,13,price_up_oi_down,1.4436030876556865,-0.01987496136925815,3454.3094574705733,3417.5488652092645,3437.8368358838843,0,1.0,12.987013188915778,0.033956431227910144,3.453953212910932,12.776797819428026,0.09821835754641395,1.4436030876556865,0,1.0,1.0
2020-02-13,3398.859527917762,3411.446551378635,3429.72617666268,3358.310545318042,810326.0,26953231740.0,454109.0,0.5790993785027707,13,price_up_oi_down,1.53247774465902,0.00020221840837075788,3446.4088399536013,3413.0513654201977,3434.310823156871,0,1.0,13.026092536312674,0.039079347396896225,3.9852990004694,12.776797819428026,0.109722300052983,1.53247774465902,0,1.0,1.0
2020-02-14,3428.3527341879944,3444.4322944916776,3444.820451827503,3382.987576109602,619069.0,20590703970.0,459069.0,0.2990162110253603,13,price_up_oi_down,1.0132036282185566,0.009669136718472915,3448.21409976296,3410.5404240431226,3437.572768046437,0,1.0,13.036955804542128,0.010863268229453382,1.0922487772760725,12.835651008339703,0.134008822209708,1.0132036282185566,0,1.0,1.0
2020-02-17,3447.022284575922,3510.494801266864,3524.819029786129,3419.778742772417,901751.0,30423864020.0,448667.0,0.6980574642595057,13,price_up_oi_down,0.5994003421298894,0.01917950510475519,3451.4101184078036,3434.8770585703473,3444.1637152470553,0,0.8,13.014036243460476,-0.022919561081652162,-2.265890312785235,12.909054723823042,0.11813317399727374,0.5994003421298894,0,1.0,1.0
2020-02-18,3506.605188749553,3513.19607804246,3537.5652035637463,3479.368881714802,689133.0,23391258160.0,453753.0,0.4178812886393731,13,price_up_oi_down,0.7215126998168423,0.0007694860492661881,3458.0653117480097,3453.5740109956423,3449.0239745727463,1,0.8,13.02530827610959,0.011272032649113584,1.1335801384990907,12.944845188486337,0.07521920140023841,0.7215126998168423,0,1.0,1.0
2020-02-19,3524.9761812317724,3602.55799906701,3611.104059160888,3521.2317537687886,1044360.0,35951611720.0,452309.0,0.8367939620060035,13,price_up_oi_down,0.6311177889140438,0.025436075595969054,3496.425544849329,3475.3675011599507,3459.3313001092056,1,0.7,13.022120853565555,-0.0031874225440340354,-0.3182348105688404,12.970034973301823,0.0556654329093087,0.6311177889140438,0,1.0,1.0
2020-02-20,3609.490413594101,3630.17772949588,3657.288341415077,3585.2359433093543,1218458.0,42318471060.0,417916.0,1.070060948469853,13,price_up_oi_down,-1.2508538603564145,0.007666699727255866,3540.1717804727787,3493.2903102131904,3470.470652460087,1,0.3,12.943035734374543,-0.0790851191910118,-7.603872573837711,13.000524716188128,0.030999454239273305,-1.2508538603564145,0,1.0,1.0
2020-02-21,3636.449003209296,3694.605082023495,3696.650178739914,3619.1067941689416,955973.0,33710685680.0,416527.0,0.8307783845385853,13,price_up_oi_down,-1.3232904379437118,0.017747713012542077,3590.206337979142,3519.210218871051,3481.058476096471,1,0.2,12.939706564418296,-0.0033291699562472132,-0.3323634414571952,13.000524716188128,0.030999454239273305,-1.3232904379437118,0,1.0,1.0
2020-02-24,3693.9680130423367,3673.619069450408,3719.79958382135,3653.945714091629,1028807.0,36240729700.0,412251.0,0.9145227703544342,13,price_up_oi_down,-1.547810569446013,-0.005680177476937054,3622.8311916158505,3537.1206550118272,3490.0461864470844,1,0.0,12.929387666131456,-0.010318898286840295,-1.026584110994,13.000524716188128,0.030999454239273305,-1.547810569446013,0,1.0,1.0
2020-02-25,3655.6679176399375,3675.2003812494577,3678.9270853900207,3619.600558481195,1165752.0,40496517270.0,403935.0,1.0598676773929894,13,price_up_oi_down,-1.9912071307015127,0.000430450672526117,3655.2320522572504,3556.6486820026303,3494.671207125763,1,0.0,12.909009252909819,-0.02037841322163736,-2.017217665936477,13.000524716188128,0.030999454239273305,-1.9912071307015127,0,1.0,1.0
2020-02-26,3670.4421935904593,3666.156954030231,3700.563307083966,3646.225127173784,877798.0,30591102510.0,404679.0,0.7743223385818377,13,price_up_oi_down,-1.9511680816891301,-0.0024606623533686145,3667.9518432498944,3582.1886940496124,3499.8687796294384,1,0.1,12.910849439228507,0.0018401863186880973,0.18418805005759875,13.000524716188128,0.030999454239273305,-1.9511680816891301,0,1.0,1.0
2020-02-27,3656.952848002324,3537.508993917849,3666.401009854824,3533.913291155608,1020339.0,34721703970.0,425343.0,0.8749943017513963,13,price_up_oi_down,-0.25576776328629264,-0.03509068534857973,3649.4180961342877,3594.794938303533,3503.9231518618653,1,0.5,12.96065118123323,0.04980174200472298,5.1062694135351805,12.97853598891751,0.04716441729362142,-0.25576776328629264,0,1.0,1.0
2020-02-28,3505.639505974248,3457.514559371248,3530.407482730222,3432.6204005646173,1033776.0,34353954210.0,389852.0,0.9752062172496232,13,price_up_oi_down,-1.2603580952690163,-0.02261321022339091,3601.9999916038387,3596.1031647914906,3503.321794417307,1,0.0,12.87352245890286,-0.08712872233036961,-8.344089358470763,12.951843457803886,0.041914111734723036,-1.2603580952690163,0,1.0,1.0
2020-03-02,3487.5986531616995,3647.409545926916,3650.837447774172,3485.458638423306,1121713.0,38446271560.0,377208.0,1.089815500693455,13,price_up_oi_down,-2.1627753987299565,0.05492239679540223,3596.7580868991404,3609.794639257496,3522.335848913922,0,0.0,12.840552038424274,-0.03297042047858589,-3.243282066014852,12.94137114939642,0.0314418033272581,-2.1627753987299565,0,1.0,1.0
2020-03-03,3680.335268113522,3633.793402435975,3716.7433874301096,3593.988196542028,970985.0,33501669760.0,375866.0,0.949078323288577,13,price_up_oi_down,-2.548422964173629,-0.003733099702539877,3588.4766911364436,3621.8543716968475,3537.7141913462447,0,0.0,12.836987975873802,-0.003564062550472258,-0.3557718818264388,12.934547115274876,0.02582096416170554,-2.548422964173629,0,1.0,1.0
2020-03-04,3651.540773403343,3656.268937188101,3661.179967576778,3572.153112897653,974623.0,33366601280.0,382937.0,0.9341802447674274,13,price_up_oi_down,-1.3711558789891698,0.006185143805109927,3586.4990877680175,3627.2254655089555,3551.2964833344536,0,0.2,12.855625763771059,0.018637787897256786,1.8812555538410436,12.92011855267998,0.03172490512390613,-1.3711558789891698,0,1.0,1.0
2020-03-05,3660.759373549037,3615.557023722532,3673.027654489586,3610.012726111727,807365.0,27841056040.0,398229.0,0.7067486417546465,13,price_up_oi_down,-0.29394128098973354,-0.011134824643637686,3602.1086937289547,3625.7633949316214,3559.526852572405,0,0.4,12.894782495685185,0.03915673191412594,3.993346163990452,12.909929346069163,0.0347566377358417,-0.29394128098973354,0,1.0,1.0
2020-03-06,3590.745518266297,3577.509689995504,3606.4216434960135,3541.8534449806484,840443.0,28434692270.0,398091.0,0.7472485114076384,13,price_up_oi_down,-0.15205109387653953,-0.01052322877979539,3626.1077198538055,3614.0538557288223,3566.632037299937,1,0.4,12.894435901347778,-0.0003465943374063585,-0.03465342805276661,12.901895874297502,0.03309205275771809,-0.15205109387653953,0,1.0,1.0
2020-03-09,3533.465261695229,3606.0173730343367,3631.594725171296,3497.823552316142,808954.0,27694261320.0,368387.0,0.7866080390927002,13,price_up_oi_down,-1.8767085755829465,0.00796858303935677,3617.82928527529,3607.293686087215,3572.207170549521,1,0.0,12.816889295009934,-0.07754660633784383,-7.461610536284413,12.89460919851648,0.027932603614297946,-1.8767085755829465,0,1.0,1.0
2020-03-10,3621.4224330036727,3579.2302045664583,3638.3390379215216,3572.502565706441,507948.0,17452730670.0,360323.0,0.3433782287252744,13,price_up_oi_down,-2.179504427330291,-0.007428463508853844,3606.9166457013866,3597.696668418915,3577.1726752107725,1,0.0,12.794756130391251,-0.02213316461868331,-2.189002326357936,12.88397918012532,0.027611837728723998,-2.179504427330291,0,1.0,1.0
2020-03-11,3578.002979667344,3483.4895712016937,3588.325991646419,3482.3832085507565,624570.0,21160186620.0,396690.0,0.4539082937189507,13,price_up_oi_down,0.5914276870339242,-0.026748945413630154,3572.3607725041047,3579.4299301360616,3580.8093120928365,0,0.6,12.890910398218978,0.09615426782772651,10.09288888025468,12.86457411133696,0.03003508717952119,0.5914276870339242,0,1.0,1.0
2020-03-12,3471.4189535411188,3434.76284829563,3496.615534182401,3383.821379230521,663251.0,21729125500.0,391083.0,0.528233687071022,13,price_up_oi_down,0.28415299637146724,-0.013987905492495623,3536.201937418725,3569.1553155738393,3581.975126938686,0,0.6,12.87667509265493,-0.014235305564048062,-1.4134462678664694,12.86457411133696,0.028723962736988184,0.28415299637146724,0,1.0,1.0
2020-03-13,3420.511494002181,3446.9397257338164,3463.6523977715665,3347.415548183752,626688.0,20310331300.0,363953.0,0.5434240707088407,13,price_up_oi_down,-1.4958735930145903,0.0035451872446532473,3510.0879445663873,3568.0978322100964,3582.100498500793,0,0.1,12.804780017402939,-0.0718950752519909,-6.937146334665578,12.86457411133696,0.026961211172587873,-1.4958735930145903,0,1.0,1.0
2020-03-16,3456.2681945820937,3454.68800582579,3495.496222300691,3422.094501007315,485868.0,16059070630.0,362526.0,0.2928407862103133,13,price_up_oi_down,-0.8608682153747973,0.002247872231164072,3479.822071124677,3548.8256781999835,3579.3101587287397,0,0.1,12.800851474842744,-0.003928542560194259,-0.3920835932112454,12.848088901097666,0.0370105516045216,-0.8608682153747973,0,1.0,1.0
2020-03-17,3447.4885419840984,3450.613771231784,3479.4534537358427,3418.010454697671,369021.0,12066600860.0,359779.0,0.0253635989359572,13,price_up_oi_down,-0.8310559724730929,-0.0011793350331882335,3454.098784457742,3530.5077150795646,3576.1810433882065,0,0.0,12.793245233036467,-0.007606241806277225,-0.7577387552893167,12.846306869822431,0.04306519040801948,-0.8310559724730929,0,1.0,1.0
2020-03-18,3453.43323706151,3348.833763715098,3476.4536969564147,3323.643934109986,603356.0,19440706130.0,376410.0,0.4718284291071176,13,price_up_oi_down,0.035844704920161966,-0.02949620394065522,3427.1676229604236,3499.7641977322646,3563.494831620611,0,0.5,12.838434253821855,0.04518902078538822,4.622559960420247,12.836257529390497,0.040959481131839226,0.035844704920161966,0,1.0,1.0
2020-03-19,3348.2515046234435,3374.9351020323666,3376.960970142853,3273.600606423078,606235.0,19321394870.0,338177.0,0.5836982726220569,13,price_up_oi_down,-1.9303729379815922,0.0077941576557423176,3415.2020737077705,3475.702005563248,3550.732700247435,0,0.0,12.731324706037636,-0.10710954778421922,-10.157275311495528,12.827661774415894,0.03366109270203488,-1.9303729379815922,0,1.0,1.0
2020-03-20,3372.9567739278787,3277.414162272229,3392.480798870521,3262.792752929616,581275.0,18409530250.0,383060.0,0.4170323318548031,13,price_up_oi_down,1.3466899877205607,-0.028895648897488746,3381.2969610154532,3445.69245279092,3529.873154259871,0,0.7,12.855946913856652,0.12462220781901578,13.272043929658196,12.810834656206437,0.02259451039269411,1.3466899877205607,0,1.0,1.0
2020-03-23,3257.27380512756,3275.9277981588243,3301.4517600226886,3219.829874888363,534139.0,16898953670.000002,377802.0,0.3462858558539495,13,price_up_oi_down,0.9340943178924553,-0.00045351732793341704,3345.5449194820603,3412.6834953033695,3509.9885906952923,0,0.7,12.84212552784178,-0.013821386014871706,-1.3726309194382447,12.810834656206437,0.02259451039269411,0.9340943178924553,0,1.0,1.0
2020-03-24,3305.2617587786585,3282.2467245343064,3315.7583296360244,3256.3033535997533,388285.0,12389092899.999998,385823.0,0.0063608909899637,13,price_up_oi_down,1.014599064194607,0.0019288967171477989,3311.871510142565,3382.9851473001536,3490.3409078595346,0,0.8,12.863133994058325,0.02100846621654462,2.123069756115714,12.821607135612396,0.027606453898536998,1.014599064194607,0,1.0,1.0
2020-03-25,3290.562900795549,3252.4294210013995,3297.158808660012,3219.690390442687,448713.0,14071202860.0,422229.0,0.0608356642687206,13,price_up_oi_down,2.1206768288199553,-0.009084418703209307,3292.590641599825,3359.879132280125,3469.6545312080925,0,1.0,12.953303099863131,0.0901691058048062,9.435933057386347,12.840279890831818,0.03594753762599545,2.1206768288199553,0,1.0,1.0
2020-03-26,3221.5692423049,3308.178399326768,3323.62772567038,3207.3801224782324,625014.0,19935157490.0,412339.0,0.4159282229291453,13,price_up_oi_down,1.6759516206805678,0.01714071886245705,3279.239301058705,3347.220687383238,3458.1880014785393,0,0.9,12.929601105538516,-0.023701994324614617,-2.342330820478933,12.840279890831818,0.03594753762599545,1.6759516206805678,0,1.0,1.0
2020-03-27,3302.252279591266,3237.863041176671,3330.3901134616967,3233.4778533899625,577055.0,18317147590.0,439205.0,0.2729713081236198,13,price_up_oi_down,2.744503940783942,-0.02125500794165358,3271.3290768395937,3326.313018927524,3447.20542556881,0,1.0,12.992721553447812,0.06312044790929505,6.515512721328842,12.840279890831818,0.0374641447089763,2.744503940783942,0,1.0,1.0
2020-03-30,3250.908789941514,3228.376370748292,3292.3150699394164,3216.550033069647,557928.0,17661157950.0,455317.0,0.2032360421352898,13,price_up_oi_down,2.33159625707738,-0.002929917142181271,3261.8187913574875,3303.6818554197744,3426.2537668098785,0,1.0,13.028749158644716,0.036027605196904844,3.668446397468239,12.849036220849216,0.051987866909610325,2.33159625707738,0,1.0,1.0
2020-03-31,3250.481455660903,3283.7714447189824,3291.624712005361,3243.339829053019,476991.0,15088523760.0,428194.0,0.1079212588722579,13,price_up_oi_down,1.0663884078773405,0.017158802942746743,3262.1237353944225,3286.997622768494,3408.7526689240294,0,0.8,12.96733164289569,-0.06141751574902621,-5.956948675318607,12.85954045395749,0.06817793625102464,1.0663884078773405,0,1.0,1.0
2020-04-01,3299.107380488342,3276.3688670034985,3318.9962651727355,3252.7793690987323,472746.0,15285773130.0,420981.0,0.1159705443484618,13,price_up_oi_down,0.6338695101705564,-0.0022542913963725653,3266.9116245948426,3279.7511330973334,3389.757665414799,0,0.6,12.95034298100477,-0.016988661890920298,-1.68451683115598,12.89636754979842,0.05743442302063784,0.6338695101705564,0,1.0,1.0
2020-04-02,3280.325871850333,3306.1455780259585,3316.987343283583,3230.42645413353,511650.0,16766805870.0,397560.0,0.2522949314329597,13,price_up_oi_down,-0.48791701712621416,0.009088326812753955,3266.5050603346804,3272.872180696693,3374.2870931299703,0,0.4,12.893101145081943,-0.05724183592282728,-5.563433979205601,12.939972043271643,0.06479377969474331,-0.48791701712621416,0,1.0,1.0
2020-04-03,3307.810201854198,3382.368747219049,3383.805542600128,3283.1528491471413,657936.0,21148878080.0,373074.0,0.5673308707693835,13,price_up_oi_down,-1.4954915849068544,0.023054994825304043,3295.4062015431564,3283.367639191375,3364.5300459911473,0,0.0,12.829532070369888,-0.06356907471205453,-6.159070329007066,12.939972043271643,0.04981020418293447,-1.4954915849068544,0,1.0,1.0
2020-04-07,3464.730801753272,3543.213050701452,3578.44539882711,3445.066892710502,813689.0,28414832160.0,325040.0,0.9176299774360046,13,price_up_oi_down,-3.3618576829599096,0.04755374576312765,3358.3735375337883,3310.096164445638,3361.3898298745034,0,0.0,12.691703530661608,-0.13782853970828057,-12.87519366131119,12.939972043271643,0.04981020418293447,-3.3618576829599096,0,1.0,1.0
2020-04-08,3549.3986674417006,3552.6835044988325,3579.100579713774,3523.528485621246,453094.0,15579495520.0,304968.0,0.3958927564051625,13,price_up_oi_down,-4.224993762456628,0.002672843450806761,3412.155949489758,3337.1398424420904,3360.062494871122,0,0.0,12.62796213205248,-0.0637413986091282,-6.175239970465151,12.939972043271643,0.04981020418293447,-4.224993762456628,0,1.0,1.0
2020-04-09,3567.107296460192,3643.260069676276,3659.863949958045,3563.0371620656947,711640.0,24571743610.0,302542.0,0.8553520547582658,13,price_up_oi_down,-4.333143968671517,0.02549525311296219,3485.534190024314,3376.222907309578,3368.051019794851,1,0.0,12.619975389790445,-0.007986742262033886,-0.7954932976574458,12.939972043271643,0.04981020418293447,-4.333143968671517,0,1.0,1.0
2020-04-10,3636.65535113762,3629.826303916167,3641.729489281695,3598.8159750138134,442173.0,15496163560.0,288573.0,0.4267531213449042,13,price_up_oi_down,-2.799381187588,-0.0036872925630321296,3550.270335202355,3408.3876977685177,3377.804192575878,1,0.0,12.572703365851801,-0.04727202393864438,-4.61721017247193,12.91135112531023,0.08159474153896173,-2.799381187588,0,1.0,1.0
2020-04-13,3702.375152552384,3610.3334449828144,3717.010695567709,3601.62975275374,533621.0,18991396570.0,262727.0,0.7085703789040676,13,price_up_oi_down,-1.726397794493041,-0.005370190554937038,3595.8632747551083,3445.6347381491323,3385.9738785383283,1,0.0,12.478870749227422,-0.09383261662437903,-8.956485880522358,12.861316607725914,0.14941874832034951,-1.726397794493041,0,1.0,1.0
2020-04-14,3611.46125489273,3588.979003129555,3624.954089413572,3573.4500415136813,385114.0,13231677780.0,270326.0,0.3539107562781211,13,price_up_oi_down,-1.0397221471718459,-0.005914811520507879,3605.0164652407293,3481.6950013872583,3392.6884284035164,1,0.1,12.507383917057798,0.028513167830375608,2.8923559436220936,12.760617800515748,0.16427842269462456,-1.0397221471718459,0,1.0,1.0
2020-04-15,3583.579269257519,3641.7753188508937,3659.2220749536286,3570.5316508548544,485902.0,16690895260.0,265563.0,0.6041548568074425,13,price_up_oi_down,-0.7128117483977037,0.014710678350388973,3622.8348281111407,3517.49538880045,3402.246505784472,1,0.1,12.489607379651346,-0.017776537406451354,-1.7619466865933187,12.659832831357043,0.16107407665604523,-0.7128117483977037,0,1.0,1.0
2020-04-16,3639.703287174501,3573.458545504445,3649.881855681343,3562.125801457594,475997.0,16551212590.000002,269633.0,0.5683497765822724,13,price_up_oi_down,-0.6405095369745438,-0.018759194998335338,3608.874523276775,3547.2043566505445,3413.477744873939,1,0.2,12.504817054090415,0.015209674439068621,1.5325930193589077,12.623968760921462,0.12547311256689042,-0.6405095369745438,0,1.0,1.0
2020-04-17,3578.535170416016,3630.561035658344,3633.8308487212953,3573.476866320724,434093.0,15105769640.0,271325.0,0.4699414325267076,13,price_up_oi_down,-0.6154712269224003,0.01597961454617569,3609.02146962521,3579.6459024137826,3426.259041555238,1,0.4,12.511072643314217,0.00625558922380165,0.6275196285322471,12.596339377821124,0.09344323828559631,-0.6154712269224003,0,1.0,1.0
2020-04-20,3614.3275925919,3526.927174291459,3620.813376027292,3509.0220445115565,540484.0,18384099300.0,281494.0,0.6523539014555632,13,price_up_oi_down,0.06994717532800651,-0.02854486134485068,3592.340215486939,3594.1017451210237,3438.7346921561993,0,0.5,12.547866411947515,0.03679376863329864,3.7479038053992664,12.541888004583008,0.05764894014362376,0.06994717532800651,0,1.0,1.0
2020-04-21,3514.658683700792,3531.7266223756087,3543.16925577582,3487.27618142198,408429.0,13823487440.0,274397.0,0.3977421297370325,13,price_up_oi_down,-0.11588304156674731,0.0013608015836374943,3580.88973933615,3592.9531022884394,3451.524633367039,0,0.5,12.522331241829496,-0.02553517011801887,-2.521190504948456,12.529469527630866,0.04154799310022739,-0.11588304156674731,0,1.0,1.0
2020-04-22,3505.55664979992,3471.585798966553,3520.153159977963,3461.105409760836,402963.0,13351944760.0,276163.0,0.3778534752136358,13,price_up_oi_down,0.2788915692328907,-0.017028731223993288,3546.8518353592817,3584.8433317352114,3460.9915870886516,0,0.6,12.528746550085867,0.006415308256370267,0.6435930421979652,12.516701942571856,0.029129516148084456,0.2788915692328907,0,1.0,1.0
2020-04-23,3443.442217807064,3509.733436670408,3523.344254359882,3440.0062141764693,466655.0,15443176050.0,280635.0,0.5085353340172435,13,price_up_oi_down,0.9687860281788697,0.010988533745935669,3534.1068135924747,3571.490668434625,3473.8567878721014,0,0.7,12.54481017158763,0.01606362150176288,1.6193335095578076,12.516701942571856,0.019569585217260155,0.9687860281788697,0,1.0,1.0
2020-04-24,3478.210165955159,3496.738937043796,3520.132543911047,3467.6003444265366,493716.0,16467409070.0,280576.0,0.5651158200794407,13,price_up_oi_down,0.9615391624030584,-0.0037024178220610438,3507.3423938695646,3558.181931747388,3483.2848147579525,0,0.7,12.544599911987524,-0.00021025960010589984,-0.02102374971053589,12.516701942571856,0.019569585217260155,0.9615391624030584,0,1.0,1.0
2020-04-27,3495.3025934455272,3464.307318771274,3497.667606731621,3445.768441429461,377426.0,12589764710.0,284392.0,0.2830209548450805,13,price_up_oi_down,1.427141872731345,-0.009274818296827192,3494.818422765528,3543.5793191262337,3494.607028637683,0,1.0,12.558108847120366,0.013508935132842126,1.3600593065692834,12.516701942571856,0.019569585217260155,1.427141872731345,0,1.0,1.0
2020-04-28,3441.709646824087,3444.601139173837,3466.3762080160027,3408.0722661365608,385825.0,12512814280.0,286699.0,0.2969510138701695,13,price_up_oi_down,1.4305200350758065,-0.0056883462649688354,3477.393326125173,3529.1415327306618,3505.4182670589603,0,1.0,12.566188163898863,0.008079316778497159,0.8112042532842478,12.52553889595768,0.019166145829895953,1.4305200350758065,0,1.0,1.0
2020-04-29,3431.739369581964,3447.318733329111,3451.9921815018083,3401.5435894724324,359955.0,11568534250.0,284178.0,0.2363782212447888,13,price_up_oi_down,0.7798393055346534,0.000788943057693503,3472.5399129976854,3509.695874178484,3513.595631489466,0,0.8,12.557356081374353,-0.008832082524509843,-0.8793194255996561,12.536673231036694,0.017888802645434687,0.7798393055346534,0,1.0,1.0
2020-04-30,3427.941830450457,3556.0628371587004,3557.6179175497573,3424.7136659512084,431581.0,14435216960.0,265639.0,0.4853169660000268,13,price_up_oi_down,-2.5181860115311583,0.03154454584609123,3481.8057930953437,3507.9563033439094,3527.580329997227,0,0.0,12.489893523154265,-0.06746255822008784,-6.52372808591799,12.544705041787577,0.014681148517249554,-2.5181860115311583,0,1.0,1.0
2020-05-06,3412.850943481097,3373.916238301485,3440.938473514476,3355.7263539262326,548828.0,18150510730.0,301534.0,0.5989023162231984,13,price_up_oi_down,3.3047928685107464,-0.051221423017021483,3457.2412533468814,3482.2918236082232,3530.968863011003,0,1.0,12.61663805827728,0.12674453512301476,13.512699565952202,12.544705041787577,0.014681148517249554,3.3047928685107464,0,1.0,1.0
2020-05-07,3383.0920721684192,3374.964318630261,3403.810567801477,3350.825606920488,354562.0,11316422920.0,315739.0,0.1159673019614691,13,price_up_oi_down,5.344641314920555,0.00031064207133479904,3439.372653318679,3467.0955380421037,3530.598641581564,0,1.0,12.662671201917847,0.04603314364056743,4.710911538997364,12.546338291767572,0.014681148517249554,5.344641314920555,0,1.0,1.0
2020-05-08,3380.857977570744,3347.5138838940934,3389.2516980117366,3335.9892759223058,408617.0,13069089050.0,339242.0,0.1860645699928637,13,price_up_oi_down,6.607197810188514,-0.008133548134016566,3419.95520226273,3448.674264193952,3520.813683241196,0,1.0,12.734468995989445,0.07179779407159792,7.443806435061839,12.551083126480991,0.018720806906498133,6.607197810188514,0,1.0,1.0
2020-05-11,3396.201673256998,3355.968647146378,3403.664175076415,3337.9475815144374,444005.0,14392326170.0,333909.0,0.2849673228658293,13,price_up_oi_down,5.153070128199278,0.0025256842975209803,3401.6851850261837,3437.112549011935,3510.977940373573,0,0.9,12.718623779746386,-0.015845216243059568,-1.5720341231333923,12.557732464247358,0.021059233210663386,5.153070128199278,0,1.0,1.0
2020-05-12,3330.2762255803195,3249.914125084948,3334.051110821166,3232.1928604107675,607777.0,18762721020.0,388472.0,0.4475869432331798,13,price_up_oi_down,5.764364120319418,-0.031601761879274215,3340.4554426114328,3411.1306178533887,3491.3106431440074,0,1.0,12.869976374120451,0.15135259437406567,16.340679646251075,12.562148505509615,0.03601907314487818,5.764364120319418,0,1.0,1.0
2020-05-13,3236.246303379658,3222.4408253017227,3248.145810407955,3192.7837765230424,589317.0,18666456790.0,417932.0,0.3436454993481005,13,price_up_oi_down,4.017776597342644,-0.008453546378708432,3310.160360011481,3383.700806679181,3470.941369213285,0,1.0,12.943074018847323,0.07309764472687164,7.583558145760727,12.591413111088071,0.05903564496516189,4.017776597342644,0,1.0,1.0
2020-05-14,3210.018727543368,3271.0768476469884,3282.0197610635564,3207.578902330576,594863.0,18419211760.0,373245.0,0.4660960864504174,13,price_up_oi_down,1.567093134600989,0.015092914030690352,3289.382865814826,3364.3777595667525,3453.9785393464927,0,0.8,12.829990319464425,-0.11308369938289786,-10.692409291463612,12.639654630097564,0.08192216585020429,1.567093134600989,0,1.0,1.0
2020-05-15,3288.170284778063,3305.9628188368347,3309.415871848942,3267.801896862661,419634.0,12988528280.0,361823.0,0.148227760817017,13,price_up_oi_down,0.5666121228968807,0.010664980620966213,3281.0726528033747,3350.513927533052,3439.827730131857,0,0.7,12.7989104209565,-0.031079898507925918,-3.0601883481360614,12.690647490832117,0.1288753681955086,0.5666121228968807,0,1.0,1.0
2020-05-18,3263.682532029205,3304.368891187197,3306.743976920146,3231.4571924676766,455469.0,14025852520.0,367420.0,0.214822049423102,13,price_up_oi_down,0.5546003470006399,-0.0004821371978401823,3270.7527016115378,3336.2189433188605,3422.9574087486717,0,0.7,12.814260886862929,0.015350465906429633,1.5468889484638648,12.726546387867916,0.10667613059357262,0.5546003470006399,0,1.0,1.0
2020-05-19,3306.501255011188,3356.509478760371,3402.691377257748,3302.971149731965,561353.0,18068244750.0,352525.0,0.4652283994265888,13,price_up_oi_down,0.05010166577906421,0.015779287752113236,3292.0717723466223,3316.263607479028,3412.1099554114685,0,0.5,12.77287682070543,-0.04138406615749801,-4.0539437156388525,12.766689708472972,0.08329363831946601,0.05010166577906421,0,1.0,1.0
2020-05-20,3332.878828813617,3365.371588275392,3377.9832867432024,3320.093912172278,448712.0,14027855950.0,366750.0,0.201700839528134,13,price_up_oi_down,0.30165491377358694,0.0026402754322902844,3320.6579249413567,3315.4091424764183,3398.8504830423212,0,0.6,12.812435696005227,0.039558875299796625,4.035174810297071,12.785893620830965,0.05934723296304956,0.30165491377358694,0,1.0,1.0
2020-05-21,3378.272760899586,3418.0634076498263,3421.3263619008662,3348.82422795851,505109.0,15989145300.0,352008.0,0.3611203449565109,13,price_up_oi_down,-0.47602007487017944,0.01565705836407716,3350.055236941924,3319.7190513783744,3393.4072947102395,0,0.3,12.7714091815947,-0.04102651441052707,-4.01963190184047,12.805673058480863,0.04854977670751026,-0.47602007487017944,0,1.0,1.0
2020-05-22,3424.0562257259703,3429.146880199275,3455.38222591076,3407.4419668433384,482935.0,15416689390.0,317953.0,0.417978495912382,13,price_up_oi_down,-2.7360622875356664,0.003242617595871078,3374.692049214412,3327.8823510088937,3388.2783076014225,0,0.0,12.669658852096864,-0.10175032949783613,-9.674496034181079,12.805673058480863,0.033530057330797725,-2.7360622875356664,0,1.0,1.0
2020-05-25,3411.1998480076804,3385.511541098278,3433.427525998971,3371.2518368438723,454944.0,14395610910.0,344248.0,0.2788120065926998,13,price_up_oi_down,-1.1376696780099003,-0.01272483816687997,3390.9205791966283,3330.8366404040835,3383.974594708009,0,0.2,12.749117606842725,0.07945875474586117,8.270090233462346,12.805673058480863,0.033530057330797725,-1.1376696780099003,0,1.0,1.0
2020-05-26,3390.639139702397,3454.7234378669173,3456.3811699262887,3375.611079339554,524469.0,16054867330.0,327901.0,0.469674588624933,13,price_up_oi_down,-2.1163252161420796,0.020443556587666167,3410.5633710179377,3351.3175716822807,3381.2240947678342,0,0.1,12.700467012538367,-0.04865059430435892,-4.748611466152397,12.805673058480863,0.033530057330797725,-2.1163252161420796,0,1.0,1.0
2020-05-27,3453.964487763534,3476.024910421649,3477.9492342571307,3441.5822817755925,332214.0,10231495680.0,320669.0,0.0353699010999678,13,price_up_oi_down,-2.2308409962734874,0.006165898063285935,3432.6940354471894,3376.6759801942726,3380.1883934367265,0,0.1,12.678164717460536,-0.022302295077830436,-2.205543746435701,12.785893620830965,0.03257164001010171,-2.2308409962734874,0,1.0,1.0
2020-05-28,3482.271354564074,3565.3319341758524,3566.528884768847,3454.1223922567865,839810.0,26544916330.0,308519.0,1.0013922459966538,13,price_up_oi_down,-2.1706040478037116,0.02569228531315959,3462.147740752394,3406.101488847159,3385.2396242069563,1,0.0,12.639538708761728,-0.03862600869880772,-3.7889537186319155,12.772143001150067,0.04120529028401165,-2.1706040478037116,0,1.0,1.0
2020-05-29,3575.963549838729,3769.702251281349,3770.4759012694544,3569.3401961133204,599093.0,19606226180.0,277442.0,0.7698049424966091,13,price_up_oi_down,-2.8829178728840663,0.05732154000767342,3530.258814968809,3452.475432091611,3401.494679812332,1,0.0,12.53336718131419,-0.10617152744753788,-10.072961470768405,12.760263394218713,0.053084897215365245,-2.8829178728840663,0,1.0,1.0
2020-06-01,3788.947681586901,3782.898713982908,3825.6563476920815,3756.795480193397,413705.0,14686048220.0,267026.0,0.4378071275105788,13,price_up_oi_down,-3.001889269728489,0.003500664461516312,3609.7362495457346,3500.3284143711817,3418.273678845021,1,0.0,12.495101310918583,-0.03826587039560714,-3.754298195658945,12.724792309690546,0.05160898430428329,-3.001889269728489,0,1.0,1.0
2020-06-02,3775.242702690685,3651.169655327628,3777.081005876381,3635.366293117481,631009.0,21976496620.0,302142.0,0.736423019972373,13,price_up_oi_down,-0.6717903376954308,-0.03482225367767933,3649.0254930378774,3529.794432027907,3423.0290197534678,1,0.2,12.618652384523745,0.12355107360516193,13.15077932485973,12.68931586499945,0.0709475292192625,-0.6717903376954308,0,1.0,1.0
2020-06-03,3655.6822206837433,3647.810444428069,3668.276270068901,3631.696633408312,364325.0,12523001120.0,312109.0,0.154693840647556,13,price_up_oi_down,-0.23578851914395607,-0.0009200369242380324,3683.3825998391612,3558.038317643175,3436.7237300597967,1,0.4,12.651107764754341,0.03245538023059602,3.2987800438204706,12.6739117847787,0.06523261115949008,-0.23578851914395607,0,1.0,1.0
2020-06-04,3639.847527503234,3611.643028450505,3657.324140245775,3588.626413872645,522033.0,17642229410.0,340240.0,0.428079553329867,13,price_up_oi_down,1.269979523906605,-0.00991482877977079,3692.644818694092,3577.396279723243,3448.5576655508094,1,0.8,12.737406529927515,0.08629876517317392,9.013197312477406,12.660383308425603,0.040907314007310625,1.269979523906605,0,1.0,1.0
2020-06-05,3608.033696954852,3652.742097720334,3661.2586742664375,3583.551876665628,578559.0,20071959840.0,337023.0,0.5403893520514124,13,price_up_oi_down,1.1133397626335413,0.011379604503012564,3669.252787981889,3599.7558014753495,3463.819076242121,1,0.8,12.727906456263785,-0.00950007366373029,-0.9455090524335241,12.660383308425603,0.040907314007310625,1.1133397626335413,1,2.0,2.0
2020-06-08,3614.1025628167386,3558.1980841592026,3628.3121928484193,3536.0005647642806,647557.0,21502696460.0,377380.0,0.5399541832276645,13,price_up_oi_down,2.177695774314172,-0.025883024596819015,3624.3126620171474,3617.0244557814412,3473.9305480927624,1,1.0,12.841007916341704,0.11310146007791921,11.974553665476684,12.664636241107438,0.054627035870019824,2.177695774314172,0,1.0,1.0
2020-06-09,3542.588410158448,3577.175800861307,3578.524640425742,3500.5056796538024,751100.0,24958652230.0,394981.0,0.6427011362135701,13,price_up_oi_down,2.740543048069567,0.005333518891652345,3609.5138911238837,3629.2696920808803,3490.29363188158,0,1.0,12.886592941460533,0.04558502511882878,4.663999152048404,12.664636241107438,0.054627035870019824,2.740543048069567,0,1.0,1.0
2020-06-10,3552.850297177752,3522.73515776413,3565.4274869661963,3512.2285542679483,683617.0,22193183740.0,415874.0,0.4970154895092152,13,price_up_oi_down,2.712047365080681,-0.015218889461364737,3584.498833791096,3633.940716815129,3505.3083485047014,0,1.0,12.938137608749207,0.05154466728867391,5.289621526098798,12.664636241107438,0.06802025198821227,2.712047365080681,0,1.0,1.0
2020-06-11,3527.5637330415543,3501.261649985177,3542.4399137202963,3458.755573502787,1255133.0,43037725060.0,425022.0,1.082855889755879,13,price_up_oi_down,1.6403904902753321,-0.006095691789836932,3562.42255809803,3627.5336883960604,3516.81758862161,0,1.0,12.95989621127269,0.021758602523483717,2.1997047182560125,12.689507110509062,0.11117776590897943,1.6403904902753321,0,1.0,1.0
2020-06-12,3488.595389886678,3473.9393751817142,3531.5686373318217,3460.489779183916,968844.0,32848362440.0,426492.0,0.8205099987895641,13,price_up_oi_down,1.1614508135665487,-0.007803551272318798,3526.662013590306,3597.9574007860974,3525.2164164388537,0,1.0,12.963348888410868,0.003452677138177762,0.3458644493695484,12.73265649309565,0.13397027846839382,1.1614508135665487,0,1.0,1.0
2020-06-15,3493.263661853357,3478.713661453541,3505.977774662367,3428.4752716970083,875216.0,29909500230.0,439148.0,0.689634226936038,13,price_up_oi_down,0.9558657194263441,0.0013743147925766586,3510.765129049174,3567.538895533161,3533.9336549521713,0,1.0,12.99259176508236,0.029242876671490947,2.9674648059049735,12.78920722313461,0.14351492199743277,0.9558657194263441,0,1.0,1.0
2020-06-16,3484.1302779661014,3496.170549965878,3527.5731822113385,3464.1163358469857,850931.0,29839933460.000004,467429.0,0.5990835786677248,13,price_up_oi_down,1.1415672204185459,0.005018202189438714,3494.5640788700885,3552.0389849969856,3540.9167085124473,0,1.0,13.055002744519456,0.062410979437096614,6.439970123967242,12.863800428901119,0.11297117924167654,1.1415672204185459,0,1.0,1.0
2020-06-17,3480.591664387381,3431.245681335892,3483.8675363996617,3419.4650362757425,1052200.0,35927496960.0,499981.0,0.7440683915965335,13,price_up_oi_down,1.8684859838040093,-0.018570280740629053,3476.26618358444,3530.382508687768,3544.210413165472,0,1.0,13.12232537668231,0.06732263216285439,6.964052294573153,12.91236527510487,0.07579192437032756,1.8684859838040093,0,1.0,1.0
2020-06-18,3460.955477777129,3582.044592493986,3613.543474713396,3436.6006410936207,1699059.0,60013254520.0,474766.0,1.2750077963056905,13,price_up_oi_down,0.9737126764346578,0.04394873616260053,3492.4227720862023,3527.4226650921164,3552.4094724076795,0,0.9,13.070577330055029,-0.051748046627281497,-5.043191641282297,12.949016910010949,0.08420490152946147,0.9737126764346578,0,1.0,1.0
2020-06-19,3579.3074766197515,3586.331270020954,3614.219622042941,3553.315673428115,900821.0,32333464670.0,456709.0,0.679260143137163,13,price_up_oi_down,0.5621429535119785,0.0011967124965308606,3514.90115105405,3520.781582322178,3560.268691898763,0,0.7,13.031801705569677,-0.038775624485351656,-3.803347333212681,12.96162254984178,0.08420490152946147,0.5621429535119785,0,1.0,1.0
2020-06-22,3622.280369957085,3586.1461669032046,3649.3284878631966,3570.6655676322216,991315.0,35984029030.0,460111.0,0.7675645798479285,13,price_up_oi_down,0.6314105605184035,-5.161350243820806e-05,3536.387652143983,3523.576390596578,3570.3004231890104,0,0.7,13.039223043703892,0.00742133813421475,0.7448944513902989,12.977970326746615,0.06543189829795182,0.6314105605184035,0,1.0,1.0
2020-06-23,3589.5083328462865,3706.081007935082,3707.532644310013,3570.579537186829,1243012.0,44376722830.0,450783.0,1.0143066748087772,13,price_up_oi_down,0.0872833022897741,0.03344393548114821,3578.3697437378237,3536.4669113039554,3582.868301692418,0,0.5,13.018741349700223,-0.02048169400366895,-2.0273368817523174,13.012196735326018,0.050574185484238754,0.0872833022897741,0,1.0,1.0
2020-06-24,3692.323385226896,3697.384647713901,3707.4224784590906,3671.079160576776,818047.0,29744176040.0,440182.0,0.6197315144128529,13,price_up_oi_down,-0.5246082690581059,-0.0023465110996121474,3631.5975370134256,3553.9318602989333,3593.936288557031,0,0.4,12.994943556734142,-0.023797792966080422,-2.351685844408602,13.025271527634949,0.038992782486334754,-0.5246082690581059,0,1.0,1.0
2020-06-29,3665.1474331406,3704.988102722721,3737.215891181744,3656.955632618604,829196.0,30603861170.0,435814.0,0.6432410098008821,13,price_up_oi_down,-0.8628290368367797,0.002056441439903134,3656.1862390591727,3574.304505572687,3600.9190969843744,0,0.2,12.984970825804568,-0.00997273092957407,-0.9923168144085337,13.025271527634949,0.03150386672669825,-0.8628290368367797,0,1.0,1.0
2020-06-30,3700.28261077093,3751.210365818628,3752.060979729341,3680.421876038146,689688.0,25109565590.0,435161.0,0.460523243861237,13,price_up_oi_down,-0.8949323393731896,0.012475684621480632,3689.1620582187074,3602.031604636379,3599.994502711238,1,0.1,12.98347135653771,-0.001499469266859066,-0.14983456245104554,13.025271527634949,0.03150386672669825,-0.8949323393731896,0,1.0,1.0
2020-07-01,3760.997664656634,3807.5361838268745,3814.48763415248,3758.430685998503,669955.0,25475884740.0,437281.0,0.4266345369088981,13,price_up_oi_down,-0.7908822903032116,0.01501537171081968,3733.4400616034413,3634.913856873712,3601.2263762034368,1,0.2,12.988331288023533,0.00485993148582331,0.48717601071801564,13.025271527634949,0.03150386672669825,-0.7908822903032116,0,1.0,1.0
2020-07-02,3809.7048336606495,3824.9434984696127,3849.494004713058,3805.231166357576,659273.0,25085044360.000004,439758.0,0.404913137148445,13,price_up_oi_down,-0.627516152338328,0.004571805441187626,3757.2125597103477,3667.7911517240855,3609.9150683605358,1,0.3,12.993979854588963,0.005648566565430002,0.5664549797497864,13.025271527634949,0.033634105256111546,-0.627516152338328,0,1.0,1.0
2020-07-03,3826.798809064718,3809.4964781963977,3832.586670749133,3802.755226173105,522977.0,19970938220.0,436992.0,0.1796225977505884,13,price_up_oi_down,-0.5716512418664956,-0.004038496327957608,3779.6349258068467,3705.616231410136,3617.9993700489517,1,0.2,12.987670167274002,-0.006309687314960399,-0.6289823039035913,13.006842453217182,0.022621362046042925,-0.5716512418664956,0,1.0,1.0
2020-07-06,3804.7297898172887,3821.860595948965,3837.899441586616,3784.297333878869,617492.0,23489050400.0,439937.0,0.3390345781099925,13,price_up_oi_down,-0.0049326973412739785,0.003245604195549978,3803.009424452096,3729.597831755634,3628.510248423875,1,0.5,12.994386813824766,0.006716646550763983,0.6739253807850121,12.994461705661553,0.010240614490414579,-0.0049326973412739785,0,1.0,1.0
2020-07-07,3826.572266610645,3871.512708946946,3882.024196909987,3826.29186599593,629834.0,24396854850.0,418288.0,0.4092861021101205,13,price_up_oi_down,-4.311225384981352,0.012991607556437357,3827.0698930777594,3758.115975648233,3639.4487789852055,1,0.0,12.94392546947397,-0.05046134435079708,-4.920931860698252,12.994183334206864,0.007862837667579115,-4.311225384981352,0,1.0,1.0
2020-07-08,3880.482864758671,3882.0532694858302,3889.153866694641,3854.129915020644,411387.0,15951747010.0,419959.0,-0.020622710161787,13,price_up_oi_down,-5.84937912991416,0.0027225948437481495,3841.97331020955,3787.7066859064957,3655.641538251538,1,0.1,12.947912366446882,0.003986896972913101,0.39948552193709297,12.991155571306248,0.004986365464787035,-5.84937912991416,0,1.0,1.0
2020-07-09,3896.574273463555,3826.70355241365,3906.684623630301,3811.011622726998,788848.0,30467634400.0,438941.0,0.586208645676181,13,price_up_oi_down,0.44942282296250796,-0.014257845843395955,3842.3253209983573,3799.7689403543527,3668.1179258291545,1,0.6,12.992120286669955,0.04420792022307296,4.519965044206664,12.988000727648767,0.0061826065580969924,0.44942282296250796,0,1.0,1.0
2020-07-10,3822.898216551004,3828.16349006324,3841.356525817401,3800.478886989944,557979.0,21365305890.0,432485.0,0.2547736835749448,13,price_up_oi_down,-1.3732829501588786,0.0003815131299285124,3846.058723371726,3812.8468245892864,3683.3893424441094,1,0.2,12.97730292267171,-0.014817363998245625,-1.4708127060355292,12.988000727648767,0.005254249025626656,-1.3732829501588786,0,1.0,1.0
2020-07-13,3839.354076914138,3902.5719284775646,3904.960687761159,3831.3238054479207,573356.0,22280563370.0,406362.0,0.3442624272861283,13,price_up_oi_down,-7.14833359067082,0.019437110929945156,3862.200989877446,3832.605207164771,3703.454856368729,1,0.0,12.914999666937636,-0.062303255734073915,-6.040209487034298,12.986320496539285,0.006729574090173607,-7.14833359067082,0,1.0,1.0
2020-07-14,3900.989760097236,3874.954888636733,3942.537326052239,3849.804746707714,760020.0,29860271190.0,386887.0,0.675212087995179,13,price_up_oi_down,-9.681032222571776,-0.007076625452898555,3862.8894258154032,3844.9796594465815,3723.5056320414797,1,0.0,12.865887939710554,-0.049111727227082014,-4.79252489159917,12.985570761905855,0.008338465958626529,-9.681032222571776,0,1.0,1.0
2020-07-15,3880.369906650928,3902.370462294297,3913.094935093575,3857.0783322536186,481571.0,18946224630.0,392434.0,0.2046853060177716,13,price_up_oi_down,-5.902716200780466,0.007075069115761723,3866.9528643770964,3854.463087293324,3744.688472083518,1,0.1,12.88012364919908,0.014235709488525927,1.433751974090658,12.982486544972856,0.01169678923400852,-5.902716200780466,0,1.0,1.0
2020-07-16,3912.314430759835,3881.976200293623,3919.006331110998,3870.889375108506,441261.0,17386747260.0,380761.0,0.1474646554092995,13,price_up_oi_down,-2.4965797721780487,-0.0052261214555943125,3878.007393953091,3860.1663574757245,3763.9787545999047,1,0.0,12.849927160688088,-0.03019648851099177,-2.9745129117252356,12.962607644559295,0.030442426070163897,-2.4965797721780487,0,1.0,1.0
2020-07-17,3887.699178861895,3870.071981459402,3911.4603110665785,3862.729571725594,442285.0,17413406150.0,373235.0,0.1697462225960233,13,price_up_oi_down,-1.7784766715520135,-0.0030665357591116438,3886.389092232324,3866.2239078020248,3785.9200696060807,1,0.0,12.829963527052033,-0.019963633636054468,-1.976567978338195,12.945918917960427,0.04397630901155214,-1.7784766715520135,0,1.0,1.0
2020-07-20,3889.884579052701,3984.417834853209,3995.747801805056,3882.8507938625744,654361.0,26096391920.0,391918.0,0.5126065527005368,13,price_up_oi_down,-0.6101271874841662,0.029546182588233716,3902.758273507453,3882.479631692449,3806.038731724042,1,0.3,12.878807913217173,0.04884438616513975,5.0056934639034045,12.929462568205803,0.05599831873543781,-0.6101271874841662,0,1.0,1.0
2020-07-21,4014.7297772492616,4054.601263166034,4072.442176097668,3994.220054852721,661906.0,26830710640.0,362106.0,0.6031865652546085,13,price_up_oi_down,-1.4045359260288979,0.017614474992784235,3938.6875484133134,3900.788487114358,3829.452231381296,1,0.0,12.799692265624737,-0.07911564759243639,-7.60669323685047,12.897561658068359,0.04699915439294067,-1.4045359260288979,0,1.0,1.0
2020-07-22,4043.483274118459,4021.932147742818,4074.6766862765407,4009.8421505187007,552258.0,22521681390.0,317985.0,0.5520111165318246,13,price_up_oi_down,-3.3267021585526613,-0.00805729424493562,3962.599885503017,3914.7763749400574,3851.241530423276,1,0.0,12.669759490838462,-0.1299327747862744,-12.184553694222178,12.879465781208125,0.04251806994280116,-3.3267021585526613,0,1.0,1.0
2020-07-23,4050.073504171221,4084.272616669468,4088.083114895305,4042.783970452562,483897.0,20006499170.0,321378.0,0.4092540737204008,13,price_up_oi_down,-3.0454140007109674,0.015500129449383282,4003.059168778186,3940.5332813656387,3870.151110859996,1,0.1,12.68037327941377,0.010613788575307481,1.0670314637484024,12.872347926463863,0.04251806994280116,-3.0454140007109674,0,1.0,1.0
2020-07-24,4084.933026264331,4119.67387291365,4141.689726069523,4081.864196457947,531441.0,22164614760.0,311489.0,0.5342281604327952,13,price_up_oi_down,-3.3121386557814003,0.008667701587718568,4052.9795470690356,3969.6843196506793,3891.265572119983,1,0.0,12.649119303584522,-0.03125397582924805,-3.077061902183731,12.857907550199322,0.04251806994280116,-3.3121386557814003,0,1.0,1.0
2020-07-27,4207.959742594445,4060.062105231447,4239.490202573413,4054.981131443912,723883.0,30459777560.0,298751.0,0.8850193265962746,13,price_up_oi_down,-3.9007858315867385,-0.014470021055342008,4068.108401144683,3985.433337326068,3909.0192722454194,1,0.0,12.60736572950259,-0.04175357408193214,-4.08938999451035,12.83994534387006,0.04021569178717144,-3.9007858315867385,0,1.0,1.0
2020-07-28,4081.442154560513,4004.935230714897,4087.254853424097,4003.493056016791,492567.0,20203579399.999996,294476.0,0.5144329862555007,13,price_up_oi_down,-2.315247673421971,-0.013577840212226855,4058.175194654456,3998.4313715338844,3921.7055154902328,1,0.0,12.592952784695232,-0.014412944807357775,-1.4309575532801655,12.814827896338386,0.06463788486974043,-2.315247673421971,0,1.0,1.0
2020-07-29,4009.708858615761,3984.106749304309,4033.082887753486,3981.955543383071,384063.0,15631206680.0,295749.0,0.2612954800123175,13,price_up_oi_down,-0.9590720205007501,-0.005200703684506314,4050.6101149667543,4006.6050002348857,3930.534043764105,1,0.1,12.597266400600766,0.004313615905534363,0.43229329385081616,12.740032772519253,0.10040392855178304,-0.9590720205007501,0,1.0,1.0
2020-07-30,4008.892337640905,4002.898578994248,4081.676550061351,3991.832905236012,622962.0,25700321690.0,289654.0,0.7657984145248888,13,price_up_oi_down,-0.8319615366768827,0.004716698339777281,4034.33530743171,4018.697238104948,3939.4317977903365,1,0.0,12.57644238619983,-0.02082401440093662,-2.060869182989533,12.675066385126115,0.07995679247811616,-0.8319615366768827,0,1.0,1.0
2020-07-31,4021.759028743585,4017.577500478807,4043.015185764595,3995.259538721405,381413.0,15606938040.0,271508.0,0.339891172665727,13,price_up_oi_down,-1.5485393773497549,0.003667073045914515,4013.916032944742,4033.4477900068887,3949.835848904457,0,0.0,12.511746883852034,-0.06469550234779575,-6.2647158333736686,12.659439397211493,0.06432980456349391,-1.5485393773497549,0,1.0,1.0
2020-08-03,3997.7419171510287,3956.44901244505,4000.09207491466,3940.891610744104,456754.0,18363749150.0,274567.0,0.5089496414331759,13,price_up_oi_down,-1.5220881868616543,-0.015215260446493462,3993.193414387462,4030.650907766073,3956.5652697292617,0,0.1,12.522950590294728,0.011203706442694639,1.1266703006908463,12.628242516543555,0.04665855231931637,-1.5220881868616543,0,1.0,1.0
2020-08-04,3950.502864198604,3958.438341543812,3985.289105676108,3937.71746782433,312791.0,12578882650.0,275461.0,0.1270891781049609,13,price_up_oi_down,-0.8987340015696097,0.0005028067068486575,3983.894036553245,4021.0346156038504,3960.9115513591046,0,0.2,12.526201336755882,0.003250746461153753,0.32560358673843215,12.602316065051678,0.05712333215981413,-0.8987340015696097,0,1.0,1.0
2020-08-05,3955.660015754064,3938.1802242327294,3974.407068946126,3936.150864532724,271638.0,10866139600.0,274447.0,-0.0102878664507621,13,price_up_oi_down,-0.7967172480515556,-0.005117704398341583,3974.708731538929,4012.659423252842,3963.7178990964485,0,0.1,12.522513442965478,-0.0036878937904045728,-0.3681101861968794,12.595109592647999,0.06145898341431977,-0.7967172480515556,0,1.0,1.0
2020-08-06,3941.9799049775897,3857.836123887945,3953.151446965208,3849.37208786105,500226.0,19716774330.0,283934.0,0.5663181795137094,13,price_up_oi_down,-0.31637485969711454,-0.02040132644270687,3945.6962405176687,3990.015773974689,3965.2745276701644,0,0.4,12.55649709576939,0.033983652803913245,3.456769430891904,12.58469758544753,0.060121621922225366,-0.31637485969711454,0,1.0,1.0
2020-08-07,3839.189504148447,3821.667696742621,3847.890840829437,3736.278176544497,615708.0,23607416110.0,265029.0,0.8429335712126375,13,price_up_oi_down,-1.3109344424195908,-0.009375314550394531,3906.514279770431,3960.215156357587,3964.9497380041335,0,0.0,12.487594532943165,-0.06890256282622609,-6.65823747772365,12.56646974098461,0.040582196373353696,-1.3109344424195908,0,1.0,1.0
2020-08-10,3731.150692263115,3748.11387611838,3791.5765967501534,3709.6693414734073,465854.0,17624973060.0,310829.0,0.4046293585805207,13,price_up_oi_down,2.20291244907099,-0.01924652441313357,3864.847252505098,3929.02033344628,3957.226835386174,0,1.0,12.646998200716054,0.15940366777288872,17.281127725644964,12.541349216262637,0.032347751173897876,2.20291244907099,0,1.0,1.0
2020-08-11,3739.951791682464,3681.148295160237,3764.116647406489,3673.2276268044216,540483.0,20125378190.0,355224.0,0.419714607822703,13,price_up_oi_down,4.9866710456485785,-0.017866474491296414,3809.389243228382,3896.6416398908136,3947.53650571235,0,1.0,12.780503855385135,0.13350565466908115,14.282772842945924,12.541349216262637,0.032347751173897876,4.9866710456485785,0,1.0,1.0
2020-08-12,3669.7557753660544,3715.034930995624,3749.991613647039,3645.283298068052,680906.0,25200314470.0,341645.0,0.6896520780572842,13,price_up_oi_down,4.173964936723247,0.00920545251598237,3764.7601845809613,3869.7344580599456,3938.1697291474156,0,0.9,12.741527465241596,-0.03897639014353871,-3.8226583789384594,12.541349216262637,0.032347751173897876,4.173964936723247,0,1.0,1.0
2020-08-13,3697.9001149174487,3682.852786638629,3730.2076567900735,3676.096168888265,457456.0,16905782850.0,364274.0,0.2277743735097189,13,price_up_oi_down,5.511241467782168,-0.008662676113349588,3729.7635171310985,3837.729878824384,3928.213558464666,0,1.0,12.805661610699508,0.06413414545791163,6.623541980711067,12.541349216262637,0.032347751173897876,5.511241467782168,0,1.0,1.0
2020-08-14,3675.97829317844,3650.741710500786,3693.844541179908,3649.080137363149,447338.0,16385105230.0,376229.0,0.1731164604479221,13,price_up_oi_down,4.799996692405162,-0.008719076758740285,3695.5783198827316,3801.0462998265816,3917.247044916735,0,1.0,12.837953279534078,0.032291668834570686,3.2818702405333022,12.541349216262637,0.04167850786503724,4.799996692405162,0,1.0,1.0
2020-08-17,3696.223089251536,3742.1821225199305,3755.539754563871,3689.302006514551,574334.0,21309056880.0,333660.0,0.5430885981977243,13,price_up_oi_down,0.8100707624434196,0.025047077900945514,3694.3919691630413,3779.619610834069,3905.135259300071,0,0.6,12.717877789409664,-0.12007549012441388,-11.314651448984625,12.601747648242721,0.0966936602884001,0.8100707624434196,0,1.0,1.0
2020-08-18,3758.771417193638,3718.692578450231,3768.180194260802,3708.5190459883006,394726.0,14712859390.0,348310.0,0.1250989654728488,13,price_up_oi_down,0.4245141914849484,-0.006276964428947207,3701.90082582104,3755.6450345247117,3888.339825064281,0,0.7,12.760848166823367,0.042970377413702465,4.390697116825515,12.682437995062859,0.12458225746505835,0.4245141914849484,0,1.0,1.0
2020-08-19,3725.2652651300727,3749.688678673391,3750.862775210224,3681.043894558385,467291.0,17298095930.0,346417.0,0.2993089382480698,13,price_up_oi_down,0.21847065268171253,0.00833521447908403,3708.8315753565935,3736.7958799687776,3874.7276516108095,0,0.6,12.75539853067869,-0.0054496361446769725,-0.543481381527966,12.72970262732563,0.07933170499172704,0.21847065268171253,0,1.0,1.0
2020-08-20,3747.1607689891375,3654.2092045383056,3752.6256956031816,3651.800093848961,564371.0,20780189870.0,381464.0,0.3916953547393051,13,price_up_oi_down,1.5616588903631643,-0.02546330704149702,3703.102858936529,3716.433188033813,3853.224481004251,0,1.0,12.851771760902809,0.0963732302241187,10.116997722398246,12.748462997960143,0.0446197350821782,1.5616588903631643,0,1.0,1.0
2020-08-21,3650.235558414876,3629.3550881171377,3657.8453020444585,3613.201554511686,464094.0,16783898390.0,409228.0,0.1258146599813727,13,price_up_oi_down,2.518732805861566,-0.006801503425228228,3698.825534459799,3697.2019271712647,3828.7085417644257,0,1.0,12.922027736916101,0.07025597601329281,7.278275276303869,12.758123348751027,0.043891910644921595,2.518732805861566,0,1.0,1.0
2020-08-24,3651.9288819663134,3633.6561835802713,3665.0614815829103,3624.074344612201,393996.0,14236970560.0,421091.0,-0.0665082053817668,13,price_up_oi_down,2.764972562563771,0.0011850853274775197,3677.1203466718675,3685.7561579174544,3807.388245681867,0,1.0,12.950604241326038,0.028576504409937087,2.8988729998924434,12.77067601110425,0.043891910644921595,2.764972562563771,0,1.0,1.0
2020-08-25,3649.429459846156,3623.4021949360495,3653.235464388756,3611.841362622373,339832.0,12256538170.0,453954.0,-0.2895444934752708,13,price_up_oi_down,3.2549934602983726,-0.0028219479571450767,3658.062269969031,3679.981547895036,3788.3115938929245,0,1.0,13.025751150304202,0.075146908978164,7.804251337596835,12.793082733042322,0.04821290714624116,3.2549934602983726,0,1.0,1.0
2020-08-26,3632.3125958432215,3661.0242457175978,3673.065609474049,3592.880099779413,704334.0,25378467580.0,443501.0,0.4625526189305084,13,price_up_oi_down,1.661275495539432,0.010383073354133243,3640.329383377872,3674.5804793672332,3772.1574687135894,0,0.9,13.002455335520661,-0.023295814783541147,-2.302656216268495,12.821807445116793,0.07334444715665,1.661275495539432,0,1.0,1.0
2020-08-27,3647.378196299313,3630.8951621978713,3668.473115706071,3622.835184621732,485206.0,17566187860.0,479846.0,0.0111083239374826,13,price_up_oi_down,1.8379386071254986,-0.00822968696669224,3635.6665749097856,3669.3847169231567,3753.55729787377,0,1.0,13.081220498072716,0.07876516255205424,8.195020980786927,12.844862520218443,0.08673917146741505,1.8379386071254986,0,1.0,1.0
2020-08-28,3614.7871594081166,3601.927620269403,3628.254189720608,3593.049878315869,565342.0,20226334640.0,506675.0,0.1095610853495348,13,price_up_oi_down,1.3887246729729485,-0.007978071697044897,3630.1810813402385,3664.503307900019,3732.7748038633,0,1.0,13.135625051387514,0.05440455331479832,5.591168833334015,12.886899748909455,0.12080358434864724,1.3887246729729485,0,1.0,1.0
2020-08-31,3562.5747299195978,3582.8264070348764,3598.4836798075685,3538.9497404523904,525171.0,18646714980.0,502866.0,0.0434001908258807,13,price_up_oi_down,1.1038881028222463,-0.005303053044996564,3620.01512603116,3648.5677363515133,3714.093673592791,0,0.9,13.128079012000212,-0.007546039387301917,-0.7517639512507834,12.93631598912107,0.1171698350673891,1.1038881028222463,0,1.0,1.0
2020-09-01,3588.154658263774,3583.850233427833,3605.060334684403,3576.081728414724,345061.0,12301753620.0,496299.0,-0.3634573546847937,13,price_up_oi_down,0.8137090620563334,0.0002857594191407742,3612.1047337295167,3635.0835018492735,3695.3642681869924,0,0.8,13.114933846663165,-0.013145165337046905,-1.3059144980969828,12.976529788423349,0.1147243685849535,0.8137090620563334,0,1.0,1.0
2020-09-02,3585.8465446318805,3490.792557279864,3590.578954422252,3488.941259768186,629236.0,22019264400.0,552943.0,0.1292514629903571,13,price_up_oi_down,1.460874547089689,-0.02596583843822131,3578.0583960419694,3609.1938897099208,3672.9948848393497,0,1.0,13.223010201050919,0.10807635438775343,11.413281106752237,13.014103242912432,0.09645305487353184,1.460874547089689,0,1.0,1.0
2020-09-03,3492.0768790959064,3434.241317476758,3500.637086881159,3422.855110317947,640322.0,22113954500.0,553209.0,0.1462353061900295,13,price_up_oi_down,1.463220224203185,-0.016200114694633228,3538.727627097747,3587.197101003766,3651.8151445187896,0,1.0,13.223491147620878,0.0004809465699597837,0.04810622433049083,13.05348582418846,0.07836620750540302,1.463220224203185,0,1.0,1.0
2020-09-04,3440.300381222364,3442.831152876904,3483.900301259296,3422.9104816870145,621737.0,21333044219.999996,538878.0,0.1430279735339568,13,price_up_oi_down,0.7965261662196202,0.002501232326462599,3506.9083336192466,3568.5447074797426,3632.8733173255036,0,0.8,13.197244479187733,-0.026246668433145715,-2.5905218461737323,13.09807717236794,0.08397392945550841,0.7965261662196202,0,1.0,1.0
2020-09-07,3442.327664636098,3471.808678547084,3486.9980924148435,3425.0727593373144,547791.0,18781603750.000004,513450.0,0.0647411736959317,13,price_up_oi_down,0.21554262067517455,0.008416772238733161,3484.704787921689,3552.359956976424,3619.0580574469386,0,0.7,13.148907932626441,-0.04833654656129127,-4.718693284936526,13.121506429331689,0.08574666444176504,0.21554262067517455,0,1.0,1.0
2020-09-08,3481.778181316214,3554.28879836105,3570.260708425222,3472.227197273148,736944.0,25650323420.0,465664.0,0.4590475615691052,13,price_up_oi_down,-0.9374926468928294,0.02375710399124964,3478.7925009083324,3545.4486173189243,3612.7150826069796,0,0.2,13.051219622997685,-0.09768830962875619,-9.306845846723133,13.131852031693864,0.0580119905575085,-0.9374926468928294,0,1.0,1.0
2020-09-09,3542.995328773429,3482.833733859621,3556.96930633326,3478.6455276095653,601804.0,20952639530.0,481866.0,0.2222657437999683,13,price_up_oi_down,-0.539837852480001,-0.02010389941705859,3477.200736224284,3527.6295661331264,3601.105022750179,0,0.3,13.085421346082512,0.03420172308482705,3.4793327377680594,13.131852031693864,0.0580119905575085,-0.539837852480001,0,1.0,1.0
2020-09-10,3495.401913985118,3517.015526632624,3528.713194150854,3491.7771494837525,407898.0,14089161460.0,464299.0,-0.1295115980947205,13,price_up_oi_down,-1.161437518489795,0.009814362494738882,3493.7555780554567,3516.241602576602,3592.8131597498796,0,0.0,13.04828402022581,-0.03713732585670293,-3.645619321554283,13.131852031693864,0.04853110961624996,-1.161437518489795,0,1.0,1.0
2020-09-11,3528.748341410472,3503.6855354230047,3541.008033008284,3487.931520996751,508908.0,17550844420.0,476343.0,0.0661290706843427,13,price_up_oi_down,-0.6991848401813793,-0.003790142838062005,3505.9264545646765,3506.4173940919623,3585.460350995991,0,0.2,13.073893461949803,0.025609441723993598,2.5940180788673883,13.131852031693864,0.055911566552610203,-0.6991848401813793,0,1.0,1.0
2020-09-14,3507.4124405894777,3495.3604435256075,3546.358868893548,3488.9025345631453,510818.0,17666179930.000004,493861.0,0.0337592613026405,13,price_up_oi_down,-0.13154653739913102,-0.002376095632221742,3510.6368075603814,3497.6707977410347,3573.119267046274,0,0.4,13.110009380058042,0.03611591810823889,3.6776020640589158,13.121506429331689,0.058949886857944556,-0.13154653739913102,0,1.0,1.0
2020-09-15,3491.828106529728,3556.7224949990905,3565.728502978777,3467.678808652719,609196.0,21141203050.0,467415.0,0.2649225409952752,13,price_up_oi_down,-0.7769682047066533,0.017555285775217477,3511.1235468879895,3494.9580238981607,3565.0207628737176,0,0.2,13.05497279299813,-0.05503658705991121,-5.354948052184849,13.112471613360604,0.04991507088686031,-0.7769682047066533,0,1.0,1.0
2020-09-16,3552.770868029542,3577.8027106869745,3588.4597085909827,3548.789879459488,476755.0,16867583820.0,452579.0,0.0520403985654711,13,price_up_oi_down,-1.054661273735849,0.005926865454789931,3530.1173422534603,3503.6590392388716,3556.426464474396,0,0.0,13.022717612519179,-0.03225518047895193,-3.174053036380875,13.097715363070277,0.04796354145852977,-1.054661273735849,0,1.0,1.0
2020-09-17,3577.09112707209,3527.336563012949,3599.7253137010766,3526.002427959146,705768.0,24899399600.0,438640.0,0.4756075404947109,13,price_up_oi_down,-1.9280782418832,-0.01410534670435637,3532.1815495295245,3512.968563792491,3550.0828323981286,0,0.0,12.99143431007793,-0.031283302441249106,-3.079904281904444,13.079657404016157,0.030862679916116242,-1.9280782418832,0,1.0,1.0
2020-09-18,3531.249583525406,3550.5066999693872,3557.940884951828,3524.510255544247,375006.0,13144204560.0,431196.0,-0.1396207172715009,13,price_up_oi_down,-1.9386981416015576,0.006568734381458441,3541.545782438802,3523.736118501739,3546.140412990741,0,0.0,12.97431802209605,-0.017116287981879807,-1.6970636512857795,13.064433127473967,0.03135186678166679,-1.9386981416015576,0,1.0,1.0
2020-09-21,3541.42036900539,3502.690576445624,3572.5783593135666,3486.796310904021,727399.0,25243068450.0,421306.0,0.5461157472759263,13,price_up_oi_down,-2.193987118617897,-0.013467408334752684,3543.0118090228048,3526.8243082915933,3539.592132634009,0,0.0,12.951114689498738,-0.023203332597312,-2.29362053451323,13.053096207997907,0.03135186678166679,-2.193987118617897,0,1.0,1.0
2020-09-22,3514.385675142088,3624.263492121878,3631.990675399352,3501.602476369651,757539.0,26818088630.0,380611.0,0.6882971650282182,13,price_up_oi_down,-4.30741986827638,0.034708437135095194,3556.5200084473627,3533.8217776676765,3539.6351974933,0,0.0,12.849533135160643,-0.1015815543380949,-9.659250046284706,13.049751821611746,0.03135186678166679,-4.30741986827638,0,1.0,1.0
2020-09-23,3606.716761339818,3612.603995437292,3626.5172693125296,3592.028411057361,439043.0,15664885720.0,358559.0,0.2025041370492833,13,price_up_oi_down,-3.5258100353573782,-0.0032170665046651337,3563.4802653974257,3546.798803825443,3537.2141849792847,1,0.0,12.789848500097353,-0.059684635063289804,-5.793842006668193,13.035500816372494,0.046993518002291346,-3.5258100353573782,0,1.0,1.0
2020-09-24,3615.662313163305,3624.118186407448,3650.8535404942895,3604.816755928511,426939.0,15326009550.0,340716.0,0.2255918601797023,13,price_up_oi_down,-3.4844960951492725,0.003187227546860516,3582.836590076326,3557.5090698029258,3536.875336189764,1,0.0,12.738804564683148,-0.05104393541420471,-4.976307943741498,13.007075961298554,0.05192905174969642,-3.4844960951492725,0,1.0,1.0
2020-09-25,3642.433676363818,3675.566198795639,3698.1494169470993,3636.2865847743847,548663.0,19810452120.0,316184.0,0.5511600870694291,13,price_up_oi_down,-2.636505005169235,0.014196008447282749,3607.848489841576,3574.6971361401893,3540.5572651160755,1,0.0,12.664079601591725,-0.07472496309142329,-7.200131487808026,12.982876166086989,0.08155696138697799,-2.636505005169235,0,1.0,1.0
2020-09-28,3695.684751810263,3698.017164747359,3724.169526792636,3687.49886612398,388024.0,14152360190.0,298111.0,0.2636012930081658,13,price_up_oi_down,-2.3474259605459196,0.006108165310442892,3646.913807501923,3594.962808262364,3546.3168030016996,1,0.0,12.605221179354364,-0.058858422237360486,-5.715975507932081,12.962716355797394,0.10271982891874387,-2.3474259605459196,0,1.0,1.0
2020-09-29,3695.159820909097,3712.648728177726,3713.461523258793,3666.926243855894,322714.0,11671661070.0,273230.0,0.1664525507335535,13,price_up_oi_down,-2.214353476024324,0.003956596948723634,3664.590854713092,3610.555431580228,3552.7567277391945,1,0.0,12.518069210313383,-0.08715196904098121,-8.346220032135609,12.90032391232969,0.11643455621091281,-2.214353476024324,0,1.0,1.0
2020-09-30,3720.884506136056,3766.4349561631466,3767.83494934692,3693.348522386732,307103.0,11185433540.0,234734.0,0.2687302380529586,13,price_up_oi_down,-1.9718370769775795,0.01448729247590852,3695.3570468582634,3629.4186561278448,3566.5388476833587,1,0.0,12.36620823713319,-0.15186097318019343,-14.089228854811042,12.819690817628999,0.15511921025216235,-1.9718370769775795,0,1.0,1.0
2020-10-09,3793.155178015665,3832.7886030691607,3844.244550752028,3768.360924393089,310687.0,11657872650.0,244171.0,0.2409171750135566,13,price_up_oi_down,-1.398936282190971,0.01761709618732099,3737.0911301906062,3659.9638601334664,3586.4662119629784,1,0.1,12.405624078488039,0.03941584135484888,4.0202953129925945,12.76432653239025,0.1729467550721866,-1.398936282190971,0,1.0,1.0
2020-10-12,3807.633515307824,3802.244019138755,3837.601626110199,3794.764987910862,334965.0,12543279719.999998,265430.0,0.2326748963196494,13,price_up_oi_down,-0.8641569972236739,-0.007969284793308606,3762.4266942592294,3685.1375920504024,3604.4368552760707,1,0.2,12.489106431417447,0.08348235292940842,8.706603159261261,12.701442083137437,0.16573196242362975,-0.8641569972236739,0,1.0,1.0
2020-10-13,3787.0545762814254,3779.649686517534,3796.604643873999,3746.6835578044,385096.0,14112275930.0,275773.0,0.3339145903142849,13,price_up_oi_down,-0.48137167835880046,-0.005942367851061503,3778.7531986132644,3712.8335030575936,3619.828905674594,1,0.4,12.527333342522281,0.038226911104834116,3.8966959273632806,12.634650390473045,0.1503710343399529,-0.48137167835880046,0,1.0,1.0
2020-10-14,3783.414242967418,3774.646312021768,3797.83900741631,3767.6504555623774,213927.0,7904609460.0,273795.0,-0.2467448158515049,13,price_up_oi_down,-0.2408350601559748,-0.0013237667272746334,3791.152715382073,3727.8717850475828,3630.8467813576294,1,0.4,12.520134930164994,-0.007198412357286799,-0.717256584219661,12.566277260938323,0.12922776155184312,-0.2408350601559748,0,1.0,1.0
2020-10-15,3762.822007477879,3729.178364802933,3773.097931090001,3703.413361481838,393533.0,14334597040.0,272750.0,0.3666093023980049,13,price_up_oi_down,-0.050170085687337,-0.012045617909690054,3783.70139711003,3739.5292219841476,3643.1640129047955,1,0.3,12.516310903695317,-0.0038240264696778326,-0.3816724191457954,12.523734136343638,0.09979855043316288,-0.050170085687337,0,1.0,1.0
2020-10-16,3720.681407365481,3759.7138119921233,3762.320851464013,3710.856093775676,282550.0,10293198350.0,265074.0,0.0638464937883185,13,price_up_oi_down,-0.3640713901197436,0.008188250655263074,3769.0864388946225,3753.088784542614,3655.2989271727697,1,0.2,12.487764311269672,-0.028546592425644945,-2.8142988084324916,12.519102070239189,0.05805737396845867,-0.3640713901197436,0,1.0,1.0
2020-10-19,3782.164929753474,3818.33132958765,3824.7864666272353,3771.714344681334,360327.0,13359061349.999998,257185.0,0.3372162822088946,13,price_up_oi_down,-1.3989381606435751,0.015590952005059,3772.303900984402,3767.365297621816,3671.0312168810024,1,0.2,12.457550949271653,-0.03021336199801894,-2.9761500562107135,12.517190057004349,0.028754685660789647,-1.3989381606435751,0,1.0,1.0
2020-10-20,3818.326542518255,3809.325636214195,3830.567497028073,3805.641796539919,216870.0,8160295610.0,257932.0,-0.1733978886102352,13,price_up_oi_down,-1.3556049092793456,-0.0023585416235807344,3778.239090923734,3778.496144768499,3686.7294765154315,0,0.3,12.460451263272688,0.002900314001035298,0.290452398079144,12.502708667556382,0.021025468787255974,-1.3556049092793456,0,1.0,1.0
2020-10-21,3797.358447875793,3829.869412604152,3836.22081611867,3792.45207357773,278480.0,10461228960.0,260676.0,0.0660679866403897,13,price_up_oi_down,-0.3878953902327512,0.005393021850023327,3789.2837110402106,3790.218213211142,3700.3868223956842,0,0.4,12.471033535844931,0.010582272572243312,1.0638462850674157,12.48843537134356,0.030259130520865263,-0.3878953902327512,0,1.0,1.0
2020-10-22,3816.725773622659,3805.6460396601433,3824.494756186194,3798.395061407547,229078.0,8684388300.0,264346.0,-0.1431962941993934,13,price_up_oi_down,0.12891109120228664,-0.006324856107179255,3804.5772460116523,3794.139321560842,3711.778988844343,1,0.5,12.485014130094603,0.013980594249671796,1.4078779787934925,12.479398923557302,0.029379977211831942,0.12891109120228664,0,1.0,1.0
2020-10-23,3804.171942897277,3876.097055307252,3894.585468360196,3791.823005592341,395048.0,15536570210.0,271845.0,0.3737752255787055,13,price_up_oi_down,0.6550351960753185,0.01851223548194203,3827.853894674679,3798.4701667846502,3729.2170134590583,1,0.7,12.51298732990906,0.027973199814457672,2.836812359559082,12.486389220682138,0.027388114409967912,0.6550351960753185,0,1.0,1.0
2020-10-26,3877.705676145398,3853.2694507641,3912.165895810868,3850.844299250096,296653.0,11708222920.0,264167.0,0.1159816266690266,13,price_up_oi_down,-0.10545905782406843,-0.005889327387170518,3834.8415189099687,3803.5727099471856,3744.355150998794,1,0.3,12.48433675789432,-0.028650572014740305,-2.824403612352555,12.48843537134356,0.02621374545862931,-0.10545905782406843,0,1.0,1.0
2020-10-27,3853.16853302623,3862.391807218092,3870.7061093793855,3849.10279203426,183659.0,7209931790.0,267162.0,-0.3747744386532154,13,price_up_oi_down,0.2367769302323812,0.0023674327919587235,3845.454753110748,3811.846922017241,3762.3402125374173,1,0.6,12.495610494962172,0.011273737067851286,1.1337525126149828,12.486389220682138,0.02626803331818639,0.2367769302323812,0,1.0,1.0
2020-10-28,3867.4297512911776,3895.2016648267377,3902.447510169002,3802.6542887852834,545249.0,21359303170.0,269938.0,0.7030502680591405,13,price_up_oi_down,0.6389329324841893,0.008494699462475719,3858.521203555265,3823.9024572977382,3775.8871211726605,1,0.7,12.505947581981962,0.010337087019790303,1.0390699276095594,12.486389220682138,0.020646821123328607,0.6389329324841893,0,1.0,1.0
2020-10-29,3885.218159187244,3941.099680997069,3954.321941630123,3879.084221070967,419072.0,16794370670.0,269590.0,0.4411404565064637,13,price_up_oi_down,0.7058379665696723,0.011783219488938235,3885.6119318226506,3845.094588917151,3792.3119054506487,1,0.7,12.504657565344234,-0.0012900166377285416,-0.12891849239456965,12.486389220682138,0.017457023068515376,0.7058379665696723,0,1.0,1.0
2020-10-30,3946.3939062511545,3943.213054719519,3973.4841683366735,3914.5545341836896,320435.0,12867021760.0,249856.0,0.248794695769536,13,price_up_oi_down,-2.3168725140163295,0.0005362396015102799,3899.0351317051036,3863.444513189891,3808.266648866253,1,0.0,12.428640030892655,-0.07601753445157833,-7.320004451203643,12.486389220682138,0.016812014749651105,-2.3168725140163295,0,1.0,1.0
2020-11-02,3945.3697729251744,3951.24555053261,3976.683528383616,3930.630062744106,256353.0,10353657110.0,256379.0,-0.0001014175047482,13,price_up_oi_down,-0.9895874005360111,0.0020370433201617466,3918.630351658806,3876.7359352843864,3822.050616453101,1,0.1,12.454412097398265,0.025772066505609814,2.6107037653688714,12.484675443994462,0.020627129668636,-0.9895874005360111,0,1.0,1.0
2020-11-03,3956.50675751534,3876.5352148300753,3981.46631711137,3873.598074758888,452069.0,18115839060.0,272797.0,0.5051068942075291,13,price_up_oi_down,1.0400886175761892,-0.018908046778430165,3921.459033181202,3883.4568931459753,3830.9765189572367,1,1.0,12.516483207823526,0.06207111042526137,6.403800623295841,12.484675443994462,0.020627129668636,1.0400886175761892,0,1.0,1.0
2020-11-04,3880.021124076463,3881.7072143891023,3892.69983172296,3855.527884846808,331802.0,13131198660.0,272206.0,0.1979792728755696,13,price_up_oi_down,0.9273742693121158,0.0013341809818316896,3918.7601430936747,3888.6406733244703,3839.4294432678057,1,0.9,12.514314411572292,-0.0021687962512348946,-0.21664461119432765,12.490312312528388,0.017457023068515376,0.9273742693121158,1,2.0,2.0
2020-11-05,3883.7010656648345,3869.763562004899,3895.0483403489375,3858.748504148401,270180.0,10704630590.0,279236.0,-0.0329688988627372,13,price_up_oi_down,1.8267958398532105,-0.003076907073240709,3904.4929192952413,3895.0524255589457,3844.5958735598942,1,1.0,12.539812581386409,0.025498169814117233,2.5826028816410274,12.500134030153202,0.014650140738844186,1.8267958398532105,0,1.0,1.0
2020-11-06,3878.211376973245,3858.301521478212,3901.197616465743,3850.67805394639,375704.0,14877074490.0,278282.0,0.3001666112803927,13,price_up_oi_down,2.0091649838724037,-0.00296194853846532,3887.51061264698,3893.272872176042,3845.871519480346,0,0.9,12.536390267017644,-0.0034223143687643898,-0.34164649257253377,12.505302573663098,0.010436356430677307,2.0091649838724037,0,1.0,1.0
2020-11-09,3842.679201225368,3853.5467278989663,3881.129439943785,3833.547628378284,322056.0,12559005340.0,296140.0,0.0838931279861935,13,price_up_oi_down,3.9145774829161413,-0.0012323540689541668,3867.9708481202515,3893.300599889528,3848.436654918357,0,1.0,12.59858759446271,0.06219732744506601,6.417231441487492,12.505302573663098,0.01607322496460295,3.9145774829161413,0,1.0,1.0
2020-11-10,3847.505006379693,3811.104130801138,3857.7584619004406,3809.518036893715,368847.0,14253166850.000002,330517.0,0.1097238287244476,13,price_up_oi_down,6.559116178011979,-0.01101390487639653,3854.884631314463,3888.1718322478328,3850.0093771325364,0,1.0,12.70841337416737,0.1098257797046589,11.608360910380245,12.510130996777127,0.02038988602773628,6.559116178011979,0,1.0,1.0
2020-11-11,3825.620328453888,3825.300924979948,3842.062446835884,3798.7542166826006,331908.0,12757957140.0,327899.0,0.0121521879454423,13,price_up_oi_down,5.498163159123515,0.003725113167093008,3843.6033734326325,3881.1817582631543,3852.542107780446,0,0.9,12.700460913117812,-0.007952461049557158,-0.7920923885912257,12.51539880969791,0.022702614504116703,5.498163159123515,0,1.0,1.0
2020-11-12,3825.974947273459,3787.604866240278,3831.7284461214,3774.477918765682,356056.0,13654327470.0,347414.0,0.0245708694902078,13,price_up_oi_down,3.3340016736497575,-0.009854403478039453,3827.171634279709,3865.832276787475,3855.4634328523125,0,1.0,12.758272431343869,0.05781151822605679,5.951527757022768,12.526436737420585,0.046901906049336084,3.3340016736497575,0,1.0,1.0
2020-11-13,3774.6112235801575,3734.957754549853,3784.9007879223577,3732.539062647821,346167.0,13139937060.0,369957.0,-0.0664654650935334,13,price_up_oi_down,2.6482765573998104,-0.013899842657738692,3802.502880894036,3845.0067467705085,3854.2256299802,0,1.0,12.821142061650564,0.0628696303066949,6.488800105925474,12.538101424202026,0.07208774853222266,2.6482765573998104,0,1.0,1.0
2020-11-16,3724.359569436693,3750.5191546714095,3756.452323820988,3716.65737990564,258792.0,9715634440.0,370980.0,-0.3601235025506514,13,price_up_oi_down,2.025005470770234,0.004166419312936043,3781.897366248525,3824.9341071843883,3850.8350212343876,0,1.0,12.82390343178067,0.002761370130105689,0.2765186224344518,12.56920008792456,0.08483683343928217,2.025005470770234,0,1.0,1.0
2020-11-17,3746.3153415411502,3759.318436021096,3770.6257252075375,3722.8162397676942,328678.0,12413508010.0,376757.0,-0.1365218691955555,13,price_up_oi_down,1.1491321328614537,0.002346150222623633,3771.5402272925176,3813.2124293034904,3848.3346612247333,0,1.0,12.839355696276323,0.015452264495653623,1.5572268046795568,12.649524253790261,0.11142282958823468,1.1491321328614537,0,1.0,1.0
2020-11-18,3762.901140080243,3809.072912006652,3815.061671244647,3754.48609330907,332098.0,12615104820.000002,380006.0,-0.1347569359873414,13,price_up_oi_down,0.8196843101950007,0.013234972464374772,3768.294624697858,3805.948999065245,3847.2948361948575,0,1.0,12.847942321051601,0.00858662477527794,0.8623595580175003,12.70443714364259,0.11808560307302685,0.8196843101950007,0,1.0,1.0
2020-11-19,3805.774837799867,3772.2015699687145,3808.2400009471535,3762.039551307881,384395.0,14538468120.0,408161.0,-0.0599910346826372,13,price_up_oi_down,1.27693062661062,-0.00967987300051798,3765.213965443545,3796.1927998616266,3845.6226127102864,0,1.0,12.919416983392237,0.07147466234063593,7.409093540628198,12.73334290275562,0.09828666127287633,1.27693062661062,0,1.0,1.0
2020-11-20,3767.5996702298407,3798.7908717526175,3809.0763991672097,3759.0587989882297,332769.0,12549553870.0,400515.0,-0.1853026634206306,13,price_up_oi_down,1.0712195991622406,0.007048748931018478,3777.980588884098,3790.2417348890676,3841.757303532554,0,0.9,12.900506497972719,-0.018910485419517897,-1.873280396706134,12.789707246497215,0.06976447344211589,1.0712195991622406,0,1.0,1.0
2020-11-23,3776.891431849898,3737.778625971931,3784.493519833844,3734.579290680597,385146.0,14361523540.0,430457.0,-0.1112249518421009,13,price_up_oi_down,1.4233938959584214,-0.016060964617548912,3775.432483144202,3778.6649246963643,3835.9827622929456,0,1.0,12.972602714005216,0.07209621603249694,7.475874811180483,12.822522746715617,0.0711170333144251,1.4233938959584214,0,1.0,1.0
2020-11-24,3735.035034496144,3727.6220183958735,3748.674129760136,3707.921784809928,396090.0,14591623550.000002,427161.0,-0.0755195331845536,13,price_up_oi_down,1.2641226379670782,-0.0027172844067019364,3769.0931996191575,3770.3167134558375,3829.244272851835,0,0.9,12.96491627032591,-0.007686443679306265,-0.7656978513533086,12.831629564028496,0.0711170333144251,1.2641226379670782,0,1.0,1.0
2020-11-25,3726.111755792207,3714.415964821428,3752.352735488482,3711.897560122471,278049.0,10253081420.0,440268.0,-0.4595862752491666,13,price_up_oi_down,1.5408585414396814,-0.0035427555447610226,3750.1618101821127,3759.228217439985,3820.2049878515695,0,1.0,12.995138911382956,0.030222641057045863,3.0683980981410564,12.843649008663963,0.06631273201851506,1.5408585414396814,0,1.0,1.0
2020-11-26,3716.291869878164,3722.60501753218,3736.500325978949,3703.597168426769,239149.0,8807753030.0,438622.0,-0.606551205683058,13,price_up_oi_down,1.5285642985556234,0.00220466764851035,3740.2424996948057,3752.7282325691754,3809.2802546783255,0,0.9,12.991393273306697,-0.003745638076258828,-0.373863192419277,12.87422440951216,0.051701662796542536,1.5285642985556234,0,1.0,1.0
2020-11-27,3725.232288338477,3673.6050100761054,3735.041563122969,3668.327561346335,328930.0,12049626419.999998,457518.0,-0.3299712660338682,13,price_up_oi_down,1.2514148039921402,-0.01316282743543884,3715.2053273595034,3746.5929581218006,3795.7998524461545,0,1.0,13.033571507186043,0.04217823387934594,4.308037444542268,12.909961740682478,0.06662350886444646,1.2514148039921402,0,1.0,1.0
2020-11-30,3695.592779035229,3705.780308910276,3726.189302036279,3660.312820247176,487458.0,17927592880.000004,438056.0,0.1068573767951784,13,price_up_oi_down,0.6327265770860544,0.008758507990357822,3708.8056639471724,3742.1190735456876,3783.5265903650375,0,0.7,12.99010203506725,-0.04346947211879204,-4.253821707561222,12.942166626859073,0.05109946548575284,0.6327265770860544,0,1.0,1.0
2020-12-01,3704.2797954817656,3668.335706044679,3727.368140882002,3665.808413117158,372458.0,13683472680.0,444639.0,-0.1771384371964156,13,price_up_oi_down,0.6459430289896024,-0.010104377416967791,3696.948401476933,3733.0208005480454,3773.1166149257683,0,0.9,13.005017995963366,0.01491596089611491,1.5027759007980146,12.968759492165564,0.03786096399535932,0.6459430289896024,0,1.0,1.0
2020-12-02,3672.0984362343625,3616.1356862797047,3679.89310593106,3612.348534698769,361061.0,13054203850.0,452964.0,-0.2267657329989809,13,price_up_oi_down,1.4200886550702922,-0.014229891686019625,3677.292345768589,3713.727077975351,3759.838038520298,0,0.9,13.023567931108571,0.018549935145205865,1.872305398311891,12.981352374536232,0.02005086281872792,1.4200886550702922,0,1.0,1.0
2020-12-03,3613.038318232136,3636.3050101367385,3657.49945974285,3591.949496137966,399069.0,14353090830.0,463660.0,-0.1500171907371288,13,price_up_oi_down,1.722691854071489,0.00557759044649786,3660.032344289501,3700.1374219921536,3748.1651109268896,0,1.0,13.046906803988884,0.023338872880312778,2.36133555867577,12.990747654186974,0.02198816202141085,1.722691854071489,0,1.0,1.0
2020-12-04,3638.666192071168,3621.2445693647137,3646.716824371598,3616.17139504042,243838.0,8885999440.0,461272.0,-0.6374838203293545,13,price_up_oi_down,1.3342259010430408,-0.0041416879854802024,3649.5602561472224,3682.3827917533627,3736.312263321215,0,0.9,13.041743169676398,-0.005163634312486565,-0.5150325669671774,12.993266092344825,0.024506600179262428,1.3342259010430408,0,1.0,1.0
2020-12-07,3653.166840231158,3663.2027675502914,3708.6991668648207,3645.952096960369,432940.0,16079526280.0,440534.0,-0.0173884771429407,13,price_up_oi_down,-0.11475617063225202,0.011586678939207395,3641.0447478752258,3674.925205911198,3726.7950653037815,0,0.5,12.995742906396787,-0.04600026327961082,-4.4958289252328365,13.000078453673162,0.02548260855167772,-0.11475617063225202,0,1.0,1.0
2020-12-08,3672.411653506273,3673.017762468722,3679.353767330815,3655.794498363755,227310.0,8368881780.0,437214.0,-0.6541080531362138,13,price_up_oi_down,-0.4918680372248109,0.0026793479753222105,3641.9811591600346,3669.464780318484,3719.8907468871607,0,0.1,12.988178056729742,-0.007564849667044626,-0.7536308207766074,13.000380451180076,0.016732948020660388,-0.4918680372248109,0,1.0,1.0
2020-12-09,3675.370768073319,3625.805424000109,3703.072026949665,3619.739873790909,389034.0,14256920469.999998,439823.0,-0.1227056298537089,13,price_up_oi_down,-0.37520489735299395,-0.012853827975196297,3643.9151067041153,3660.603726236352,3709.9159718381684,0,0.3,12.994127652233791,0.0059495955040489434,0.5967329499969809,13.000380451180076,0.011240405281579768,-0.37520489735299395,0,1.0,1.0
2020-12-10,3624.8899756778296,3824.303085794938,3861.618466675848,3609.855996575715,980772.0,36827850250.0,388263.0,0.9266570716020596,13,price_up_oi_down,-7.857307634368144,0.054745811918346154,3681.5147218357547,3670.7735330626274,3711.7508828159016,0,0.0,12.869438224030539,-0.12468942820325246,-11.722897620178918,13.000380451180076,0.011240405281579768,-7.857307634368144,0,1.0,1.0
2020-12-11,3830.726076505234,3869.175498139739,3870.267486874901,3805.804793639909,435075.0,16419285780.0,358283.0,0.1941952531090116,13,price_up_oi_down,-8.054351464987418,0.011733487471606407,3731.1009075907596,3690.3305818689905,3718.461769995395,0,0.0,12.789078455893364,-0.08035976813717483,-7.7215701727952,13.000380451180076,0.017694937189414617,-8.054351464987418,0,1.0,1.0
2020-12-14,3888.447204313907,4046.346541197896,4056.691106404093,3888.4087665788734,729548.0,28712942580.0,364606.0,0.6936078457906097,13,price_up_oi_down,-6.5632276502747295,0.04579038690370574,3807.7296623202806,3724.387205097753,3733.25313932172,0,0.1,12.80657259748186,0.017494141588496603,1.7648060332195348,12.994935279315289,0.019357684220679516,-6.5632276502747295,0,1.0,1.0
2020-12-15,4044.425654549904,4028.067246583404,4061.13121448574,4002.071276914356,502938.0,20112758230.0,370398.0,0.3058887988757595,13,price_up_oi_down,-3.0863612949982957,-0.004517481245953858,3878.739559143217,3760.3603591516257,3746.690579849835,1,0.2,12.82233338217155,0.015760784689689444,1.5885640938437806,12.994935279315289,0.037720271077195555,-3.0863612949982957,0,1.0,1.0
2020-12-16,4034.397192606483,4019.3817456618585,4041.958483128687,3958.036191624368,449635.0,17759441480.0,369052.0,0.1974985870033994,13,price_up_oi_down,-2.187662685511545,-0.0021562452635101037,3957.4548234755666,3800.684965089841,3757.206021532596,1,0.2,12.81869283450339,-0.0036405476681604654,-0.3633928908904016,12.991152854481767,0.05317213235087426,-2.187662685511545,0,1.0,1.0
2020-12-17,4015.580950860828,4010.351431833653,4035.200446073135,3985.795349797616,348984.0,13825802590.0,368723.0,-0.0550196087550124,13,price_up_oi_down,-0.6913827305829724,-0.0022466922525963273,3994.6644926833096,3838.0896072595324,3769.113514625843,1,0.2,12.817800963616444,-0.0008918708869458669,-0.08914732883174015,12.928808140380141,0.10829503204267166,-0.6913827305829724,0,1.0,1.0
2020-12-18,4004.688066512134,3958.139401699002,4023.016145152402,3949.9339004611656,428598.0,17017348840.0,361624.0,0.169914418676078,13,price_up_oi_down,-0.6669859310073663,-0.013019315394705466,4012.4572733951622,3871.7790904929616,3777.0809411231626,1,0.1,12.798360276979071,-0.019440686637372195,-1.9252935130165794,12.845885803101044,0.048060276413432135,-0.6669859310073663,0,1.0,1.0
2020-12-21,3993.198341852812,4125.326526868697,4202.664744824669,3991.403327498074,679595.0,27834548990.000004,343448.0,0.6824613151227344,13,price_up_oi_down,-1.8558394523298605,0.04223881682841468,4028.2532705293224,3917.9914664248017,3796.458336168,1,0.0,12.746790996361133,-0.05156928061793842,-5.026215074220697,12.820513108337469,0.026793741901251167,-1.8558394523298605,0,1.0,1.0
2020-12-22,4153.026166440952,4117.46957880585,4163.948727784539,4094.113413002485,384287.0,15838902139.999998,343642.0,0.1117892514627298,13,price_up_oi_down,-1.9494606978508051,-0.001904563920376856,4046.1337369738126,3962.4366480585145,3815.950714188499,1,0.1,12.74735569677929,0.0005647004181561499,0.056485989145405036,12.818246899059917,0.02452753262369889,-1.9494606978508051,0,1.0,1.0
2020-12-23,4109.617130459937,4124.691663776159,4140.367503857218,4078.706570299568,342675.0,14067755030.0,345960.0,-0.0095406853208662,13,price_up_oi_down,-2.1223078783105156,0.0017540105232309866,4067.195720596672,4012.3252720361197,3836.4644991362356,1,0.2,12.754078440420448,0.006722743641159212,0.6745392006797468,12.812186780549151,0.01846741411293351,-2.1223078783105156,0,1.0,1.0
2020-12-24,4119.778950906709,4105.526103652925,4139.142232622363,4099.677597553587,285995.0,11739060210.0,346599.0,-0.1921941639575695,13,price_up_oi_down,-1.7395229317552117,-0.004646543714176277,4086.2306549605264,4040.447573821919,3855.6105534422727,1,0.3,12.755923771089256,0.0018453306688073212,0.1847034339229836,12.802466437230466,0.018046671107003753,-1.7395229317552117,0,1.0,1.0
2020-12-25,4086.2878375694136,4098.157988602002,4162.747509223326,4073.642804708483,498857.0,20483788240.000004,349886.0,0.3547120943939695,13,price_up_oi_down,-0.7138358053984408,-0.0017946823049954652,4114.234372341127,4063.3458228681448,3876.8382023685676,1,0.4,12.765362666123464,0.009438895034207917,0.9483581891465809,12.793719366436218,0.026793741901252055,-0.7138358053984408,0,1.0,1.0
2020-12-28,4126.246373806183,4099.642933669047,4231.480450413213,4060.250024063516,752217.0,31429196820.0,351887.0,0.7597147448210946,13,price_up_oi_down,-0.23380970857321923,0.00036234451457839434,4109.0976537011975,4068.67546211526,3896.531333606507,1,0.5,12.771065380314136,0.005702714190672253,0.5719005618973094,12.781861471551267,0.031144402951397865,-0.23380970857321923,0,1.0,1.0
2020-12-29,4119.830196109539,4041.199345386534,4138.02422046316,4023.3634829402977,429512.0,17487657580.0,346464.0,0.2148707633700162,13,price_up_oi_down,-0.4045483670231759,-0.014255775253628755,4093.843607017333,4069.988671995573,3915.174515573599,1,0.3,12.755534196110625,-0.015531184203510406,-1.5411197344601946,12.7682140232188,0.021140676648588652,-0.4045483670231759,0,1.0,1.0
2020-12-30,4054.405713774938,4066.164552872034,4089.617322883641,4027.934441782624,391683.0,15817058180.0,343537.0,0.1311580186051064,13,price_up_oi_down,-0.7733914444815737,0.006177672851996441,4082.138184836508,4074.6669527165905,3937.6759589032163,1,0.1,12.74705009954533,-0.008484096565295474,-0.8448208183246542,12.76064321860636,0.011854841767423352,-0.7733914444815737,0,1.0,1.0
2020-12-31,4070.478389126254,4101.02696151954,4102.582444415114,4052.443367736178,241735.0,9807143530.0,333364.0,-0.3213929012437168,13,price_up_oi_down,-2.9663505226301377,0.00857378204796988,4081.238356409832,4083.7345056851786,3960.912056472356,0,0.0,12.716990265064425,-0.030059834480905323,-2.961253081909565,12.75572898359994,0.008808435646709079,-2.9663505226301377,0,1.0,1.0
2021-01-04,4125.617045693513,4058.851986099941,4168.336771111845,4047.275104499131,436522.0,17960908290.0,340718.0,0.2477836192507407,13,price_up_oi_down,-1.368170166664254,-0.010284003449704815,4073.3771559094193,4093.805764125273,3982.792427309117,0,0.1,12.73881043465735,0.021820169592924543,2.205997048271402,12.754806318265537,0.007885770312305418,-1.368170166664254,0,1.0,1.0
2021-01-05,4047.850908642453,4065.272428429249,4082.991483822445,4035.105879258957,231189.0,9405686290.0,341620.0,-0.3904634503982255,13,price_up_oi_down,-1.2465615369960215,0.0015818370197522302,4066.5030548614595,4087.8003542813285,4002.895910353065,0,0.2,12.741454287192052,0.0026438525347032282,0.2647350594921605,12.750717068599869,0.005011915000071809,-1.2465615369960215,0,1.0,1.0
2021-01-06,4080.711680186009,4200.858979678925,4218.810282670434,4076.613987480612,412315.0,17035628070.0,339795.0,0.1934451257352334,13,price_up_oi_down,-1.3629483227345085,0.0333523899410757,4098.434981719938,4096.139294368635,4029.287971213575,1,0.1,12.736097773573745,-0.005356513618307801,-0.534219308003181,12.750717068599869,0.007234741948601631,-1.3629483227345085,0,1.0,1.0
2021-01-07,4212.195033391688,4244.195002731958,4316.788859088675,4197.594676000127,631190.0,26793087260.0,338585.0,0.622831757908437,13,price_up_oi_down,-1.1660038885623802,0.010315990911065054,4134.041071691923,4108.089628264215,4060.207450150168,1,0.1,12.732530447640828,-0.003567325932916532,-0.35609705852056583,12.750564269982888,0.010431909058187472,-1.1660038885623802,0,1.0,1.0
2021-01-08,4251.8360458373445,4309.540220574856,4323.728909510309,4226.342861983548,342800.0,14701341520.0,340746.0,0.0060098550273283,13,price_up_oi_down,-0.31498258016198466,0.015396375001816676,4175.743723502985,4128.491039956409,4084.469306889164,1,0.4,12.738892610678434,0.006362163037605839,0.6382444585555813,12.744252193368691,0.011476790231249367,-0.31498258016198466,0,1.0,1.0
2021-01-11,4349.595585540858,4375.756879626035,4469.203029479496,4320.678619383767,607542.0,26696175060.0,327089.0,0.6191890035082037,13,price_up_oi_down,-3.9193744031194306,0.01536513309123877,4239.124702208204,4156.250929058811,4109.798375963479,1,0.0,12.697987584101337,-0.04090502657709649,-4.007970746538447,12.740173448935243,0.007259825952250942,-3.9193744031194306,0,1.0,1.0
2021-01-12,4445.943455165451,4449.344726499483,4478.975665378176,4362.043192022698,444533.0,19476353140.0,325429.0,0.3118799810225281,13,price_up_oi_down,-4.269269480220093,0.01681716989718529,4315.939161822251,4191.221108341856,4129.948285228558,1,0.0,12.692899590877772,-0.005087993223565235,-0.5075071310867485,12.738851522667892,0.007259825952250942,-4.269269480220093,0,1.0,1.0
2021-01-13,4507.512454667214,4439.884061735355,4573.3076584281325,4399.821628524007,642440.0,28551581850.0,338801.0,0.6398605128272925,13,price_up_oi_down,-0.39819235700082406,-0.00212630518552126,4363.744178233537,4231.089579976737,4150.539125986155,1,0.4,12.733168193349542,0.040268602471769555,4.109037608817978,12.737454104115546,0.007259825952250942,-0.39819235700082406,0,1.0,1.0
2021-01-14,4422.581402073781,4403.330594642878,4432.069114286386,4338.376575971142,442258.0,19158150990.0,344812.0,0.2488940812241247,13,price_up_oi_down,1.962632000817764,-0.008232977840009204,4395.571296615721,4264.806184153822,4169.736568435206,1,1.0,12.750754619950294,0.017586426600752603,1.7741978329460562,12.734632983461644,0.005540465473599099,1.962632000817764,0,1.0,1.0
2021-01-15,4464.5818839871445,4622.147784518905,4624.805503109031,4445.35564373007,621904.0,27795168830.0,357507.0,0.5536307976294452,13,price_up_oi_down,6.364178974924351,0.04969356380877721,4458.092809404532,4316.918266453758,4200.32638606947,1,1.0,12.786910221344085,0.036155601393790704,3.6817164135818814,12.734632983461644,0.005540465473599099,6.364178974924351,0,1.0,1.0
2021-01-18,4613.42605726512,4526.1218467293575,4634.839301798993,4500.936494167721,635981.0,28723150860.0,369973.0,0.5417386586774022,13,price_up_oi_down,12.264620579812824,-0.020775176880144297,4488.165802825196,4363.6452525167,4228.725508320987,1,1.0,12.821185308984777,0.03427508764069209,3.4869247315437946,12.737454104115546,0.004604783620361097,12.264620579812824,0,1.0,1.0
2021-01-19,4510.6766379196615,4423.4915978277695,4529.151386446925,4422.597029470346,475798.0,21111054380.0,374546.0,0.2392787685583757,13,price_up_oi_down,7.104197190726146,-0.022675096335674216,4482.995177090853,4399.467169456552,4243.63376186894,1,1.0,12.833469904836958,0.012284595852181113,1.2360361431780875,12.73749519212609,0.009112086154733134,7.104197190726146,0,1.0,1.0
2021-01-20,4420.746711333497,4449.84939245081,4461.160505250752,4407.457222750759,398061.0,17483042420.000004,377418.0,0.0532519333213434,13,price_up_oi_down,2.6488616908069913,0.005958594933464845,4484.988243233945,4424.366210733741,4260.252752551189,1,1.0,12.841108605532805,0.007638700695846268,0.7667949998129808,12.73749519212609,0.02638351792447846,2.6488616908069913,0,1.0,1.0
2021-01-21,4459.444484501765,4397.350474097781,4494.816054104185,4362.930069948322,547713.0,24108339010.0,376821.0,0.3739811534963936,13,price_up_oi_down,1.4366551329051533,-0.011797909035324516,4483.792219124925,4439.681757870323,4273.885693067269,1,0.9,12.839525552615424,-0.0015830529173808117,-0.15818005500529697,12.744823615314363,0.04446131862137381,1.4366551329051533,1,2.0,2.0
2021-01-22,4397.706266463844,4301.763958189367,4408.200778074001,4274.596439819325,467850.0,20051119000.0,367562.0,0.2412557198155443,13,price_up_oi_down,0.5282777711783151,-0.021737297600329608,4419.715453859017,4438.904131631774,4283.6975857940915,0,0.6,12.814647290888514,-0.024878261726909656,-2.457134819980833,12.76883242064719,0.058495186263678,0.5282777711783151,0,1.0,1.0
2021-01-25,4255.870707485271,4263.983781545593,4275.695361734988,4206.734551937197,386480.0,16233177520.000002,371922.0,0.0383959653777429,13,price_up_oi_down,0.43774972529378764,-0.008782484815758274,4367.287840822264,4427.7268218237305,4291.9888754412705,0,0.7,12.826439433850545,0.011792142962031349,1.1861944379452094,12.8007787561163,0.039538322957814565,0.43774972529378764,0,1.0,1.0
2021-01-26,4259.085590633538,4318.395554058965,4334.649924047461,4249.336241675205,385210.0,16383330970.0,374184.0,0.0290409850846207,13,price_up_oi_down,0.43920570099142064,0.012760783178600299,4346.268632068503,4414.631904579679,4302.926506460766,0,0.7,12.832502934024497,0.006063500173951297,0.6081920402664531,12.817916299936645,0.022400779137469407,0.43920570099142064,0,1.0,1.0
2021-01-27,4312.492780698711,4273.067564221439,4316.860447303104,4254.824335025854,284555.0,12014682160.0,379624.0,-0.2882547326849363,13,price_up_oi_down,1.2295323377161453,-0.0104964886310428,4310.912266422629,4397.950254828287,4314.519917402513,0,1.0,12.846936568166115,0.014433634141617802,1.4538302011844584,12.823812371417661,0.01268535730852971,1.2295323377161453,0,1.0,1.0
2021-01-28,4266.611354149361,4354.17939674767,4357.809945330096,4238.8031958173015,475853.0,20256814770.000004,387599.0,0.2051376829722793,13,price_up_oi_down,2.379048492912231,0.018982108592286995,4302.278050952607,4393.035135038766,4328.920659596294,0,1.0,12.86772657901606,0.020790010849944807,2.1007628600931305,12.829471183937521,0.010845895136593064,2.379048492912231,0,1.0,1.0
2021-01-29,4346.641077612126,4348.4539497111255,4363.51583349724,4286.848785952861,381697.0,16246532340.000002,362267.0,0.0522455911285556,13,price_up_oi_down,-2.224207504865053,-0.001314931360159588,4311.616049256959,4365.665751557988,4341.292009005874,0,0.1,12.800136787998296,-0.06758979101776319,-6.535620576936385,12.832986419430728,0.00996164827401369,-2.224207504865053,0,1.0,1.0
2021-02-01,4282.131792231839,4387.094604326287,4413.39625990101,4251.743423433533,466049.0,20074889690.0,369370.0,0.2324919271226154,13,price_up_oi_down,-0.9094834907489024,0.008886067338422121,4336.238213813097,4351.763027317681,4357.70413991719,0,0.2,12.819554130671863,0.01941734267356665,1.9607085381775358,12.832986419430728,0.00996164827401369,-0.9094834907489024,0,1.0,1.0
2021-02-02,4392.586284010436,4452.332800261098,4454.35175424282,4368.286820988997,340862.0,14867312390.0,367680.0,-0.0757352913689257,13,price_up_oi_down,-1.127661231803439,0.01487047848716938,4363.025663053524,4354.647147561014,4377.057158508783,0,0.2,12.814968273642528,-0.004585857029335116,-0.4575358042071209,12.832986419430728,0.010777237430470876,-1.127661231803439,0,1.0,1.0
2021-02-03,4449.842134742863,4444.6741971895935,4468.58988528823,4332.858979132513,519459.0,22804581860.0,372971.0,0.3312872167523427,13,price_up_oi_down,-0.01110735026797601,-0.0017201326619283863,4397.346989647154,4354.1296280348915,4389.247919384316,0,0.5,12.829255947614145,0.014287673971617565,1.4390230635335621,12.829471183937521,0.013070165945138434,-0.01110735026797601,0,1.0,1.0
2021-02-04,4447.042573004273,4470.3705503233305,4482.373745623649,4420.078035273998,275829.0,12150930610.0,370673.0,-0.2955391638374667,13,price_up_oi_down,-0.26214337077041583,0.005781380590277108,4420.585220362287,4361.431635657447,4400.556696763885,0,0.4,12.82307555130952,-0.006180396304625191,-0.6161336940406437,12.827847690732344,0.012278639486448029,-0.26214337077041583,0,1.0,1.0
2021-02-05,4480.874655258996,4533.198775240427,4546.729654492319,4465.186350671769,347267.0,15529844760.0,376727.0,-0.0814268506828059,13,price_up_oi_down,1.1169470663231809,0.014054366234260263,4457.5341854681465,4384.575117362552,4411.739624497163,0,0.8,12.839276066184599,0.01620051487507901,1.6332454751222913,12.824757492580034,0.008767330190984524,1.1169470663231809,0,1.0,1.0
2021-02-08,4525.159707043271,4489.479036418484,4548.051945092824,4464.265919776784,309268.0,13754622239.999998,365968.0,-0.1683376829707823,13,price_up_oi_down,-1.2001825535486235,-0.009644346297085549,4478.011071886586,4407.124642849842,4417.425732336786,0,0.1,12.81030117686714,-0.02897488931745862,-2.855914229667633,12.827847690732344,0.009860967756368133,-1.2001825535486235,0,1.0,1.0
2021-02-09,4488.65149418511,4547.41831961549,4561.552231245654,4450.655703078675,294234.0,13115936140.0,357442.0,-0.194597742078883,13,price_up_oi_down,-2.188609628632517,0.01290556938277354,4497.028175757465,4430.0269194054945,4422.329411992586,1,0.0,12.786728390191993,-0.02357278667514784,-2.329711887378061,12.826165749461833,0.012153896271035691,-2.188609628632517,0,1.0,1.0
2021-02-10,4546.477439938045,4518.149743754942,4558.8529499245205,4486.439144587089,236131.0,10555439190.000002,341470.0,-0.3688730916525843,13,price_up_oi_down,-3.738508083432,-0.0064363060100048886,4511.723285070535,4454.535137358844,4426.242696093565,1,0.0,12.741015106403543,-0.04571328378844974,-4.468417253708401,12.821314840990691,0.01448744465872931,-3.738508083432,0,1.0,1.0
2021-02-18,4542.380781995285,4645.184516762279,4652.775609421512,4539.370449797347,295480.0,13413146920.0,360661.0,-0.1993373063092492,13,price_up_oi_down,-0.9991397762183857,0.02811654774898198,4546.686078358323,4483.635649360305,4438.335392199535,1,0.2,12.795693737951924,0.05467863154838071,5.620113040677177,12.817261202157194,0.01455957980792455,-0.9991397762183857,0,1.0,1.0
2021-02-19,4628.568151785073,4734.346128657331,4739.761865413682,4611.992606299928,306118.0,14137952060.0,386313.0,-0.2326772731728272,13,price_up_oi_down,2.398239425317278,0.01919441769714636,4586.915549041705,4522.224867254926,4443.9453094064565,1,1.0,12.864403200689742,0.06870946273781797,7.112496222214193,12.812634725254835,0.01455957980792455,2.398239425317278,0,1.0,1.0
2021-02-22,4718.8364116301245,4587.087769796488,4748.0391750261815,4567.156156691972,464249.0,21331589960.0,350542.0,0.2809405181069253,13,price_up_oi_down,-2.010693994681135,-0.031104265480184856,4606.437295717306,4542.224183801946,4446.993605559814,1,0.1,12.76723580709386,-0.09716739359588189,-9.259590021562847,12.817261202157194,0.016781104831110838,-2.010693994681135,0,1.0,1.0
2021-02-23,4577.168489511406,4597.4121024608685,4619.0870005129445,4526.254846686867,377596.0,17055469149.999998,349714.0,0.0767091634117925,13,price_up_oi_down,-1.5037682094992295,0.0022507379807208405,4616.436052286382,4556.732114021923,4455.6896307914685,1,0.1,12.764870956565243,-0.002364850528616458,-0.23620564725473914,12.812634725254835,0.021423661182876863,-1.5037682094992295,0,1.0,1.0
2021-02-24,4602.9180820545525,4564.832385379948,4649.38690992364,4537.265788782235,373031.0,16881553110.000002,352338.0,0.0570705839624227,13,price_up_oi_down,-0.6666858689265246,-0.007086533979296927,4625.772580611383,4568.747932840959,4461.438780437925,1,0.3,12.772346221129663,0.007475264564419604,0.750327410398155,12.802997457409532,0.031010070260142797,-0.6666858689265246,0,1.0,1.0
2021-02-25,4569.712072220777,4717.907111572221,4779.413828849986,4559.964457722355,502166.0,23142333710.0,339278.0,0.3921109120080433,13,price_up_oi_down,-1.5184398857615322,0.03353348234264497,4640.317099573371,4593.501588965848,4477.466612311648,1,0.0,12.734575109294974,-0.0377711118346884,-3.706668028994853,12.791211064071959,0.025157682242407553,-1.5184398857615322,0,1.0,1.0
2021-02-26,4676.70411529214,4727.742032285708,4741.228305136679,4634.952615738876,336967.0,15523267610.0,330239.0,0.0201683679611586,13,price_up_oi_down,-2.069039978004154,0.0020845939695088855,4638.996280299047,4612.955914670376,4498.765516016464,1,0.0,12.70757191372992,-0.027003195565054483,-2.66418689098622,12.779537305660828,0.023460151748704305,-2.069039978004154,0,1.0,1.0
2021-03-01,4682.43076955838,4527.27440422114,4688.869792316281,4513.519999522007,490183.0,21961387280.0,332422.0,0.3883735446600601,13,price_up_oi_down,-1.372464881632977,-0.042402404085412515,4627.0336071839765,4616.735451450642,4511.930047150242,1,0.1,12.714160525092172,0.006588611362252195,0.6610364009097536,12.76979101411176,0.027339315774190354,-1.372464881632977,0,1.0,1.0
2021-03-02,4511.668282881361,4551.032156961996,4566.810583097269,4502.381793803013,300702.0,13309066280.0,339802.0,-0.1222433539160082,13,price_up_oi_down,-0.7385293150762107,0.005247694444742601,4617.7576180842025,4617.096835185292,4523.561877295393,1,0.3,12.736118374017833,0.021957848925660883,2.2200696704790523,12.76605338182955,0.027339315774190354,-0.7385293150762107,0,1.0,1.0
2021-03-03,4559.4806001262505,4568.169378321692,4579.1413092331095,4446.8044482245605,522288.0,23269184130.0,343763.0,0.4182666934292561,13,price_up_oi_down,-0.18697633696730018,0.0037655680664616664,4618.425016672552,4622.098798641968,4538.316968000406,0,0.5,12.747707745429647,0.011589371411814042,1.1656788364988957,12.752943031484392,0.0188855559173442,-0.18697633696730018,0,1.0,1.0
2021-03-04,4567.173265173256,4591.605557720236,4648.82767157239,4534.291630112592,397526.0,17920052220.0,338772.0,0.1599330260258107,13,price_up_oi_down,-0.7474113224330471,0.005130321898693113,4593.164705902154,4616.7409027377635,4550.188276049034,0,0.2,12.733082593716682,-0.014625151712964524,-1.4518723655541188,12.756289350997445,0.020942609341041418,-0.7474113224330471,0,1.0,1.0
2021-03-05,4589.162975838899,4586.4006071204085,4605.327994788609,4537.459491854677,308740.0,13882508830.0,335683.0,-0.0836677634972377,13,price_up_oi_down,-0.5026626582123344,-0.0011335796453760816,4564.896420869095,4601.94635058407,4562.085608919499,0,0.2,12.72392254123307,-0.009160052483611736,-0.9118227008135249,12.741913059723739,0.024140322105812295,-0.5026626582123344,0,1.0,1.0
2021-03-08,4570.704395003927,4529.806465852795,4570.854993834036,4490.017572271386,377153.0,16718033050.0,335269.0,0.1177177459831483,13,price_up_oi_down,-0.5090069881861741,-0.012339554721790158,4565.402833195426,4596.218220189701,4569.221201995823,0,0.2,12.722688473661796,-0.0012340675712749771,-0.12333064230247714,12.735346741656404,0.016773610168737463,-0.5090069881861741,0,1.0,1.0
2021-03-09,4524.61540927739,4630.726129201043,4638.121011900417,4497.735403788372,384376.0,17048105010.0,328728.0,0.1563905790827846,13,price_up_oi_down,-1.6629787583042004,0.02227902320088382,4581.3416276432345,4599.5496228637185,4578.140868442822,0,0.0,12.702985940082767,-0.019702533579028625,-1.9509707130691778,12.733828851505828,0.012509635883925618,-1.6629787583042004,0,1.0,1.0
2021-03-10,4628.668897072442,4636.6755323790585,4652.369772875699,4598.539964698447,365922.0,16601218130.0,332329.0,0.0962947538437252,13,price_up_oi_down,-0.8982938462684646,0.0012847667972630816,4595.042858454708,4606.733937563629,4587.740935202294,0,0.2,12.713880721073503,0.010894780990735597,1.0954345233748386,12.728502567474877,0.010978924462830442,-0.8982938462684646,0,1.0,1.0
2021-03-11,4638.047115899397,4602.789880354315,4651.395800096023,4573.577285698049,304398.0,13733321530.0,324458.0,-0.0638200422115192,13,price_up_oi_down,-2.1403873500021695,-0.00730817841104292,4597.279722981524,4595.222214441839,4594.361901703843,1,0.0,12.689911376857369,-0.023969344216133948,-2.368436097963067,12.723305507447433,0.010523344058395168,-2.1403873500021695,0,1.0,1.0
2021-03-12,4600.483350079829,4656.492773328995,4691.866160990991,4591.385744595801,386378.0,17547691450.0,325807.0,0.1705109833885474,13,price_up_oi_down,-1.2883481818806823,0.011667465682910105,4611.298156223241,4588.097288546168,4600.526601608271,0,0.1,12.694060460493242,0.004149083635873296,0.4157703000080115,12.718424499376983,0.012755339993381298,-1.2883481818806823,0,1.0,1.0
2021-03-15,4624.527374111833,4496.366785053689,4634.773825765262,4487.495199588327,472858.0,20950177960.0,338438.0,0.334454217431101,13,price_up_oi_down,0.6127878202372763,-0.03438768104451073,4604.61022006342,4585.006526629422,4600.870989040032,0,0.7,12.73209619355401,0.03803573306076835,3.8768350587924827,12.718424499376983,0.015048326816957669,0.6127878202372763,0,1.0,1.0
2021-03-16,4507.737262956156,4583.053717505088,4593.5917014204215,4502.348424869043,339082.0,14979501400.0,332629.0,0.0192142112560425,13,price_up_oi_down,-0.5089279990246867,0.01927932853243952,4595.075737724229,4588.208682683732,4602.652758934512,0,0.4,12.714783033761988,-0.01731315979202286,-1.7164148233944854,12.723305507447433,0.011294976419824465,-0.5089279990246867,0,1.0,1.0
2021-03-17,4586.485701388786,4570.212172783454,4588.69934548081,4535.064518657886,282402.0,12478669570.0,320239.0,-0.125736004274453,13,price_up_oi_down,-2.0406082621325408,-0.002801962515208034,4581.783065805108,4588.412962129908,4605.255880385937,0,0.0,12.676822871003573,-0.03796016275841474,-3.724870651687129,12.718735753711892,0.013853639923454786,-2.0406082621325408,0,1.0,1.0
2021-03-18,4558.70436444926,4534.9360840913405,4574.269117606788,4464.886936715698,391263.0,17171051360.0,332781.0,0.1618953521682977,13,price_up_oi_down,0.04207791854005807,-0.007718698248232236,4568.212306552513,4582.746014767018,4599.743458752391,0,0.6,12.715239894953264,0.03841702394969104,3.9164499014798793,12.714331877417745,0.014555126735621648,0.04207791854005807,0,1.0,1.0
2021-03-19,4518.494568472762,4508.956010287991,4546.720109964823,4463.72228956848,362627.0,15796189710.0,327372.0,0.1022776187829869,13,price_up_oi_down,-0.9973684159058457,-0.005728873201650608,4538.704953944312,4575.001555083776,4588.473952833924,0,0.3,12.698852417965046,-0.016387476988217742,-1.6253932766595036,12.714331877417745,0.010468300575151801,-0.9973684159058457,0,1.0,1.0
2021-03-22,4517.3263174249205,4602.724246455631,4608.141948929858,4457.363668274531,474038.0,20796987520.0,332993.0,0.3531660185196251,13,price_up_oi_down,0.42125393102966396,0.020795997111901388,4559.976446224701,4582.29333314406,4589.2557766668815,0,0.8,12.715876747720616,0.017024329755569667,1.71700695233572,12.708433330578135,0.011918027848374813,0.42125393102966396,0,1.0,1.0
2021-03-23,4601.536525246939,4604.166152200489,4622.707276095547,4580.545927845278,253130.0,11289578490.0,327200.0,-0.2566684139764582,13,price_up_oi_down,-0.8008191947099743,0.00031327224218746785,4564.1989331637815,4579.637335444005,4589.593479153862,0,0.3,12.69832688371073,-0.017549864009886562,-1.7396762094098572,12.708433330578135,0.008512164877784834,-0.8008191947099743,0,1.0,1.0
2021-03-24,4605.87016370411,4651.660366433938,4662.925400377183,4581.2333385084185,321780.0,14465492380.0,324697.0,-0.0090243575454155,13,price_up_oi_down,-1.1534492883083947,0.010315486597013868,4580.488571893878,4581.135818849493,4593.934878206562,0,0.2,12.69064771875044,-0.0076791649602885315,-0.7649755501223376,12.706366569519275,0.009191751817664517,-1.1534492883083947,0,1.0,1.0
2021-03-25,4645.464203773074,4661.5273830614415,4670.840847934347,4632.920672559403,195082.0,8774415360.0,325128.0,-0.5107989679530227,13,price_up_oi_down,-0.35880522879335797,0.0021211816534807415,4605.806831687898,4587.009569120206,4591.115891781023,0,0.3,12.691974229928682,0.0013265111782416739,0.132739138335225,12.698589650837889,0.012435828452309394,-0.35880522879335797,0,1.0,1.0
2021-03-26,4652.441206234178,4727.61223030698,4734.681988488271,4642.519164223912,315256.0,14287450130.0,331488.0,-0.0502066026979007,13,price_up_oi_down,0.7130330933153902,0.014176651087725034,4649.538075691696,4594.121514818004,4591.109401682086,1,0.6,12.711346888857829,0.019372658929146525,1.9561526537240637,12.698589650837889,0.012067657505773433,0.7130330933153902,0,1.0,1.0
2021-03-29,4668.905438976366,4595.781108523521,4679.233021525629,4566.038346329263,471895.0,20825479820.0,322050.0,0.3820496902181689,13,price_up_oi_down,-1.4599207197046662,-0.027885350016301658,4648.149448105274,4604.062947164987,4594.534736897205,1,0.1,12.682462091975037,-0.02888479688279233,-2.847161888213201,12.705099653411438,0.010458667925502318,-1.4599207197046662,0,1.0,1.0
2021-03-30,4592.375183919722,4576.4577717102575,4622.718251649502,4568.148555539904,282702.0,12676304070.0,323764.0,-0.1356215160100843,13,price_up_oi_down,-0.5052944601460214,-0.004204581627576975,4642.607772007228,4603.403352585504,4595.806017634618,1,0.2,12.687770134304166,0.005308042329129847,0.5322154944885193,12.698589650837889,0.014442398441396165,-0.5052944601460214,0,1.0,1.0
2021-03-31,4566.889205894871,4408.226124180778,4567.99366776265,4388.912128385703,513694.0,22550682520.000004,316764.0,0.4834707403166237,13,price_up_oi_down,-1.9653243672352048,-0.03676023158553254,4593.920923556596,4587.204747725236,4587.808854927573,0,0.0,12.66591229610167,-0.021857838202496538,-2.1620686673010203,12.695150556819705,0.010034443680103422,-1.9653243672352048,0,1.0,1.0
2021-04-01,4453.993840763066,4483.345545156113,4516.558801842126,4423.777478334728,300553.0,13307159060.0,302794.0,-0.0074285951719571,13,price_up_oi_down,-4.997125812644251,0.01704073676331541,4558.28455597553,4582.045693831715,4582.395854299366,0,0.0,12.620807985289664,-0.04510431081200572,-4.410223383970369,12.695150556819705,0.010034443680103422,-4.997125812644251,0,1.0,1.0
2021-04-02,4464.663214412613,4479.483576424799,4484.175223488756,4417.363529838552,316934.0,13822118000.0,310377.0,0.0209058626819817,13,price_up_oi_down,-3.7668681283203664,-0.0008614033186638004,4508.658825199094,4579.098450445395,4577.050002764586,0,0.1,12.64554296660767,0.02473498131800511,2.5043428865830775,12.691310974339562,0.008195162995004779,-3.7668681283203664,0,1.0,1.0
2021-04-06,4517.579589711077,4492.897763724083,4548.816084852563,4486.53474825262,216023.0,9521920620.0,306760.0,-0.3506807993997626,13,price_up_oi_down,-2.390502082227836,0.002994583431420894,4488.082156239207,4568.11580217224,4575.20456765815,0,0.1,12.633820961878795,-0.01172200472887397,-1.1653569691054022,12.689208926527304,0.015627959756975507,-2.390502082227836,0,1.0,1.0
2021-04-07,4498.94739132958,4499.33103476845,4518.751055599182,4468.508091080573,228738.0,10063871090.0,313819.0,-0.3162391428225755,13,price_up_oi_down,-1.187919855890819,0.001431875680837802,4472.656808850845,4557.6322904290355,4568.63481293652,0,0.3,12.656571665567927,0.022750703689132123,2.3011474768549034,12.685116113139602,0.016207293804529677,-1.187919855890819,0,1.0,1.0
2021-04-08,4495.065688767521,4528.7723616,4538.938764952105,4481.269525998526,221897.0,9798737510.0,312500.0,-0.3423911589327236,13,price_up_oi_down,-0.8317143582193629,0.006543489821940973,4496.766056334689,4545.343489945642,4563.239654397567,0,0.3,12.652359748158593,-0.004211917409334021,-0.4203059725510383,12.674187194038353,0.017701282180377476,-0.8317143582193629,0,1.0,1.0
2021-04-09,4522.105166169919,4393.968565755137,4526.877684837997,4363.626725075643,485672.0,21137493320.0,359067.0,0.302024498333953,13,price_up_oi_down,3.67338330499057,-0.02976607899038608,4478.8906604544945,4518.587608215012,4552.798588667609,0,1.0,12.791264279583755,0.1389045314251618,14.901440000000044,12.661241980834799,0.023874132304802842,3.67338330499057,0,1.0,1.0
2021-04-12,4459.959465396052,4496.959855502566,4513.762374764709,4438.675371158872,401712.0,17734625610.0,316407.0,0.2387060544160534,13,price_up_oi_down,0.10008698306855739,0.023439241361465912,4482.385916270047,4495.52237073457,4544.821942776287,0,0.5,12.664784638524711,-0.12647964105904386,-11.880791050138328,12.661241980834799,0.023874132304802842,0.10008698306855739,0,1.0,1.0
2021-04-13,4498.2025026927695,4510.236112741235,4531.160050173489,4447.732612980992,318685.0,14202909750.0,298205.0,0.066421984648821,13,price_up_oi_down,-2.014813144738936,0.002952273906208891,4485.853586073477,4486.967871156342,4545.5154091606655,0,0.0,12.605536448442495,-0.05924819008221682,-5.752717228127047,12.66067815204632,0.01845956268368365,-2.014813144738936,0,1.0,1.0
2021-04-14,4494.215849608077,4551.104255901807,4569.468698009223,4485.8944001594255,237428.0,10765426970.0,284828.0,-0.1820210696936829,13,price_up_oi_down,-3.986032141009073,0.00906119815881068,4496.20823030015,4484.432519575497,4543.917936080501,0,0.0,12.559640768294136,-0.045895680148358764,-4.485840277661291,12.65446570686326,0.01604566711143729,-3.986032141009073,0,1.0,1.0
2021-04-15,4559.316435274683,4656.463884153796,4668.843319725303,4554.945088046114,303166.0,14179054800.0,290385.0,0.0430728815531817,13,price_up_oi_down,-2.8789562780651288,0.02315034381279224,4521.746534810909,4509.256295572799,4548.230521649019,0,0.1,12.57896290770616,0.019322139412023986,1.9510020082294854,12.648951357383131,0.016397109930059273,-2.8789562780651288,0,1.0,1.0
2021-04-16,4666.4993106728525,4737.102866167914,4744.751368348646,4648.657919464942,281062.0,13450688200.0,300750.0,-0.067704069289198,13,price_up_oi_down,-0.7867305077222551,0.017317643606887367,4590.373394893463,4534.632027673978,4558.338860752846,0,0.3,12.614034633836924,0.0350717261307647,3.5693992458287083,12.639681964243232,0.02198832661752359,-0.7867305077222551,0,1.0,1.0
2021-04-19,4732.879349663561,4723.935482678425,4743.114760184295,4703.362213435565,193487.0,9306132730.0,297548.0,-0.4303652297584752,13,price_up_oi_down,-0.9662462334774692,-0.0027796279416961722,4635.7685203286355,4559.0772182993405,4569.087834372368,0,0.2,12.603330835491006,-0.010703798345918614,-1.064671654197824,12.639681964243232,0.02537500234389345,-0.9662462334774692,0,1.0,1.0
2021-04-20,4740.470968893944,4747.06587228104,4817.252206693345,4713.043091890686,329742.0,16034458460.0,298092.0,0.1009083668075725,13,price_up_oi_down,-0.41458081236192285,0.0048964236889834645,4683.134472236596,4584.4940291550365,4576.304915663639,1,0.3,12.60515744267405,0.0018266071830446151,0.1828276446153021,12.62392779785786,0.030537909005400543,-0.41458081236192285,0,1.0,1.0
2021-04-21,4765.733485887103,4785.210719544327,4788.430746561887,4739.005944837138,240821.0,11681325000.0,309696.0,-0.251537252236372,13,price_up_oi_down,0.61682554369207,0.00803545775212866,4729.955764965101,4613.081997632626,4585.357144030831,1,0.6,12.64334645015299,0.038189007478939274,3.892757940501612,12.60978554113971,0.03669842022621683,0.61682554369207,0,1.0,1.0
2021-04-22,4781.98497866601,4767.283050988346,4822.9130306660445,4727.694503631407,353675.0,17287304040.0,300755.0,0.1620824325244983,13,price_up_oi_down,0.08937647842213353,-0.0037464742112104377,4752.11959833201,4636.93306657146,4591.1382782585515,1,0.6,12.614051258802636,-0.029295191350353633,-2.8870246951849476,12.60978554113971,0.03219177122341499,0.08937647842213353,0,1.0,1.0
2021-04-23,4766.727650706888,4813.231495970771,4843.681816463473,4746.068224274034,262729.0,12855524610.0,307379.0,-0.1569584311908125,13,price_up_oi_down,0.9427351300273631,0.009638287571974269,4767.345324292582,4678.859359593023,4598.7234839040175,1,0.7,12.63583679285391,0.021785534051273814,2.2024571495071976,12.60978554113971,0.018638669541126696,0.9427351300273631,0,1.0,1.0
2021-04-26,4838.221950424532,4788.003756749604,4862.377979869042,4743.042894302354,280220.0,13747836560.0,290943.0,-0.0375523627534816,13,price_up_oi_down,-1.1994559840006738,-0.005241330952455936,4780.158979106817,4707.963749717726,4601.743060226148,1,0.2,12.580882650678705,-0.054954142175205334,-5.347144730121456,12.60978554113971,0.016252978681452035,-1.1994559840006738,0,1.0,1.0
2021-04-27,4774.92247907738,4733.067460567051,4776.986779031743,4715.028513997688,265144.0,12861978080.0,286182.0,-0.076354897436366,13,price_up_oi_down,-1.6660110257838132,-0.011473737067375867,4777.35929676402,4730.246884500308,4608.607377828325,1,0.1,12.564383251044873,-0.016499399633831402,-1.6364030067746338,12.605346945558273,0.01658430406196576,-1.6660110257838132,0,1.0,1.0
2021-04-28,4712.710908251166,4732.483350385181,4758.755280522843,4708.521668847664,176534.0,8535901620.0,280517.0,-0.4631208368042806,13,price_up_oi_down,-1.659912447136091,-0.0001234104915546208,4766.81382293219,4748.384793948646,4616.408656762072,1,0.0,12.544389608169022,-0.01999364287585159,-1.9795095428781995,12.604244139082528,0.024321359890095984,-1.659912447136091,0,1.0,1.0
2021-04-29,4742.006244069556,4797.864293879394,4804.337853577663,4728.505843620818,210765.0,10304197250.0,283436.0,-0.2962425793970433,13,price_up_oi_down,-1.3728256581570537,0.013815356262984135,4772.9300715104,4762.524834921205,4635.890565247002,1,0.1,12.554741627105594,0.010352018936572449,1.0405786458574484,12.604244139082528,0.024321359890095984,-1.3728256581570537,0,1.0,1.0
2021-04-30,4812.063211004639,4797.1386918009775,4819.457796953669,4774.566391701971,167360.0,8183121160.0,267788.0,-0.470048441817163,13,price_up_oi_down,-2.6092230207257425,-0.00015123438971409442,4769.711510676441,4768.528417484512,4651.580222579245,1,0.0,12.497950901675859,-0.05679072542973529,-5.520823042944434,12.604244139082528,0.027477071087602667,-2.6092230207257425,0,1.0,1.0
2021-05-06,4800.073944253446,4698.198088287555,4802.466301592812,4683.584318107508,354198.0,17058214280.0,272949.0,0.2605711142590162,13,price_up_oi_down,-1.5557764050194163,-0.02062492036816166,4751.750376984031,4765.954678045425,4662.515948172383,0,0.1,12.517040243528527,0.019089341852668085,1.9272708261758975,12.592106743084855,0.032544304009621605,-1.5557764050194163,0,1.0,1.0
2021-05-07,4692.63631240843,4752.320457186399,4784.914239779341,4687.976808949223,294036.0,14297752470.000002,262475.0,0.1135463694210041,13,price_up_oi_down,-1.7280655030561907,0.01151981416742931,4755.600976307902,4766.480136535961,4675.487082845499,0,0.0,12.477911118383142,-0.03912912514538469,-3.837346903634009,12.572632950861788,0.03697139987655529,-1.7280655030561907,0,1.0,1.0
2021-05-10,4763.711888569581,4788.707902128787,4835.972265295863,4748.572449401075,263326.0,12969602960.0,283025.0,-0.072142424660247,13,price_up_oi_down,-0.08721394947897733,0.007656774258007815,4766.8458866566225,4766.829854794406,4689.955926213516,1,0.4,12.55329051194631,0.0753793935631677,7.829317077816889,12.559562439075233,0.048505507637054635,-0.08721394947897733,0,1.0,1.0
2021-05-11,4753.301440171322,4695.628668563364,4755.4543303292585,4666.376766125254,345419.0,16715901130.0,265022.0,0.2649453314769666,13,price_up_oi_down,-1.4040362723705102,-0.019437233480882332,4746.398761593417,4759.664416551908,4698.298741561684,0,0.1,12.487568120390408,-0.06572239155590154,-6.360922180019402,12.554016069525952,0.031921203575088875,-1.4040362723705102,0,1.0,1.0
2021-05-12,4687.156972428222,4683.88632574055,4719.360930107003,4674.563232135186,215322.0,10344682340.000002,275876.0,-0.2478169072499622,13,price_up_oi_down,-0.44654362478390547,-0.002500696637582789,4723.748288381331,4746.729899528886,4712.7946295609545,0,0.4,12.527706768382554,0.04013864799214595,4.095509052078716,12.548840060057666,0.031921203575088875,-0.44654362478390547,0,1.0,1.0
2021-05-13,4657.942675571339,4650.127629512218,4701.523338182949,4626.087023031971,299179.0,14316861160.0,278854.0,0.0703537091089035,13,price_up_oi_down,0.06825509941127805,-0.007207411512702433,4714.134196626264,4732.942286805148,4720.453018261438,0,0.5,12.538443626344545,0.010736857961990864,1.0794704867403082,12.536048188275789,0.023671503758173174,0.06825509941127805,0,1.0,1.0
2021-05-14,4644.610922870047,4669.200840531503,4683.8409769077925,4631.180621538483,234841.0,11257601740.0,279585.0,-0.174397671446596,13,price_up_oi_down,0.2572376931328493,0.004101653231673996,4697.510273295285,4726.555624801593,4728.40125465095,0,0.6,12.541061639834014,0.0026180134894691065,0.2621443479384755,12.53307519736355,0.020940872162402258,0.2572376931328493,0,1.0,1.0
2021-05-17,4686.349767574913,4630.9400783299,4697.3605628262885,4581.173256441107,369932.0,17558386470.0,284438.0,0.2628039013334452,13,price_up_oi_down,0.9375960660831614,-0.00819428495546315,4665.956708535507,4716.401297596064,4732.3930457723545,0,1.0,12.558270582612868,0.017208942778854208,1.7357869699732298,12.53307519736355,0.018125134208891502,0.9375960660831614,0,1.0,1.0
2021-05-18,4613.402240154668,4601.666578265781,4632.998498992973,4581.426185130497,222216.0,10370456060.0,290344.0,-0.2674165450756859,13,price_up_oi_down,1.4734628542098474,-0.006321286729902176,4647.16429047599,4696.781526034703,4729.653180477953,0,1.0,12.578821705871679,0.020551123258810478,2.0763751678749998,12.53307519736355,0.020940872162402258,1.4734628542098474,0,1.0,1.0
2021-05-19,4598.746003247523,4580.426471129615,4610.808556402963,4568.255412701808,198689.0,9304853460.0,298801.0,-0.4080370117868707,13,price_up_oi_down,2.211864308990248,-0.004615742313118898,4626.472319553804,4675.110303967567,4721.81936072604,0,1.0,12.607533078955413,0.02871137308373406,2.9127517703137817,12.53307519736355,0.022705349916039452,2.211864308990248,0,1.0,1.0
2021-05-20,4556.9750997643,4615.284852777214,4652.129010706696,4551.258833766174,263362.0,12457956380.0,285214.0,-0.0797102640668444,13,price_up_oi_down,0.6950133026909682,0.007610291720064,4619.503764206803,4666.818980416533,4716.38682923098,0,0.8,12.56099505467653,-0.04653802427888287,-4.547173536902472,12.539752633089279,0.020615169542170797,0.6950133026909682,0,1.0,1.0
2021-05-21,4621.224097660797,4564.542715287898,4641.33910697158,4557.37044769038,246206.0,11587266710.0,295070.0,-0.1810440324430928,13,price_up_oi_down,1.9367257473524129,-0.010994367435150143,4598.572139158081,4648.041206226682,4707.260671381322,0,0.9,12.594967895309173,0.03397284063264294,3.4556508446289325,12.547176075890162,0.016644143146987922,1.9367257473524129,0,1.0,1.0
2021-05-24,4579.955033536657,4598.747414916423,4641.237296275587,4551.256411121951,241139.0,11347207910.0,285484.0,-0.1688124547821279,13,price_up_oi_down,0.20582191473350137,0.007493565459243845,4592.133606475387,4629.045157505447,4697.937506149927,0,0.7,12.561941264476266,-0.033026630832907244,-3.2487206425592996,12.55578054727959,0.020189039763566896,0.20582191473350137,0,1.0,1.0
2021-05-25,4599.209288802012,4613.848659112504,4623.102386956859,4566.988810663854,233636.0,10986159810.0,282052.0,-0.1883271024327167,13,price_up_oi_down,-0.326941072110659,0.0032837733481727582,4594.570022644732,4620.86715656036,4690.265786556134,0,0.4,12.549846730084305,-0.012094534391961176,-1.2021689481722442,12.5596328186447,0.020189039763566896,-0.326941072110659,0,1.0,1.0
2021-05-26,4605.557754739464,4671.363257842172,4686.288192274034,4584.258805041578,304165.0,14497442900.0,284360.0,0.0673292762601875,13,price_up_oi_down,-0.058464049470662575,0.012465644839926737,4612.7573799872425,4619.6148497705235,4683.172374649705,0,0.4,12.557996320043419,0.008149589959113968,0.8182888261737631,12.5596328186447,0.018880033018832343,-0.058464049470662575,0,1.0,1.0
2021-05-27,4666.06254511396,4636.576339008235,4672.664918702171,4621.1798093121615,201447.0,9599057050.0,271899.0,-0.2999043543152264,13,price_up_oi_down,-2.20952050234447,-0.007446845152865755,4617.015677233447,4618.259720720123,4675.601003762636,0,0.0,12.51318595279107,-0.04481036725234944,-4.382121254747496,12.5596328186447,0.014178633685539843,-2.20952050234447,0,1.0,1.0
2021-05-28,4645.772057719699,4636.238089001316,4662.338138426219,4589.508607906254,250519.0,11918186270.0,267232.0,-0.0645824290188433,13,price_up_oi_down,-3.0331387542254973,-7.295253699857174e-05,4631.35475197613,4614.963445567106,4670.759535184349,0,0.0,12.495872473952955,-0.01731347883811374,-1.7164461803831355,12.5596328186447,0.014178633685539843,-3.0331387542254973,0,1.0,1.0
2021-05-31,4651.798060794501,4593.555545395742,4683.3196063482255,4571.162009083622,339853.0,16074849090.000002,295281.0,0.1405857258454473,13,price_up_oi_down,1.6783674596594913,-0.009206288112517669,4630.316378071994,4611.22499227369,4663.8131449348775,0,0.9,12.595682724314239,0.09981025036128344,10.496123218776265,12.5596328186447,0.014487487893687145,1.6783674596594913,0,1.0,1.0
2021-06-01,4589.4937662915,4564.186213878982,4607.3887500239725,4537.540869716516,303477.0,14173720370.000002,310138.0,-0.0217115346237792,13,price_up_oi_down,2.209812194902425,-0.006393594510073597,4620.38388902529,4607.476955835011,4652.129240934856,0,1.0,12.644772638696761,0.04908991438252208,5.031478489980801,12.561468159576398,0.02542664101402803,2.209812194902425,0,1.0,1.0
2021-06-02,4562.663051439879,4519.461634342421,4571.178279083514,4512.633962621133,236557.0,10989579340.0,335352.0,-0.3489915327545153,13,price_up_oi_down,3.2167081169169562,-0.00979902603459959,4590.003564325339,4601.38047215629,4638.24538806193,0,1.0,12.722936005428393,0.07816336673163171,8.129929257298185,12.561468159576398,0.033857150235308,3.2167081169169562,0,1.0,1.0
2021-06-03,4518.41926601673,4571.256511896812,4594.638822641799,4517.382041812346,246756.0,11535907300.0,307015.0,-0.2184966122010611,13,price_up_oi_down,1.4579415694388569,0.011460408726741367,4576.9395989030545,4596.977638068251,4631.898309242391,0,0.8,12.63465188531058,-0.08828412011781239,-8.449927240630629,12.561468159576398,0.033857150235308,1.4579415694388569,0,1.0,1.0
2021-06-04,4572.4370222320285,4598.343786559651,4635.962914963938,4536.293000093114,317307.0,14994266970.000002,294040.0,0.0761539469807958,13,price_up_oi_down,0.20705148803957188,0.005925564359021029,4569.360738414722,4600.357745195426,4624.199475711054,0,0.5,12.591471091488025,-0.043180793822555685,-4.226177874045211,12.57845457989272,0.042402577613137815,0.20705148803957188,0,1.0,1.0
2021-06-07,4577.379206291148,4574.32473518234,4587.336682278038,4552.395395595324,195394.0,9170290800.0,296808.0,-0.4180674322142325,13,price_up_oi_down,0.38390453457770807,-0.005223413579366287,4565.514576372041,4597.915477222018,4613.480317363732,0,0.7,12.600840744090002,0.009369652601977307,0.9413685212894762,12.576706177982146,0.042402577613137815,0.38390453457770807,0,1.0,1.0
2021-06-08,4587.436916021976,4578.399987841289,4644.855530175563,4558.659276731643,255150.0,12086035930.0,296084.0,-0.1487915903388621,13,price_up_oi_down,0.07669589615474443,0.0008908971039167657,4568.357331164503,4594.370610094897,4607.618883327628,0,0.6,12.59839847683098,-0.0024422672590223016,-0.24392873507445012,12.59357690790113,0.042402577613137815,0.07669589615474443,0,1.0,1.0
2021-06-09,4579.600942655145,4617.912076508954,4637.243911358621,4548.088391902715,225743.0,10693404000.0,307415.0,-0.3088014422061242,13,price_up_oi_down,0.6847947526173829,0.008630108503537404,4588.0474195978095,4589.0254919615745,4604.320170866048,0,0.8,12.635953905252668,0.037555428421688575,3.8269545129085536,12.597040600572608,0.03832778263358083,0.6847947526173829,0,1.0,1.0
2021-06-10,4608.999945276562,4602.852337269475,4624.673725582401,4587.76833213399,151660.0,7179821780.0,305121.0,-0.699067245973005,13,price_up_oi_down,0.545215239062861,-0.003261157637904466,4594.3665846723425,4585.653091787698,4601.956406253911,0,0.6,12.62846369822793,-0.007490207024737572,-0.7462225330580385,12.59961961046049,0.035683284821134365,0.545215239062861,0,1.0,1.0
2021-06-11,4601.550200190782,4617.115440514239,4646.736836831508,4590.746005352844,213667.0,10153141320.0,307561.0,-0.3642547132430495,13,price_up_oi_down,0.7112623790300028,0.0030987531642661104,4598.120915463259,4583.740826938991,4599.352136253048,0,0.8,12.636428720538932,0.00796502231100149,0.7996827488111702,12.614652221158966,0.020650674122657975,0.7112623790300028,0,1.0,1.0
2021-06-15,4586.57007430182,4689.438025643748,4699.158542221183,4569.705264045509,327056.0,15642820030.0,339108.0,-0.0361872306564958,13,price_up_oi_down,3.1478806730688715,0.01566401924779548,4621.143573555541,4593.329074963791,4602.2770336187405,0,1.0,12.734073919696254,0.09764519915732173,10.25715223971828,12.631557791769255,0.02196594730337953,3.1478806730688715,0,1.0,1.0
2021-06-16,4694.027789967223,4668.735239420698,4694.809879044728,4650.575302772721,169767.0,8144810530.0,329086.0,-0.661892206083306,13,price_up_oi_down,2.111711350322843,-0.00441476912795058,4639.210623871423,4603.783977517963,4605.630466676486,0,0.8,12.70407439376525,-0.029999525931003745,-2.9554006393242793,12.635302895281624,0.02196594730337953,2.111711350322843,0,1.0,1.0
2021-06-17,4663.996039129882,4721.296171301216,4735.686968311747,4651.064277012408,224330.0,10863690050.0,346384.0,-0.4344298042198605,13,price_up_oi_down,2.2682648491095705,0.011258066518040621,4659.887442829875,4623.967431213842,4612.673951685067,1,1.0,12.755303265227212,0.0512288714619622,5.25637675258146,12.635302895281624,0.035683284821133476,2.2682648491095705,0,1.0,1.0
2021-06-18,4691.097617448479,4613.938267537955,4695.408521569044,4589.301993183281,349621.0,16683203600.000002,315701.0,0.1020541475041445,13,price_up_oi_down,0.5150447454317931,-0.022739074158457884,4662.104628883571,4628.2356067779565,4612.6066224231035,1,0.7,12.66255084210521,-0.09275242312200227,-8.858088133401088,12.635302895281624,0.035683284821133476,0.5150447454317931,0,1.0,1.0
2021-06-21,4610.859173870056,4581.5961625092805,4621.8603050100655,4575.265573495465,213515.0,10080841340.0,321877.0,-0.4104623971789591,13,price_up_oi_down,0.8434606019390604,-0.007009652742045125,4655.00077328258,4626.56084437292,4613.459294784172,1,0.7,12.681924763973067,0.01937392186785658,1.956281418177297,12.6361913128958,0.03657170243530938,0.8434606019390604,0,1.0,1.0
2021-06-22,4584.189954675736,4598.867618324601,4603.053929159676,4567.819940189381,138166.0,6522383550.0,321404.0,-0.8442430379715539,13,price_up_oi_down,0.5151495769235287,0.003769746438293975,4636.8866918187505,4629.015132687145,4613.465304954581,1,0.6,12.68045417775882,-0.0014705862142463388,-0.14695054321989254,12.649489781322071,0.04054200994153234,0.5151495769235287,0,1.0,1.0
2021-06-23,4602.989523211266,4582.369748817459,4614.700440749273,4578.118143696182,137508.0,6509923300.0,320285.0,-0.8455291271903433,13,price_up_oi_down,0.10436953194699636,-0.003587376475331472,4619.613593698103,4629.4121087847625,4611.89135943983,0,0.5,12.676966503404792,-0.003487674354028414,-0.3481599482272113,12.671502509932015,0.03531119703621499,0.10436953194699636,0,1.0,1.0
2021-06-24,4591.316065780363,4598.398231648303,4634.634009711094,4559.280452375698,285445.0,13518525800.0,312042.0,-0.0890884280798894,13,price_up_oi_down,-0.554728453840955,0.0034978589047687247,4595.034005767519,4627.460724298698,4608.243108130136,0,0.3,12.650893073116396,-0.02607343028839537,-2.573645347112774,12.678710340581805,0.03382283661315899,-0.554728453840955,0,1.0,1.0
2021-06-25,4595.941725546743,4573.51971764798,4612.482611134484,4571.448996334326,152751.0,7226530730.0,306426.0,-0.6961671459880826,13,price_up_oi_down,-1.1662837909843582,-0.005410256516953704,4586.950295789525,4624.527462336548,4605.090277062123,0,0.1,12.63273156964534,-0.01816150347105605,-1.7997577249215357,12.678710340581805,0.026590660324426807,-1.1662837909843582,0,1.0,1.0
2021-06-28,4591.082551330686,4646.608770574415,4654.717020879528,4587.139009357848,235188.0,11261187110.0,314529.0,-0.2906910874316201,13,price_up_oi_down,-0.504239201163439,0.015980920043791258,4599.952817402552,4627.476795342565,4605.608811140778,0,0.3,12.65883156072848,0.02609999108313943,2.6443578547511004,12.678710340581805,0.026590660324426807,-0.504239201163439,0,1.0,1.0
2021-06-29,4647.949741320281,4624.498347382467,4650.284515989957,4615.769253500271,126951.0,6084966520.0,309509.0,-0.8911859856251574,13,price_up_oi_down,-1.0724354913901357,-0.004758400003883834,4605.078963214126,4620.982827516437,4607.155951240114,0,0.1,12.642742449843933,-0.016089110884546898,-1.5960372493473485,12.678710340581805,0.022621416518385118,-1.0724354913901357,0,1.0,1.0
2021-06-30,4625.817405218469,4642.2010430079845,4650.875898743189,4618.416719358918,129295.0,6195939080.0,310640.0,-0.876538070153542,13,price_up_oi_down,-1.0158632937358423,0.0038280250733655485,4617.045222052229,4618.329407875166,4611.056692696564,0,0.2,12.646389964405548,0.0036475145616154947,0.3654174838210622,12.669758672755002,0.015515845428335062,-1.0158632937358423,0,1.0,1.0
2021-07-01,4655.568889046019,4659.473843419195,4669.185784019487,4629.503335331309,169247.0,8133908160.0,315045.0,-0.6213562993885835,13,price_up_oi_down,-0.008688771845323457,0.0037208212766284277,4629.260344406408,4612.147175086964,4618.057303150403,0,0.5,12.660470764747517,0.014080800341968569,1.4180401751223481,12.660691201416846,0.017112026780429446,-0.008688771845323457,0,1.0,1.0
2021-07-02,4646.477787083449,4541.801977343696,4653.428074859575,4528.5123102429,451662.0,21324805940.0,329533.0,0.3152576118162151,13,price_up_oi_down,2.0469800418293587,-0.025254324850796706,4622.916796345551,4604.933546067538,4616.584576422747,0,1.0,12.705431779654916,0.04496101490739868,4.598708121062067,12.659651162737998,0.015084955613256845,2.0469800418293587,0,1.0,1.0
2021-07-05,4542.6385049586925,4518.48399990412,4556.423135510235,4515.298245981998,212926.0,9951757200.0,333748.0,-0.4494415296816505,13,price_up_oi_down,2.305465619167185,-0.0051340806041073606,4597.291842211493,4598.622329807023,4612.591587089972,0,1.0,12.718141496169277,0.012709716514361702,1.279082823268074,12.659651162737998,0.017112026780429446,2.305465619167185,0,1.0,1.0
2021-07-06,4512.950895120831,4530.944905666996,4540.824564404868,4498.771116320967,202681.0,9468124110.0,342086.0,-0.5234288529581768,13,price_up_oi_down,3.278097361714253,0.0027577625068808675,4578.581153868398,4591.830058541262,4610.422595614204,0,1.0,12.74281744642178,0.024675950252502687,2.49829212459709,12.659651162737998,0.017112026780429446,3.278097361714253,0,1.0,1.0
2021-07-07,4527.625905591867,4487.724191507293,4543.170031469098,4467.949775148692,357476.0,16524258430.000002,364289.0,-0.0188792816509074,13,price_up_oi_down,5.7567974073113195,-0.009539006776631997,4547.68578356826,4582.365502810245,4605.888805797504,0,1.0,12.805702787646462,0.06288534122468192,6.490473155873011,12.659651162737998,0.017112026780429446,5.7567974073113195,0,1.0,1.0
2021-07-08,4490.785855244303,4504.119468337678,4525.286339413843,4482.297582648317,191769.0,8850940830.0,359702.0,-0.6289843881833042,13,price_up_oi_down,4.1052736929963265,0.0036533610647044856,4516.6149085519555,4572.937626479182,4600.19917538894,0,0.9,12.793031189857304,-0.012671597789157829,-1.2591651134126525,12.659651162737998,0.021914152993360858,4.1052736929963265,0,1.0,1.0
2021-07-09,4504.446379534616,4471.499938306978,4512.804647460786,4465.474678896087,208732.0,9618520260.0,364709.0,-0.5580486428592802,13,price_up_oi_down,2.177199802276747,-0.00724215471192613,4502.5545007446135,4562.735648545082,4593.631555440816,0,1.0,12.806855054309663,0.013823864452358947,1.391985588070077,12.682951272201215,0.03838506507647477,2.177199802276747,0,1.0,1.0
2021-07-12,4482.487481486129,4493.892554191505,4519.530641072075,4458.76689350735,230994.0,10631201290.0,355314.0,-0.4306101694133393,13,price_up_oi_down,0.7861311068772403,0.005007853336347123,4497.63621160209,4547.464026906791,4587.470411124678,0,0.7,12.780757184553964,-0.02609786975569861,-2.5760263662262473,12.711786637912097,0.059175875345082396,0.7861311068772403,0,1.0,1.0
2021-07-13,4486.025374859059,4453.151390119629,4495.412514623141,4444.09205005011,260113.0,11877581560.0,361120.0,-0.3280941610869927,13,price_up_oi_down,0.6765861537583201,-0.00906589634277677,4482.077508492616,4530.329331180507,4575.656079348472,0,0.8,12.796965592051363,0.01620840749739827,1.6340476311094587,12.730479471295528,0.06628021255489358,0.6765861537583201,0,1.0,1.0
2021-07-14,4470.716248458564,4490.811849184756,4507.39524279024,4457.12989128784,191017.0,8765321130.0,342167.0,-0.5829364926530239,13,price_up_oi_down,-0.288604985928418,0.008457035426346904,4482.695040028108,4515.190411798185,4566.759909836675,0,0.5,12.743054200956662,-0.05391139109470089,-5.2483938856889845,12.761787315487872,0.043780645738592305,-0.288604985928418,0,1.0,1.0
2021-07-15,4499.622433303192,4504.210742222183,4531.894361025332,4477.939389152648,189559.0,8761168670.0,332259.0,-0.5612144635516768,13,price_up_oi_down,-0.8254959436780189,0.002983623782826683,4482.713294805011,4499.664101678483,4555.905638382724,0,0.2,12.713670064244734,-0.02938413671192741,-2.895662059754489,12.761905692755313,0.039412047941042694,-0.8254959436780189,0,1.0,1.0
2021-07-16,4505.454408284111,4502.278390365464,4528.058032979941,4487.720578171583,150808.0,6985489220.0,333467.0,-0.7935364053704035,13,price_up_oi_down,-0.7633877512757035,-0.00042901009018203595,4488.868985216707,4495.71174298066,4550.3226445241,0,0.2,12.717299188917151,0.003629124672416495,0.36357179188521993,12.761905692755313,0.039412047941042694,-0.7633877512757035,0,1.0,1.0
2021-07-19,4477.788132570387,4471.285020523251,4502.826963469628,4436.207552108406,255366.0,11701164720.0,320612.0,-0.2275338590680504,13,price_up_oi_down,-1.4361704264072381,-0.006883930124919946,4484.347478483056,4490.991845042573,4544.807087424798,0,0.0,12.677986948276201,-0.039312240640949625,-3.854954163380353,12.761905692755313,0.039412047941042694,-1.4361704264072381,0,1.0,1.0
2021-07-20,4468.62405299792,4505.88343893936,4520.315785483697,4464.204381468137,168311.0,7783142070.0,314376.0,-0.6247762632254105,13,price_up_oi_down,-1.7715798205177236,0.007737913878739899,4494.893888247003,4488.48569836981,4540.157878455536,0,0.0,12.658345000745594,-0.019641947530606885,-1.9450301298766903,12.761905692755313,0.03942849709359919,-1.7715798205177236,0,1.0,1.0
2021-07-21,4519.415426940449,4481.348106276522,4545.00302495345,4467.116513061716,182110.0,8429020700.0,315780.0,-0.5504348684860143,13,price_up_oi_down,-1.5122725399085308,-0.005445176954824382,4493.001139665355,4487.848089846733,4535.106796328489,0,0.1,12.66280104757588,0.004456046830284777,0.4465989770211065,12.761905692755313,0.044201799364655514,-1.5122725399085308,0,1.0,1.0
2021-07-22,4490.643819951416,4452.925977374092,4497.094307854144,4449.5853767634935,191925.0,8812584180.0,334749.0,-0.5562763265488995,13,price_up_oi_down,-0.10600580760266089,-0.006342316693189298,4482.744186695738,4482.728740750374,4527.833183614778,0,0.5,12.721136276244998,0.05833522866911878,6.0070302109062945,12.730176694936906,0.05752212079055141,-0.10600580760266089,0,1.0,1.0
2021-07-23,4455.9228159732165,4402.443617625173,4472.790771595961,4399.004211876198,235313.0,10682596800.0,339991.0,-0.368002603845667,13,price_up_oi_down,0.24116094869784008,-0.011336896235290439,4462.777232147679,4475.823108682193,4519.279378613638,0,0.6,12.736674425653757,0.015538149408758528,1.5659494128437146,12.719217732581075,0.04882373465503509,0.24116094869784008,0,1.0,1.0
2021-07-26,4425.230036665063,4480.312714627977,4488.024439447819,4421.948032427813,290087.0,13333473490.0,300520.0,-0.0353334295114421,13,price_up_oi_down,-2.1965287477625535,0.017687698870476165,4464.582770968625,4474.46512472584,4510.964575816316,0,0.0,12.613269586483097,-0.12340483917065903,-11.60942495536641,12.719217732581075,0.03253362634023027,-2.1965287477625535,0,1.0,1.0
2021-07-27,4488.137834551904,4469.982344803206,4499.787295771364,4464.850171078094,156436.0,7226367840.0,294191.0,-0.6315822356127957,13,price_up_oi_down,-2.560418457688388,-0.0023057251765133957,4457.402552141394,4476.148220194199,4503.238775687353,0,0.0,12.591984495247148,-0.02128509123594924,-2.10601623851997,12.715484626580942,0.03253362634023027,-2.560418457688388,0,1.0,1.0
2021-07-28,4470.923988073634,4424.792358340255,4485.707874050327,4408.269006553815,237249.0,10831119240.0,293732.0,-0.2135575644671015,13,price_up_oi_down,-2.0165656868298045,-0.010109656588574323,4446.091402554141,4469.546271109748,4492.368341453966,0,0.0,12.590423065967274,-0.00156142927987446,-0.15602108834056327,12.695828506260469,0.03525548209973195,-2.0165656868298045,0,1.0,1.0
2021-07-29,4439.13270300942,4431.169887467925,4462.614767910591,4420.07870503597,177469.0,8125057220.0,289162.0,-0.4881911389187217,13,price_up_oi_down,-1.321409430991803,0.0014413171537075442,4441.740184572907,4462.242185634323,4480.953143656403,0,0.0,12.574742363676288,-0.01568070229098595,-1.5558400174307874,12.670393997926041,0.04882373465503331,-1.321409430991803,0,1.0,1.0
2021-07-30,4438.517010581276,4404.329207423961,4442.486072152637,4401.1434986099175,159151.0,7218898240.0,298924.0,-0.6303359233904954,13,price_up_oi_down,-0.6052951770347307,-0.006057244638684289,4442.117302532665,4452.4472673401715,4474.079505160416,0,0.3,12.607944639461452,0.03320227578516466,3.375962263367871,12.660573024160737,0.05864470842033764,-0.6052951770347307,0,1.0,1.0
2021-08-02,4412.472801032638,4415.727622024021,4437.47190585553,4380.127957764183,214399.0,9754449500.0,295659.0,-0.3213679981971482,13,price_up_oi_down,-0.6093026934646913,0.0025880024092765908,4429.200284011874,4446.891527490249,4468.941686266411,0,0.3,12.59696204218595,-0.010982597275502215,-1.0922508731316394,12.635807293614345,0.043001226514526536,-0.6093026934646913,0,1.0,1.0
2021-08-03,4420.886018536778,4411.8730087691565,4437.643050697817,4409.430551693873,177236.0,8126103320.0,297178.0,-0.5168491080699578,13,price_up_oi_down,-0.20507241356641048,-0.0008729282203999711,4417.578416805064,4437.490484473229,4462.988091421519,0,0.4,12.602086564859702,0.005124522673751741,0.5137675497785876,12.610607112972275,0.02802439815049418,-0.20507241356641048,0,1.0,1.0
2021-08-04,4413.732694891913,4409.412922675958,4450.631858600078,4408.484764084697,220912.0,10151581780.0,296208.0,-0.2932974780730242,13,price_up_oi_down,-0.302695211449077,-0.0005576058259857408,4414.502529672204,4430.296966113172,4459.072527979953,0,0.4,12.598817189228958,-0.0032693756307438093,-0.32640370417720277,12.605015602160577,0.013811821553366244,-0.302695211449077,0,1.0,1.0
2021-08-05,4401.842010996053,4372.046515851448,4405.413232367525,4367.137488884239,185061.0,8408289520.0,302843.0,-0.4925290189479925,13,price_up_oi_down,1.4964320975593988,-0.008474236248628086,4402.677855348908,4422.209019960907,4452.468880355641,0,0.8,12.620969798389284,0.02215260916032591,2.239980014044196,12.60045187704433,0.009248096437119102,1.4964320975593988,0,1.0,1.0
2021-08-06,4372.336937802876,4369.896277418647,4391.5846015726165,4364.573858355639,143547.0,6497013760.0,300571.0,-0.7390214912386524,13,price_up_oi_down,0.9472091845607639,-0.0004918150859112291,4395.791269347846,4418.954285940255,4447.388697311224,0,0.8,12.613439277927894,-0.007530520461390466,-0.7502237132773093,12.60045187704433,0.009248096437119102,0.9472091845607639,0,1.0,1.0
2021-08-09,4382.704559865877,4351.702945588125,4389.084501103863,4345.929822544676,208481.0,9467096610.0,307341.0,-0.3881099703592002,13,price_up_oi_down,2.571708591995186,-0.0041633326457966024,4382.986334060666,4406.09330903627,4440.279216881055,0,1.0,12.635713159329546,0.022273881401652318,2.2523796374235294,12.60045187704433,0.009248096437119102,2.571708591995186,0,1.0,1.0
2021-08-10,4348.502576787627,4323.3797385983735,4353.1198222371295,4320.06469016718,135269.0,6040038500.0,324252.0,-0.8742556028061018,13,price_up_oi_down,6.478223148891563,-0.006508534094328722,4365.287680026509,4391.433048415786,4433.790634304993,0,1.0,12.689276270239853,0.05356311091030719,5.502357316466089,12.60045187704433,0.009248096437119102,6.478223148891563,0,1.0,1.0
2021-08-11,4320.674952671756,4292.317744467659,4329.567401526718,4283.564259372342,241653.0,10712422530.0,346508.0,-0.3604030935232035,13,price_up_oi_down,8.829346375303526,-0.007184655526184303,4341.868644384851,4378.185587028527,4423.865929069138,0,1.0,12.755661185368659,0.06638491512880584,6.863797293463114,12.605015602160577,0.011508105980309935,8.829346375303526,0,1.0,1.0
2021-08-12,4290.956195441911,4260.79422967895,4304.806360239463,4250.049984367673,218013.0,9562660820.0,351003.0,-0.4762400763992537,13,price_up_oi_down,8.316745114824368,-0.007344170833890384,4319.61818715035,4361.14802124963,4411.695103441976,0,1.0,12.768550049420025,0.0128888640513658,1.2972283468202894,12.610691958694673,0.012802342987218829,8.316745114824368,0,1.0,1.0
2021-08-13,4252.015402397187,4259.914960141158,4281.965794284614,4238.675014235248,140298.0,6127772580.0,347978.0,-0.908370527545992,13,price_up_oi_down,5.216997213770609,-0.0002063628258944794,4297.621923694854,4346.70659652135,4399.576931930761,0,0.9,12.75989453836744,-0.00865551105258433,-0.8618159958746818,12.617204538158589,0.01844798505029388,5.216997213770609,0,1.0,1.0
2021-08-16,4248.811817732631,4245.595867293762,4277.988100487335,4236.050234987245,151087.0,6598371310.0,346359.0,-0.8296199795665279,13,price_up_oi_down,2.8105298080363506,-0.0033613565015676583,4276.400508035981,4329.693421048323,4388.292474269287,0,0.7,12.75523108838815,-0.004663449979290135,-0.46525929800165233,12.628341478859415,0.0304518631519608,2.8105298080363506,0,1.0,1.0
2021-08-17,4242.396961090925,4226.800001167093,4256.940562893118,4221.165589949218,144067.0,6244223370.0,342732.0,-0.8666703315063738,13,price_up_oi_down,0.8937285745186035,-0.004427144437242458,4257.084560549725,4311.186120288117,4374.338302380673,0,0.6,12.744704079634147,-0.010527008754003475,-1.0471793716923972,12.6624947147847,0.06204283774036945,0.8937285745186035,0,1.0,1.0
2021-08-18,4241.457040408624,4242.992215604705,4250.845798170552,4226.277814934065,128490.0,5562370590.0,334130.0,-0.9556790585111362,13,price_up_oi_down,0.032776850337760434,0.0038308447130550594,4247.219454777133,4294.544049580992,4362.420507847082,0,0.5,12.719285417788663,-0.02541866184548347,-2.5098327556223543,12.716990174937,0.047232118956733515,0.032776850337760434,0,1.0,1.0
2021-08-19,4237.806862205873,4257.126711677736,4272.624725685485,4216.209469796016,201390.0,8733224900.0,326142.0,-0.4820895427313653,13,price_up_oi_down,-0.7724187733835969,0.0033312566591681136,4246.485951176891,4283.052069163621,4352.630544562265,0,0.4,12.695088148332273,-0.024197269456390558,-2.390686259838992,12.731994748711404,0.0322275451823284,-0.7724187733835969,0,1.0,1.0
2021-08-20,4254.547278997959,4227.507081565356,4264.665275282841,4226.089868517653,141564.0,6126422540.0,327823.0,-0.8397219169351879,13,price_up_oi_down,-0.6648235632100963,-0.006957657621778135,4240.004375461731,4268.813149578293,4343.883717759274,0,0.4,12.70022910756503,0.005140959232758036,0.5154196638273545,12.731994748711404,0.0322275451823284,-0.6648235632100963,0,1.0,1.0
2021-08-23,4210.983688962774,4231.391471460945,4263.40990683594,4158.207692528158,388171.0,16658797430.0,319492.0,0.1947137298030223,13,price_up_oi_down,-1.3001866683366923,0.0009188369932073837,4237.163496295167,4256.782002165573,4331.437655600922,0,0.1,12.674487513362612,-0.025741594202418838,-2.5413104022597444,12.731994748711404,0.0298327154012048,-1.3001866683366923,0,1.0,1.0
2021-08-24,4223.977075577008,4248.116964129858,4259.415243837284,4219.0219698786,236518.0,10315562030.0,303623.0,-0.2497624852554238,13,price_up_oi_down,-2.452016936236385,0.003952716921069799,4241.4268888877195,4249.255724718723,4320.344386567254,0,0.0,12.623542079209908,-0.050945434152703584,-4.966947529202715,12.731994748711404,0.0298327154012048,-2.452016936236385,0,1.0,1.0
2021-08-25,4248.866111609687,4220.231030988799,4264.975976075101,4216.318025099509,190543.0,8300320070.0,289169.0,-0.4171334014044108,13,price_up_oi_down,-3.5547871317501385,-0.006564304461605497,4236.874651964539,4242.047053370837,4310.116320199682,0,0.0,12.574766571266752,-0.04877550794315688,-4.76050892060208,12.731994748711404,0.0298327154012048,-3.5547871317501385,0,1.0,1.0
2021-08-26,4224.926029595047,4201.7280783306,4237.177825060078,4198.765104443127,136349.0,5931467880.0,287193.0,-0.7449366884200203,13,price_up_oi_down,-2.3698440777377954,-0.004384345909580256,4225.794925295111,4236.1404382360015,4298.644229742816,0,0.0,12.56790974260012,-0.006856828666631287,-0.6833374255193925,12.709757262676847,0.04037178751276915,-2.3698440777377954,0,1.0,1.0
2021-08-27,4194.156065639997,4205.780879652074,4237.241657437783,4187.908682811988,134078.0,5807914690.0,282589.0,-0.7455718250635238,13,price_up_oi_down,-1.8814142309853534,0.0009645558317721292,4221.449684912455,4230.727030187093,4288.716813354222,0,0.0,12.551748824200402,-0.016160918399718227,-1.6031031397004347,12.697658627948652,0.05230895606249675,-1.8814142309853534,0,1.0,1.0
2021-08-30,4212.800305125115,4182.598238776834,4236.464961905354,4176.680013063128,201944.0,8747506860.0,280714.0,-0.3293459261921018,13,price_up_oi_down,-1.5553356984164022,-0.005512089559253974,4211.691038375633,4224.427267335401,4277.060344191862,0,0.0,12.545091636417963,-0.006657187782439067,-0.6635077798498701,12.684787830847442,0.06058100021211921,-1.5553356984164022,0,1.0,1.0
2021-08-31,4194.085199487977,4198.82472767578,4212.389998542062,4173.953680531584,130621.0,5617396150.0,267053.0,-0.715147140333376,13,price_up_oi_down,-1.4357300697233215,0.003879523677055907,4201.832591084817,4221.629739986269,4266.407930137193,0,0.0,12.495202419556156,-0.04988921686180703,-4.866518948110921,12.64901479628626,0.07225942326095591,-1.4357300697233215,0,1.0,1.0
2021-09-01,4206.68940139218,4202.371383403269,4228.5865211467735,4196.625219288708,144839.0,6295053430.0,272632.0,-0.6325001197839523,13,price_up_oi_down,-0.8681728062987897,0.0008446782034294831,4198.260661567711,4217.567656766126,4256.055853173559,0,0.1,12.515878179469578,0.020675759913421743,2.089098418666002,12.599154325238331,0.06469793847232452,-0.8681728062987897,0,1.0,1.0
2021-09-02,4209.879009033312,4206.4045894254905,4229.251442949128,4193.7505548804,145942.0,6318456150.0,270840.0,-0.6183189581118477,13,price_up_oi_down,-0.7775174327658704,0.0009597452614851232,4199.195963786689,4212.4954445409,4247.773756852261,0,0.1,12.509283519599581,-0.006594659869996633,-0.6572962821680184,12.571338156933436,0.053831949870165374,-0.7775174327658704,0,1.0,1.0
2021-09-03,4214.359516925144,4207.252135255976,4239.660831947231,4199.50808319078,160033.0,6960502690.0,274206.0,-0.5384996047596646,13,price_up_oi_down,-0.545240082470704,0.0002014893747064317,4199.49021490747,4210.469949909962,4239.641549744128,0,0.3,12.521634927709021,0.012351408109440243,1.242800177226444,12.559829283400262,0.04724843386568267,-0.545240082470704,0,1.0,1.0
2021-09-06,4208.923657572334,4188.310386223004,4219.723453636463,4177.096525888691,191244.0,8293077160.0,274893.0,-0.362831831376475,13,price_up_oi_down,-0.552145742038568,-0.004502166360376703,4200.632644396704,4206.161841386168,4231.471921775871,0,0.4,12.52413721002411,0.002502282315088422,0.25054156364203717,12.548420230309183,0.029663676719883902,-0.552145742038568,0,1.0,1.0
2021-09-07,4186.482884813102,4191.137655237457,4208.554932873507,4181.648939153192,105261.0,4549145580.0,271439.0,-0.9472944562482664,13,price_up_oi_down,-0.7078006724106174,0.0006750380830784497,4199.0952299090395,4200.463910496927,4224.859817607825,0,0.2,12.511492715395917,-0.012644494628192504,-1.2564888884039505,12.534614423221036,0.022033573686456975,-0.7078006724106174,0,1.0,1.0
2021-09-08,4193.439924659434,4169.340750653112,4195.354834352962,4157.168084492827,137337.0,5920292760.0,281728.0,-0.7185043071098116,13,price_up_oi_down,0.9723754885419678,-0.005200713118335809,4192.4891033590075,4195.374882463359,4218.710967917098,0,0.7,12.54869734544608,0.03720463005016228,3.7905385740443442,12.522886068866566,0.01790405840919096,0.9723754885419678,0,1.0,1.0
2021-09-09,4176.372892909383,4212.282549231155,4214.766515725282,4170.7995954300695,155452.0,6744818970.0,275283.0,-0.5714626571293419,13,price_up_oi_down,0.10054300549585944,0.010299421694260902,4193.664695320141,4196.430329553415,4216.285383894708,0,0.6,12.525554938406747,-0.023142407039332014,-2.287667537483107,12.522886068866566,0.01790405840919096,0.10054300549585944,0,1.0,1.0
2021-09-10,4204.790778256419,4190.425265942988,4207.630074111047,4187.7554072288285,99839.0,4347849870.0,275905.0,-1.016497715021869,13,price_up_oi_down,0.2658368330695612,-0.005188940445639556,4190.299321457543,4194.894768182507,4212.810899184799,0,0.7,12.527811882549322,0.002256944142574824,0.22594929581569723,12.522886068866566,0.012497951368816373,0.2658368330695612,0,1.0,1.0
2021-09-13,4190.483515967213,4149.711301937347,4204.581480490943,4140.899685555034,186401.0,8051162520.0,291481.0,-0.4470745565193486,13,price_up_oi_down,4.387121893190017,-0.009715950392084616,4182.579504600411,4191.606074498557,4208.016670916979,0,1.0,12.582730102545453,0.054918219996130446,5.645421431289699,12.522886068866566,0.009200621433818057,4.387121893190017,0,1.0,1.0
2021-09-14,4149.73633735666,4150.018468532462,4164.250239827871,4147.244543847871,73393.0,3143809540.0,288599.0,-1.3692096181050462,13,price_up_oi_down,3.6586739927833953,7.402119635924187e-05,4174.355667259413,4186.725448584226,4204.177594285247,0,0.9,12.57279346031244,-0.00993664223301316,-0.9887436916985681,12.522886068866566,0.009200621433818057,3.6586739927833953,0,1.0,1.0
2021-09-15,4152.8483804630805,4182.935370026829,4193.384835401464,4148.9152004924135,142148.0,6153540570.0,270602.0,-0.6437803383390863,13,price_up_oi_down,-0.9936509128304059,0.007931748194365928,4177.074591134156,4184.781847246582,4201.174752006354,0,0.0,12.508404385674512,-0.06438907463792809,-6.235988343688048,12.524846074215429,0.011160626782681149,-0.9936509128304059,0,1.0,1.0
2021-09-16,4192.827217548012,4180.253568987846,4197.151267565148,4168.5567919887935,100735.0,4368760270.0,264851.0,-0.9666740973376418,13,price_up_oi_down,-1.7691972421681503,-0.0006411289684751242,4170.668795085495,4182.166745202818,4197.331094871859,0,0.0,12.486922682687652,-0.021481702986859474,-2.125261454091132,12.524846074215429,0.014457956717679465,-1.7691972421681503,0,1.0,1.0
2021-09-17,4182.435201704268,4232.468059557238,4257.753149042289,4177.952086297359,221653.0,9715717810.0,273149.0,-0.2089043378911845,13,price_up_oi_down,-0.3202489889229273,0.012490747201738372,4179.077353808345,4184.688337632944,4197.579143771452,0,0.3,12.517772712825034,0.030850030137381523,3.133082374618157,12.524846074215429,0.014897523680214242,-0.3202489889229273,0,1.0,1.0
2021-09-22,4235.03971145572,4256.564762653704,4273.714088442146,4222.414423552244,148410.0,6555739110.0,279760.0,-0.6339533788473936,13,price_up_oi_down,0.7624958214123797,0.0056932982735813376,4200.448045951616,4191.513775276015,4198.837808331091,0,0.7,12.541687371737257,0.023914658912223885,2.420290757059318,12.524846074215429,0.014897523680214242,0.7624958214123797,0,1.0,1.0
2021-09-23,4256.511079637452,4254.029479612282,4266.363806096695,4245.871456453056,83178.0,3672868330.0,277005.0,-1.2030526667816517,13,price_up_oi_down,0.2058523959027769,-0.0005956171661397613,4221.250248167579,4197.802957713497,4199.133434105212,0,0.6,12.531790835548083,-0.009896536189174299,-0.9847726622819186,12.526683410478036,0.016734859942821423,0.2058523959027769,0,1.0,1.0
2021-09-24,4250.851132686084,4243.767267322643,4284.490501343713,4234.791689668196,161550.0,7153296440.0,271148.0,-0.5178501049982108,13,price_up_oi_down,-0.8454422927879564,-0.002412351004810964,4233.416627626742,4205.245609380449,4200.310245921904,1,0.2,12.510420076250854,-0.02137075929722876,-2.114402267107207,12.529801359048703,0.015462316310522972,-0.8454422927879564,0,1.0,1.0
2021-09-27,4232.085242500216,4153.543783292729,4234.532042053668,4152.735375975555,206172.0,8942767440.0,242170.0,-0.1609291870045801,13,price_up_oi_down,-5.577948228897295,-0.02126023373728403,4228.074670487719,4199.371732786607,4197.901031170011,1,0.0,12.397395237854548,-0.11302483839630639,-10.687152403853117,12.526683410478036,0.01563364774320153,-5.577948228897295,0,1.0,1.0
2021-09-28,4149.052297203387,4145.166971306246,4167.406232589387,4142.124197634097,98648.0,4240939590.0,242910.0,-0.9011330457979032,13,price_up_oi_down,-4.958765176385877,-0.002016786730448916,4210.614452837521,4194.845903322932,4194.87033575272,0,0.1,12.40044628334827,0.0030510454937218157,0.30557046702723856,12.522792297687179,0.016641493031372967,-4.958765176385877,0,1.0,1.0
2021-09-29,4145.076778225475,4162.4790836219,4176.553598801113,4134.598347175396,99435.0,4281763210.0,229294.0,-0.8355008585660613,13,price_up_oi_down,-4.220406004134414,0.004176457169395631,4191.79731703116,4196.122681491388,4193.8643779949725,0,0.0,12.342760301909664,-0.05768598143860615,-5.605368243382259,12.514096394537944,0.027382344524802704,-4.220406004134414,0,1.0,1.0
2021-09-30,4166.140481450312,4159.199941950999,4173.928763615946,4142.096004558704,90241.0,3904656240.0,217058.0,-0.8776807296845867,13,price_up_oi_down,-5.455871219725134,-0.0007877857413873812,4172.831409498904,4197.040828833242,4191.883138708734,0,0.0,12.287919877915357,-0.054840423994306775,-5.336380367563043,12.509412230962683,0.027382344524802704,-5.455871219725134,0,1.0,1.0
2021-10-08,4120.671109285721,4187.539770352121,4219.6083302918505,4091.925927263208,218356.0,9396116900.0,224866.0,-0.0293779108627664,13,price_up_oi_down,-3.010413124387794,0.006813769185577634,4161.585910104799,4197.501268865771,4191.141558056176,0,0.1,12.323259948217348,0.03534007030199149,3.597195219710758,12.497663534181083,0.039075569461587634,-3.010413124387794,0,1.0,1.0
2021-10-11,4189.627599738972,4324.085456145497,4327.649523809524,4188.5832915303445,210642.0,9271490610.0,255675.0,-0.1937470966763298,13,price_up_oi_down,0.06635266781493754,0.03260761527809786,4195.694244675353,4211.8844575815365,4197.025601392177,0,0.5,12.451662385674213,0.12840243745686486,13.701048624514133,12.443684483017961,0.08109729116859743,0.06635266781493754,0,1.0,1.0
2021-10-12,4315.763934865011,4309.230753757959,4337.354882604056,4287.500695911958,142185.0,6317252220.0,258518.0,-0.597836297446304,13,price_up_oi_down,0.28090050679770545,-0.003435339689326966,4228.507001165695,4219.560727001609,4202.124532317275,1,0.6,12.462720603001555,0.011058217327342135,1.1119585411166533,12.426054334511242,0.08804206002670156,0.28090050679770545,0,1.0,1.0
2021-10-13,4323.290986664179,4288.80626708992,4344.381704953379,4272.756028302402,148856.0,6605213390.0,254536.0,-0.5364628841326285,13,price_up_oi_down,0.17011724445296592,-0.004739705955692397,4253.772437859299,4222.7848774452295,4207.149326360622,1,0.5,12.447197558800106,-0.015523044201449565,-1.5403182757099954,12.426054334511242,0.08382988717059536,0.17011724445296592,0,1.0,1.0
2021-10-14,4294.395325123538,4313.451571491312,4350.992070729823,4288.272295866343,189287.0,8432672790.0,266403.0,-0.341745818069317,13,price_up_oi_down,0.7752863608859387,0.005746425197731053,4284.622763767362,4228.727086633133,4213.265022173315,1,0.8,12.492765478846225,0.045567920046119426,4.66220888204425,12.423821921074188,0.059980150545945854,0.7752863608859387,0,1.0,1.0
2021-10-15,4327.415150162931,4337.966863191998,4376.728321526881,4315.488493684923,180844.0,8110201140.0,265445.0,-0.3837728817313063,13,price_up_oi_down,0.817340494429646,0.00568345124417613,4314.708182335338,4238.147046220069,4221.696327800259,1,0.8,12.489162941895447,-0.003602536950777946,-0.3596055599975001,12.423821921074188,0.05392111984970249,0.817340494429646,1,2.0,2.0
2021-10-18,4378.08453507769,4395.314572342944,4424.424365355455,4365.580874880172,212774.0,9624482500.0,273724.0,-0.2518897298994217,13,price_up_oi_down,1.2430446863041174,0.013219950949267645,4328.954005574827,4262.324125125089,4230.847928955848,1,1.0,12.51987557843328,0.030712636537833404,3.118913522575295,12.423821921074188,0.05211985137431352,1.2430446863041174,0,1.0,1.0
2021-10-19,4395.457280200742,4381.233949611751,4432.509246643391,4372.598411659052,150012.0,6795896240.0,273794.0,-0.6016607079121137,13,price_up_oi_down,1.0330977652234543,-0.003203552896940298,4343.354644745585,4285.93082295564,4240.388363139286,1,1.0,12.520131277790677,0.0002556993573961108,0.02557320512632799,12.449429972237159,0.04615959774897771,1.0330977652234543,0,1.0,1.0
2021-10-20,4362.046791556862,4402.453465565959,4420.442248511394,4347.678766093671,157578.0,7136227780.0,270735.0,-0.5412199089133086,13,price_up_oi_down,0.7098460418308239,0.004843273880886567,4366.084084440792,4309.928261150046,4253.025471320717,1,0.8,12.508895761666459,-0.011235516124218137,-1.1172633439738844,12.457191494337884,0.04912903430186866,0.7098460418308239,1,2.0,2.0
2021-10-21,4408.709901976278,4412.362155881637,4438.272117656024,4397.553119484193,147994.0,6743812860.0,266805.0,-0.5893463220937658,13,price_up_oi_down,0.4008048191446047,0.0022507200571633135,4385.866201318858,4335.24448254311,4266.142655688176,1,0.7,12.494273333477688,-0.014622428188770797,-1.451603966978765,12.4759417724485,0.03084910143317643,0.4008048191446047,0,1.0,1.0
2021-10-22,4420.949310926129,4497.393214030974,4509.147456250213,4415.553726544979,329148.0,15207446630.0,283202.0,0.1503470736968789,13,price_up_oi_down,1.4857919087676108,0.019271096783384456,4417.751471486654,4366.229826910995,4281.865547888383,1,1.0,12.553915702923657,0.05964236944596912,6.145686924907601,12.490964210370837,0.02857748771586266,1.4857919087676108,0,1.0,1.0
2021-10-25,4556.548407148952,4504.35845110154,4600.194775721928,4493.913704242557,313916.0,14766490230.0,290684.0,0.0768886677055044,13,price_up_oi_down,2.202271100330899,0.00154872761599667,4439.5602472383725,4384.257126406599,4298.070791994068,1,1.0,12.579992045472551,0.026076342548893905,2.641930494841116,12.493519406161957,0.026484021950022196,2.202271100330899,0,1.0,1.0
2021-10-26,4521.704203759336,4546.12379517436,4548.746841449671,4463.005501810853,206728.0,9640558700.0,284066.0,-0.3178026859921897,13,price_up_oi_down,2.027892084259017,0.009272207024866308,4472.538216350894,4407.946430548239,4313.753578774924,1,0.9,12.556961884510152,-0.023030160962399293,-2.276699095925483,12.501584547572072,0.018418880539906368,2.027892084259017,1,2.0,2.0
2021-10-27,4533.298772997522,4352.134966702921,4541.571170355395,4308.54453159215,334307.0,15257674060.0,262035.0,0.243581649857626,13,price_up_oi_down,-1.098709467685971,-0.042671259563444974,4462.474516578286,4414.279300509539,4318.532088977385,1,0.1,12.47623336160744,-0.08072852290271193,-7.755592010307389,12.514385670049869,0.02342145967903253,-1.098709467685971,0,1.0,1.0
2021-10-28,4355.43223478231,4333.386615173375,4363.472588469611,4306.348327575195,162158.0,7268406370.0,252719.0,-0.4437070309676932,13,price_up_oi_down,-2.141193026383358,-0.004307851588469802,4446.679408436634,4416.272804877745,4322.499945755439,1,0.0,12.440033478519737,-0.03619988308770239,-3.5552502528287566,12.514385670049869,0.02342145967903253,-2.141193026383358,0,1.0,1.0
2021-10-29,4323.395096204975,4277.086078554639,4330.012489549721,4274.865739544022,157917.0,7011528240.0,249737.0,-0.4583387855776151,13,price_up_oi_down,-1.8352955220222307,-0.012992271776905095,4402.617981341367,4410.184726414011,4324.165886317039,0,0.0,12.428163643103993,-0.01186983541574449,-1.1799666823626875,12.514385670049869,0.03168751829842531,-1.8352955220222307,0,1.0,1.0
2021-11-01,4299.411243364967,4302.987568025154,4319.329351992868,4293.766708219398,114313.0,5078724080.0,248070.0,-0.7747706642858166,13,price_up_oi_down,-1.6135789318080875,0.006055872852404276,4362.34380472609,4400.952025982231,4331.63807555366,0,0.0,12.421466243384321,-0.006697399719671537,-0.6675022123274421,12.514385670049869,0.03884117065810866,-1.6135789318080875,0,1.0,1.0
2021-11-02,4325.121116391951,4397.367904152574,4404.88431623671,4295.311136973748,234005.0,10497073920.0,245390.0,-0.0475062989994778,13,price_up_oi_down,-1.1394737114634996,0.021933676227360088,4332.592626521732,4402.565421436314,4344.248122195977,0,0.0,12.410604060632402,-0.010862182751919747,-1.0803402265488815,12.501584547572072,0.05385424614483192,-1.1394737114634996,0,1.0,1.0
2021-11-03,4409.255786196798,4412.998660272451,4426.716808297975,4371.57989677029,156932.0,7163963620.0,248558.0,-0.4598636282002626,13,price_up_oi_down,-0.689929969933991,0.003554570929832135,4344.7653652356385,4403.619940906962,4356.774101028504,0,0.2,12.423431497687599,0.012827437055197066,1.291006153469998,12.485253347542564,0.060438404298406745,-0.689929969933991,0,1.0,1.0
2021-11-04,4410.419054532184,4313.560803271172,4431.872180835782,4304.362603498132,240995.0,10860941790.0,261680.0,-0.0823461968426599,13,price_up_oi_down,0.31024002165250175,-0.022532945204914334,4340.800202855198,4393.739805645916,4364.492144094513,0,0.5,12.474877662212265,0.051446164524666216,5.27925071814217,12.45813342006359,0.036403545046683305,0.31024002165250175,0,1.0,1.0
2021-11-05,4316.817744444402,4312.335726618262,4335.590415896031,4294.272210498298,127793.0,5703521870.0,259476.0,-0.7082524454193659,13,price_up_oi_down,0.1727121430881151,-0.00028400588487831335,4347.850132467922,4375.234056904645,4370.73194190782,0,0.5,12.466419491761895,-0.008458170450369451,-0.8422500764291518,12.457455570366001,0.03500669983004112,0.1727121430881151,0,1.0,1.0
2021-11-08,4325.181722986468,4322.573249445314,4339.942671506999,4286.782059035389,141357.0,6282613480.0,257804.0,-0.6009110009131415,13,price_up_oi_down,0.1654547311008238,0.002374008768347924,4351.767268751954,4357.0555367390225,4370.656331572811,0,0.5,12.459954885270655,-0.006464606491240588,-0.6443755877229784,12.453226485140817,0.027428914745021515,0.1654547311008238,0,1.0,1.0
2021-11-09,4331.968241345404,4331.182646684642,4357.80356619042,4322.898279853801,132351.0,5886590490.0,249958.0,-0.6358354193806393,13,price_up_oi_down,-0.5527053121224266,0.0019917296347571334,4338.530217258368,4335.56142189005,4371.753926219145,0,0.4,12.429048182730803,-0.03090670253985195,-3.043397309583984,12.449994181895196,0.025561330014656214,-0.5527053121224266,0,1.0,1.0
2021-11-10,4334.94282654479,4352.575698074318,4381.620075915382,4323.614027376865,189685.0,8517570610.0,256169.0,-0.3004725813269758,13,price_up_oi_down,0.6943968072956986,0.004939309453054763,4326.445624818742,4335.60549502719,4374.942397768365,0,0.6,12.453592661904414,0.024544479173611577,2.4848174493314223,12.43454083062527,0.01850567861690866,0.6943968072956986,0,1.0,1.0
2021-11-11,4347.83552984791,4322.193009818162,4351.972705220298,4318.075119048087,119115.0,5307483820.0,251982.0,-0.7492682433735688,13,price_up_oi_down,0.10800213427067006,-0.006980392844080363,4328.17206612814,4334.486134491669,4375.379469684707,0,0.5,12.43711293537099,-0.016479726533424,-1.634467870819556,12.43454083062527,0.016063209260046563,0.10800213427067006,0,1.0,1.0
2021-11-12,4318.054045900817,4415.996380879624,4416.965379139514,4314.722557846157,213277.0,9630613810.0,259179.0,-0.1949271523624566,13,price_up_oi_down,1.3518050839534743,0.021702726104174674,4348.904196980412,4348.377164724167,4379.280945569089,0,0.8,12.465274221659561,0.02816128628857051,2.8561563921232214,12.433080559050897,0.016063209260046563,1.3518050839534743,0,1.0,1.0
2021-11-15,4408.508939111856,4397.260655379915,4421.175092152757,4386.654379350461,117666.0,5327540780.0,256584.0,-0.7796059938525512,13,price_up_oi_down,0.3244608206848293,-0.00424269493988505,4363.841678167332,4357.804473459643,4379.378249720938,0,0.6,12.455211375361445,-0.010062846298115602,-1.0012385262695322,12.445352798637703,0.020494058073024846,0.3244608206848293,0,1.0,1.0
2021-11-16,4397.195218704335,4428.787378013139,4432.801433841604,4392.946521188504,125316.0,5704163910.0,258327.0,-0.723387676970268,13,price_up_oi_down,0.3488838647001874,0.007169627889729746,4383.362624433032,4360.946420845699,4381.755921141006,0,0.7,12.461981503237817,0.006770127876372101,0.6793096997475212,12.45440201863293,0.01465327819545248,0.3488838647001874,0,1.0,1.0
2021-11-17,4425.760337832116,4432.031523782398,4459.121332789419,4414.379068714388,141115.0,6436041630.0,263325.0,-0.6238138499308137,13,price_up_oi_down,1.9230772571517472,0.0007325133252873428,4399.253789574647,4362.849707196695,4383.234824051829,0,1.0,12.481144289704742,0.01916278646692504,1.9347571101742345,12.45758313031605,0.008263726394678983,1.9230772571517472,0,1.0,1.0
2021-11-18,4442.439942342233,4476.252069441675,4481.804629843702,4439.944349689825,131048.0,6017538310.0,270846.0,-0.7259867253705755,13,price_up_oi_down,4.965322951248343,0.009977488973620607,4430.06560149935,4379.118833813745,4386.42931972983,0,1.0,12.509305672655042,0.028161382950299796,2.856166334377641,12.460968194254235,0.006566175621305348,4.965322951248343,0,1.0,1.0
2021-11-19,4471.726144924516,4438.585321839882,4473.735122681119,4412.331344136127,135189.0,6132202040.0,258234.0,-0.6471923512587855,13,price_up_oi_down,0.06710164716358129,-0.008414795909045147,4434.583389691402,4391.743793335907,4383.488925120275,1,0.5,12.461621429593059,-0.04768424306198327,-4.656520679648191,12.460968194254235,0.006566175621305348,0.06710164716358129,0,1.0,1.0
2021-11-22,4413.112930154721,4392.124854338607,4415.33531051687,4371.831096665557,137734.0,6176877030.0,249723.0,-0.5950280147397371,13,price_up_oi_down,-3.451654663030156,-0.010467404394068569,4433.55622948314,4398.6989538252365,4377.8772452821295,1,0.0,12.428107582558589,-0.033513847034470245,-3.2958479518576222,12.460788157431857,0.006386138798927021,-3.451654663030156,0,1.0,1.0
2021-11-23,4404.72265876335,4376.289834952955,4422.955556902194,4373.497118620812,102364.0,4622343750.0,246354.0,-0.8782344376264204,13,price_up_oi_down,-2.1024946572974383,-0.0036053208665073333,4423.056720871104,4403.209672652068,4369.385547271059,1,0.0,12.414524804901381,-0.013582777657207501,-1.3490947970350997,12.458416402477251,0.014080643144285254,-2.1024946572974383,0,1.0,1.0
2021-11-24,4380.380538958174,4388.446200402173,4396.022425730284,4372.0072543011065,77982.0,3501502610.0,254119.0,-1.1813246304143348,13,price_up_oi_down,-0.6159458684965027,0.0027777788738136966,4414.3396561950585,4406.796722884853,4371.201108956021,1,0.3,12.445557940223978,0.03103313532259655,3.1519683057713355,12.458416402477251,0.014080643144285254,-0.6159458684965027,0,1.0,1.0
2021-11-25,4372.931005649988,4380.412454075991,4390.469601693804,4346.19732750417,96090.0,4317678040.0,252319.0,-0.965408907696392,13,price_up_oi_down,-0.7884526801589857,-0.0018306584971796713,4395.1717331219215,4412.618667310637,4373.552400901152,0,0.3,12.438449438967705,-0.0071085012562726035,-0.7083295621342578,12.458416402477251,0.017080964679767163,-0.7884526801589857,0,1.0,1.0
2021-11-26,4377.247796857441,4359.149063316129,4409.4904489313385,4346.3781089992535,161136.0,7237389920.0,243145.0,-0.4114092442943688,13,price_up_oi_down,-2.342580316321319,-0.004854198316433966,4379.284481417171,4406.933935554287,4377.655550139227,0,0.0,12.401413252182294,-0.03703618678541076,-3.6358736361510546,12.458416402477251,0.016412712881409774,-2.342580316321319,0,1.0,1.0
2021-11-29,4360.098081751945,4289.370355707028,4364.708339850986,4281.390036938023,146004.0,6454971630.0,245005.0,-0.5176445999064362,13,price_up_oi_down,-1.6304493161248668,-0.01600741488661528,4358.733581690855,4396.144905586998,4376.97468952332,0,0.1,12.409033897481885,0.007620645299590834,0.7649756318246048,12.45038465779271,0.0171061470295637,-1.6304493161248668,0,1.0,1.0
2021-11-30,4280.091811323219,4265.6362951557885,4288.236323523458,4260.695664050859,126178.0,5487975630.0,241608.0,-0.6496229696506707,13,price_up_oi_down,-1.3340619329941512,-0.005533227159939869,4336.602873731422,4379.829797301263,4370.388109073481,0,0.0,12.395071857077369,-0.01396204040451643,-1.3865023162792367,12.442003689595841,0.023728349168218088,-1.3340619329941512,0,1.0,1.0
2021-12-01,4267.738342367039,4232.553503326391,4271.44756505306,4229.615922188746,104717.0,4515230100.0,247265.0,-0.8591991626348587,13,price_up_oi_down,-0.3863874670521865,-0.007755652273253366,4305.424334316265,4359.881995255661,4361.365851226178,0,0.4,12.418215914985518,0.023144057908149662,2.341395980265615,12.433278510763147,0.026293766055586865,-0.3863874670521865,0,1.0,1.0
2021-12-02,4227.789246489922,4255.65011127048,4258.712382786436,4217.390839988453,109049.0,4685181630.0,250291.0,-0.8308269184393513,13,price_up_oi_down,0.2628953122216772,0.005456896865198901,4280.471865755163,4337.821799438542,4358.470316626143,0,0.6,12.430379519921624,0.012163604936105799,1.2237882433825398,12.423161748772053,0.01851809339270538,0.2628953122216772,0,1.0,1.0
2021-12-03,4254.558084405867,4240.986089975271,4270.178818361973,4230.959120022943,111872.0,4802087080.0,252336.0,-0.8134061721521864,13,price_up_oi_down,0.7041752455272648,-0.00344577700510984,4256.839271086991,4318.061876252082,4354.902834793995,0,0.8,12.43851681172734,0.008137291805715208,0.8170489550164417,12.423161748772053,0.014707770742909965,0.7041752455272648,0,1.0,1.0
2021-12-06,4249.622196394668,4253.691678557897,4278.147800251125,4244.340041090878,101127.0,4342114580.0,248082.0,-0.8973821839890338,13,price_up_oi_down,-0.07553667274719889,0.002995904328160659,4249.703535657166,4304.218558674011,4351.458756249624,0,0.5,12.421514615657344,-0.017002196069995534,-1.6858474415066826,12.423161748772053,0.014707770742909965,-0.07553667274719889,0,1.0,1.0
2021-12-07,4263.3611984843965,4263.913044530982,4280.002119751904,4249.473563556911,82670.0,3566670970.0,247805.0,-1.097785367289444,13,price_up_oi_down,0.024514733981361322,0.0024029400213958496,4249.358885532204,4292.980879631813,4348.095276141941,0,0.5,12.420397425536166,-0.0011171901211781687,-0.11165662966265977,12.41986526532143,0.014641690489340498,0.024514733981361322,0,1.0,1.0
2021-12-08,4262.440831213165,4213.401069498217,4263.576772889762,4196.897237136594,135768.0,5781887310.0,260870.0,-0.6530746522373558,13,price_up_oi_down,2.330645748494524,-0.011846389573434868,4245.52839876657,4275.4763665414175,4341.136544713136,0,1.0,12.471777477928457,0.051380052392291375,5.2722907124552965,12.420956020596755,0.014707770742909965,2.330645748494524,0,1.0,1.0
2021-12-09,4214.227543758415,4143.650203239882,4219.106947489902,4140.648958139188,174930.0,7334420430.0,267664.0,-0.4253465686867507,13,price_up_oi_down,3.509705141856927,-0.016554528066002883,4223.12841716045,4251.800141457807,4332.209404384222,0,1.0,12.497487741571062,0.025710263642604758,2.6043623260627813,12.420956020596755,0.014707770742909965,3.509705141856927,0,1.0,1.0
2021-12-10,4142.836306698854,4120.31954665772,4156.278996853489,4117.701890597058,158844.0,6601969160.0,268230.0,-0.5239222328957023,13,price_up_oi_down,3.598335271003654,-0.00563045996593059,4198.99510849694,4227.917189791965,4317.4255626731265,0,1.0,12.499600100397473,0.0021123588264106985,0.21145914280582545,12.420956020596755,0.01474145712272712,3.598335271003654,0,1.0,1.0
2021-12-13,4107.155605475817,4136.468350351289,4157.267842650229,4102.8807404112895,151313.0,6313904870.0,266875.0,-0.56742984487041,13,price_up_oi_down,3.1382497173867874,0.0039193085659261495,4175.550442855618,4212.626989256392,4304.385947421695,0,0.8,12.494535662965026,-0.005064437432446667,-0.5051634791036874,12.425947067789483,0.01474145712272712,3.1382497173867874,0,1.0,1.0
2021-12-14,4124.985167858079,4088.571345880745,4131.086844567537,4070.958204917773,161282.0,6644345120.0,278145.0,-0.5449881748476907,13,price_up_oi_down,2.555073587741983,-0.011579202453338322,4140.482103125571,4194.920494328888,4287.3751458150755,0,1.0,12.535897839429593,0.04136217646456686,4.222950819672122,12.434448165824481,0.02678078147146934,2.555073587741983,0,1.0,1.0
2021-12-15,4081.719028847877,4090.7382913454426,4117.930387033277,4072.692037269306,100390.0,4133911540.0,273174.0,-1.0010463540895858,13,price_up_oi_down,1.1802884159990328,0.000530000648485851,4115.949547495015,4180.738973130793,4270.310484193227,0,0.9,12.517864233775159,-0.018033605654434126,-1.7871973251360695,12.455147144827897,0.0358404745670553,1.1802884159990328,0,1.0,1.0
2021-12-16,4088.833242180948,4084.355950671632,4108.448780044362,4081.896631907859,95516.0,3935790440.0,274406.0,-1.0553149887813231,13,price_up_oi_down,0.6665642199746842,-0.0015601928598838466,4104.090696981366,4163.6095570709085,4250.715678254725,0,0.9,12.522364040484025,0.004499806708865961,0.4509946041715951,12.483156570446742,0.0396737110239096,0.6665642199746842,0,1.0,1.0
2021-12-17,4092.778002938345,4069.321518319079,4116.891048390011,4059.64227234579,145027.0,5967898810.0,284130.0,-0.6725119479233459,13,price_up_oi_down,1.6313533915521166,-0.0036809799474212257,4093.8910913136374,4146.443099905288,4232.252488078686,0,1.0,12.557187158888256,0.03482311840423158,3.543654293273457,12.496011702268044,0.02529328127778374,1.6313533915521166,0,1.0,1.0
2021-12-20,4057.041298347368,4012.385472005165,4084.24570736424,4005.4842339922648,165157.0,6726023620.0,297412.0,-0.5882218462608944,13,price_up_oi_down,2.7821398657545995,-0.013991533000674017,4069.0745156444127,4122.312479250015,4213.265518962013,0,1.0,12.602873661891541,0.04568650300328514,4.674620772181748,12.498543920984268,0.02529328127778374,2.7821398657545995,0,1.0,1.0
2021-12-21,4022.74146752806,4031.700654795067,4041.4184917558064,4016.531250946668,87067.0,3527303570.0,290778.0,-1.205882152216732,13,price_up_oi_down,2.3346067326081554,0.004813890122139508,4057.700377427277,4099.091240276424,4196.036059954118,0,0.9,12.580315368409627,-0.022558293481914404,-2.2305757669495163,12.508732167086315,0.02068108823228343,2.3346067326081554,0,1.0,1.0
2021-12-22,4033.268098448902,4060.920918790522,4064.4411460386286,4018.038988350726,118653.0,4810366740.0,283329.0,-0.8704054995694597,13,price_up_oi_down,0.9584611216185209,0.007247627365564169,4051.7369029162933,4083.8432252056546,4179.6597958735365,0,0.7,12.554364045563787,-0.025951322845839897,-2.5617481377544826,12.520114137129593,0.024102434861548616,0.9584611216185209,0,1.0,1.0
2021-12-23,4059.8106895318233,4054.7847586615553,4073.621949275901,4039.496794066991,76473.0,3106104200.0,280146.0,-1.298373158486415,13,price_up_oi_down,0.3264340078008721,-0.0015110267477935757,4045.8226645142777,4074.9566807478213,4163.378411102814,0,0.6,12.543066174826176,-0.011297870737610793,-1.1234289465604008,12.529130939956808,0.028793529245391802,0.3264340078008721,0,1.0,1.0
2021-12-24,4054.8835348385887,4086.467297286256,4119.010091652053,4051.0765482132097,142982.0,5872337380.0,269259.0,-0.6329549934504789,13,price_up_oi_down,-1.2368055613487399,0.00781361786393786,4049.2518203077125,4071.571455810675,4149.74432280132,0,0.2,12.503429020643837,-0.03963715418233882,-3.886187916300743,12.539482007127884,0.01966146255654877,-1.2368055613487399,0,1.0,1.0
2021-12-27,4066.5549647895177,4081.631395514604,4084.302130149989,4028.092605075698,127475.0,5174713200.0,266554.0,-0.7376565827803255,13,price_up_oi_down,-1.5831816406077044,-0.0011833942179994006,4063.101005009601,4066.0877603270064,4139.357374791699,0,0.0,12.493332128703683,-0.010096891940154507,-1.004608945290597,12.539482007127884,0.01966146255654877,-1.5831816406077044,0,1.0,1.0
2021-12-28,4080.076912952573,4049.409693314865,4087.303383160498,4043.5989098014256,90626.0,3693739590.0,269299.0,-1.089081138883083,13,price_up_oi_down,-1.2317096989791052,-0.007894319471167366,4066.642812713561,4062.171595070419,4128.546044699653,0,0.2,12.503577565461939,0.010245436758255622,1.0298100947649935,12.539482007127884,0.01966146255654877,-1.2317096989791052,0,1.0,1.0
2021-12-29,4043.1819150137376,4071.761282914064,4085.85978024786,4042.567725544808,109749.0,4489765740.0,262122.0,-0.8706141039388167,13,price_up_oi_down,-1.412900502628292,0.005519715536834724,4068.8108855382684,4060.273894227281,4120.5064336790365,0,0.0,12.476565323217411,-0.027012242244527584,-2.6650674529055896,12.5327151076551,0.02680479671315883,-1.412900502628292,0,1.0,1.0
2021-12-30,4082.8984986497,4096.799453018014,4111.026241803012,4070.4910632342144,125647.0,5164542590.0,254853.0,-0.7072105204881707,13,price_up_oi_down,-1.9458327668648099,0.006149223484445132,4077.213824409561,4061.518244461919,4112.563900766414,0,0.0,12.448442187329274,-0.028123135888137085,-2.773136173232238,12.5327151076551,0.02921181460221245,-1.9458327668648099,0,1.0,1.0
2021-12-31,4085.149631721528,4087.156659002291,4099.0415508290735,4072.812590468935,84089.0,3445184150.0,238767.0,-1.0436124192607816,13,price_up_oi_down,-2.9112705129282435,-0.0023537383575413795,4077.3516967527676,4063.3017585302405,4104.872429217764,0,0.0,12.38324345999656,-0.0651987273327137,-6.311873903779885,12.523321870144057,0.032453732081964226,-2.9112705129282435,0,1.0,1.0
2022-01-04,4083.867128413344,4116.753579125457,4138.6681662373485,4033.7756377424416,209034.0,8546508360.0,241749.0,-0.1454030796604093,13,price_up_oi_down,-1.6089264928055496,0.007241444992810875,4084.3761334749383,4073.7385692422695,4098.025524246143,0,0.1,12.395655276802332,0.012411816805771636,1.248916307529968,12.503503293052887,0.045211817142094546,-1.6089264928055496,0,1.0,1.0
2022-01-05,4118.181542742818,4083.996534311945,4122.230818630155,4078.917301993261,103363.0,4249574110.0,244973.0,-0.8629009360092952,13,price_up_oi_down,-1.2756090809404537,-0.00795700888671369,4091.293501674354,4078.968157193957,4089.0296987351903,0,0.2,12.408903279372316,0.013248002569984152,1.3336146168133611,12.49838057467376,0.04731199374845119,-1.2756090809404537,0,1.0,1.0
2022-01-06,4091.377304446608,4076.226281279811,4101.143659833563,4062.922498505343,91172.0,3727104690.0,248443.0,-1.0024656105714898,13,price_up_oi_down,-0.8836013167984231,-0.0019026100945120916,4092.1865013475035,4080.498693442886,4082.1709593242704,0,0.3,12.422968721950518,0.014065442578202081,1.4164826327798918,12.484948725960546,0.04731199374845119,-0.8836013167984231,0,1.0,1.0
2022-01-07,4078.34980906232,4100.621326683292,4116.107504050079,4075.340225249946,94281.0,3859614880.0,250625.0,-0.9776781133457174,13,price_up_oi_down,-0.5065429775264891,0.0059847132421269045,4092.9508760805593,4085.08235024506,4080.019515496441,1,0.4,12.431713077042971,0.008744355092453304,0.8782698647175291,12.462503755273342,0.04099953777954557,-0.5065429775264891,0,1.0,1.0
2022-01-10,4067.5923594719816,4098.992507984312,4115.201846680663,4039.403066860581,158311.0,6473945600.0,241724.0,-0.4232351266424949,13,price_up_oi_down,-0.7423607895484299,-0.0003972126585746194,4095.318045876964,4086.3348713148653,4078.9531635627704,1,0.1,12.395551858410727,-0.03616121863224464,-3.5515211970075344,12.440077632186123,0.040455023207539575,-0.7423607895484299,0,1.0,1.0
2022-01-11,4094.131020112792,4084.490178385796,4109.584903949961,4074.5526891865607,94739.0,3877240330.0,240490.0,-0.9315527664035782,13,price_up_oi_down,-0.7843603868193619,-0.00353802295814587,4088.8653657290315,4086.620749601985,4076.3542549644953,1,0.1,12.390433787621898,-0.005118070788828533,-0.5104995780312316,12.427340899496745,0.03173733189021544,-0.7843603868193619,0,1.0,1.0
2022-01-12,4089.5190155370337,4121.290014874079,4123.975760760401,4084.600651669534,102359.0,4205954750.0,235981.0,-0.8352650515073738,13,price_up_oi_down,-1.3061503226160265,0.009009652338747065,4096.324061841458,4093.8087817579058,4077.990188414162,1,0.0,12.371506572292189,-0.018927215329709313,-1.8749220341802153,12.415936000661418,0.02294317764510545,-1.3061503226160265,0,1.0,1.0
2022-01-13,4126.967293543924,4122.794966993194,4144.271916355314,4114.439854671164,118964.0,4924418950.0,235406.0,-0.6824907566970958,13,price_up_oi_down,-1.1278163662061453,0.0003651653035052771,4105.637798984135,4098.912150165819,4079.59302219655,1,0.0,12.369066962013648,-0.0024396102785413376,-0.24366368478813127,12.402279278087324,0.019862630976978934,-1.1278163662061453,0,1.0,1.0
2022-01-14,4121.988600983595,4072.07812429332,4129.848182490231,4070.87916036076,154830.0,6338354610.0,243215.0,-0.4516180849928585,13,price_up_oi_down,0.21995158483472133,-0.01230156801536575,4099.92915850614,4096.440017293349,4078.979130877634,1,0.6,12.401701104803742,0.032634142790094245,3.317247648743127,12.395603567606528,0.01869835354006355,0.21995158483472133,0,1.0,1.0
2022-01-17,4061.324788222716,4031.719104162722,4075.2160580639847,4018.748200475673,170589.0,6864967110.0,258797.0,-0.4167868159297299,13,price_up_oi_down,3.5851661035101716,-0.009911160566842492,4086.4744777418223,4090.8962618093924,4077.099010169816,0,1.0,12.46379924957879,0.062098144775047714,6.406677219743773,12.395603567606528,0.012829909687877894,3.5851661035101716,0,1.0,1.0
2022-01-18,4035.1298702799295,4021.1037921938914,4051.927832879368,4014.5266702391673,111726.0,4495965200.0,261590.0,-0.8507289472250256,13,price_up_oi_down,2.964676353900832,-0.002632949293979947,4073.7972005034417,4081.3312831162357,4077.534926179253,0,1.0,12.474533671534843,0.010734421956053453,1.0792242568499644,12.398678190803036,0.0172578098583811,2.964676353900832,0,1.0,1.0
2022-01-19,4043.379934028638,4036.742727167586,4050.645203729479,4021.265964243723,88915.0,3576954790.0,259390.0,-1.070651863442473,13,price_up_oi_down,1.8603389357729212,0.0038892144500359827,4056.8877429621425,4076.6059024018004,4077.7870297978784,0,0.9,12.466087999620234,-0.00844567191460932,-0.841010742000925,12.40530219208803,0.02203870740871494,1.8603389357729212,0,1.0,1.0
2022-01-20,4040.624776782307,4050.204825852673,4070.081632964752,4033.1024470686352,110906.0,4475870460.0,260182.0,-0.8526983904416721,13,price_up_oi_down,1.221507485915757,0.0033348914198780832,4042.369714734038,4074.0037568590865,4077.251225150986,0,0.9,12.469136665111938,0.003048665491704128,0.3053317398512334,12.41233491337713,0.03136473342008639,1.221507485915757,0,1.0,1.0
2022-01-21,4057.750828695446,4066.753338483176,4082.4222613057527,4052.7936441651977,103709.0,4199048670.0,252435.0,-0.8895648895497097,13,price_up_oi_down,0.32451174611581673,0.004085845862627169,4041.3047575720097,4070.616958039075,4077.8496541420673,0,0.6,12.438909068815283,-0.030227596296654724,-2.9775311128363957,12.416707090923357,0.04614633864330031,0.32451174611581673,0,1.0,1.0
2022-01-24,4071.059593063602,4143.651553933583,4151.171872641607,4054.779753252668,191102.0,7821797590.0,239489.0,-0.2257001698611976,13,price_up_oi_down,-0.5143813421266357,0.018908994239392296,4063.6912475261825,4075.082862634002,4080.7088669744344,0,0.2,12.386262765759549,-0.05264630305573448,-5.128448907639516,12.420305086809513,0.04463853778999827,-0.5143813421266357,0,1.0,1.0
2022-01-25,4137.720951725826,4130.760949063242,4171.828920253998,4128.669056447222,128612.0,5321895490.0,230796.0,-0.5847340834138601,13,price_up_oi_down,-1.073049685189723,-0.003110928779256117,4085.6226789000516,4079.709939701746,4083.165344651866,0,0.0,12.349289482443368,-0.03697328331618088,-3.6298118076404373,12.420305086809513,0.04463853778999827,-1.073049685189723,0,1.0,1.0
2022-01-26,4131.982124353456,4156.794394135022,4164.809280988014,4129.648171030441,83408.0,3444730220.0,226156.0,-0.9974807986096133,13,price_up_oi_down,-1.3025331244095382,0.006302336395836106,4109.63301229354,4083.260377627841,4088.534579692873,0,0.0,12.3289803056175,-0.02030917682586697,-2.0104334563857185,12.420305086809513,0.04729071366402238,-1.3025331244095382,0,1.0,1.0
2022-01-27,4177.623716936004,4214.147320641437,4221.399069508756,4173.885241469781,131839.0,5500712090.0,221191.0,-0.5174451004785551,13,price_up_oi_down,-1.6185758890474673,0.01379739315163997,4142.421511251292,4092.395612992665,4095.653881579242,0,0.0,12.306781860641632,-0.02219844497586898,-2.195387254815284,12.420305086809513,0.0473072455565724,-1.6185758890474673,0,1.0,1.0
2022-01-28,4220.186027724227,4233.16378637584,4258.17063883462,4208.484843876023,104096.0,4344370710.0,203741.0,-0.6715360290752884,13,price_up_oi_down,-2.7902278851718516,0.0045125298874242326,4175.7036008298255,4108.504179200917,4102.4720982471335,1,0.0,12.224604858348366,-0.08217700229326574,-7.889109412227491,12.420305086809513,0.0473072455565724,-2.7902278851718516,0,1.0,1.0
2022-02-07,4241.511772907201,4281.462617309698,4293.170578295156,4235.127954126163,112062.0,4733860230.0,210980.0,-0.6327110526941377,13,price_up_oi_down,-1.7425110859379718,0.011409629622483486,4203.265813505048,4133.478530515615,4112.187396162504,1,0.1,12.2595186212358,0.03491376288743453,3.5530403796978582,12.412585917287416,0.05924925103597456,-1.7425110859379718,0,1.0,1.0
2022-02-08,4297.504101029101,4321.81001006951,4329.034465247725,4286.104320775533,107482.0,4599281840.0,225433.0,-0.74069960559065,13,price_up_oi_down,-0.33435262580228214,0.009423740521916635,4241.475625706302,4163.549152303177,4122.440217709706,1,0.3,12.325778276260086,0.06625965502428599,6.8504123613612355,12.367776124101457,0.0847224101163011,-0.33435262580228214,0,1.0,1.0
2022-02-09,4326.069090141662,4311.306189597611,4334.486770816895,4290.115545721421,95552.0,4086415500.0,227640.0,-0.868094831818198,13,price_up_oi_down,-0.03846697467686108,-0.0024304216167361226,4272.377984798819,4191.005498546179,4133.805700473989,1,0.5,12.33552071271706,0.009742436456972925,0.9790048484470848,12.339134894030433,0.06337207226187402,-0.03846697467686108,0,1.0,1.0
2022-02-10,4318.090677785184,4352.735200043942,4360.016898165654,4307.64718384239,104230.0,4463902780.0,236673.0,-0.8200794458213432,13,price_up_oi_down,0.7159672058070877,0.009609387184397189,4300.0955606793195,4221.258535965306,4147.631146412195,1,0.7,12.374434720554712,0.03891400783765242,3.9681075382183906,12.332250509167281,0.03974045255895842,0.7159672058070877,0,1.0,1.0
2022-02-11,4341.012216539779,4345.794878690998,4352.850563195356,4318.039634805001,96642.0,4145377180.0,230527.0,-0.8693545628995794,13,price_up_oi_down,0.3164990022397683,-0.001594473597400059,4322.621779142352,4249.162689986088,4159.889824012581,1,0.6,12.348123271218313,-0.02631144933639895,-2.5968319157657516,12.332250509167281,0.03382642995654006,0.3164990022397683,0,1.0,1.0
2022-02-14,4327.166009087598,4356.896815053324,4365.625432628184,4313.5966814658095,85892.0,3683975940.0,234792.0,-1.0056093227183518,13,price_up_oi_down,1.0854905950583127,0.002554638834143308,4337.708618691077,4270.487216098062,4172.785039366032,1,0.8,12.366455294805375,0.018332023587062096,1.8501086640611675,12.332250509167281,0.021253810900867975,1.0854905950583127,0,1.0,1.0
2022-02-15,4354.90576866288,4330.033444174725,4355.826417985184,4321.21192126849,86072.0,3665880990.0,229457.0,-0.9805314928197733,13,price_up_oi_down,0.35608052804137014,-0.006165711977796584,4339.35330551212,4290.41446560921,4185.062202655479,1,0.6,12.343470927093518,-0.022984367711856635,-2.272223925857819,12.332250509167281,0.021253810900867975,0.35608052804137014,0,1.0,1.0
2022-02-16,4331.66499494987,4324.705198928243,4339.601446392108,4311.3410632459445,73191.0,3105218760.0,222065.0,-1.109897669221105,13,price_up_oi_down,-0.7023698392539041,-0.001230532122944883,4342.033107378246,4307.205546088533,4195.232961858187,1,0.3,12.310725410791765,-0.0327455163017536,-3.2215186287626763,12.332250509167281,0.020670705288340585,-0.7023698392539041,0,1.0,1.0
2022-02-17,4327.683743326609,4352.507833517259,4366.22391720797,4327.025926377212,95010.0,4064306030.0,225633.0,-0.8649276363036124,13,price_up_oi_down,-0.12273833303446145,0.006428793018286472,4341.98763407291,4321.041597376115,4206.71860518439,1,0.5,12.326665064504407,0.01593965371264261,1.6067367662620846,12.330649494488572,0.021895858771873833,-0.12273833303446145,0,1.0,1.0
2022-02-18,4354.051735237055,4339.753797369605,4357.87420866636,4327.33310509795,76583.0,3266702570.0,217914.0,-1.045725369541372,13,price_up_oi_down,-1.4153256161591565,-0.002930272990996019,4340.7794178086315,4331.700598475492,4220.102388838205,1,0.2,12.291855768524595,-0.034809295979812305,-3.4210421347941833,12.331092888610733,0.018698930213274068,-1.4153256161591565,0,1.0,1.0
2022-02-21,4336.416787025956,4326.41922091566,4350.695376995047,4301.898463566527,128442.0,5441001980.0,217024.0,-0.524530505930033,13,price_up_oi_down,-1.5629480967596043,-0.0030726573618133912,4334.6838989810985,4336.196258836088,4234.837394675852,0,0.1,12.28776322548531,-0.004092543039284635,-0.40841799976129023,12.331092888610733,0.018698930213274068,-1.5629480967596043,0,1.0,1.0
2022-02-22,4328.875238117096,4325.783168566644,4344.691652532161,4322.089270409871,63161.0,2683346710.0,217985.0,-1.238739231014629,13,price_up_oi_down,-1.4035749708073597,-0.0001470158846236247,4333.833843859483,4336.593574685801,4250.071363494489,0,0.2,12.292181532064443,0.004418306579133002,0.4428081686818519,12.331092888610733,0.018698930213274068,-1.4035749708073597,0,1.0,1.0
2022-02-23,4328.7714204252825,4366.45106886604,4396.682249971026,4325.442572290488,165047.0,7104276570.0,229823.0,-0.3310791656146825,13,price_up_oi_down,0.3381982813079634,0.009401280349627728,4342.183017847042,4342.108062612644,4266.556780579412,1,0.7,12.345064726420622,0.05288319435617872,5.430648897859958,12.331092888610733,0.027864942006805116,0.3381982813079634,0,1.0,1.0
2022-02-24,4380.683964495758,4403.018477307394,4403.549466552012,4368.284281602356,83653.0,3620629470.0,231419.0,-1.017552629783541,13,price_up_oi_down,0.4094929541414646,0.008374629158698133,4352.285146605069,4347.136390338989,4284.197463152147,1,0.8,12.351985199273296,0.006920472852673498,0.6944474660934175,12.335067995798962,0.027864942006805116,0.4094929541414646,0,1.0,1.0
2022-02-25,4387.447835979018,4410.94459156393,4414.045394348375,4364.306024148904,118536.0,5118420610.0,236769.0,-0.69186827037151,13,price_up_oi_down,1.3003472156967537,0.001800154666028675,4366.523305443934,4353.651361626283,4301.407025806186,1,1.0,12.374840261260081,0.02285506198678533,2.3118240075361562,12.335067995798962,0.020629894240765445,1.3003472156967537,0,1.0,1.0
2022-02-28,4387.458620674441,4402.348919578014,4410.508318207978,4367.209668960262,115586.0,5013545330.0,223894.0,-0.6611578839303464,13,price_up_oi_down,-0.3906799788913488,-0.001948714568384191,4381.709245176405,4358.196572078751,4314.341894088407,1,0.4,12.318928004550248,-0.05591225670983313,-5.437789575493424,12.335067995798962,0.027864942006805116,-0.3906799788913488,0,1.0,1.0
2022-03-01,4404.898870261532,4392.544418595855,4421.071621735824,4387.33190757269,90833.0,3932931380.0,211488.0,-0.8451456035843573,13,price_up_oi_down,-1.5958329426867812,-0.002227106747163199,4395.061495182247,4364.447669520864,4327.431067565037,1,0.0,12.26192353827018,-0.057004466280067945,-5.541014944571976,12.322796534527328,0.02572842831963129,-1.5958329426867812,0,1.0,1.0
2022-03-02,4404.179585182149,4426.929872451209,4452.927982795134,4400.253078916925,123700.0,5422146690.0,205882.0,-0.509443909735663,13,price_up_oi_down,-2.1506370632661738,0.007828140270997208,4407.15725589928,4374.670136873161,4340.937841480847,1,0.0,12.235058468116243,-0.0268650701539368,-2.6507414132243667,12.314826707671006,0.025017210666053558,-2.1506370632661738,0,1.0,1.0
2022-03-03,4422.054857961088,4417.244554659364,4426.616469061835,4389.657888101459,113700.0,4950165040.0,179649.0,-0.4574415464084747,13,price_up_oi_down,-4.601795534545845,-0.002187818210565351,4410.002471369675,4381.143808987372,4351.092703181744,1,0.0,12.098760226147101,-0.13629824196914164,-12.741764700168169,12.305554768307346,0.03031012715516912,-4.601795534545845,0,1.0,1.0
2022-03-04,4419.261509983407,4406.8630687722525,4448.187797765617,4399.772276399646,113240.0,4940853210.0,176103.0,-0.4415595908884822,13,price_up_oi_down,-3.459118209181927,-0.002350217598018567,4409.186166811339,4387.854736127636,4359.777667301564,1,0.0,12.078824330114317,-0.01993589603278423,-1.9738490055608793,12.29201865029452,0.04157059407522112,-3.459118209181927,0,1.0,1.0
2022-03-07,4430.481468249918,4456.031757758966,4468.229594901883,4428.744598686673,111178.0,4912535840.0,177311.0,-0.4667727323762146,13,price_up_oi_down,-2.5054293257134783,0.011157299017328315,4419.922734447529,4400.815989811967,4368.506124324027,1,0.1,12.085660531874959,0.0068362017606418135,0.6859621925805692,12.289972378774877,0.05500312915218952,-2.5054293257134783,0,1.0,1.0
2022-03-08,4452.303952227094,4459.936132163843,4470.900971597261,4433.8784455490295,85137.0,3766753540.0,176145.0,-0.7270457957877009,13,price_up_oi_down,-1.8684442687838572,0.000876199860577298,4433.4010771611265,4414.231286171687,4375.412430428743,1,0.1,12.079062798467291,-0.006597733407668116,-0.6576016152410546,12.27705253516731,0.07147242767964812,-1.8684442687838572,0,1.0,1.0
2022-03-09,4467.998339256464,4449.489959443228,4479.824771718615,4446.061038434823,68733.0,3041680910.0,172351.0,-0.9193036618503698,13,price_up_oi_down,-1.1221934251359766,-0.0023422247339551783,4437.913094559531,4422.5351752294055,4382.321618921025,1,0.0,12.057288374074973,-0.02177442439231747,-2.1539072922875713,12.248491003193212,0.11492172707347592,-1.1221934251359766,0,1.0,1.0
2022-03-10,4448.211770673602,4444.212544761464,4466.8102131758205,4415.515826973196,85715.0,3777934720.0,173140.0,-0.7030726763281834,13,price_up_oi_down,-0.7739809585354145,-0.001186071826179358,4443.30669257995,4426.654581974813,4386.895486156902,1,0.1,12.061855794769764,0.004567420694790769,0.45778672592551306,12.166909347131671,0.09154960407793133,-0.7739809585354145,0,1.0,1.0
2022-03-11,4459.298757639228,4507.80176302266,4511.039746540952,4448.867908542573,137154.0,6083206310.0,203741.0,-0.3957451972602631,13,price_up_oi_down,2.736014673632032,0.014308320680150866,4463.494431430032,4436.340299120686,4394.995830373484,1,0.6,12.224604858348366,0.16274906357860175,17.67413653690657,12.09221037901103,0.03263829458866141,2.736014673632032,0,1.0,1.0
2022-03-14,4478.702113327435,4515.955613216944,4534.504707300223,4458.003739747122,155059.0,6937881090.0,195779.0,-0.2331807823926611,13,price_up_oi_down,1.9122186429361285,0.0018088306946346666,4475.479202521628,4447.700968484579,4402.948770281665,1,0.6,12.184741751028344,-0.03986310732002174,-3.907902680363795,12.09221037901103,0.03263829458866141,1.9122186429361285,0,1.0,1.0
2022-03-15,4509.716219113742,4400.871459895074,4527.789609069189,4382.851253197469,218610.0,9589951150.0,174218.0,0.2269819317637091,13,price_up_oi_down,-0.49902755138626004,-0.025483898244050618,4463.666268067874,4448.533672614501,4406.490671067682,1,0.2,12.068062667568729,-0.11667908345961564,-11.012927842107633,12.09221037901103,0.03263829458866141,-0.49902755138626004,0,1.0,1.0
2022-03-16,4423.396437128507,4426.10742205841,4436.535636534632,4410.565060149896,97769.0,4245585600.0,170384.0,-0.5554471598940803,13,price_up_oi_down,-1.3360870065844526,0.0057343102140814395,4458.989760590911,4448.451427575221,4411.560782224191,1,0.0,12.045809992255165,-0.02225267531356323,-2.200691088176876,12.082361665171124,0.018452215688668616,-1.3360870065844526,0,1.0,1.0
2022-03-17,4414.157398647465,4392.014138278709,4420.471693705689,4362.957682625386,119825.0,5169437900.0,176542.0,-0.3875264633595288,13,price_up_oi_down,0.08665061966932668,-0.007702769166828216,4448.550079294359,4445.928385937155,4413.536097462264,1,0.6,12.08131408738736,0.03550409513219499,3.6141891257394088,12.078943564290803,0.018452215688668616,0.08665061966932668,0,1.0,1.0
2022-03-18,4406.672994136949,4417.028443105358,4426.56485137701,4386.63159498327,68569.0,2959376370.0,177899.0,-0.9533754359677497,13,price_up_oi_down,0.48365431363016353,0.005695406262160363,4430.395415310899,4446.944923370465,4417.399829749051,0,0.8,12.088971252502658,0.00765716511529746,0.7686556173601478,12.078943564290803,0.01398433312155678,0.48365431363016353,0,1.0,1.0
2022-03-21,4428.006990297804,4458.776017152142,4469.078765291797,4414.876158858833,71979.0,3152367320.0,179103.0,-0.911586649538746,13,price_up_oi_down,0.6877192416321128,0.009451506727775172,4418.959496097938,4447.219349309783,4424.017669560874,0,0.8,12.095716338327277,0.006745085824618968,0.6767885148315056,12.080188442927327,0.015229211758080119,0.6877192416321128,0,1.0,1.0
2022-03-22,4466.705807407573,4487.275459271499,4514.857891165237,4465.329962002368,106133.0,4706014990.0,173699.0,-0.4926308915844296,13,price_up_oi_down,-0.6019423748369369,0.006391763571375719,4436.2402959732235,4449.953282020549,4432.092284096118,0,0.3,12.065079195160235,-0.03063714316704136,-3.0172582257136593,12.080188442927327,0.01693027177875628,-0.6019423748369369,0,1.0,1.0
2022-03-23,4489.417477296593,4565.637668702979,4572.1073582368,4469.7670757661335,101824.0,4538545290.0,183829.0,-0.590760144956144,13,price_up_oi_down,2.004251103446318,0.017463204597696347,4464.146345302137,4461.568052946524,4442.0516140879645,1,0.8,12.121761256653603,0.056682061493367186,5.831927644948975,12.074688377478044,0.01584143921384218,2.004251103446318,0,1.0,1.0
2022-03-24,4574.268570190172,4619.912138865132,4626.250060367355,4571.889017716855,135752.0,6133634230.0,185907.0,-0.3144168570009939,13,price_up_oi_down,1.4892871526796365,0.011887599082642808,4509.725945419422,4479.138012356891,4452.896297165852,1,0.8,12.133001827653656,0.011240571000053379,1.130398359344853,12.085142669945009,0.02167517498000926,1.4892871526796365,0,1.0,1.0
2022-03-25,4611.628131759071,4593.654538175833,4614.809313966094,4568.074530412053,103647.0,4658012640.0,179852.0,-0.5511433955550371,13,price_up_oi_down,0.17958255994197367,-0.00568357144033238,4545.051164433517,4487.723289872208,4462.031794496446,1,0.6,12.099889569440032,-0.033112258213623846,-3.2570048465092483,12.092343795414967,0.028341030746683593,0.17958255994197367,0,1.0,1.0
2022-03-28,4589.393111950331,4588.946459287391,4615.220086395489,4562.382643631091,96916.0,4347294190.0,179060.0,-0.6138763212608276,13,price_up_oi_down,0.08197747281925123,-0.0010249092197324172,4571.0852528605665,4495.022374479252,4471.361671481915,1,0.5,12.095476224188147,-0.004413345251885303,-0.44036207548432404,12.092343795414967,0.02577286405048529,0.08197747281925123,0,1.0,1.0
2022-03-29,4593.599350645723,4607.065236620966,4612.767044712439,4579.488044566499,75261.0,3401145050.0,180880.0,-0.8768717556219037,13,price_up_oi_down,0.5140936471106327,0.003948352305768399,4595.04320833046,4515.641752151842,4482.0877123831715,1,0.8,12.105589106951852,0.010112882763705144,1.0164190774042847,12.092223738345403,0.01753536086735874,0.5140936471106327,0,1.0,1.0
2022-03-30,4598.797864658835,4583.025620761168,4627.669777516745,4547.910215109632,107049.0,4826325790.0,178410.0,-0.5107975988237903,13,price_up_oi_down,-0.20876437105094683,-0.005217989028831194,4598.520798742097,4531.333572022118,4489.892499798669,1,0.4,12.091839551368748,-0.013749555583103756,-1.3655462184875233,12.095596281257713,0.012137509782245814,-0.20876437105094683,0,1.0,1.0
2022-03-31,4596.87875926403,4620.152622901413,4623.528178613396,4585.41352912718,68916.0,3101915990.0,169221.0,-0.8983171812757003,13,price_up_oi_down,-4.597475245120945,0.008100980708477756,4598.568895549355,4554.147420484388,4500.037903210771,1,0.0,12.038960831927998,-0.05287871944075029,-5.150496048427621,12.095596281257713,0.008308927224597085,-4.597475245120945,0,1.0,1.0
2022-04-01,4610.052419328653,4618.880556651482,4644.668015668473,4593.749378202338,110365.0,5032170590.0,139405.0,-0.2335903110957457,13,price_up_oi_down,-20.33130835521599,-0.00027532991954115626,4603.614099244484,4574.332631839001,4510.638777604733,1,0.0,11.845138644671058,-0.19382218725693967,-17.61956258384011,12.095596281257713,0.008308927224597085,-20.33130835521599,0,1.0,1.0
2022-04-06,4668.753361247137,4748.453364137099,4752.565959144482,4655.86503578569,140832.0,6583886010.0,147601.0,-0.0469449965824911,13,price_up_oi_down,-7.21272633402554,0.028052859539531516,4635.515480214426,4603.300366537496,4525.25985792364,1,0.1,11.902267966193309,0.057129321522250365,5.879272622933085,12.095596281257713,0.018078900545014598,-7.21272633402554,0,1.0,1.0
2022-04-07,4744.478550285861,4698.667407692417,4753.652046981227,4644.9131237417205,120100.0,5670950150.0,140346.0,-0.1557860731376897,13,price_up_oi_down,-5.7544251196872915,-0.010484667875374387,4653.835914428716,4624.439561379588,4537.196421700069,1,0.1,11.851866081205765,-0.05040188498754361,-4.915278351772601,12.093657887778448,0.028341030746683593,-5.7544251196872915,0,1.0,1.0
2022-04-08,4709.120061746041,4735.24494844489,4741.15346149878,4701.135582349923,63469.0,3006841690.0,141887.0,-0.8044793684374189,13,price_up_oi_down,-4.6175538347683345,0.007784662666821207,4684.27977996546,4641.400289353779,4551.484171150152,1,0.2,11.862786245138789,0.010920163933024085,1.0980006555228128,12.093657887778448,0.03372365437518088,-4.6175538347683345,0,1.0,1.0
2022-04-11,4778.5729703902525,4710.87831396437,4793.226134431343,4704.564536852341,113304.0,5378681210.0,138882.0,-0.2035501798179114,13,price_up_oi_down,-2.8035777552024843,-0.0051458023282453524,4702.4249181780515,4650.496906863703,4564.817459610296,1,0.0,11.841379930712144,-0.021406314426645423,-2.1178825403314727,12.065400191648372,0.05389527565438179,-2.8035777552024843,0,1.0,1.0
2022-04-12,4712.548406173374,4669.943801592785,4722.533491994808,4651.017412577349,108397.0,5119034000.0,137495.0,-0.2377871394632638,13,price_up_oi_down,-0.7634486485992608,-0.008689358893063215,4712.637567166312,4658.1258332053985,4572.924561538804,1,0.0,11.831342831791225,-0.010037098920918197,-0.9986895350010072,11.970614399060654,0.12304348871779336,-0.7634486485992608,0,1.0,1.0
2022-04-13,4658.152850800325,4644.398343323771,4676.225549310169,4641.970366185609,58127.0,2732190520.0,136297.0,-0.8522060562710887,13,price_up_oi_down,-0.8756700000229724,-0.005470185371460268,4691.826563003647,4663.671021609037,4579.346698044144,1,0.0,11.822591607170935,-0.008751224620290543,-0.8713044110693513,11.88252710566605,0.04616572441436517,-0.8756700000229724,0,1.0,1.0
2022-04-14,4657.959050497088,4663.869138717624,4680.141992263334,4656.215594388238,52057.0,2444970990.0,137214.0,-0.969202478812679,13,price_up_oi_down,-0.6227288930295355,0.004192318133487083,4684.8669092086875,4669.351411818702,4592.496581985272,1,0.1,11.829297029884438,0.006705422713503495,0.6727954393713098,11.857326163172278,0.030358943691197737,-0.6227288930295355,0,1.0,1.0
2022-04-15,4660.099044074722,4644.609259098284,4665.303034852547,4632.063069176883,58483.0,2752912630.0,138048.0,-0.8588653370513438,13,price_up_oi_down,-0.4876469805836204,-0.004129592629315337,4666.739771339367,4675.509775652414,4603.421673837265,0,0.3,11.835356729748828,0.006059699864389145,0.6078096987187198,11.848502362938412,0.018182432100579682,-0.4876469805836204,0,1.0,1.0
2022-04-18,4683.649396496162,4696.085667532228,4747.007800940508,4671.593539765222,133805.0,6349863760.0,130166.0,0.0275729572440985,13,price_up_oi_down,-3.476534118344171,0.011083043925192992,4663.781242052939,4683.103080115495,4618.625250299941,0,0.0,11.776565837941728,-0.0587908918070994,-5.709608252202047,11.843259287691602,0.012939356853769901,-3.476534118344171,0,1.0,1.0
2022-04-19,4719.2777511924805,4699.859207187595,4730.831211517635,4697.080425071277,75199.0,3574246320.0,130447.0,-0.5508290810062791,13,price_up_oi_down,-3.5651211375552974,0.0008035500036669418,4669.7643231719,4691.2009451691065,4632.766788504054,0,0.1,11.778722292983453,0.00215645504172457,0.21587818631594313,11.838368330230486,0.011284525660663292,-3.5651211375552974,0,1.0,1.0
2022-04-20,4718.527457303605,4697.817036528636,4723.7436753919455,4682.929751880036,60249.0,2854215300.0,131130.0,-0.777703222820682,13,price_up_oi_down,-2.2766196339446028,-0.0004345174118908224,4680.448061812874,4686.13731240826,4644.718839472878,0,0.2,11.78394447652547,0.005222183542016978,0.5235842909380395,11.833349780770027,0.014637237017415039,-2.2766196339446028,0,1.0,1.0
2022-04-21,4689.934098574857,4701.804587332793,4718.818511946831,4684.547249604478,53243.0,2517696180.0,129705.0,-0.890396300531048,13,price_up_oi_down,-2.3706985632188085,0.0008488093029488386,4688.035151535907,4686.451030372298,4655.445295875943,1,0.0,11.77301792006264,-0.01092655646282914,-1.0867078471745173,11.830319930837831,0.01630307512112328,-2.3706985632188085,0,1.0,1.0
2022-04-22,4703.030127782295,4718.588157175813,4732.3360203838365,4667.132696799945,90919.0,4311210450.0,131776.0,-0.3711345111616261,13,price_up_oi_down,-0.956963415514463,0.003569601741475248,4702.830931151413,4684.785351245389,4663.092820299584,1,0.4,11.788858790387462,0.015840870324820955,1.5967002043097756,11.825944318527686,0.026138769397780592,-0.956963415514463,0,1.0,1.0
2022-04-25,4738.929170493271,4752.505939598848,4795.398498367791,4714.177480483791,144380.0,6895298880.0,131322.0,0.0947963902210118,13,price_up_oi_down,-0.5208624597360173,0.007188120957633215,4714.114985564736,4688.948113808838,4669.722510336271,1,0.4,11.78540760147214,-0.003451188915320813,-0.3445240407964678,11.805725198779198,0.026310269403886366,-0.5208624597360173,0,1.0,1.0
2022-04-26,4762.826371663856,4712.663800973828,4773.882253276043,4707.60680241497,109757.0,5221558770.0,131440.0,-0.1802816424864893,13,price_up_oi_down,-0.04522230554609954,-0.008383395861338627,4716.675904321984,4693.220113746942,4675.67297347617,1,0.5,11.786305752711149,0.0008981512390082713,0.08985546976123526,11.787133195929801,0.012341316927616752,-0.04522230554609954,0,1.0,1.0
2022-04-27,4720.355158186414,4708.666661567526,4729.248028379161,4702.764868550934,58865.0,2778209370.0,130741.0,-0.79797158039372,13,price_up_oi_down,-0.40104500377142926,-0.0008481698621226608,4718.845829329761,4699.646945571318,4681.658983590178,1,0.3,11.780973545906017,-0.005332206805132245,-0.5318015824710587,11.785856677091644,0.008212611629053512,-0.40104500377142926,0,1.0,1.0
2022-04-28,4708.321345326435,4721.069085703616,4746.17763341347,4705.443039135519,87279.0,4157665720.0,128536.0,-0.3870991366604067,13,price_up_oi_down,-2.7563518630646957,0.0026339567073880854,4722.698729003927,4705.366940269917,4687.35917604431,1,0.0,11.76396429972317,-0.017009246182846383,-1.6865405649337473,11.784676038998805,0.0050682487020043965,-2.7563518630646957,0,1.0,1.0
2022-04-29,4726.304288303425,4724.578941833186,4739.582694414018,4715.457228629871,52517.0,2500211850.0,123610.0,-0.8559945211933333,13,price_up_oi_down,-7.973781023566011,0.0007434451955381505,4723.896885935401,4713.363908543407,4694.43684209791,1,0.0,11.724886726881868,-0.0390775728413022,-3.8323893695151545,11.782459011215742,0.0048699573847104105,-7.973781023566011,0,1.0,1.0
2022-05-05,4721.7634166424505,4761.1605598765145,4770.324791847164,4671.335439700963,112775.0,5402466820.0,133458.0,-0.1683921383051885,13,price_up_oi_down,2.4351996817899497,0.007742831370521008,4725.627809990934,4719.871397777836,4701.4872389466655,1,1.0,11.801542100581786,0.07665537369991782,7.966992961734642,11.779847919444734,0.0060087576469110004,2.4351996817899497,0,1.0,1.0
2022-05-06,4743.306168013531,4658.823518178779,4743.936124788573,4657.769605870677,144200.0,6828004350.0,146627.0,-0.0166907222684678,13,price_up_oi_down,14.901527551093631,-0.021494137912540845,4714.859753431924,4715.767828876954,4703.48438702303,0,1.0,11.895647226101454,0.09410512551966832,9.867523865186056,11.782459011215742,0.005123260333562918,14.901527551093631,0,1.0,1.0
2022-05-09,4660.335785330171,4646.248309082453,4668.093962241062,4636.0106930068,73182.0,3399883540.0,150510.0,-0.721080038075115,13,price_up_oi_down,11.675948932112325,-0.002699224181224591,4702.37608293491,4710.610956132336,4698.374134270298,0,1.0,11.921784806146409,0.02613758004495459,2.6482162221145966,11.784676038998805,0.007920435162410477,11.675948932112325,0,1.0,1.0
2022-05-10,4636.979826263192,4643.298870130137,4666.869442866032,4633.891104488757,67520.0,3152834090.0,145769.0,-0.7695993266525788,13,price_up_oi_down,4.914726961524116,-0.0006348001131470937,4686.822039820214,4704.7603844120695,4695.605707392184,0,0.8,11.889778455922418,-0.03200635022399112,-3.149956813500787,11.785856677091644,0.014262090259572702,4.914726961524116,0,1.0,1.0
2022-05-11,4657.198128011011,4660.073441356222,4666.290084072482,4637.991412562427,50411.0,2356167980.0,145463.0,-1.0597123535086652,13,price_up_oi_down,3.593238205042693,0.003612640860573002,4673.920939724821,4698.908912830111,4691.847132037751,0,0.7,11.887677037722447,-0.0021014181999703396,-0.20992117665618037,11.787582271549304,0.01878890042930781,3.593238205042693,0,1.0,1.0
2022-05-12,4666.940599630808,4684.4884152119885,4686.080043897019,4653.955681486954,73186.0,3441019870.0,145622.0,-0.6880100774046505,13,price_up_oi_down,1.2924144429432531,0.005239182206677961,4658.586510791916,4692.107160391426,4690.527637100131,0,0.7,11.888769502231533,0.0010924645090852891,0.10930614658020144,11.793923926646467,0.04949841334394822,1.2924144429432531,0,1.0,1.0
2022-05-13,4684.896004157919,4673.12088854407,4692.083055796808,4667.526168801525,51602.0,2427489160.0,146937.0,-1.0464434920608805,13,price_up_oi_down,0.6557244095955259,-0.0024266313971456066,4661.445984864974,4688.152869148449,4690.6864914476955,0,0.9,11.89775920246932,0.008989700237787446,0.9030228948922581,11.844609569152116,0.054670736695152655,0.6557244095955259,0,1.0,1.0
2022-05-16,4681.959955612138,4707.382230422595,4716.19999725956,4679.978990652679,83175.0,3919787820.0,140915.0,-0.5272100498149844,13,price_up_oi_down,-1.0113610871171697,0.007331576198363443,4673.6727691330025,4688.024426033956,4693.835685802636,0,0.4,11.855912150701663,-0.04184705176765746,-4.098355077346039,11.88822326997699,0.021548734330874453,-1.0113610871171697,0,1.0,1.0
2022-05-17,4717.995732272653,4730.695573087881,4750.044465386635,4704.736792037597,76060.0,3613429670.0,136890.0,-0.5876551811073073,13,price_up_oi_down,-1.9757542876136915,0.0049525068337594735,4691.152109724551,4688.987074772382,4697.177007521149,0,0.3,11.826932962589558,-0.028979188112105092,-2.856331831245884,11.88822326997699,0.02092352588382873,-1.9757542876136915,0,1.0,1.0
2022-05-18,4729.641879041461,4741.817057749051,4742.064412119239,4726.78841141093,43805.0,2084008360.0,135223.0,-1.1271773013652475,13,price_up_oi_down,-2.3707231615221445,0.0023509195401281158,4707.500833003117,4690.710886363969,4702.037397453688,0,0.2,11.814680546465711,-0.012252416123846643,-1.2177660895609899,11.88822326997699,0.02092352588382873,-2.3707231615221445,0,1.0,1.0
2022-05-19,4736.655659677946,4703.492219189649,4743.75235758133,4687.767918599432,84478.0,4007607540.0,132634.0,-0.451102309705393,13,price_up_oi_down,-2.9939034448640647,-0.008082310661220338,4711.301593798649,4684.944052295282,4702.407725036559,0,0.0,11.795348734122818,-0.019331812342892718,-1.9146151172506731,11.88822326997699,0.02092352588382873,-2.9939034448640647,0,1.0,1.0
2022-05-20,4710.948210367007,4747.214190741894,4748.244456741448,4707.6690828964365,70475.0,3355299800.0,130113.0,-0.6131452666623485,13,price_up_oi_down,-3.612517148712089,0.009295640242342529,4726.120254238214,4693.783119551595,4704.775474214273,0,0.0,11.776158582644662,-0.01919015147815628,-1.9007192725847277,11.88822326997699,0.02092352588382873,-3.612517148712089,0,1.0,1.0
2022-05-23,4717.915204003079,4759.296535761021,4791.8889455539465,4708.89169361047,119577.0,5716835320.0,142138.0,-0.1728379013344426,13,price_up_oi_down,-0.13791270524674426,0.0025451442748656294,4736.5031153059,4705.087942219451,4707.849449175893,0,0.5,11.864553695647308,0.08839511300264569,9.241966598264506,11.871794594212055,0.03541311993988128,-0.13791270524674426,0,1.0,1.0
2022-05-24,4754.763286698449,4748.288543964354,4754.877700131559,4727.369858909798,61803.0,2946675630.0,135553.0,-0.7854108007795979,13,price_up_oi_down,-0.9254641718920958,-0.0023129451409370505,4740.021709481193,4715.586909602873,4710.173647007471,1,0.3,11.817117986736493,-0.04743570891081461,-4.632821624055506,11.860232923174486,0.03142274666643008,-0.9254641718920958,0,1.0,1.0
2022-05-25,4741.427943735287,4769.568716802392,4776.774882394868,4740.110833296779,56087.0,2681700060.0,139129.0,-0.908497503685428,13,price_up_oi_down,0.03212921072037004,0.004481651155148869,4745.572041291862,4726.53643714749,4712.7226749888005,1,0.5,11.843156839287632,0.026038852551138802,2.6380825212280135,11.841422556645611,0.03640791635134644,0.03212921072037004,0,1.0,1.0
2022-05-26,4763.464902161685,4776.2610670818,4781.89395912678,4753.524306601811,42723.0,2046359820.0,141320.0,-1.1962894055855442,13,price_up_oi_down,0.6356403160988348,0.0014031353098722388,4760.125810870291,4735.713702334471,4713.910431362948,1,0.7,11.858782101473082,0.01562526218545024,1.5747974900991002,11.835044900938595,0.02518802223589045,0.6356403160988348,0,1.0,1.0
2022-05-27,4776.190544058815,4722.8106306425625,4785.552913618051,4705.492318060265,117578.0,5596576260.0,135909.0,-0.1448836009959555,13,price_up_oi_down,-0.4628443577791076,-0.011190853198461137,4755.245098850426,4740.68267654432,4714.417772846386,1,0.4,11.819740823112008,-0.03904127836107385,-3.8288989527314743,11.835044900938595,0.022302225148777666,-0.4628443577791076,0,1.0,1.0
2022-05-30,4714.674750451214,4698.372823525273,4721.9672105786585,4689.842558574181,72307.0,3414401540.0,142145.0,-0.6759267200779392,13,price_up_oi_down,1.164387041472928,-0.005174420282433534,4743.060356403276,4739.781735854588,4713.903080944272,1,1.0,11.864602942348668,0.044862119236659836,4.588364273153345,11.823336892850783,0.0239040525824068,1.164387041472928,0,1.0,1.0
2022-05-31,4699.43844972547,4712.009215709851,4717.503231666841,4690.386467704951,48989.0,2299118680.0,141389.0,-1.0599191738296645,13,price_up_oi_down,1.0139162711577432,0.0029023648605106533,4735.804490752376,4737.913100116785,4713.450087444584,0,0.8,11.859270235924903,-0.005332706423764932,-0.5318512786239293,11.823336892850783,0.0239040525824068,1.0139162711577432,0,1.0,1.0
2022-06-01,4709.515431290226,4713.722979921559,4736.350228132848,4699.916135061846,52330.0,2478838430.0,140997.0,-0.9911687931719572,13,price_up_oi_down,0.6125559598841913,0.0003637013709554271,4724.63534337621,4735.103692334036,4712.907289349003,0,0.6,11.85649389253821,-0.0027763433866923037,-0.2772492909631663,11.83144883119982,0.02757733749917257,0.6125559598841913,0,1.0,1.0
2022-06-02,4714.081162820277,4687.907304820562,4721.233161273199,4687.865161889687,52491.0,2478099460.0,145315.0,-1.018262073604166,13,price_up_oi_down,1.6840017665619136,-0.005476706037024437,4706.964590923962,4733.545200897128,4709.244626596204,0,1.0,11.886659078916896,0.03016518637868515,3.062476506592371,11.84982536591292,0.01475295308506741,1.6840017665619136,0,1.0,1.0
2022-06-06,4688.71227740053,4756.33255547453,4782.855586985336,4683.509306225968,121595.0,5787586100.0,143985.0,-0.1690132772179813,13,price_up_oi_down,1.2471011573092123,0.014596118524700108,4713.668975890354,4734.45703737039,4714.120078460992,0,0.9,11.877464406465746,-0.009194672451149799,-0.9152530709150342,11.857637997005646,0.010723051530518113,1.2471011573092123,0,1.0,1.0
2022-06-07,4749.421657942245,4675.15587394275,4755.207957230582,4668.99324277908,136168.0,6418502900.0,166115.0,-0.1987909020800911,13,price_up_oi_down,10.152815979879506,-0.017067074386618586,4709.025585973851,4726.042971188564,4715.565456704007,0,1.0,12.0204355985679,0.14297119210215392,15.369656561447464,11.859026168698993,0.010723051530518113,10.152815979879506,0,1.0,1.0
2022-06-08,4676.244181347744,4686.34624212502,4701.593422022949,4674.417025023674,63707.0,2993902770.0,167302.0,-0.965506115843415,13,price_up_oi_down,6.626625921397739,0.002393581836413139,4703.892991256884,4719.84874100463,4717.717825303751,0,1.0,12.027555841476085,0.007120242908184693,0.7145652108479839,11.859026168698993,0.01715378358905717,6.626625921397739,0,1.0,1.0
2022-06-09,4675.863712653255,4676.644873892217,4698.966750280509,4656.231859302464,56480.0,2651862170.0,169934.0,-1.1015235331883242,13,price_up_oi_down,7.1259591944217515,-0.002070134755643549,4696.477370051016,4710.556356713612,4718.546396930551,0,1.0,12.043165405355447,0.015609563879362298,1.573202950353103,11.861936589136786,0.01715378358905717,7.1259591944217515,0,1.0,1.0
2022-06-10,4674.102517561642,4656.482286293076,4693.619407694894,4648.615255594322,67319.0,3150361020.0,169812.0,-0.9252494279725766,13,price_up_oi_down,7.665581924058487,-0.004311336041720959,4690.192366345518,4698.57847863474,4717.146090484604,0,0.9,12.042447221740371,-0.000718183615076029,-0.07179257829508234,11.871033674407208,0.015082593189342575,7.665581924058487,0,1.0,1.0
2022-06-13,4677.607608034797,4676.049559040686,4703.3036333909695,4663.417785585084,64968.0,3049765830.0,171331.0,-0.9697025170371678,13,price_up_oi_down,2.5984012342014657,0.00420215766850629,4674.13576705875,4693.902371474553,4717.292524009436,0,1.0,12.051352636999415,0.008905415259043536,0.8945186441477126,11.88206174269132,0.04394438486621066,2.5984012342014657,0,1.0,1.0
2022-06-14,4678.120665742026,4683.322260025007,4692.928207971058,4662.22518548574,47168.0,2209700340.0,171945.0,-1.2934589616682113,13,price_up_oi_down,0.7690056275789794,0.001555308790570864,4675.769044275202,4692.397315124525,4716.089525489557,0,1.0,12.054929937217219,0.0035773002178043356,0.3583706392887853,11.953547338742398,0.0889221396958515,0.7690056275789794,0,1.0,1.0
2022-06-15,4683.679984252788,4640.876671447252,4683.995848988878,4617.844473087554,112728.0,5236626850.0,189656.0,-0.5202340674681275,13,price_up_oi_down,2.984675519396312,-0.009063136427756469,4666.675130139648,4685.284060698266,4711.598580407525,0,1.0,12.152967183843069,0.09803724662585012,10.300386751577694,12.023995720021993,0.029145567086323432,2.984675519396312,0,1.0,1.0
2022-06-16,4647.418342034136,4644.62294447264,4650.937888873373,4624.533577293083,48786.0,2265187020.0,191131.0,-1.365515670370083,13,price_up_oi_down,4.674380797232885,0.0008072339108764481,4660.270744255732,4678.374057153374,4706.738874743705,0,1.0,12.160714335805975,0.007747151962906429,0.7777238790229735,12.035001531608227,0.018139755500089727,4.674380797232885,0,1.0,1.0
2022-06-17,4646.836342016511,4687.400409557052,4699.89470360346,4616.681624722428,102474.0,4783919910.0,185078.0,-0.5911682499774162,13,price_up_oi_down,3.0738856172896374,0.009210105017312564,4666.454368908528,4678.323367627023,4705.9342842620745,0,0.8,12.128532636824662,-0.03218169898131329,-3.166937859373975,12.04280631354791,0.01881059352591752,3.0738856172896374,0,1.0,1.0
2022-06-20,4678.055263836092,4719.340111492235,4724.160691913517,4670.712577583059,92164.0,4343205640.0,182793.0,-0.6847847662867299,13,price_up_oi_down,1.9962389947024965,0.006813947848377078,4675.1124793988365,4674.624123228794,4704.540580299592,0,0.7,12.116109644052353,-0.012422992772309627,-1.2346145949274745,12.047259021177432,0.023263301155439287,1.9962389947024965,0,1.0,1.0
2022-06-21,4719.278575859212,4664.26895983089,4733.0777435502505,4661.716591685066,90064.0,4236687150.0,180711.0,-0.6963785414011634,13,price_up_oi_down,1.1921224317019865,-0.011669248318687542,4671.301819360014,4673.535431817607,4699.789201503086,0,0.6,12.10465434910497,-0.011455294947381844,-1.1389932874891873,12.053141287108318,0.029145567086325208,1.1921224317019865,0,1.0,1.0
2022-06-22,4660.3986758462925,4624.389494284094,4664.421551591404,4621.766289527434,75395.0,3501058570.0,187022.0,-0.9084852971757787,13,price_up_oi_down,1.0794052459892132,-0.008549992697728381,4668.004383927382,4667.3397570335155,4693.594249019073,0,0.8,12.138981535975674,0.03432718687070313,3.492316461089784,12.079792143161095,0.03698582961318575,1.0794052459892132,0,1.0,1.0
2022-06-23,4619.8001480109015,4635.454576630837,4641.676696740893,4581.901968889949,94217.0,4348854550.0,186622.0,-0.6834845483220193,13,price_up_oi_down,0.38412535408201387,0.002392766085214104,4666.1707103590215,4663.220727307377,4686.888542010494,0,0.7,12.136840459695541,-0.0021410762801323813,-0.21387858112947855,12.110381996578662,0.046458763245860624,0.38412535408201387,0,1.0,1.0
2022-06-24,4638.520224893743,4606.612441713752,4639.054502966604,4589.055221838626,61750.0,2846675860.0,182290.0,-1.0825048500367436,13,price_up_oi_down,-0.25037582227774274,-0.006222072601571926,4650.013116790362,4658.233742849445,4678.406110742092,0,0.4,12.113354104526968,-0.02348635516857378,-2.321269732400133,12.122321140438508,0.024156417369049166,-0.25037582227774274,0,1.0,1.0
2022-06-27,4578.982895026409,4575.587021807185,4622.90477405901,4556.855048471053,94033.0,4320326960.0,188470.0,-0.6952930585372329,13,price_up_oi_down,0.9578035574306373,-0.006734975060116999,4621.262498853352,4648.187489126094,4671.044930300324,0,0.8,12.146694122010674,0.033340017483705964,3.3902024247078444,12.122321140438508,0.017163593435351565,0.9578035574306373,0,1.0,1.0
2022-06-28,4583.991031603678,4569.20110463558,4585.642205960942,4551.634194727766,70536.0,3223419300.0,190289.0,-0.992420751378485,13,price_up_oi_down,0.8870418869489942,-0.0013956498130556216,4602.24892781429,4636.775373587152,4664.586344355839,0,0.9,12.156299248145348,0.00960512613467479,0.9651403406377934,12.132686548260102,0.017954673970441704,0.8870418869489942,0,1.0,1.0
2022-06-29,4575.3815371841765,4570.308305693607,4595.370507405116,4561.941550443664,58565.0,2683571730.0,188738.0,-1.170222561427306,13,price_up_oi_down,0.4115820692765723,0.00024231830306242763,4591.432690096191,4629.718537011787,4657.501298855026,0,0.7,12.14811508893128,-0.008184159214067677,-0.8150760159547632,12.137910997835608,0.016722218158601088,0.4115820692765723,0,1.0,1.0
2022-06-30,4578.28064965344,4533.358037016729,4582.199711991897,4527.65068454416,82694.0,3759693290.0,193318.0,-0.8491894533751982,13,price_up_oi_down,1.6126431647824706,-0.008084852531905828,4571.013382173371,4618.592046266196,4648.483051709785,0,1.0,12.172091780364433,0.023976691433151842,2.4266443429515894,12.137910997835608,0.014296170702706945,1.6126431647824706,0,1.0,1.0
2022-07-01,4529.584475761519,4467.621142471475,4531.505234907706,4453.009883876239,117749.0,5295795880.0,188171.0,-0.4687958835943819,13,price_up_oi_down,0.33947791375213715,-0.014500706542145081,4543.215122324915,4596.614119557638,4637.468743592331,0,0.6,12.145106402867983,-0.026985377496449914,-2.6624525393392107,12.137910997835608,0.014296170702706945,0.33947791375213715,0,1.0,1.0
2022-07-04,4466.640258673238,4470.5301269998,4483.81694442428,4421.074019039017,95712.0,4263410490.0,190394.0,-0.6877519268081529,13,price_up_oi_down,0.9826758093174925,0.0006511260546850917,4522.203743363438,4571.733121108395,4623.178622168594,0,0.9,12.156850888237827,0.011744485369844071,1.181372262463265,12.142043969421827,0.01016319911648722,0.9826758093174925,0,1.0,1.0
2022-07-05,4469.798446381403,4406.17593606914,4471.123018250592,4400.631514266287,84042.0,3737811070.0,198089.0,-0.8573997507664733,13,price_up_oi_down,3.5058677845801194,-0.014395203499914189,4489.59870965015,4545.923818732221,4609.729625274914,0,1.0,12.196471703633575,0.039620815395748465,4.041618958580706,12.145900262439328,0.009729394224903487,3.5058677845801194,0,1.0,1.0
2022-07-06,4387.261347775957,4370.120258061762,4390.942433506572,4325.106964674626,112918.0,4924501040.0,187397.0,-0.5065674695641301,13,price_up_oi_down,-0.4721907101864691,-0.008182986455948171,4449.561100123781,4520.496895109986,4593.918326071751,0,0.3,12.140984640120434,-0.05548706351314081,-5.397573817829338,12.147404605470978,0.009170462720609507,-0.4721907101864691,0,1.0,1.0
2022-07-07,4363.408701338749,4389.014888964991,4393.74940230042,4353.204749814873,66947.0,2934051090.0,189805.0,-1.0420959677745067,13,price_up_oi_down,0.466890488617054,0.0043235951844513565,4420.692470513434,4495.852926343401,4579.53682682539,0,0.6,12.153752508330474,0.012767868210039168,1.284972544917884,12.147404605470978,0.009170462720609507,0.466890488617054,0,1.0,1.0
2022-07-08,4403.934251689057,4414.401653781654,4419.500754488814,4390.067592770571,62300.0,2743258640.0,189626.0,-1.1130922854276328,13,price_up_oi_down,0.21538608934992756,0.005784160104011393,4410.048572775469,4476.631847550192,4567.432795199818,0,0.5,12.152808990203177,-0.0009435181272969828,-0.09430731540265302,12.150933798630877,0.0058722426849220355,0.21538608934992756,0,1.0,1.0
2022-07-11,4433.687198162833,4408.87206231022,4452.841439254203,4404.24870439523,69123.0,3061655190.0,192328.0,-1.0233147214877631,13,price_up_oi_down,1.5698833088607533,-0.001252625362419657,4397.716959837553,4459.960351600495,4554.073920363295,0,0.8,12.166957526801605,0.014148536598428407,1.424910086169695,12.153280749266825,0.005876143795847888,1.5698833088607533,0,1.0,1.0
2022-07-12,4394.524230289162,4377.884190470175,4428.733768365754,4371.43658643692,71387.0,3141060170.0,189993.0,-0.9788714494373988,13,price_up_oi_down,-0.022712698667285657,-0.007028525981724099,4392.0586107177605,4440.828660183955,4538.802016885554,0,0.5,12.154742508358673,-0.012215018442931935,-1.2140717940185564,12.155025878237911,0.008415132338279285,-0.022712698667285657,0,1.0,1.0
2022-07-13,4362.8469896452425,4376.224490987453,4385.239037738121,4341.94688009252,63987.0,2791514450.0,188404.0,-1.0799086556123896,13,price_up_oi_down,-0.6980614497017651,-0.0003791099559771194,4393.279457302899,4421.42027871334,4525.569407862563,0,0.2,12.146343872321522,-0.008398636037151519,-0.8363466022432542,12.154247508344573,0.007636762444941603,-0.6980614497017651,0,1.0,1.0
2022-07-14,4380.98322060007,4404.118597034671,4417.105703733663,4377.75752389408,61977.0,2724929270.0,185949.0,-1.098709094089289,13,price_up_oi_down,-1.663580754092382,0.006374011686252512,4396.300198916835,4408.496334715133,4513.544190490665,0,0.0,12.133227721549027,-0.013116150772495061,-1.3030508906393456,12.154247508344573,0.008522370749821206,-1.663580754092382,0,1.0,1.0
2022-07-15,4397.499621515121,4355.901442082849,4405.0727475497015,4349.520905514748,77239.0,3379694450.0,181751.0,-0.8557331076450231,13,price_up_oi_down,-3.8286059423489807,-0.010948196305223812,4384.600156577073,4397.324364676272,4496.969242116955,0,0.0,12.110392897443903,-0.022834824105123275,-2.257608268933875,12.153280749266825,0.0075556116720729705,-3.8286059423489807,0,1.0,1.0
2022-07-18,4377.989122644525,4396.408704941684,4409.911926212161,4375.295579592692,68996.0,3035203450.0,181598.0,-0.9677469209883056,13,price_up_oi_down,-3.0671776604334258,0.00929939839030558,4382.107485103366,4389.912222470461,4480.822671789428,0,0.0,12.109550731872824,-0.0008421655710790787,-0.08418110491835717,12.153280749266825,0.009616493045847108,-3.0671776604334258,0,1.0,1.0
2022-07-19,4397.015576697653,4350.509354658732,4410.135033599375,4344.168512959283,76247.0,3332425610.0,188195.0,-0.9035005888657346,13,price_up_oi_down,-0.23487670866374075,-0.010440191839161672,4376.632517941078,4384.345564329419,4465.1346915308195,0,0.4,12.145233938299091,0.03568320642626688,3.6327492593530852,12.14957643126235,0.012470250427619511,-0.23487670866374075,0,1.0,1.0
2022-07-20,4352.142602026033,4327.57359508596,4401.93090955656,4302.23451567755,133579.0,5797778880.0,186079.0,-0.3314782516043928,13,price_up_oi_down,-0.9459031864369847,-0.005271971096490469,4366.9023387607795,4380.090898031839,4450.293896570913,0,0.3,12.133926593705377,-0.011307344593713964,-1.1243656845292715,12.145788905310306,0.008458603034267043,-0.9459031864369847,0,1.0,1.0
2022-07-21,4324.563597080543,4324.398686326348,4338.508011355695,4310.878791277459,50253.0,2171195670.0,183455.0,-1.294899159163149,13,price_up_oi_down,-1.6890995358350036,-0.0007336463932622328,4350.958356619115,4373.6292777679755,4434.741102055688,0,0.2,12.119724684794946,-0.014201908910431271,-1.410153751901,12.145788905310306,0.01040795732664801,-1.6890995358350036,0,1.0,1.0
2022-07-22,4318.63690793409,4307.573270638692,4324.693122898362,4273.99546256075,93361.0,4008915550.0,179069.0,-0.6512975072784435,13,price_up_oi_down,-2.093191710828735,-0.0038908104705650537,4341.292722330283,4362.946439453679,4419.7891435019355,0,0.0,12.09552648540688,-0.024198199388065333,-2.3907770297893927,12.139580266002234,0.014195483278690801,-2.093191710828735,0,1.0,1.0
2022-07-25,4305.678079783939,4293.167349672946,4313.501563023334,4275.710184409052,62839.0,2694183680.0,177646.0,-1.0392169062001713,13,price_up_oi_down,-1.7731646907420089,-0.003344324068481619,4320.644451276536,4351.375968189951,4405.668159895223,0,0.0,12.087548085012173,-0.007978400394707208,-0.7946657433726578,12.133577157627201,0.017508911781863645,-1.7731646907420089,0,1.0,1.0
2022-07-26,4287.399904628331,4234.583489414682,4296.958030489812,4233.538024692707,110307.0,4689767930.0,183131.0,-0.5069343562120002,13,price_up_oi_down,-0.32206234064707795,-0.013645836625196361,4297.459278227726,4337.045898084401,4388.937279134178,0,0.4,12.117957022721843,0.03040893770966946,3.0876011843778306,12.126476203171986,0.01784160321313344,-0.32206234064707795,0,1.0,1.0
2022-07-27,4224.219116806791,4232.101118311322,4252.345260392068,4208.434368674607,100638.0,4249826990.0,182865.0,-0.5972182557445462,13,price_up_oi_down,-0.10698436338431098,-0.0005862137585821436,4278.364782872798,4322.633560816788,4372.026919765065,0,0.4,12.116503454667356,-0.0014535680544867091,-0.14525121361205207,12.118840853758394,0.014736303868807532,-0.10698436338431098,0,1.0,1.0
2022-07-28,4248.14260047177,4274.560939973213,4292.869651242256,4245.959827825664,104057.0,4433837120.0,180686.0,-0.5518218921912221,13,price_up_oi_down,-0.724385877352255,0.010032799423949745,4268.397233602171,4309.677795110643,4359.087064912888,0,0.2,12.104515997098508,-0.011987457568848114,-1.1915894238919367,12.1172302386946,0.011838494838101177,-0.724385877352255,0,1.0,1.0
2022-07-29,4285.418968509246,4279.532486645284,4296.509228519919,4262.937998802599,87090.0,3725890090.0,178027.0,-0.7149931574776293,13,price_up_oi_down,-2.107260159484348,0.0011630543445011465,4262.7890768034895,4302.040899566886,4349.682632121579,0,0.1,12.089690503164414,-0.014825493934093714,-1.4716137387512207,12.11344817605563,0.007604343848218953,-2.107260159484348,0,1.0,1.0
2022-08-01,4274.62733888606,4186.815538523599,4275.361328179627,4182.339916633052,100914.0,4262038710.0,185925.0,-0.6110746976160132,13,price_up_oi_down,1.0409219278245838,-0.021665204881845868,4241.51871457362,4281.081582925077,4335.496902697769,0,0.8,12.1330986455715,0.04340814240708646,4.436405713740066,12.113027093270091,0.01300585201739679,1.0409219278245838,0,1.0,1.0
2022-08-02,4197.598958109096,4158.660452658933,4203.987840782272,4157.596959245817,98734.0,4124563210.0,188177.0,-0.6449536439312693,13,price_up_oi_down,1.1560791756884463,-0.006724701770499886,4226.33410722247,4261.896692725098,4323.121128527258,0,0.9,12.145138288250662,0.012039642679161133,1.2112410918380778,12.1172302386946,0.016282380943839492,1.1560791756884463,0,1.0,1.0
2022-08-03,4164.981675544999,4134.325163382187,4168.92798235266,4131.383955214555,82083.0,3397110350.0,198002.0,-0.880546201191484,13,price_up_oi_down,3.2643467182179045,-0.005851713443252082,4206.778916236643,4242.571849554721,4311.331373793279,0,1.0,12.196032410635759,0.05089412238509716,5.221148174325352,12.1172302386946,0.016282380943839492,3.2643467182179045,0,1.0,1.0
2022-08-04,4127.242936407601,4118.077226316079,4145.559379821812,4107.500253228666,94292.0,3883586210.0,199893.0,-0.7513858729747717,13,price_up_oi_down,3.170562090565289,-0.003930009475310969,4175.4821735052155,4221.939703553694,4297.784490660834,0,1.0,12.20553750236661,0.009505091730851234,0.9550408581731284,12.1172302386946,0.018786080082310086,3.170562090565289,0,1.0,1.0
2022-08-05,4120.26186175427,4122.44762960251,4164.97876606531,4109.02578710497,107771.0,4437941560.0,202118.0,-0.6288430796771101,13,price_up_oi_down,2.722336889527206,0.0010612727849059755,4144.065202096662,4203.427139450076,4283.186789451877,0,1.0,12.216606964245074,0.011069461878463471,1.1130955060957737,12.1172302386946,0.02462174440895204,2.722336889527206,0,1.0,1.0
2022-08-08,4098.549797633948,4059.151674910543,4100.27709294227,4051.777751768265,140046.0,5670441050.0,214907.0,-0.4282344363377638,13,price_up_oi_down,3.617098822347524,-0.01535397423546403,4118.5324293740505,4180.025571973836,4265.700770081893,0,1.0,12.277960655390006,0.06135369114493194,6.3274918611899045,12.125527834146672,0.02842458401521064,3.617098822347524,0,1.0,1.0
2022-08-09,4057.0101284756047,4015.547573464338,4061.750610089571,4014.064682548576,148210.0,5958139240.0,221468.0,-0.4016479225536802,13,price_up_oi_down,2.7116735907453524,-0.01074217100970154,4089.909853535132,4158.121980378801,4247.583939231601,0,1.0,12.30803338850464,0.03007273311463443,3.0529484846933297,12.139118466911082,0.042015216779621056,2.7116735907453524,0,1.0,1.0
2022-08-10,4027.847796407024,4077.125212081685,4088.8188466845486,4021.5683111569706,199363.0,8074402140.0,211593.0,-0.0595373345115432,13,price_up_oi_down,1.23755009346565,0.01533480490288941,4078.4698632750305,4142.624389755837,4232.628975286313,0,0.8,12.26241989713364,-0.04561349137100024,-4.45888345043064,12.170585349443211,0.050051754788858815,1.23755009346565,0,1.0,1.0
2022-08-11,4077.5243619270113,4055.305503676488,4089.077826697626,4043.955400561314,147956.0,6005952830.0,212567.0,-0.3623423005221582,13,price_up_oi_down,0.6908357831548214,-0.005351738607521472,4065.915518747113,4120.698846126164,4215.188320618404,0,0.8,12.267012511769511,0.0045926146358716835,0.4603176853676949,12.200784956501185,0.06466062578106957,0.6908357831548214,0,1.0,1.0
2022-08-12,4069.635832914885,4084.708970599509,4096.193747390445,4061.266991726462,120081.0,4900628570.0,208704.0,-0.5527504650948443,13,price_up_oi_down,0.41618103081628566,0.007250616974815882,4058.3677869465128,4101.216494521586,4201.628697044236,0,0.6,12.248672259148991,-0.018340252620520303,-1.8173093659881956,12.211072233305842,0.060937111759424845,0.41618103081628566,0,1.0,1.0
2022-08-15,4081.500792483816,4121.048356461643,4126.885205768832,4061.7593474898313,157587.0,6447153410.0,199539.0,-0.2360320192344235,13,price_up_oi_down,-0.5487641924231085,0.00889644430574954,4070.7471232567323,4094.639776315392,4187.860679620235,0,0.3,12.20376498492843,-0.04490727422056118,-4.3913868445261794,12.232639611697032,0.03549005056687626,-0.5487641924231085,0,1.0,1.0
2022-08-16,4107.397482157809,4113.326024194726,4141.654414864858,4098.4190672222,103608.0,4262119300.0,198473.0,-0.6500385238032459,13,price_up_oi_down,-0.719798080610205,-0.0018738756740888096,4090.302813402811,4090.1063334689707,4176.001513097034,0,0.2,12.19840834970667,-0.005356635221760442,-0.5342314033847995,12.232639611697032,0.03207659275454411,-0.719798080610205,0,1.0,1.0
2022-08-17,4127.2490240777925,4171.502775286091,4200.356298533447,4120.605332487066,150832.0,6267912910.0,183945.0,-0.1984701652283045,13,price_up_oi_down,-2.323360241652758,0.01414348163728496,4109.178326043691,4093.8240946593614,4168.197972107041,0,0.0,12.122392078864236,-0.0760162708424339,-7.31988733983977,12.232639611697032,0.03200577371348512,-2.323360241652758,0,1.0,1.0
2022-08-18,4179.686233163332,4173.953704863286,4209.181450022047,4158.455529011176,139676.0,5844599560.0,167685.0,-0.1827617645934571,13,price_up_oi_down,-4.273753236135176,0.0005875411594391533,4132.907966281051,4099.411742514081,4160.675723033887,0,0.0,12.029842498372536,-0.09254958049169915,-8.839598793117398,12.232639611697032,0.03200577371348512,-4.273753236135176,0,1.0,1.0
2022-08-19,4193.784263065881,4184.063403327788,4208.520199832683,4164.790652075052,84519.0,3528341870.0,166537.0,-0.6782411457963242,13,price_up_oi_down,-4.122733440326961,0.0024220916616117805,4152.778852826707,4105.57331988661,4154.500229668342,0,0.0,12.022972785937156,-0.006869712435380038,-0.6846169901900789,12.232639611697032,0.03430208103142096,-4.122733440326961,0,1.0,1.0
2022-08-22,4168.072628293705,4157.793389056864,4202.340311817163,4139.979904873097,116948.0,4857252170.0,171322.0,-0.3818154351806611,13,price_up_oi_down,-2.5499485818278766,-0.006278588954945263,4160.127859345751,4115.437491301242,4147.731531637539,0,0.2,12.051300105721404,0.028327319784247962,2.8732353771234953,12.226218622038711,0.046267961541047065,-2.5499485818278766,0,1.0,1.0
2022-08-23,4166.382023450703,4181.057584716588,4186.561748357175,4157.056698666016,99587.0,4146253860.0,172841.0,-0.5513404627613003,13,price_up_oi_down,-1.314831351689503,0.00559532268268903,4173.674171450123,4131.988492426467,4145.055236402634,0,0.3,12.060127375726887,0.008827270005483001,0.8866345244626705,12.20108666731755,0.07231021645263791,-1.314831351689503,0,1.0,1.0
2022-08-24,4200.197911943543,4225.097843731071,4237.546422975281,4198.18146121586,105173.0,4421485950.0,165100.0,-0.4509447375561406,13,price_up_oi_down,-0.974220618689781,0.010533282099597807,4184.393185139119,4146.785755591405,4144.7050726736215,1,0.0,12.01430662990822,-0.04582074581866813,-4.478682719956484,12.160400214285453,0.10114626070337618,-0.974220618689781,0,1.0,1.0
2022-08-25,4240.677322158553,4191.964438488591,4244.264354420902,4178.014941599856,90491.0,3785858110.0,170887.0,-0.6357521211054502,13,price_up_oi_down,-0.39475558656570153,-0.007842044484636324,4187.99533186418,4160.451649072616,4140.57524759939,1,0.3,12.048757798334425,0.034451168426205214,3.5051483949122497,12.091259727295562,0.07262001937287366,-0.39475558656570153,0,1.0,1.0
2022-08-26,4188.72002025128,4153.327692989534,4189.092259705193,4148.799360851007,85402.0,3548181460.0,175994.0,-0.7230803838239066,13,price_up_oi_down,0.40918854839395336,-0.009216859080271256,4181.84818979653,4167.313521311618,4134.265007916603,1,0.6,12.07820518253009,0.02944738419566484,2.988524580570684,12.055713740724146,0.037074032801458046,0.40918854839395336,0,1.0,1.0
2022-08-29,4167.587875798651,4195.062035867345,4214.41804373854,4159.6431960814325,108984.0,4559194560.0,169402.0,-0.4410735060599423,13,price_up_oi_down,-0.3609701759957024,0.010048410807617092,4189.301919158626,4174.714889252189,4134.67733278379,1,0.3,12.040029867505838,-0.03817531502425098,-3.7455822357580715,12.055713740724146,0.029306098569299444,-0.3609701759957024,0,1.0,1.0
2022-08-30,4220.130827853711,4247.27703324808,4287.49449353866,4208.588187774352,186517.0,7925310330.0,166175.0,0.1154809378170727,13,price_up_oi_down,-0.8347066474097168,0.012446775979545244,4202.545808864925,4188.1099901575235,4139.108161813247,1,0.1,12.020796728909783,-0.019233138596055355,-1.9049361872940151,12.050028952027915,0.023621309873068874,-0.8347066474097168,0,1.0,1.0
2022-08-31,4270.635923351019,4251.279588357306,4286.591603007591,4241.081398573341,102235.0,4356821530.0,162471.0,-0.4632254394101578,13,price_up_oi_down,-1.6751819526762528,0.0009423814547282472,4207.782157790171,4196.087671464646,4144.9558830620035,1,0.0,11.998254803287313,-0.022541925622469705,-2.2289754776590565,12.044393832920132,0.01857729489486548,-1.6751819526762528,0,1.0,1.0
2022-09-01,4264.977703804515,4223.489293868522,4269.277847255429,4207.617386790004,120320.0,5066028700.0,169062.0,-0.3401106513487609,13,price_up_oi_down,0.13641370468647063,-0.00653692468613265,4214.087128866157,4201.041230365169,4150.226486439626,1,0.5,12.038020790532428,0.03976598724511504,4.0567239692006485,12.034936182939187,0.015251688405810704,0.13641370468647063,0,1.0,1.0
2022-09-02,4215.135407477575,4213.194728758707,4237.502087198517,4196.886237825996,108264.0,4555533610.0,182310.0,-0.5211358460411691,13,price_up_oi_down,2.929194621676689,-0.0024374550030846764,4226.0605360199925,4203.95436290826,4154.763841397436,1,1.0,12.11346381379751,0.07544302326508223,7.836178443411201,12.039025329019132,0.017140571595662735,2.929194621676689,0,1.0,1.0
2022-09-05,4238.261628002836,4272.304516715568,4279.566877763545,4228.480624641677,106130.0,4505662480.0,193592.0,-0.6010880939009056,13,price_up_oi_down,4.428424538333052,0.014029683354862543,4241.509032189637,4215.405475674132,4165.421483487687,1,1.0,12.173508130656774,0.0600443168592637,6.188360484888444,12.044393832920132,0.019665323408552204,4.428424538333052,0,1.0,1.0
2022-09-06,4280.229300983172,4286.151512074253,4322.674744621855,4278.487899947148,128123.0,5487802920.0,196948.0,-0.4299489944889724,13,price_up_oi_down,3.6762622026095273,0.0032411068322748537,4249.283927954871,4225.914868409898,4178.951680418182,1,1.0,12.19069501348585,0.01718688282907621,1.7335427083762678,12.044393832920132,0.026842153511131173,3.6762622026095273,0,1.0,1.0
2022-09-07,4288.520875287321,4305.36590552502,4315.107612036729,4263.033949675556,98405.0,4216507760.0,202678.0,-0.7225268970117644,13,price_up_oi_down,3.6940544188311852,0.004482901128585626,4260.101191388414,4233.941674589293,4190.36371509035,1,1.0,12.219373791769302,0.028678778283451223,2.909397404391001,12.044393832920132,0.031949276310935026,3.6940544188311852,0,1.0,1.0
2022-09-08,4282.339819509425,4267.837281244475,4285.931188885661,4244.909359403332,117388.0,4987372870.0,214966.0,-0.6049951885684482,13,price_up_oi_down,3.126231121545929,-0.008716709590788851,4268.970788863605,4241.528958864881,4200.990303968749,1,1.0,12.278235155069542,0.058861363300239944,6.062818855524599,12.063481490432256,0.046333542443863784,3.126231121545929,0,1.0,1.0
2022-09-09,4253.395320328078,4288.586758672137,4289.945458595078,4251.278768000962,78092.0,3338003700.0,214480.0,-1.010328875107148,13,price_up_oi_down,1.5912489291890346,0.004861824868264808,4284.04919484629,4255.0548654331415,4211.18419337238,1,0.9,12.275971772909841,-0.0022633821597004555,-0.2260822641720006,12.0958344981638,0.07635570087349564,1.5912489291890346,1,2.0,2.0
2022-09-13,4295.586185155997,4254.733358298115,4321.215905614018,4251.4612007216,108924.0,4663130040.0,224316.0,-0.7224053806857045,13,price_up_oi_down,1.1449683189968298,-0.007893835960194995,4280.5349631628,4261.021997676218,4217.868443464204,1,1.0,12.320811051000332,0.04483927809049071,4.585975382319996,12.143485972227143,0.10446064320800996,1.1449683189968298,0,1.0,1.0
2022-09-14,4262.210424367358,4250.525355070336,4273.381559670274,4229.371407036744,97300.0,4133709910.0,221435.0,-0.8223301035026562,13,price_up_oi_down,0.8930278578794351,-0.0009890169073865085,4273.409731762016,4261.346829858444,4224.728410007983,1,0.9,12.307884371676753,-0.012926679323578938,-1.2843488649939894,12.182101572071312,0.09500189191837904,0.8930278578794351,1,2.0,2.0
2022-09-15,4266.636238328951,4264.323822071533,4293.2098295744845,4260.790363743574,85233.0,3636650000.0,217076.0,-0.934858839850474,13,price_up_oi_down,0.6792615513977666,0.0032462968335753573,4265.201315071319,4262.651253229867,4229.369462347256,1,0.8,12.288002801620987,-0.019881570055765962,-1.9685234944792795,12.205034402627575,0.08238567063601554,0.6792615513977666,1,2.0,2.0
2022-09-16,4269.899406238187,4287.386265933458,4288.359248789315,4249.415635035085,93047.0,3968036810.0,213309.0,-0.82963707684226,13,price_up_oi_down,0.26273357946352,0.0054082299619360175,4269.1111120091155,4269.040950436361,4235.041090400765,1,0.5,12.270497097662123,-0.017505703958864416,-1.7353369326871815,12.24767278233957,0.05859467909545124,0.26273357946352,0,1.0,1.0
2022-09-19,4290.934759770927,4342.76898089172,4355.09447514307,4290.844729649325,136072.0,5915815040.0,219800.0,-0.4795338845577304,13,price_up_oi_down,0.44687211634871904,0.012917593965890095,4279.947556453032,4281.998375649661,4242.976369278962,0,0.8,12.300473320951658,0.029976223289535753,3.043003342568862,12.273234435285982,0.04111327605256054,0.44687211634871904,0,1.0,1.0
2022-09-20,4339.515996291509,4322.042952550595,4341.058632516887,4308.62137816597,71071.0,3063796270.0,217263.0,-1.117429223876109,13,price_up_oi_down,0.2929706398306753,-0.004772537621116846,4293.409475303529,4286.972219233164,4251.188847453648,1,0.7,12.288863880232645,-0.011609440719013264,-1.1542311191993115,12.277103463989691,0.02707538232451423,0.2929706398306753,0,1.0,1.0
2022-09-21,4317.424718756961,4319.904256048875,4326.146480861624,4300.85775846328,62911.0,2704965470.0,218677.0,-1.2458747260773533,13,price_up_oi_down,0.550463518353317,-0.0004948346245513546,4307.285255499237,4290.347493630626,4258.131181020262,1,0.7,12.295351034239143,0.00648715400649813,0.6508241163935002,12.283118978345264,0.014988111644767876,0.550463518353317,0,1.0,1.0
2022-09-22,4336.43189350546,4351.862549827472,4360.946153743357,4328.788159200793,75548.0,3282065670.0,224023.0,-1.0869805093217852,13,price_up_oi_down,1.710657235984462,0.007397917149170263,4324.793001050423,4294.997158060872,4264.469416325082,1,0.9,12.319504004137523,0.02415296989837934,2.444701546116046,12.288433340926815,0.012250774020908572,1.710657235984462,0,1.0,1.0
2022-09-23,4352.083564165341,4352.661187976026,4382.182904713691,4343.633904756798,79866.0,3473251470.0,221890.0,-1.021831533285388,13,price_up_oi_down,0.8112113520900708,0.00018351640002634007,4337.847985458938,4303.479548734027,4272.504253799454,1,0.8,12.309937042560462,-0.00956696157706105,-0.9521343790594439,12.292107457235893,0.014824608303605658,0.8112113520900708,1,2.0,2.0
2022-09-26,4352.286214145188,4348.390667716763,4361.328772717074,4317.251118182226,76721.0,3325757090.0,220932.0,-1.0576794969619896,13,price_up_oi_down,0.4720878838017999,-0.000981128572804968,4338.972322823947,4309.459939638489,4282.257402535815,1,0.6,12.305610240845207,-0.004326801715254902,-0.43174545946186305,12.2979121775954,0.010998529523207345,0.4720878838017999,0,1.0,1.0
2022-09-27,4350.263442873709,4393.146452250838,4399.769032341975,4340.065786404981,93573.0,4089525480.0,226538.0,-0.8841708209385792,13,price_up_oi_down,1.7041398039687832,0.010292493925706747,4353.193022763995,4323.301249033762,4292.161623354989,1,1.0,12.33066798025277,0.025057739407563062,2.537432332120404,12.303041780898432,0.010934323662538326,1.7041398039687832,0,1.0,1.0
2022-09-28,4391.021451081823,4410.354170539343,4411.458088092333,4373.535083032715,61328.0,2698969640.0,225942.0,-1.3040418205289916,13,price_up_oi_down,1.5416368732413452,0.00391694619688554,4371.283005662089,4339.284130580662,4300.315480219553,1,0.9,12.328033608149328,-0.002634372103441862,-0.2630905190300181,12.303041780898432,0.010934323662538326,1.5416368732413452,1,2.0,2.0
2022-09-29,4405.70581984814,4398.243590092913,4412.611687595114,4390.573498080744,50971.0,2245791860.0,220206.0,-1.46330662833032,13,price_up_oi_down,-0.03338324170384418,-0.002745942837726445,4380.559213715176,4352.6761073828,4307.663680306333,1,0.5,12.302318750855902,-0.025714857293426263,-2.5387046233103505,12.303041780898432,0.014608439971616427,-0.03338324170384418,0,1.0,1.0
2022-09-30,4398.332504652776,4323.798926331716,4400.237940255525,4306.217119804701,136232.0,5906790020.0,204905.0,-0.408187142370212,13,price_up_oi_down,-4.190325459578453,-0.016925998352816274,4374.7867613863145,4356.317373422626,4312.679161929493,1,0.0,12.230301736076653,-0.07201701477924871,-6.948493683187573,12.303964495850554,0.01185703861465992,-4.190325459578453,0,1.0,1.0
2022-10-10,4436.58453665229,4524.016806355434,4541.503519635233,4425.023278423168,171329.0,7722889600.0,205934.0,-0.1839700444663362,13,price_up_oi_down,-3.9053717040732225,0.04630601085642572,4409.911989114049,4374.442155968997,4328.22026580933,1,0.1,12.23531100808689,0.005009272010237709,0.5021839388984262,12.303964495850554,0.01185703861465992,-3.9053717040732225,0,1.0,1.0
2022-10-11,4525.592459535299,4499.669339678202,4525.942684312221,4490.596453205683,86668.0,3923057060.0,212245.0,-0.895656540943492,13,price_up_oi_down,-1.6936143124092928,-0.0053818249841662835,4431.216566599522,4392.204794681758,4339.588506957461,1,0.2,12.26549654677009,0.030185538683198843,3.064574086843397,12.303964495850554,0.015320061952438735,-1.6936143124092928,0,1.0,1.0
2022-10-12,4498.993649671169,4495.569186279061,4517.405979598687,4474.732662059104,84917.0,3832360270.0,217507.0,-0.9405567250747984,13,price_up_oi_down,-0.4760658207218567,-0.0009112121557435238,4448.259569747465,4409.771287704776,4350.059390667701,1,0.3,12.28998631290103,0.024489766130940893,2.4792103465334447,12.303964495850554,0.019804310292871108,-0.4760658207218567,0,1.0,1.0
2022-10-13,4506.742382527394,4564.475302266778,4584.571854729613,4500.190787893345,164155.0,7488315800.0,224636.0,-0.3136702109822274,13,price_up_oi_down,0.6223070011590366,0.015327562124508365,4481.505912182239,4431.032562948707,4363.014860504789,1,0.8,12.322236593393244,0.03225028049221379,3.277595663587962,12.303964495850554,0.019804310292871108,0.6223070011590366,0,1.0,1.0
2022-10-14,4564.362131731197,4588.934323951889,4592.549209095733,4544.197316926905,103789.0,4763063420.0,224237.0,-0.7703435361528261,13,price_up_oi_down,0.5255050882145728,0.005358561513732818,4534.532991706273,4454.659876546293,4379.06971264016,1,0.7,12.320458807226165,-0.0017777861670786876,-0.17762068412905396,12.303964495850554,0.02117060492073186,0.5255050882145728,0,1.0,1.0
2022-10-17,4555.38145499186,4561.176385113169,4576.208283909289,4538.06868215255,106695.0,4874582330.0,229169.0,-0.764485425785376,13,price_up_oi_down,1.2186525979450478,-0.006048885619007072,4541.964907457819,4475.938448285934,4392.699193962211,1,1.0,12.342215001621101,0.02175619439493559,2.199458608525795,12.303964495850554,0.02117060492073186,1.2186525979450478,0,1.0,1.0
2022-10-18,4560.434229483005,4469.623265845234,4565.250232824081,4446.562713608467,181878.0,8198038570.0,216532.0,-0.1744022098898529,13,price_up_oi_down,-0.8586690570107139,-0.020072260210490356,4535.955692691226,4483.586129645374,4403.443689339568,1,0.3,12.285493621507069,-0.05672138011403227,-5.514271127421278,12.311388779041033,0.020340833675869696,-0.8586690570107139,0,1.0,1.0
2022-10-19,4474.3558905546815,4473.952188444282,4486.189175694556,4456.769549477437,79098.0,3552501550.0,218420.0,-1.0157322247656946,13,price_up_oi_down,-0.047013135281798096,0.0009685206876668406,4531.63229312427,4489.945931435867,4414.615031008265,1,0.5,12.29417509375172,0.008681472244651545,0.8719265512720176,12.296152531878466,0.02837002331157734,-0.047013135281798096,0,1.0,1.0
2022-10-20,4484.932749690607,4474.550528404634,4508.179888165312,4461.981503560873,99952.0,4508307520.0,216690.0,-0.773777689979651,13,price_up_oi_down,-0.14376919531549495,0.00013373856830600772,4513.647338351841,4497.57662526704,4425.126366324921,1,0.4,12.286223039713002,-0.007952054038717904,-0.7920520098892769,12.292080703326375,0.027481130228037998,-0.14376919531549495,0,1.0,1.0
2022-10-21,4490.601613229586,4498.593619623075,4503.840669131018,4471.471077188606,99325.0,4483538010.0,222432.0,-0.8062241352174128,13,price_up_oi_down,0.5957275513419759,0.0053732975112952275,4495.579197486079,4515.056094596176,4435.686734009401,0,0.7,12.312376715900212,0.026153676187210095,2.6498684757026103,12.288104676307016,0.027481130228037998,0.5957275513419759,0,1.0,1.0
2022-10-24,4534.188704807792,4468.657120206988,4568.776734891876,4441.7773146563495,174209.0,7919819440.0,229579.0,-0.2759914690107617,13,price_up_oi_down,1.4940541562914587,-0.00665463519209708,4477.075344504842,4509.520125981331,4441.981140975164,0,1.0,12.344002475829882,0.03162575992966943,3.21311681772416,12.292080703326375,0.023440084565061525,1.4940541562914587,0,1.0,1.0
2022-10-25,4469.238887707591,4464.146405073292,4471.309608015866,4429.369396268216,123467.0,5523305910.0,235429.0,-0.6454354679165089,13,price_up_oi_down,2.5420346628043906,-0.0010094117790552248,4475.979972350454,4505.967832520841,4449.0863136012995,0,1.0,12.369164660782934,0.02516218495305189,2.5481424694766996,12.303275904825966,0.01748259285954834,2.5420346628043906,0,1.0,1.0
2022-10-26,4467.16699061264,4378.240513271373,4470.0773396255245,4371.5940055393,171781.0,7607829850.0,238860.0,-0.3296571965196819,13,price_up_oi_down,1.7360565970569397,-0.01924352026275189,4456.837637315873,4494.234965220071,4452.003126462424,0,1.0,12.383632885222418,0.0144682244394847,1.457339580085737,12.316417761563189,0.026114344360035346,1.7360565970569397,0,1.0,1.0
2022-10-27,4376.645273116729,4363.892626213962,4400.952473282759,4357.143780229426,119151.0,5305735360.0,236622.0,-0.6860723348689465,13,price_up_oi_down,1.4313954831144136,-0.0032770897381995123,4434.706056877739,4474.17669761479,4452.6046302817485,0,0.9,12.374219210142822,-0.009413675079596118,-0.9369505149460888,12.321347700309705,0.02491369103908081,1.4313954831144136,0,1.0,1.0
2022-10-28,4364.74073980526,4356.6437799910245,4372.30340741115,4342.91220073201,112391.0,4937173680.0,231736.0,-0.723614929617378,13,price_up_oi_down,0.396065118153135,-0.0016610963751476637,4406.316088951328,4450.947643218703,4452.8037598824985,0,0.7,12.353354071678861,-0.020865138463960875,-2.06489675516216,12.331336904423633,0.037494783515606755,0.396065118153135,0,1.0,1.0
2022-10-31,4404.360741480083,4359.757385871136,4426.373215710032,4349.096367393187,171222.0,7648872750.0,221504.0,-0.2574796878883583,13,price_up_oi_down,-0.7615594806592677,0.0007146799319264208,4384.536142084157,4430.805743294501,4453.372095790217,0,0.3,12.308195926995015,-0.045158144683846047,-4.415369213242759,12.34310873872549,0.03092124712130495,-0.7615594806592677,0,1.0,1.0
2022-11-01,4362.155065841306,4363.093765542516,4393.786980063444,4346.70574676421,116683.0,5085106430.0,229210.0,-0.6751777578900107,13,price_up_oi_down,0.25552000008106324,0.0007652672789069115,4364.325614178002,4420.152793264228,4451.869461454801,0,0.5,12.342393892888412,0.03419796589339619,3.4789439468362104,12.328189595865048,0.037494783515606755,0.25552000008106324,0,1.0,1.0
2022-11-02,4369.178237781278,4353.19552691662,4388.1838231124575,4345.461411806071,117161.0,5093848730.0,231697.0,-0.6818814263178098,13,price_up_oi_down,0.21786085079330333,-0.0022686284452713146,4359.316616907052,4408.077127111463,4449.011529273665,0,0.6,12.353185762559345,0.010791869670933707,1.085031194101438,12.343198184359146,0.03092124712130495,0.21786085079330333,0,1.0,1.0
2022-11-03,4351.606750831602,4356.990894956047,4362.345867664551,4319.841332506078,114730.0,4965207360.0,232179.0,-0.7049270840863757,13,price_up_oi_down,0.1947677113631757,0.0008718579296425055,4357.936270655468,4396.321163766604,4446.948894516821,0,0.7,12.355263904879564,0.0020781423202187455,0.20803031545515438,12.348594119194614,0.02309781626826446,0.1947677113631757,0,1.0,1.0
2022-11-04,4356.0883681328405,4308.02288497679,4364.411184537522,4293.984118275534,177810.0,7654604600.0,249028.0,-0.3368497754740432,13,price_up_oi_down,3.6306416588615167,-0.011238951643425588,4348.212091652622,4377.264090301975,4446.160092449076,0,1.0,12.425320618924037,0.07005671404447256,7.256900925579002,12.353269917119103,0.013385383947261076,3.6306416588615167,0,1.0,1.0
2022-11-07,4310.6394654982505,4327.753217317351,4351.213338174776,4302.937835122671,123748.0,5336680710.0,249276.0,-0.7003134766385102,13,price_up_oi_down,3.6284398757107796,0.004579904254772282,4341.811257941865,4363.1737000130115,4436.346912997171,0,1.0,12.426315995322685,0.000995376398648773,0.09958719501426128,12.354308988279213,0.013385383947261076,3.6284398757107796,0,1.0,1.0
2022-11-08,4327.278639293655,4309.566683446365,4344.86097570689,4304.698075980197,105635.0,4543160290.0,252289.0,-0.8705855000541448,13,price_up_oi_down,3.2263438682203214,-0.004202303818575892,4331.105841522634,4347.715727850318,4426.841780185579,0,1.0,12.438330534788479,0.012014539465793561,1.208700396347684,12.36221428283125,0.015912658627205367,3.2263438682203214,0,1.0,1.0
2022-11-09,4314.276633353458,4328.500049475363,4339.738000780051,4296.701528814713,103632.0,4456839260.0,252651.0,-0.8911629273342492,13,price_up_oi_down,2.4540945386696302,0.0043933340448645275,4326.166746034383,4342.741681470718,4418.488323345394,0,1.0,12.439764368756947,0.001433833968468079,0.14348623998672316,12.364741557511193,0.020619496167003426,2.4540945386696302,0,1.0,1.0
2022-11-10,4317.5385005407,4314.544740960872,4328.692324451083,4298.725784108678,94022.0,4033396190.0,252375.0,-0.987387279193492,13,price_up_oi_down,1.2641116227278553,-0.0032240518320387768,4317.677515235348,4337.806892945408,4405.991795280099,0,0.9,12.438671355615138,-0.001093013141808541,-0.10924160205181277,12.364741557511193,0.03944664756947969,1.2641116227278553,0,1.0,1.0
2022-11-11,4316.700969993297,4307.924680518259,4323.6463391769,4290.452693474527,114700.0,4912269000.0,259561.0,-0.8166717182839768,13,price_up_oi_down,1.2132958922733985,-0.001534358974138006,4317.657874343642,4332.934982998131,4391.9413131084175,0,1.0,12.466747021401439,0.028075665786300164,2.847350173353136,12.3902922619018,0.04250243417792188,1.2132958922733985,0,1.0,1.0
2022-11-14,4292.930051573455,4357.77147312813,4360.447517495468,4270.590647293167,145341.0,6224663860.0,256495.0,-0.5680264656602926,13,price_up_oi_down,0.7140386377863879,0.011570952675958646,4323.661525505798,4332.736391723831,4381.771067509166,0,0.9,12.454864450225578,-0.011882571175860335,-1.181225222587412,12.425818307123361,0.027437387955831838,0.7140386377863879,0,1.0,1.0
2022-11-15,4355.022134700865,4364.419348170058,4367.232497674308,4330.0111660245575,122136.0,5288682200.0,251538.0,-0.7224588936110524,13,price_up_oi_down,0.13615149334148835,0.0015255217220364603,4334.632058450536,4332.868949986585,4376.510871625406,0,0.5,12.435349350547831,-0.019515099677747116,-1.9325912785823185,12.432323265055583,0.014991144435679615,0.13615149334148835,0,1.0,1.0
2022-11-16,4366.256362651197,4375.346982870724,4390.874144504889,4360.233594589217,112476.0,4906050380.0,249923.0,-0.7984130048681557,13,price_up_oi_down,-0.4854017574430849,0.002503800352101404,4344.001445129608,4335.084095581996,4371.580611346729,0,0.4,12.428908149402641,-0.006441201145189979,-0.6420501077373131,12.436839942668154,0.011021635544793185,-0.4854017574430849,0,1.0,1.0
2022-11-17,4376.615569755827,4358.218319642185,4385.672507850551,4348.443198433943,74425.0,3243894630.0,249066.0,-1.2079260146815718,13,price_up_oi_down,-0.8308268602820326,-0.003914812538433399,4352.736160865871,4335.20683805061,4365.764000908606,0,0.2,12.425473200565548,-0.0034349488370928327,-0.34290561492940075,12.436839942668154,0.009227870305490882,-0.8308268602820326,0,1.0,1.0
2022-11-18,4353.967706499993,4293.21205541526,4358.881823029214,4284.235596874783,153487.0,6591505830.0,254226.0,-0.5046077623058599,13,price_up_oi_down,0.6679928984704797,-0.01491578885205136,4349.793635845272,4333.725755094457,4355.494922698215,0,0.8,12.445978914175056,0.02050571360950748,2.071740020717505,12.436839942668154,0.009227870305490882,0.6679928984704797,0,1.0,1.0
2022-11-21,4307.600588111573,4388.912700883382,4403.141431444706,4300.100288500077,198768.0,8631715100.0,247345.0,-0.2186458077268097,13,price_up_oi_down,-1.5774192300530985,0.022291152692401894,4356.021881396322,4339.841703451059,4351.5077017320355,0,0.0,12.418539402180269,-0.027439511994787225,-2.7066468417864087,12.43850094520181,0.008535382386207324,-1.5774192300530985,0,1.0,1.0
2022-11-22,4392.549540015974,4389.355851643436,4412.891399631822,4371.588245779638,131912.0,5787885350.0,245948.0,-0.6229850978755267,13,price_up_oi_down,-2.0250043418131627,0.00010097051143542757,4361.0091820909975,4347.820620270767,4347.768174060542,1,0.0,12.412875410456332,-0.005663991723936945,-0.5647981564211757,12.43850094520181,0.008535382386207324,-2.0250043418131627,0,1.0,1.0
2022-11-23,4383.890271827898,4385.380746101728,4394.686137315928,4366.0428658885485,77628.0,3398667430.0,246776.0,-1.1565528557202316,13,price_up_oi_down,-1.3666329852717696,-0.0009056238947270367,4363.015934737198,4353.508689933404,4348.125185702061,1,0.1,12.416236321552217,0.0033609110958856547,0.3366565290223278,12.437010353081485,0.01025285680475374,-1.3666329852717696,0,1.0,1.0
2022-11-24,4382.943108357935,4427.324886077563,4433.661961614384,4374.328888158711,123165.0,5424831840.0,251048.0,-0.7121192360795899,13,price_up_oi_down,0.06246942246876845,0.009564537814218399,4376.837248024274,4364.786704445072,4351.296798695241,1,0.5,12.433399434890589,0.017163113338371616,1.7311245826174382,12.432128749975236,0.013719755997393612,0.06246942246876845,0,1.0,1.0
2022-11-25,4419.514862718403,4417.222722236224,4441.414736251225,4397.753779002805,110258.0,4879726810.0,249993.0,-0.8186098434175276,13,price_up_oi_down,-0.09663263201021222,-0.002281776038868588,4401.639381388466,4375.71650861687,4354.3257458075,1,0.5,12.429188196452376,-0.0042112384382129164,-0.4202383607915916,12.431153792146615,0.013719755997393612,-0.09663263201021222,0,1.0,1.0
2022-11-28,4402.947871886915,4409.314247820074,4425.160847696865,4384.780344224693,101549.0,4480535380.0,248059.0,-0.8931251804842253,13,price_up_oi_down,-0.6120007572963923,-0.001790372574228316,4405.719690775805,4380.870786086063,4356.803588904947,1,0.3,12.42142190007844,-0.007766296373935333,-0.7736216614065095,12.429048172927509,0.008404974183781277,-0.6120007572963923,0,1.0,1.0
2022-11-29,4408.096126618329,4351.464323185416,4419.237176908481,4339.501197420162,177366.0,7772878980.0,232560.0,-0.2709328620154456,13,price_up_oi_down,-6.599372082247547,-0.013119936884348538,4398.141385084202,4379.575283587599,4356.222116787093,1,0.0,12.356903535232757,-0.06451836484568396,-6.24811032859125,12.427190674984095,0.00718371773511528,-6.599372082247547,0,1.0,1.0
2022-11-30,4350.255485941121,4335.25494736842,4364.05146867914,4327.30866879899,115072.0,5003894400.0,223250.0,-0.662734200347508,13,price_up_oi_down,-11.186078140976974,-0.00372503934609536,4388.11622533754,4375.566080037369,4355.325087809682,1,0.0,12.316047498738746,-0.04085603649401115,-4.003267973856117,12.423447550321995,0.00647593745007935,-11.186078140976974,0,1.0,1.0
2022-12-01,4339.797049020404,4356.500784190018,4386.118324250987,4336.934964637021,121151.0,5282678400.0,225073.0,-0.6193870925693854,13,price_up_oi_down,-7.922203442643507,0.004900712202518642,4373.95140496003,4375.394326492153,4355.30058227138,0,0.1,12.324180073010284,0.008132574271538573,0.8165733482642601,12.419980651129354,0.008156392998022177,-7.922203442643507,0,1.0,1.0
2022-12-02,4357.126277252123,4359.70782250382,4370.034658738896,4343.280379361117,80800.0,3515541670.0,225695.0,-1.0272075647502106,13,price_up_oi_down,-4.387068772659172,0.0007361500600300275,4362.44842501355,4382.043903201008,4357.8848291477325,0,0.2,12.326939809259397,0.002759736249112521,0.27635478267045155,12.417387861866242,0.0139059538052404,-4.387068772659172,0,1.0,1.0
2022-12-05,4383.885035604115,4458.433879026031,4472.743982881645,4376.260675193812,176990.0,7854297900.0,234381.0,-0.2808547625943384,13,price_up_oi_down,-2.0089146149808945,0.022645108466353925,4372.272351254741,4388.996021015273,4364.418862233166,0,0.4,12.364703275379139,0.037763466119741906,3.8485566804759896,12.414555866004275,0.016737949667207985,-2.0089146149808945,0,1.0,1.0
2022-12-06,4455.3553716885735,4450.5021064903485,4473.18830091019,4441.374607808306,83010.0,3707078120.0,237599.0,-1.05162329625848,13,price_up_oi_down,-0.19301875854414807,-0.0017790490452255225,4392.079907915728,4395.110646499964,4371.465633385365,0,0.5,12.378339657707562,0.013636382328423124,1.3729781850917666,12.388789342917736,0.036515705347672345,-0.19301875854414807,0,1.0,1.0
2022-12-07,4456.64982717808,4441.271000779156,4469.55695864903,4433.145246533866,89204.0,3973782130.0,240003.0,-0.9897255416339954,13,price_up_oi_down,0.24743427270273213,-0.0020741717429435536,4413.283118597874,4400.699671967707,4377.104180950556,1,0.6,12.388406702246003,0.01006704453844165,1.0117887701546424,12.37152146654335,0.046028124270966586,0.24743427270273213,0,1.0,1.0
2022-12-08,4451.115049095693,4425.584432717677,4458.995435545688,4410.239126720537,95771.0,4243069340.0,238770.0,-0.9135408203236544,13,price_up_oi_down,0.17220600961910112,-0.0035319997493344912,4427.099848303406,4400.525626631718,4382.656165538396,1,0.6,12.383256024468004,-0.0051506777779994906,-0.5137435782052946,12.37152146654335,0.04596152540850884,0.17220600961910112,0,1.0,1.0
2022-12-09,4416.223112152248,4413.009879800022,4447.905961243774,4394.061330788568,124210.0,5473910950.0,235025.0,-0.6377182099085122,13,price_up_oi_down,-0.08941643004681629,-0.0028413316046337345,4437.760259762647,4400.104342388098,4387.910425502484,1,0.5,12.367447170446752,-0.01580885402125176,-1.568454998534019,12.37152146654335,0.03073344649330334,-0.08941643004681629,0,1.0,1.0
2022-12-12,4386.360195313168,4290.483008077646,4389.764789708827,4278.969956128666,209718.0,9040484900.0,221723.0,-0.0556650839052064,13,price_up_oi_down,-1.942308208494196,-0.027764921235102213,4404.17008557297,4388.221218413856,4384.546002249959,1,0.0,12.309184134021312,-0.05826303642544062,-5.659823423040223,12.366075222912945,0.019756140444058268,-1.942308208494196,0,1.0,1.0
2022-12-13,4297.050597184928,4257.79319721725,4312.454276813854,4255.677867162184,151560.0,6478188860.0,220645.0,-0.3755734889866306,13,price_up_oi_down,-1.5224590404604488,-0.007619144697427194,4365.62830371835,4378.854105817039,4379.214694702319,0,0.0,12.304310354119167,-0.004873779902144548,-0.4861922308465938,12.360803405305948,0.025027958051055954,-1.5224590404604488,0,1.0,1.0
2022-12-14,4270.931842221841,4260.31192490664,4278.530894053131,4242.456363517433,105454.0,4488073430.0,226811.0,-0.7658422326844319,13,price_up_oi_down,-0.3020797837756459,0.0005915570749270849,4329.436488543847,4371.359803570861,4373.462941804115,0,0.5,12.331872350541438,0.027561996422271307,2.7945342065309076,12.345821542319268,0.031146079484408062,-0.3020797837756459,0,1.0,1.0
2022-12-15,4257.705024346958,4208.472652916228,4270.620414877009,4205.471366249474,123007.0,5197829330.0,230829.0,-0.6294359123318221,13,price_up_oi_down,0.028510222597109572,-0.012167952230762613,4286.0141325835575,4356.556990443482,4365.975658467817,0,0.5,12.349432455636137,0.01756010509469874,1.7715190180370488,12.348287812960288,0.027079792348638776,0.028510222597109572,0,1.0,1.0
2022-12-16,4202.669690487738,4178.558121962091,4228.815798429376,4174.453080890624,130453.0,5452705710.0,235565.0,-0.590973875230422,13,price_up_oi_down,0.3327397901060787,-0.0071081680745646025,4239.123781015971,4338.442020389309,4360.242961795158,0,0.7,12.369742162847842,0.02030970721170533,2.051735267232524,12.357067865507638,0.02569183696328281,0.3327397901060787,0,1.0,1.0
2022-12-19,4154.155983067503,4169.955628493986,4186.770372521294,4135.415723872637,114150.0,4737090140.0,236120.0,-0.7268267773966841,13,price_up_oi_down,0.2401032034838198,-0.0020587229415072184,4215.01830509924,4309.594195336105,4349.295108175689,0,0.7,12.372095429354626,0.002353266506784024,0.23560376116997794,12.366075222912945,0.01691178441593344,0.2401032034838198,0,1.0,1.0
2022-12-20,4171.205614879261,4156.055315018779,4185.426164930725,4126.759699274486,102519.0,4263577870.0,236970.0,-0.8378854035904431,13,price_up_oi_down,0.28293569695355486,-0.003333443977251105,4194.670728659545,4280.149516188948,4337.630081344456,0,0.7,12.375688829826574,0.003593400471947561,0.3599864475689163,12.368594666647297,0.01691178441593344,0.28293569695355486,0,1.0,1.0
2022-12-21,4155.5707832979815,4207.208998696161,4219.019435925664,4137.236147941382,113990.0,4744716150.0,226255.0,-0.685551956534673,13,price_up_oi_down,-1.5624800702909396,0.01230822975154533,4184.050143417449,4256.743315980648,4328.721493974177,0,0.2,12.329417960765497,-0.046270869061077136,-4.521669409629892,12.368594666647297,0.01691178441593344,-1.5624800702909396,0,1.0,1.0
2022-12-22,4204.681348242784,4184.940270330158,4208.272157545136,4181.724369384477,81014.0,3384912200.0,225650.0,-1.0243631470294252,13,price_up_oi_down,-1.0165620652028642,-0.0052929931393721485,4179.343666900235,4232.678899741896,4316.602263186807,0,0.2,12.326740405255148,-0.0026775555103490944,-0.2673974055821149,12.358439813041445,0.02103261410584434,-1.0165620652028642,0,1.0,1.0
2022-12-23,4181.885869924213,4153.366908905077,4194.009111776666,4147.916488380351,109049.0,4528826650.0,230902.0,-0.7501960555811377,13,price_up_oi_down,0.2195720199525341,-0.007544519009966555,4174.305424288832,4206.7146026524015,4303.409472520249,0,0.6,12.349748657063412,0.023008251808263935,2.327498338134304,12.340652403088788,0.027942263558509595,0.2195720199525341,0,1.0,1.0
2022-12-26,4111.826726870893,4164.261665567151,4179.993161707305,4093.451998806295,137890.0,5701050080.0,225857.0,-0.49344578978924,13,price_up_oi_down,-0.4076602486958151,0.002623114427650064,4173.166631703465,4194.092468401352,4291.156843407604,0,0.3,12.327657334625027,-0.022091322438384964,-2.184909615334729,12.340652403088788,0.021500878796347322,-0.4076602486958151,0,1.0,1.0
2022-12-27,4175.902977209561,4212.206738217978,4226.178061552932,4171.454576987216,121207.0,5129518760.0,212994.0,-0.5637641685555955,13,price_up_oi_down,-3.5913155483019295,0.011513463010086156,4184.396916343305,4189.533822501425,4284.193964159232,0,0.0,12.269019275280723,-0.05863805934430388,-5.695196518150924,12.340652403088788,0.013453533148700458,-3.5913155483019295,0,1.0,1.0
2022-12-28,4214.967050899899,4203.891842087945,4216.852766667925,4182.243932281612,101263.0,4229363220.0,212726.0,-0.7422838598230596,13,price_up_oi_down,-3.6544375037874617,-0.0019740000068351193,4183.733485021662,4183.891814219556,4277.625808895207,0,0.0,12.267760231611634,-0.0012590436690889106,-0.12582514061413308,12.340652403088788,0.013453533148700458,-3.6544375037874617,0,1.0,1.0
2022-12-29,4213.881458132183,4222.945398743354,4240.021242861688,4191.5052664363775,103471.0,4352512600.0,206900.0,-0.6929442045442477,13,price_up_oi_down,-3.1192932693996234,0.004532361290709552,4191.3345107043015,4185.339088802268,4270.9480396228755,0,0.0,12.239990863733635,-0.02776936787799933,-2.738734334308046,12.339425208200817,0.021500878796347322,-3.1192932693996234,0,1.0,1.0
2022-12-30,4227.794098120577,4237.859734494611,4240.428874233366,4215.572514314948,102711.0,4264160110.0,189676.0,-0.6133981341056882,13,price_up_oi_down,-2.7925041179577623,0.0035317377666532757,4208.233075822208,4191.26925005552,4264.855635222414,0,0.0,12.153072632368469,-0.08691823136516597,-8.324794586756889,12.328537647695262,0.042381148405972624,-2.7925041179577623,0,1.0,1.0
2023-01-03,4239.078829030676,4238.873781947066,4279.80417133038,4213.047577483848,133664.0,5698152420.0,198062.0,-0.3932509246775239,13,price_up_oi_down,-1.8903415032529856,0.00023928292014985253,4223.155499098191,4198.161065400828,4253.877630368466,0,0.1,12.196335391974426,0.04326275960595716,4.421223560176268,12.327198869940087,0.046693259650512964,-1.8903415032529856,0,1.0,1.0
2023-01-04,4246.179376549985,4251.137105538354,4257.870556006801,4220.039934713843,89000.0,3778285250.0,195076.0,-0.784752856491046,13,price_up_oi_down,-1.8880181279461792,0.0028930617475604326,4230.941572562266,4207.669244452785,4243.909380320866,0,0.1,12.181144505205323,-0.015190886769103074,-1.5076087285799455,12.297879840267935,0.04170346864651897,-1.8880181279461792,0,1.0,1.0
2023-01-05,4256.720051739748,4305.62510610112,4326.30791053186,4253.563802871556,138805.0,5978726920.0,203815.0,-0.384142649171684,13,price_up_oi_down,-0.4869259804922741,0.012817276697987268,4251.288225364901,4217.510855193281,4237.127085586964,0,0.3,12.224967998632465,0.043823493427142424,4.479792491131618,12.26838975344618,0.06014789424908251,-0.4869259804922741,0,1.0,1.0
2023-01-06,4306.146563818368,4318.418930541549,4323.896549178997,4276.822193762764,98030.0,4193431600.0,202308.0,-0.7245177343480297,13,price_up_oi_down,-0.3761930757134861,0.002971420902925459,4270.38293172454,4230.858721214421,4231.768810478158,0,0.3,12.2175465676038,-0.007421431028664216,-0.7393960209013173,12.253875547672635,0.0651355990827609,-0.3761930757134861,0,1.0,1.0
2023-01-09,4314.874345188522,4309.571995478843,4319.487805599223,4283.794131927248,80944.0,3462020570.0,202603.0,-0.9174908416578406,13,price_up_oi_down,-0.2501041622288433,-0.0020486514173364556,4284.725383921386,4246.479229871797,4226.596916262099,1,0.4,12.219003678189559,0.0014571105857577038,0.14581726871909506,12.23247943118305,0.036341941653148524,-0.2501041622288433,0,1.0,1.0
2023-01-10,4310.72667890703,4339.820902186261,4349.077909148707,4299.516809515137,119090.0,5132340560.0,201577.0,-0.5262919326072706,13,price_up_oi_down,-0.1635029173019986,0.007019004842975685,4304.914807969226,4264.035153533709,4229.06381096753,1,0.3,12.213926721369312,-0.005076956820246892,-0.5064090857490711,12.221985838411012,0.03324588982113763,-0.1635029173019986,0,1.0,1.0
2023-01-11,4357.292034521367,4355.482747465498,4364.800174390377,4337.047659612184,71567.0,3091914640.0,200927.0,-1.0323075841445308,13,price_up_oi_down,-0.23417070798301995,0.0036088690368181187,4325.7839363546545,4278.362754458461,4233.948288479942,1,0.3,12.2106969369943,-0.0032297843750122013,-0.32245742321797,12.21827512289668,0.021827735879604404,-0.23417070798301995,0,1.0,1.0
2023-01-12,4358.460793616883,4358.542211006027,4375.49601856531,4342.567799077894,91862.0,3977215810.0,204070.0,-0.7981756213182213,13,price_up_oi_down,0.49382959934216114,0.0007024395957737628,4336.3673573356355,4293.827791350269,4238.859802784912,1,0.8,12.226218351223132,0.015521414228832242,1.5642497026284286,12.215736644486556,0.014316303329019675,0.49382959934216114,0,1.0,1.0
2023-01-13,4365.287907382753,4391.942037786113,4397.782305751377,4353.541825031111,98893.0,4314287000.0,204202.0,-0.7250712424423567,13,price_up_oi_down,0.7615213924558998,0.007663072918221658,4351.071978784548,4310.727455254544,4248.033272028406,1,0.9,12.226864978984032,0.000646627760900742,0.06468368697007953,12.215736644486556,0.009856530441242128,0.7615213924558998,0,1.0,1.0
2023-01-16,4394.091447896644,4397.161913188812,4412.314023561836,4381.8264126015765,78354.0,3425147450.0,203430.0,-0.9540849448975351,13,price_up_oi_down,0.5023234903382112,0.0011885119060746074,4368.589962326541,4326.657673123964,4258.963461589743,1,0.7,12.223077244345998,-0.0037877346380348342,-0.3780570219683699,12.215736644486556,0.009856530441242128,0.5023234903382112,0,1.0,1.0
2023-01-17,4402.674761027153,4408.581996137898,4414.372620466543,4391.625614602111,44373.0,1945099640.0,204034.0,-1.5256554702661944,13,price_up_oi_down,0.7341621513832652,0.0025971486096141305,4382.342181116869,4343.628494543048,4270.894779971938,1,0.8,12.226041925605674,0.002964681259676638,0.2969080273312663,12.21827512289668,0.007135530819082803,0.7341621513832652,0,1.0,1.0
2023-01-18,4405.9364963969765,4424.849106928353,4430.995483924631,4401.602477931841,56673.0,2493482080.0,203959.0,-1.280621086409969,13,price_up_oi_down,0.6140787692524777,0.0036898737064898768,4396.215453009441,4360.999694682047,4284.334469567417,1,0.7,12.225674272234931,-0.0003676533707430707,-0.03675857945243388,12.221040461267778,0.005089677146624894,0.6140787692524777,0,1.0,1.0
2023-01-19,4423.05042865092,4409.405868404253,4446.15893570194,4403.47041353665,67505.0,2972709550.0,197362.0,-1.0728379367262528,13,price_up_oi_down,-8.361435122163975,-0.003490116419996969,4406.388184489086,4371.377770912361,4294.444313052822,1,0.0,12.1927948849176,-0.03287938731733142,-3.234473595183318,12.224022621489231,0.0025190436143507355,-8.361435122163975,0,1.0,1.0
2023-01-20,4399.923389706144,4407.151899469362,4408.686057719567,4375.472874042719,65369.0,2864457510.0,189395.0,-1.063786641277754,13,price_up_oi_down,-9.203659168537774,-0.0005111729339867255,4409.430156825736,4380.251067805142,4305.554894509782,1,0.0,12.151590060230424,-0.0412048246871759,-4.036744662093062,12.221040461267778,0.005089677146624894,-9.203659168537774,0,1.0,1.0
2023-01-30,4450.239874191306,4436.286317000671,4473.193448030091,4405.620756431224,114326.0,5056866990.0,187722.0,-0.4959081285361553,13,price_up_oi_down,-9.60301898454174,0.0066107132669552815,4417.255037588107,4392.922499957325,4319.700864914561,1,0.0,12.142717424017377,-0.008872636213046903,-0.8833390533013463,12.221040461267778,0.005501203835803992,-9.60301898454174,0,1.0,1.0
2023-01-31,4433.304542607514,4446.172334348026,4451.384934131613,4423.432120622773,69454.0,3058265520.0,191848.0,-1.016038728893402,13,price_up_oi_down,-4.6969578992317595,0.002228444388151729,4424.773105230133,4403.557643173501,4333.796398353605,1,0.2,12.16445867080971,0.021741246792332802,2.197930983049501,12.218501982857655,0.007760707114416121,-4.6969578992317595,0,1.0,1.0
2023-02-01,4441.997374859555,4477.003756818799,4487.859555838257,4438.972173511283,94864.0,4223141280.0,202565.0,-0.7586165357303873,13,price_up_oi_down,0.13476514250228822,0.006934374143033217,4435.204035208222,4415.709744108832,4347.036249283646,1,0.5,12.218816101677536,0.054357430867826295,5.58619323631202,12.216887090670149,0.009654574433433538,0.13476514250228822,0,1.0,1.0
2023-02-02,4466.138375855877,4460.334423722124,4470.927056577406,4449.616442246486,64153.0,2851274870.0,202680.0,-1.1503575252459215,13,price_up_oi_down,-0.18842530831068682,-0.0037233234551762306,4445.389746271797,4425.888965380442,4359.858378365355,1,0.5,12.219383659589846,0.0005675579123103347,0.05677190037769453,12.220946673011767,0.005594992091815243,-0.18842530831068682,0,1.0,1.0
2023-02-03,4466.343213952842,4479.799251917853,4486.210028038606,4445.806876528415,84918.0,3783971710.0,209870.0,-0.904802206429573,13,price_up_oi_down,3.223480382812165,0.004363984030481438,4459.919216761495,4434.6746867936145,4372.701071024079,1,1.0,12.254243570391466,0.034859910801619876,3.547463982632615,12.219099880633692,0.00735357166116124,3.223480382812165,0,1.0,1.0
2023-02-06,4463.951440900278,4444.453540863349,4475.736231008492,4430.97808710033,97225.0,4317176260.0,212660.0,-0.7826667661811292,13,price_up_oi_down,1.9617781076109817,-0.007890021196680252,4461.5526615340295,4439.403849561069,4383.030761342517,1,1.0,12.267449925205078,0.013206354813611654,1.3293943870016145,12.219099880633692,0.016623520344037246,1.9617781076109817,0,1.0,1.0
2023-02-07,4437.707748564124,4392.822055007539,4443.389181785775,4371.465982460988,132157.0,5793321420.0,211571.0,-0.4705700297949396,13,price_up_oi_down,0.9487206438895023,-0.011617060540986213,4450.882605665933,4437.827855448033,4390.72817499554,1,0.9,12.262315918534233,-0.0051340066708451815,-0.5120850183391257,12.219099880633692,0.030724342736933252,0.9487206438895023,1,2.0,2.0
2023-02-08,4394.262176033088,4352.765243322985,4399.584776875497,4347.190653537391,96032.0,4184359980.0,220982.0,-0.8333997809789299,13,price_up_oi_down,1.493192223251934,-0.009118696633498291,4426.0349029667705,4430.619469087496,4395.809581884772,0,1.0,12.305836529219023,0.04352061068479074,4.44815215695904,12.219099880633692,0.03917986382915739,1.493192223251934,0,1.0,1.0
2023-02-09,4349.966254218223,4350.424352490975,4357.433848214246,4325.361190017474,92317.0,3986153200.0,221078.0,-0.873287273860588,13,price_up_oi_down,1.2842314116577294,-0.0005377939542227095,4404.05288872054,4424.721317496169,4398.049544204265,0,1.0,12.306270859407274,0.00043433018825034253,0.04344245232634769,12.219099880633692,0.04578304123596322,1.2842314116577294,0,1.0,1.0
2023-02-10,4355.33927722409,4379.756098444705,4384.959730670543,4352.978864972399,88487.0,3850506580.0,220794.0,-0.9143744915519454,13,price_up_oi_down,0.922769611884237,0.00674227238014935,4384.0442580259105,4421.981737393703,4401.116402599422,0,0.8,12.304985419102817,-0.0012854403044570972,-0.12846144799562031,12.236813614990655,0.04982961222139526,0.922769611884237,0,1.0,1.0
2023-02-13,4376.299560130601,4343.806785811405,4376.698449120261,4331.438112187429,87857.0,3806308060.0,224321.0,-0.9373675690199276,13,price_up_oi_down,0.9792771700665476,-0.008208062692364515,4363.914907015522,4412.733784274776,4402.828142116051,0,1.0,12.320833340735687,0.01584792163287041,1.5974165964654619,12.25827974446285,0.043084658712640334,0.9792771700665476,0,1.0,1.0
2023-02-14,4347.579108693425,4340.121815167256,4359.833865157894,4324.44712219023,69479.0,3007888780.0,226778.0,-1.182947016746597,13,price_up_oi_down,1.0950877376136368,-0.0008483274753806613,4353.374859047466,4402.128732356699,4402.8431877651,0,1.0,12.33172684436709,0.010893503631402623,1.0953053882605035,12.264882921869656,0.04117077244349243,1.0950877376136368,0,1.0,1.0
2023-02-15,4331.648380723911,4389.686422167305,4421.40997785743,4315.678931029242,166998.0,7290818890.0,222959.0,-0.2890060617570604,13,price_up_oi_down,0.6886763279239835,0.01142009582008452,4360.759094816329,4393.39699889155,4404.55337150019,0,0.8,12.314743177036336,-0.01698366733075396,-1.6840257873337428,12.286217672153947,0.02793792769109782,0.6886763279239835,0,1.0,1.0
2023-02-16,4372.490897219407,4381.12129435856,4389.148664593906,4358.060990721839,92347.0,4019147450.0,222195.0,-0.8780021536955196,13,price_up_oi_down,0.19067788335785385,-0.0019511935443708994,4366.898483189846,4385.4756859551935,4405.682325667817,0,0.7,12.311310653684263,-0.0034325233520728915,-0.3426638978466956,12.305410974160921,0.020869118390467456,0.19067788335785385,0,1.0,1.0
2023-02-17,4389.005467830632,4367.176819256238,4397.461517121648,4343.745903137918,80802.0,3512781870.0,221684.0,-1.0092512267233986,13,price_up_oi_down,0.1698233075633645,-0.003182855293296205,4364.382627352153,4374.213442689032,4404.444064741323,0,0.6,12.309008223401495,-0.0023024302827678866,-0.2299781723262173,12.30605369431315,0.011734564572861927,0.1698233075633645,0,1.0,1.0
2023-02-20,4371.380994968247,4389.002251950225,4404.297421559773,4365.588511883791,69755.0,3047820830.0,216257.0,-1.1314784125102186,13,price_up_oi_down,-2.9317399767016794,0.004997606828684553,4373.421720579917,4368.668313797719,4404.036081679394,0,0.2,12.284222794212427,-0.024785429189067898,-2.4480792479384506,12.307639541404384,0.005387373955914931,-2.9317399767016794,0,1.0,1.0
2023-02-21,4394.5436961393625,4389.942834936635,4404.481290191909,4381.804935343037,56655.0,2476108550.0,214869.0,-1.3330482952694542,13,price_up_oi_down,-3.737889551529345,0.0002143045121456577,4383.385924533793,4368.380391790629,4403.1041236193305,0,0.1,12.27778381908412,-0.006438975128306268,-0.6418289350171524,12.307639541404384,0.005387373955914931,-3.737889551529345,0,1.0,1.0
2023-02-22,4384.361116675129,4377.8888321517325,4394.351827453726,4365.01815365383,72348.0,3147892000.0,219335.0,-1.1091124321172623,13,price_up_oi_down,-1.162344851554384,-0.002745822266516318,4381.026406530678,4370.8927506735035,4400.7561098805,0,0.2,12.298355520394669,0.020571701310547752,2.0784757224169503,12.307639541404384,0.005387373955914931,-1.162344851554384,0,1.0,1.0
2023-02-23,4376.54592871764,4437.942445730573,4441.911667126848,4373.957837808132,149911.0,6604554710.0,230148.0,-0.4286807955696571,13,price_up_oi_down,3.1970509332492387,0.013717482531260261,4392.390636805081,4379.644559997463,4402.182938746815,0,1.0,12.346477859222837,0.04812233882816841,4.929901748466969,12.307639541404384,0.008193828320833596,3.1970509332492387,0,1.0,1.0
2023-02-24,4433.065605546,4441.240742531181,4451.923355469568,4423.900954310111,76681.0,3389606720.0,227546.0,-1.0876984564513503,13,price_up_oi_down,1.4972419933153938,0.0007432040502870496,4407.20342146007,4385.793024406111,4403.887380899907,0,0.9,12.33510769473612,-0.011370164486717016,-1.1305768462032795,12.310159438542879,0.011238910170509264,1.4972419933153938,0,1.0,1.0
2023-02-27,4449.752319572819,4443.157844520593,4453.747099152622,4431.591743180574,69346.0,3067579170.0,223245.0,-1.1691613564345384,13,price_up_oi_down,0.12119682355966616,0.00043165910171305555,4418.034539974144,4395.72813027703,4404.230957275902,0,0.6,12.316025102071368,-0.019082592664751985,-1.8901672628832245,12.3130269153603,0.016685661986210576,0.12119682355966616,0,1.0,1.0
2023-02-28,4448.70037956916,4431.006379340071,4451.873338538681,4419.709761086489,78462.0,3463793770.0,214599.0,-1.0061567392010748,13,price_up_oi_down,-1.4754719992277596,-0.0027348713698091,4426.24724885483,4404.816586694311,4403.472659525505,1,0.0,12.276526449335632,-0.03949865273573572,-3.872875092387207,12.3130269153603,0.016685661986210576,-1.4754719992277596,0,1.0,1.0
2023-03-01,4426.346262420429,4429.590085212345,4442.483249362036,4413.104644864876,82838.0,3682104710.0,218865.0,-0.9715682080742798,13,price_up_oi_down,-0.5119975082721723,-0.0003196326085942447,4436.587499466953,4408.806952998815,4401.101975945183,1,0.3,12.296210380366233,0.019683931030600732,1.9878936994115026,12.310159438542879,0.018376087170725697,-0.5119975082721723,0,1.0,1.0
2023-03-02,4423.068343651134,4381.950612198392,4433.946362335614,4364.84707512663,141999.0,6215198190.0,228194.0,-0.4743761290336934,13,price_up_oi_down,1.4536363763094602,-0.01075482654094595,4425.389132760516,4408.889884782799,4397.182785368996,1,0.9,12.337951423338774,0.04174104297254111,4.262444886117045,12.303681871898082,0.015901153929470446,1.4536363763094602,0,1.0,1.0
2023-03-03,4394.9808424045,4431.920261305111,4448.05124014148,4393.178439318096,127542.0,5626134980.0,226402.0,-0.573866458093227,13,price_up_oi_down,0.7847425363188183,0.01140351718424526,4423.525036515302,4415.364228987686,4394.788835838359,1,0.7,12.330067459194408,-0.007883964144365763,-0.785296721210893,12.303681871898082,0.022678565249807825,0.7847425363188183,0,1.0,1.0
2023-03-06,4437.958223424044,4388.042407624438,4438.397462918041,4369.233440173261,136573.0,5984130740.0,226115.0,-0.5041844492037317,13,price_up_oi_down,0.5728559813503253,-0.009900415867985846,4412.501949136071,4415.268244555107,4391.9682791764135,0,0.6,12.32879899839191,-0.0012684608024979838,-0.1267656646143811,12.307190311233018,0.02544245026184644,0.5728559813503253,0,1.0,1.0
2023-03-07,4397.847174018077,4403.235585707825,4428.875918641036,4375.578957483228,136360.0,5969866500.0,221100.0,-0.4833166405936982,13,price_up_oi_down,-0.546519533865887,0.0034624045695155203,4406.947790409622,4416.597519632226,4392.4889557114275,0,0.4,12.306370366845538,-0.022428631546372202,-2.217897972270666,12.32241205023164,0.019797951472052766,-0.546519533865887,0,1.0,1.0
2023-03-08,4402.772829304057,4413.827316362466,4421.699324549071,4392.866137776854,83953.0,3693110460.0,223756.0,-0.9802990539959608,13,price_up_oi_down,-0.17515664855783963,0.002405442645181388,4403.795236639647,4420.1913680533,4395.542059363402,0,0.5,12.318311451420026,0.011941084574488059,1.201266395296119,12.32241205023164,0.015790528246617974,-0.17515664855783963,0,1.0,1.0
2023-03-09,4410.761811577692,4406.044814975517,4424.191807919538,4394.443335262346,83945.0,3690711550.0,225862.0,-0.989762370810904,13,price_up_oi_down,0.21440535723776064,-0.001763209303204727,4408.614077195071,4417.001604977794,4398.323082487628,0,0.5,12.327679472281403,0.009368020861376891,0.9412038112945886,12.323555224905968,0.012974334131478749,0.21440535723776064,0,1.0,1.0
2023-03-10,4405.800352535286,4402.718133846676,4411.513540380423,4376.866476641084,96211.0,4220184840.0,220775.0,-0.8306003871057643,13,price_up_oi_down,-1.2724672043598513,-0.00075502662104876,4402.7736517033845,4413.1493441093435,4399.471184257727,0,0.2,12.304899362337004,-0.022780109944399385,-2.2522602296977556,12.322995461850715,0.009592115114549493,-1.2724672043598513,0,1.0,1.0
2023-03-13,4407.372405438633,4387.785868857188,4408.532757467273,4361.486636848124,105749.0,4622319600.0,228743.0,-0.7715307409776103,13,price_up_oi_down,1.3087072472502594,-0.0033916014006651896,4402.722343949934,4407.612146543002,4401.670138410016,0,1.0,12.340354381576649,0.035455019239645225,3.6091042916996496,12.317168276745697,0.011949818027453318,1.3087072472502594,0,1.0,1.0
2023-03-14,4401.3677030987365,4429.359406809186,4456.675984624276,4398.480066357469,171822.0,7606190550.0,238237.0,-0.3268069192819299,13,price_up_oi_down,2.478565695284578,0.009474832909935671,4407.947108170207,4407.447449289914,4406.132017992113,1,1.0,12.381021255494696,0.04066687391804713,4.1505095237885925,12.322995461850715,0.015790528246617974,2.478565695284578,0,1.0,1.0
2023-03-15,4430.0517788471625,4439.127088252238,4463.792398934883,4415.108258788745,119993.0,5332822870.0,246498.0,-0.7199204721123083,13,price_up_oi_down,5.316258796873506,0.002205213112314919,4413.007062548161,4408.401149593903,4408.60405129636,0,1.0,12.415109158841704,0.0340879033470074,3.467555417504564,12.328239235336657,0.011021465078311365,5.316258796873506,0,1.0,1.0
2023-03-16,4436.782916277609,4435.03710234309,4450.268685102286,4421.817393249288,96967.0,4303285330.0,243866.0,-0.9222481796760202,13,price_up_oi_down,4.586230058731359,-0.0009213491364037374,4418.805520021675,4413.709798608374,4411.299841695586,1,0.9,12.40437417309272,-0.010734985748984016,-1.067757142045922,12.32943322879316,0.011021465078311365,4.586230058731359,1,2.0,2.0
2023-03-17,4438.653182950172,4436.789233350532,4457.822415157076,4421.106723220509,125241.0,5564716970.0,246149.0,-0.6756971625367174,13,price_up_oi_down,3.325001012820065,0.00039506569325364893,4425.619739922447,4414.196695812915,4414.780462400301,0,0.9,12.413692322614617,0.009318149521897467,0.936169863777736,12.32943322879316,0.017092319660378053,3.325001012820065,0,1.0,1.0
2023-03-20,4443.415470298525,4360.849890825196,4454.495151747125,4357.056111729081,191454.0,8434849830.0,242730.0,-0.2373021435992152,13,price_up_oi_down,1.5178185302399982,-0.017115832763592742,4420.232544316049,4411.477444132992,4413.37284434405,0,0.7,12.399704993469996,-0.013987329144621086,-1.3889960958605618,12.33457668998428,0.028941825393008713,1.5178185302399982,0,1.0,1.0
2023-03-21,4364.53646742891,4355.227187145417,4381.767017334428,4341.584674553052,107535.0,4703024760.0,240599.0,-0.8053152712830193,13,price_up_oi_down,0.4733528917868215,-0.0012893596020373543,4405.406100383295,4406.67660427675,4411.637061954489,0,0.6,12.390886926238101,-0.008818067231894489,-0.877930210522071,12.360687818535673,0.04303136083634662,0.4733528917868215,0,1.0,1.0
2023-03-22,4353.791862754915,4336.145672349647,4363.222805194154,4328.648316038446,88310.0,3837492510.0,244590.0,-1.0187299878622182,13,price_up_oi_down,0.5070427005076527,-0.004381290338214661,4384.809817202777,4398.9084398754685,4409.549903964385,0,0.8,12.407338618325067,0.016451692086965508,1.6587766366444656,12.385954090866399,0.028446649861761486,0.5070427005076527,0,1.0,1.0
2023-03-23,4328.510185910824,4264.603360651631,4335.35984473923,4258.980942693222,157947.0,6796632070.0,259533.0,-0.496624328435492,13,price_up_oi_down,2.945745013207841,-0.016499056328808326,4350.723068864485,4384.76429444308,4400.882949710437,0,1.0,12.46663914113302,0.059300522807953726,6.109407580031823,12.39529595985405,0.016335533559960425,2.945745013207841,0,1.0,1.0
2023-03-24,4257.277674213534,4255.216034578594,4278.017292817037,4233.747921272664,128375.0,5467698560.0,257269.0,-0.6951665618527348,13,price_up_oi_down,3.0468154088301502,-0.0022012190300395584,4314.408429110097,4370.014084516272,4391.581714312808,0,0.9,12.457877509083595,-0.008761632049425927,-0.8723360805754532,12.402039583281358,0.012361157446802551,3.0468154088301502,0,1.0,1.0
2023-03-27,4278.41169327059,4252.727061753551,4293.820779553609,4240.166090315805,101296.0,4322697320.0,265005.0,-0.9617017699309828,13,price_up_oi_down,4.5471065464826,-0.0005849227876603136,4292.783863295768,4356.508203805908,4382.060175174456,0,1.0,12.48750397271489,0.029626463631295508,3.006969358919953,12.405856395708893,0.012111116301801061,4.5471065464826,0,1.0,1.0
2023-03-28,4254.507053204911,4291.311505147159,4298.110925485255,4235.597269378026,139222.0,5941922540.0,264612.0,-0.64219482073705,13,price_up_oi_down,3.346167203329099,0.009072870850474368,4280.000726896117,4342.703413639706,4375.075431464809,0,0.9,12.486019881108568,-0.0014840916063221243,-0.14829908869642416,12.410515470469843,0.015219510615794185,3.346167203329099,0,1.0,1.0
2023-03-29,4294.247820383643,4287.330098721113,4294.39033478451,4266.2484318021525,103298.0,4413248350.0,267420.0,-0.9512024413325756,13,price_up_oi_down,2.9011729981842023,-0.0009277831313969642,4270.237612170409,4327.523714686593,4367.962432140248,0,1.0,12.496575735168657,0.010555854060088521,1.0611763638837424,12.41440074072816,0.019104780874111604,2.9011729981842023,0,1.0,1.0
2023-03-30,4281.3646145013945,4277.642217141445,4308.80120006256,4264.93036207495,122544.0,5267496970.0,258928.0,-0.7480798816072919,13,price_up_oi_down,0.5700563806351087,-0.0022596537604039346,4272.845383468372,4311.784226166428,4362.747012387401,0,0.6,12.464305309756666,-0.032270425411990544,-3.175529130207233,12.435784915849105,0.033745332567747255,0.5700563806351087,0,1.0,1.0
2023-03-31,4272.3186492517525,4295.329663676576,4312.137501555856,4266.120503877783,108790.0,4695021550.0,242802.0,-0.8028268779507161,13,price_up_oi_down,-1.331392553117245,0.004134858793064522,4280.868109287969,4297.638269199033,4355.917482505974,0,0.2,12.400001575365845,-0.06430373439082082,-6.227986158314147,12.461091409420131,0.030948444521642138,-1.331392553117245,0,1.0,1.0
2023-04-03,4288.986161662741,4290.732021284292,4304.90695477478,4271.509991910358,109218.0,4703715500.0,248822.0,-0.8233918965012965,13,price_up_oi_down,-0.7976248442816374,-0.0010703817290588225,4288.469101194118,4290.626482244943,4351.051963188967,0,0.4,12.42449306037525,0.024491485009404457,2.479386495992464,12.461091409420131,0.030948444521642138,-0.7976248442816374,0,1.0,1.0
2023-04-04,4283.657694892608,4262.165672506379,4292.416197486347,4252.188389957778,85562.0,3661614330.0,255492.0,-1.093949838648882,13,price_up_oi_down,-0.22110095484078493,-0.006657686529060514,4282.639934665961,4281.320330781039,4343.998467528895,0,0.4,12.450946376981094,0.026453316605843824,2.6806311339030886,12.461091409420131,0.030948444521642138,-0.22110095484078493,0,1.0,1.0
2023-04-06,4253.124174957939,4242.7110734245525,4261.149713419469,4238.646972973181,92736.0,3948766430.0,259450.0,-1.0288072591155315,13,price_up_oi_down,0.13736200034544,-0.004564486830561543,4273.71612960665,4271.976870888529,4335.442655381999,0,0.6,12.466319284795885,0.015372907814791503,1.5491678800117592,12.461091409420131,0.025670517491597877,0.13736200034544,0,1.0,1.0
2023-04-07,4244.259232684596,4254.8649397552845,4268.978860422249,4243.892589805844,80522.0,3440782960.0,256952.0,-1.160358858010888,13,price_up_oi_down,-0.3333740410615655,0.002864646241612201,4269.160674129417,4271.003028798895,4327.883661620987,0,0.3,12.456644576005573,-0.009674708790312181,-0.9628059356330043,12.465312297276276,0.017536752063737282,-0.3333740410615655,0,1.0,1.0
2023-04-10,4264.019540579779,4261.464943890447,4291.137254747148,4255.000351112514,114974.0,4939638020.0,252809.0,-0.7879282470595955,13,price_up_oi_down,-0.7962260231399234,0.0015511665419729592,4262.3877301721905,4271.62791973008,4320.821002123176,0,0.2,12.440389541886953,-0.01625503411862006,-1.6123633986113495,12.461091409420131,0.017536752063737282,-0.7962260231399234,0,1.0,1.0
2023-04-11,4264.728890339633,4276.602320973677,4283.132291511713,4258.136048437176,73567.0,3156411700.0,247310.0,-1.2124460548044436,13,price_up_oi_down,-1.2439348133970813,0.0035521533750810796,4259.561790110069,4274.015445652092,4315.261824729,0,0.1,12.418397889408505,-0.02199165247844803,-2.175159903326229,12.46047494288112,0.02281516961080765,-1.2439348133970813,0,1.0,1.0
2023-04-12,4275.470944843341,4227.564086231111,4279.980752284595,4216.131200359368,167142.0,7128245390.0,260602.0,-0.4441505887401678,13,price_up_oi_down,0.5355117558505847,-0.011466634272274567,4252.641472855014,4267.640703760488,4305.172058700096,0,0.8,12.470749618240516,0.052351728832011446,5.374631029881494,12.453795476493333,0.021354175362231942,0.5355117558505847,0,1.0,1.0
2023-04-13,4228.419624956227,4212.501827937293,4237.357085906414,4198.150880937669,136909.0,5813740120.0,262044.0,-0.6491959570416072,13,price_up_oi_down,0.9985029043925702,-0.003562869299338467,4246.599623757562,4260.157876682106,4293.840795684349,0,0.9,12.476267707574367,0.005518089333850895,0.5533342031142086,12.453795476493333,0.015180038176781707,0.9985029043925702,0,1.0,1.0
2023-04-14,4215.499417122458,4231.317648541028,4231.996544778373,4206.537539224792,117001.0,4966608090.0,261931.0,-0.8058986285276802,13,price_up_oi_down,0.9793382487562378,0.004466661706577391,4241.890165514711,4255.525419822064,4283.654822994246,0,0.9,12.475836389279594,-0.0004313182947726091,-0.043122529040884316,12.453795476493333,0.015180038176781707,0.9793382487562378,0,1.0,1.0
2023-04-17,4232.248529027699,4331.513727495275,4339.9395281368,4228.893256571366,237002.0,10257548760.0,258168.0,-0.085541955879724,13,price_up_oi_down,0.26188568172815735,0.023679640073534847,4255.899922235677,4259.143826203935,4278.391047701483,0,0.6,12.46136581477995,-0.014470574499643618,-1.4366378931855883,12.453795476493333,0.01949752726672216,0.26188568172815735,0,1.0,1.0
2023-04-18,4325.299754701554,4323.203364795442,4332.9636179574045,4302.870883468663,120829.0,5256197800.0,246434.0,-0.7127178862384247,13,price_up_oi_down,-2.0844776019099123,-0.0019185816374264197,4265.220131000029,4262.390960555049,4276.508721399996,0,0.0,12.414849488135157,-0.04651632664479344,-4.545102413931912,12.459005195392763,0.014287808367292598,-2.0844776019099123,0,1.0,1.0
2023-04-19,4310.244752283587,4304.03713619553,4317.882293872119,4293.927958641441,109121.0,4719430310.0,248760.0,-0.8240312179596538,13,price_up_oi_down,-1.6409936451543643,-0.004433339582399887,4280.514740992914,4266.578106923964,4273.949218852502,0,0.2,12.424243855217826,0.009394367082668609,0.9438632656207702,12.459005195392763,0.014287808367292598,-1.6409936451543643,0,1.0,1.0
2023-04-20,4288.287350323738,4240.155261393831,4310.881939675874,4234.513158001215,140242.0,6024034020.0,247634.0,-0.5685823478607142,13,price_up_oi_down,-1.55490182551017,-0.014842314966214798,4286.045427684221,4266.322525720892,4269.149698304711,0,0.2,12.41970712862054,-0.004536726597285323,-0.45264511979414834,12.459005195392763,0.017046853034218046,-1.55490182551017,0,1.0,1.0
2023-04-21,4238.651064069724,4226.208832284076,4242.442543456898,4210.216919255353,91415.0,3881374460.0,248271.0,-0.9991113127121152,13,price_up_oi_down,-0.6861162032807909,-0.0032891317062692105,4285.023664432831,4263.456914973771,4267.229971886333,0,0.3,12.42227617047472,0.002569041854179943,0.2572344669955928,12.448517058946262,0.025796267030884223,-0.6861162032807909,0,1.0,1.0
2023-04-24,4226.011278165052,4222.6381769359405,4247.051275724825,4201.704430103392,112342.0,4778835040.0,248768.0,-0.7949729451862055,13,price_up_oi_down,-0.3455912768255364,-0.0008448837929776465,4263.248554320964,4259.57423827832,4265.6010790042,0,0.5,12.424276014211895,0.0019998437371739897,0.20018447583480814,12.43231669855239,0.01569300978055832,-0.3455912768255364,0,1.0,1.0
2023-04-25,4228.329646328588,4178.064137599095,4234.377853079219,4175.2969406953935,110727.0,4667831660.0,251397.0,-0.8199656504964705,13,price_up_oi_down,0.929974722284627,-0.010555969389067887,4234.220708881696,4249.7204199408625,4261.867932796477,0,0.6,12.434788641892858,0.010512627680963504,1.0568079495754779,12.424259934714861,0.00763624594303014,0.929974722284627,0,1.0,1.0
2023-04-26,4176.773936180805,4172.003801557131,4187.8795075107,4157.768983661036,93861.0,3930327220.0,252002.0,-0.9876220595125706,13,price_up_oi_down,0.42162347023293556,-0.0014505129271297212,4207.814041954015,4244.164391473464,4255.902547616975,0,0.6,12.437192302970002,0.0024036610771442923,0.24065521863827488,12.429532328052376,0.012254019674527328,0.42162347023293556,0,1.0,1.0
2023-04-27,4170.25447078291,4175.269316283386,4202.80191898253,4126.170988257343,110344.0,4627028250.0,242425.0,-0.7870896254173912,13,price_up_oi_down,-2.398182460418418,0.0007827209373674204,4194.836852931926,4240.441140308074,4250.29950849509,0,0.0,12.398447663172748,-0.03874463979725462,-3.800366663756505,12.429532328052376,0.008742587174730865,-2.398182460418418,0,1.0,1.0
2023-04-28,4177.326993470826,4162.753516404041,4180.1568328324165,4156.307052945133,96855.0,4050539120.0,228145.0,-0.8567663769801948,13,price_up_oi_down,-5.853723057359641,-0.0029976030122257358,4182.1457897559185,4233.584727094375,4244.555073458219,0,0.0,12.337736670708871,-0.06071099246387668,-5.890481592245167,12.424259934714861,0.009969576878850361,-5.853723057359641,0,1.0,1.0
2023-05-04,4158.061389956291,4139.823125664399,4169.805593015517,4133.445852362934,111201.0,4622019960.0,238938.0,-0.7648647294700762,13,price_up_oi_down,-2.6588803085935915,-0.005508467087777413,4165.58277950161,4214.415666911287,4236.77974655761,0,0.1,12.383959383034016,0.046222712325144855,4.730763330338261,12.423260012846274,0.009969576878850361,-2.6588803085935915,0,1.0,1.0
2023-05-05,4137.429863573783,4121.386887670756,4146.601443531229,4114.798204111216,104044.0,4324109030.0,252846.0,-0.8879667211522946,13,price_up_oi_down,1.322263475958277,-0.004453387846294787,4154.247329515942,4194.234019198819,4228.312489876933,0,1.0,12.440535886727075,0.056576503693058555,5.820756849057052,12.42099164954763,0.009969576878850361,1.322263475958277,0,1.0,1.0
2023-05-08,4113.29079553962,4107.552789849301,4116.5241067136985,4066.500298667716,181467.0,7461438040.0,263706.0,-0.3737610272367897,13,price_up_oi_down,3.1434538776049723,-0.0033566608033911427,4141.357127174377,4174.585584564195,4220.581845744079,0,1.0,12.482590125211084,0.04205423848400969,4.2951045300300805,12.423260012846274,0.012730459585156062,3.1434538776049723,0,1.0,1.0
2023-05-09,4102.026801814627,4083.939189114564,4108.391602604255,4077.9995879080448,103198.0,4264651650.0,271629.0,-0.9677876916384528,13,price_up_oi_down,3.847398490608617,-0.0057488246512842345,4123.091101740612,4158.963977336269,4212.64325152858,0,1.0,12.5121924436353,0.029602318424215568,3.004482264339936,12.423276092343308,0.015588002505230847,3.847398490608617,0,1.0,1.0
2023-05-10,4078.637290585714,4100.943282321286,4124.119363569381,4075.1973458368016,137238.0,5685968350.0,274641.0,-0.693748145399737,13,price_up_oi_down,3.0028122063129805,0.004163649951508752,4110.7290549240615,4146.43742233999,4204.94716865688,0,1.0,12.523220069255151,0.011027625619851378,1.1088654009696164,12.429532328052376,0.021044111777163366,3.0028122063129805,0,1.0,1.0
2023-05-11,4108.6337677669,4106.07566639889,4124.547476729577,4097.34645093303,95699.0,3960666600.0,273860.0,-1.0514091778205676,13,price_up_oi_down,1.3528191486982581,0.0012515130603558688,4103.97956307096,4134.781171286285,4197.1777047823025,0,0.9,12.520372305886225,-0.002847763368926337,-0.2843712337195936,12.435990472431431,0.04207123101916821,1.3528191486982581,0,1.0,1.0
2023-05-12,4110.117714578155,4099.194522889145,4115.2130282205,4071.246871941906,112519.0,4648561300.0,272662.0,-0.8851108366005093,13,price_up_oi_down,1.054833474945336,-0.0016758443021530622,4099.541090114637,4126.894209815289,4188.307314878077,0,0.8,12.515988211855888,-0.004384094030337238,-0.43744979186443045,12.438864094848538,0.04931537108853412,1.054833474945336,0,1.0,1.0
2023-05-15,4084.074259202297,4089.5493071403794,4112.416743705673,4058.229110423748,145460.0,5989299520.0,273865.0,-0.6327341495148608,13,price_up_oi_down,0.7008224831896829,-0.0023529539022627555,4095.940393572853,4118.648760373615,4181.40657592354,0,0.9,12.520390563223392,0.004402351367504664,0.441205595205707,12.46156300596908,0.05661725290197683,0.7008224831896829,0,1.0,1.0
2023-05-16,4088.319972836008,4110.252177445326,4123.209245996417,4084.6177617455055,120666.0,4979121330.0,273256.0,-0.8173826864490538,13,price_up_oi_down,0.5739015223354527,0.005062384324062252,4101.202991239004,4112.147046489808,4176.294093398941,0,0.7,12.518164363711712,-0.002226199511680349,-0.2223723367351993,12.497391284423191,0.024414031816080595,0.5739015223354527,0,1.0,1.0
2023-05-17,4108.72205161163,4112.518108416465,4128.397331345885,4099.762403169109,111412.0,4620518730.0,273464.0,-0.8979349445217664,13,price_up_oi_down,0.42269934513864726,0.0005512875787945237,4103.517956458041,4107.123505691051,4170.354116392713,0,0.7,12.5189252651239,0.0007609014121872093,0.07611909711040532,12.514090327745594,0.007714988493678021,0.42269934513864726,0,1.0,1.0
2023-05-18,4115.018154029536,4104.590264694972,4125.235932093426,4087.482934602382,115241.0,4763884590.0,274958.0,-0.8695927710086484,13,price_up_oi_down,1.200761965357573,-0.0019277346658410632,4103.220876117257,4103.600219594109,4159.007943252698,0,1.0,12.524373637711983,0.005448372588084283,0.5463241962378573,12.5170762877838,0.004099059794046234,1.200761965357573,0,1.0,1.0
2023-05-19,4108.01585888944,4082.869033181465,4114.512149484987,4079.730176207452,96854.0,3992182040.0,274581.0,-1.0420416094076363,13,price_up_oi_down,0.831334451705116,-0.005291936615534731,4099.955778175721,4099.74843414518,4146.991226671999,0,0.8,12.523001578370815,-0.0013720593411683524,-0.13711184980972346,12.518544814417805,0.0036159286996317874,0.831334451705116,0,1.0,1.0
2023-05-22,4094.695005949644,4050.344801822457,4110.671663637094,4040.89791413352,199483.0,8133127280.0,273038.0,-0.3138819599710485,13,price_up_oi_down,-0.44469273740311266,-0.007966023669797817,4092.114877112137,4094.0276353424947,4134.306609953345,0,0.3,12.517366258619685,-0.005635319751130297,-0.5619471121455555,12.519648785505062,0.0034620383079211337,-0.44469273740311266,0,1.0,1.0
2023-05-23,4057.58576121789,4054.398543868429,4065.947444541025,4050.283877553986,80602.0,3281121920.0,273739.0,-1.2226516345744598,13,price_up_oi_down,0.06740722384672566,0.0010008387543074537,4080.9441503967573,4091.0735708178813,4125.018774077075,0,0.5,12.519930376657102,0.0025641180374176287,0.2567408199593002,12.519648785505062,0.0028176598755651483,0.06740722384672566,0,1.0,1.0
2023-05-24,4048.643786063997,4054.760730176514,4101.767764592086,4033.5401075362815,202447.0,8331121140.0,280261.0,-0.3252431879563492,13,price_up_oi_down,6.593657493229874,8.933169844205224e-05,4069.3926747487676,4086.4553156034044,4116.446368971697,0,1.0,12.543476590833164,0.023546214176061397,2.3825614910552018,12.520151341271664,0.0023860301059652755,6.593657493229874,0,1.0,1.0
2023-05-25,4054.1189517782336,4049.663841797855,4061.28387115139,4043.5153807148,84370.0,3440797210.0,280957.0,-1.202989744535672,13,price_up_oi_down,7.294802670494412,-0.001257013352409797,4058.4073901693437,4080.814133143301,4107.797652214793,0,1.0,12.545956911695345,0.0024803208621815287,0.24833994027011475,12.520151341271664,0.0023860301059652755,7.294802670494412,0,1.0,1.0
2023-05-26,4048.7683075881487,4057.832443434597,4070.849293949492,4028.106946745773,136405.0,5574267610.0,282991.0,-0.7297866933883882,13,price_up_oi_down,7.90190308168512,0.002017106099630128,4053.40007221997,4076.6779251978455,4101.786067506568,0,1.0,12.553170373999535,0.007213462304189733,0.72395419939697,12.520160469940247,0.0028176598755651483,7.90190308168512,0,1.0,1.0
2023-05-29,4085.850640027648,4112.281933937748,4119.740226203511,4071.81739964476,167692.0,6953016910.0,277072.0,-0.5021484367522657,13,price_up_oi_down,2.2124340282019586,0.013418368368375733,4065.787498643029,4078.9511878775834,4098.799974125599,0,0.7,12.532032679191932,-0.02113769480760297,-2.0915859514966773,12.521696070797104,0.0031512563792981396,2.2124340282019586,0,1.0,1.0
2023-05-30,4114.643716282111,4113.360683427776,4129.510716117666,4087.413703601788,148005.0,6143461180.0,267007.0,-0.5900288183078088,13,price_up_oi_down,-3.263799192158166,0.00026232381615787226,4077.579926554898,4079.262038475828,4095.7045424828184,0,0.0,12.495030154267186,-0.03700252492474654,-3.6326297857596557,12.5236876080414,0.005922296875700894,-3.263799192158166,0,1.0,1.0
2023-05-31,4106.443218508456,4077.794650667176,4109.574464322001,4069.497378092067,164266.0,6777068230.0,251508.0,-0.4259877330776166,13,price_up_oi_down,-8.136107496091945,-0.008646465870083109,4082.186710653031,4075.7896927008987,4091.4565991959753,0,0.0,12.43523007716116,-0.05980007710602564,-5.804716730273007,12.5236876080414,0.007333210286123659,-8.136107496091945,0,1.0,1.0
2023-06-01,4085.990397424512,4101.615084124448,4104.718611565555,4067.3647167856952,135313.0,5578410720.0,265975.0,-0.6758117060623322,13,price_up_oi_down,-1.5597603504398887,0.005841499020401875,4092.576959118349,4075.4921746438463,4089.5461971189775,0,0.1,12.491157598384566,0.055927521223406274,5.752103312817036,12.5236876080414,0.0140670269711487,-1.5597603504398887,0,1.0,1.0
2023-06-02,4083.84592861546,4108.541409449078,4117.921763069517,4078.094000420971,158585.0,6567875000.0,274249.0,-0.5477457256661639,13,price_up_oi_down,0.009449933729954174,0.001688682429377364,4102.718752321246,4078.0594122706075,4088.903923207894,0,0.5,12.521791731822717,0.030634133438150357,3.110818685966854,12.521465977513959,0.023250773750295828,0.009449933729954174,0,1.0,1.0
2023-06-05,4105.352230287058,4083.349095165343,4144.117219081199,4074.285639167402,261071.0,10860504100.0,274249.0,-0.0492440518601733,13,price_up_oi_down,0.02631377439936462,-0.006131692922893728,4096.932184566764,4081.3598416048967,4087.6937384736957,0,0.6,12.521791731822717,0.0,0.0,12.520861054239909,0.02385569702434598,0.02631377439936462,0,1.0,1.0
2023-06-06,4080.231610073396,4059.687711103127,4098.637593780132,4054.0263985387865,140367.0,5809668810.0,278300.0,-0.6844392473020497,13,price_up_oi_down,0.4314152715508802,-0.005794602300898233,4086.197590101835,4081.8887583283663,4086.4811645731243,0,0.7,12.536454947513983,0.014663215691266274,1.4771248026428596,12.521791731822717,0.02292501944153802,0.4314152715508802,0,1.0,1.0
2023-06-07,4064.9891491869976,4057.9329639889193,4074.1072220484975,4049.2596673567296,116536.0,4780126560.0,281580.0,-0.8822163608877347,13,price_up_oi_down,0.8053815498676853,-0.00043223696970795533,4082.225252766183,4082.2059817096065,4084.330648656506,0,0.9,12.548171878016518,0.011716930502535305,1.1785842615881226,12.526912205507324,0.017804545756930246,0.8053815498676853,0,1.0,1.0
2023-06-08,4065.9639453287714,4062.009091491589,4071.991203981655,4054.666674927949,77836.0,3194976900.0,280922.0,-1.283473001634183,13,price_up_oi_down,0.6332537236115726,0.0010044836962173065,4074.304054239611,4083.4405066789795,4082.1273199111397,0,0.7,12.54583232971223,-0.002339548304288286,-0.23368136941540607,12.526912205507324,0.020152189348607408,0.6332537236115726,0,1.0,1.0
2023-06-09,4055.551781737194,4048.372960463008,4068.7086934310414,4026.263996724972,160483.0,6557227010.0,284746.0,-0.5734095368614754,13,price_up_oi_down,1.0891495629254964,-0.003356991754928318,4062.2703644423973,4082.4945583818217,4079.586241789834,0,1.0,12.559352833800753,0.013520504088523566,1.361231943386354,12.526912205507324,0.020089898357049663,1.0891495629254964,0,1.0,1.0
2023-06-12,4053.491764003302,4034.043245097871,4059.520114519599,4026.840467687658,113386.0,4640523530.0,291455.0,-0.9440876930635956,13,price_up_oi_down,1.871014381483543,-0.0035396233264778365,4052.409194428903,4074.6706894978333,4076.8109386877086,0,1.0,12.582640898927844,0.023288065127090363,2.356134941316146,12.526912205507324,0.020089898357049663,1.871014381483543,0,1.0,1.0
2023-06-13,4029.013957098407,4011.835319194005,4033.5719388140574,4008.7878273360334,116144.0,4716719100.0,302136.0,-0.956046446589583,13,price_up_oi_down,2.450305586699086,-0.005505128367389922,4042.8387160470784,4064.5181530744567,4071.890095775142,0,1.0,12.618632526114204,0.03599162718636073,3.6647166801049735,12.529123339668349,0.02463901624028697,2.450305586699086,0,1.0,1.0
2023-06-14,4009.514773843507,4008.262988899032,4024.762724644968,4000.516224198514,135107.0,5480386450.0,313306.0,-0.8411132916528921,13,price_up_oi_down,3.966102461671676,-0.000890447889992374,4032.9047210291014,4057.5649868976425,4066.6773397992706,0,1.0,12.654935627730413,0.03630310161620898,3.697010617735108,12.541143638613107,0.01935190679039067,3.966102461671676,0,1.0,1.0
2023-06-15,4006.468240457125,4014.305004981261,4030.512844152564,4003.973780450801,112211.0,4559246550.0,316185.0,-1.0359464578212152,13,price_up_oi_down,3.13243388261246,0.0015073901335722617,4023.3639037270354,4048.8339789833235,4062.1630768135847,0,1.0,12.664082764302105,0.009147136571691306,0.9189099474634865,12.547002103864374,0.025210372041657436,3.13243388261246,0,1.0,1.0
2023-06-16,4023.337985427303,4042.806730490097,4063.0656874964407,4021.138519654175,170220.0,6939364810.0,313469.0,-0.6106087535622898,13,price_up_oi_down,2.254468163698957,0.007100039850850504,4022.250657732453,4042.2605110874256,4060.1599616790168,0,0.9,12.655455750593243,-0.008627013708862208,-0.8589907807137531,12.553762355908635,0.03042458355256361,2.254468163698957,0,1.0,1.0
2023-06-19,4049.99282295889,4085.040873508576,4100.345048067909,4040.321107314915,209805.0,8601592640.0,301222.0,-0.3616690065276439,13,price_up_oi_down,0.7322264688603233,0.010446738079255002,4032.4501834145944,4042.4296889217485,4061.8947652633224,0,0.6,12.615602813409158,-0.03985293718408478,-3.9069254057020886,12.570996866364299,0.04108878930011084,0.7322264688603233,0,1.0,1.0
2023-06-20,4081.801045486981,4085.8971340615226,4091.769805885407,4042.9657078172863,160049.0,6574188810.0,296901.0,-0.6179187315525942,13,price_up_oi_down,0.026298699770819865,0.00020960880917963998,4047.2625463880977,4045.050631217588,4063.4696947729767,0,0.5,12.601154028883599,-0.014448784525558978,-1.4344901766803253,12.599121856168502,0.05211975230412769,0.026298699770819865,0,1.0,1.0
2023-06-21,4087.1933668199695,4100.509005330342,4114.338255105529,4082.416777410315,154731.0,6402508750.0,295103.0,-0.6456363225911239,13,price_up_oi_down,-0.19159269102360071,0.003576172083973761,4065.7117496743595,4049.30823535173,4065.7571085306686,0,0.4,12.595079726924766,-0.006074301958832962,-0.6055890684099285,12.608378421146378,0.04681726801544972,-0.19159269102360071,0,1.0,1.0
2023-06-26,4105.598726505247,4114.231027150801,4124.753786693159,4090.3176729737743,129497.0,5371401200.0,293472.0,-0.8181245195284438,13,price_up_oi_down,-0.35156140463370256,0.0033464191403120847,4085.6969541082676,4054.530428917652,4068.9854677983158,0,0.3,12.589537513358671,-0.005542213566094745,-0.5526883833780305,12.608378421146378,0.036147364401284854,-0.35156140463370256,0,1.0,1.0
2023-06-27,4111.475498894379,4107.537484188991,4132.264921472962,4102.55056363562,141907.0,5891265320.0,299633.0,-0.7473864789760936,13,price_up_oi_down,0.058562332856287765,-0.0016269244283168005,4098.643104848046,4060.4468812902496,4071.470719836035,0,0.5,12.610313671421965,0.020776158063293693,2.09934848980482,12.608378421146378,0.022289215003120866,0.058562332856287765,0,1.0,1.0
2023-06-28,4108.277222279605,4124.532877819898,4131.389828652944,4105.624180774395,99598.0,4119265090.0,301784.0,-1.108569445618854,13,price_up_oi_down,0.14726595168499199,0.0041376113294955275,4106.541505710311,4069.495844562452,4072.0832670301434,0,0.6,12.617466808668645,0.00715313724668043,0.7178782043365306,12.612958242415562,0.020649622273843704,0.14726595168499199,0,1.0,1.0
2023-06-29,4120.537435208613,4090.3387893103913,4123.510195396528,4080.823177324181,164927.0,6807028310.0,305231.0,-0.6155659152316528,13,price_up_oi_down,0.450052825826936,-0.008290414823309833,4107.429836760084,4077.346191574091,4070.9321723242742,1,0.7,12.628824145973464,0.011357337304819026,1.1422076717122032,12.616534811038902,0.018417933134719178,0.450052825826936,0,1.0,1.0
2023-06-30,4088.942882647536,4097.981643639468,4113.136120930794,4087.1323833465694,140281.0,5776621190.0,290526.0,-0.7280455193010761,13,price_up_oi_down,-1.358158575778376,0.0018685137644465222,4106.92436442191,4086.3180570481345,4071.9415219728885,1,0.0,12.579448352129726,-0.04937579384373869,-4.817662688258939,12.616534811038902,0.018417933134719178,-1.358158575778376,0,1.0,1.0
2023-07-03,4112.806107403921,4183.672617114952,4205.754551905043,4106.641948859232,271814.0,11388921600.0,307988.0,-0.1249428123229798,13,price_up_oi_down,0.9937284931545207,0.020910531312039016,4120.81268241474,4103.254818261504,4076.0443986224136,1,0.8,12.63781610015775,0.058367748028024025,6.010477547620496,12.612958242415562,0.016872209524349202,0.9937284931545207,0,1.0,1.0
2023-07-04,4162.100928459734,4154.679893216843,4167.687816002085,4138.006786753408,127141.0,5307587810.0,304917.0,-0.8747429016028513,13,price_up_oi_down,0.5931161496025739,-0.006929969562987082,4130.241164220311,4114.442134534178,4078.3513228108013,1,0.7,12.627794887407608,-0.010021212750141117,-0.9971167707832351,12.612958242415562,0.016872209524349202,0.5931161496025739,0,1.0,1.0
2023-07-05,4142.99305984818,4210.480902215718,4222.145625160438,4140.001344204712,207640.0,8756735040.0,308884.0,-0.3971599909260518,13,price_up_oi_down,1.2198191274705779,0.01343088046084584,4147.430769099474,4126.986137404893,4084.707913163321,1,1.0,12.640721080867218,0.012926193459609436,1.301009782990148,12.612958242415562,0.01535127427497418,1.2198191274705779,0,1.0,1.0
2023-07-06,4203.823991299901,4217.541085093211,4224.737098006751,4192.627247402767,136909.0,5788130670.0,313374.0,-0.8280808938577243,13,price_up_oi_down,1.6495237570001924,0.00167681151903043,4172.871228256039,4140.150532508062,4092.6005818628246,1,1.0,12.655152644390485,0.014431563523267243,1.4536201292393969,12.613890240045304,0.016872209524349202,1.6495237570001924,0,1.0,1.0
2023-07-07,4224.95289794662,4212.656313662297,4233.898270466468,4191.855323032708,147412.0,6212915850.0,305322.0,-0.7281355698454864,13,price_up_oi_down,0.2631595884889696,-0.0011582036386507122,4195.806162260605,4151.365263341257,4100.336749346493,1,0.7,12.629122236395341,-0.02603040799514389,-2.5694537517470972,12.622630848038128,0.01663774247435601,0.2631595884889696,0,1.0,1.0
2023-07-10,4216.179410152108,4177.106960148588,4232.468683824326,4174.05568750349,130345.0,5502212820.0,306890.0,-0.8563045958136646,13,price_up_oi_down,0.3442977447745544,-0.008438702535124243,4194.493030867331,4157.652856641036,4106.091642779344,1,0.7,12.63424465617341,0.005122419778068377,0.5135561800329258,12.628309516690535,0.01162713609928634,0.3442977447745544,0,1.0,1.0
2023-07-11,4180.751759318113,4169.562867586084,4190.539273938115,4164.458460283877,110807.0,4643107110.0,313532.0,-1.040111479016161,13,price_up_oi_down,1.7688856635496941,-0.0018060568317922465,4197.46962574118,4163.855394980745,4112.151138135497,1,1.0,12.655656707211213,0.02141205103780308,2.164293395027528,12.628973191184404,0.01017464574455218,1.7688856635496941,0,1.0,1.0
2023-07-12,4166.321391504779,4120.627297129878,4189.951428419762,4110.509267340342,234190.0,9789025530.0,324481.0,-0.3260942311082994,13,price_up_oi_down,5.1840823541090035,-0.011736379090630522,4179.4989047240115,4163.464836911744,4116.480340737098,1,1.0,12.689982261794196,0.03432555458298303,3.492147531990364,12.631683446284375,0.007585144228108298,5.1840823541090035,0,1.0,1.0
2023-07-13,4116.469919893356,4108.041098709388,4122.768668658484,4090.049569843368,138176.0,5703419280.0,325582.0,-0.8570861151526237,13,price_up_oi_down,5.009129484196282,-0.0030544374710268496,4157.598907447247,4165.235067851643,4121.290629712867,0,1.0,12.693369629027103,0.0033873672329072235,0.3393110844702285,12.636030378165579,0.007720861475042362,5.009129484196282,0,1.0,1.0
2023-07-14,4111.974222823829,4081.989066521616,4122.277102246676,4077.9190781042175,191312.0,7877905950.0,329081.0,-0.5423983178936543,13,price_up_oi_down,3.194755144666477,-0.006341716541238274,4131.465458019111,4163.635810139857,4124.976933593996,0,1.0,12.704059200053015,0.010689571025912059,1.0746908612883521,12.639268590512483,0.01367887849143834,3.194755144666477,0,1.0,1.0
2023-07-17,4101.956941807386,4109.509811934146,4114.381191872143,4091.428941152745,173274.0,7145419880.0,330363.0,-0.6453178932894227,13,price_up_oi_down,2.4903382835191743,0.006741993906411947,4117.946028376222,4156.219529621778,4129.73717394164,0,1.0,12.707947328885965,0.0038881288329495334,0.3895697411884447,12.647936862628852,0.01625341634447608,2.4903382835191743,0,1.0,1.0
2023-07-18,4112.858704649643,4120.888550725499,4138.665825535658,4103.533907675569,172764.0,7159195640.0,336458.0,-0.6665468256981283,13,price_up_oi_down,1.7728005847060853,0.002768879820729264,4108.211165004105,4152.840395372643,4133.64126495341,0,1.0,12.726228606012484,0.018281277126519058,1.8449402626806721,12.655404675800849,0.02694611389937407,1.7728005847060853,0,1.0,1.0
2023-07-19,4125.624368488696,4113.260619091818,4133.381492054656,4108.751137641513,112208.0,4638393830.0,343697.0,-1.119406163480806,13,price_up_oi_down,1.590888105732986,-0.0018510405073532965,4106.737829396494,4143.118367060252,4135.052252232573,0,1.0,12.747515734257497,0.021287128245013776,2.1515315433129345,12.672819484502703,0.03166905959289856,1.590888105732986,0,1.0,1.0
2023-07-20,4120.618681565812,4105.879437935243,4136.608497302791,4094.243781995839,149971.0,6192982750.0,339178.0,-0.8160831012521548,13,price_up_oi_down,0.8143824671484752,-0.0017944841915230603,4106.305497241664,4131.952202344456,4136.051367426259,0,0.9,12.734280322305915,-0.013235411951582066,-1.314820903295666,12.69167594541065,0.03528594940063545,0.8143824671484752,0,1.0,1.0
2023-07-21,4110.2814724173,4150.233205971608,4165.174636357247,4105.564907427112,275729.0,11520188610.0,335789.0,-0.1970644872178417,13,price_up_oi_down,0.545833054260812,0.010802501317152657,4119.954325131663,4125.709891575387,4138.537577458322,0,0.7,12.72423826549523,-0.010042056810684485,-0.9991803713682579,12.69871441454006,0.03154004961913959,0.545833054260812,0,1.0,1.0
2023-07-24,4190.983357943767,4209.788385264844,4213.788661330092,4173.21046850918,212954.0,9032499030.0,331045.0,-0.4411781378532402,13,price_up_oi_down,0.14052054362597477,0.014349839234948147,4140.010039797802,4128.978034087012,4143.3154453640245,0,0.6,12.710009596780242,-0.014228668714988402,-1.4127919616187756,12.70600326446949,0.01923017128436655,0.14052054362597477,0,1.0,1.0
2023-07-25,4213.165993988316,4192.92856820595,4239.453705117945,4188.622267479297,216812.0,9236776260.0,332471.0,-0.4275220196598698,13,price_up_oi_down,0.21879364927783887,-0.004004908445732536,4154.418043293893,4131.314604148999,4147.584999564872,0,0.6,12.714307917229219,0.004298320448976156,0.43075714781974916,12.708978462833104,0.016429488492690325,0.21879364927783887,0,1.0,1.0
2023-07-26,4192.870614008545,4185.238703774397,4208.804800116632,4180.890010607778,171912.0,7282882280.0,330066.0,-0.6523099164829324,13,price_up_oi_down,-0.26365594290399985,-0.0018340079747275473,4168.813660230409,4137.775744813451,4150.620290862597,0,0.3,12.70704791344533,-0.007260003783889246,-0.7233713617127768,12.71215875700473,0.0130746787491276,-0.26365594290399985,0,1.0,1.0
2023-07-27,4181.817105663359,4197.171306642539,4203.525863785943,4175.6199555934045,152907.0,6477441310.0,331575.0,-0.7740241349367706,13,price_up_oi_down,-0.03673100793309704,0.0028511164386826326,4187.072033971868,4146.688765606766,4155.961916729204,0,0.5,12.711609307362554,0.004561393917224876,0.4571812910145745,12.71215875700473,0.010089532721107908,-0.03673100793309704,0,1.0,1.0
2023-07-28,4188.853693433693,4228.668433361729,4230.120227049119,4183.598879832709,198604.0,8439353110.0,322825.0,-0.4857974883375616,13,price_up_oi_down,-2.5588514226615766,0.007504370066892863,4202.759079449892,4161.356702290777,4162.496256215318,0,0.0,12.684865659714852,-0.026743647647702318,-2.6389203046069065,12.712958612295886,0.007405055546713335,-2.5588514226615766,0,1.0,1.0
2023-07-31,4231.190160294091,4213.9328778023055,4238.629404666382,4205.512769896262,191522.0,8128040920.0,322993.0,-0.5226279666324555,13,price_up_oi_down,-2.163715934430811,-0.003484679820997094,4203.587977957383,4171.799008877593,4164.0092692496855,1,0.1,12.685385930143331,0.0005202704284794635,0.052040579261314335,12.712958612295886,0.008595176024950746,-2.163715934430811,0,1.0,1.0
2023-08-01,4216.519504066207,4250.895431429276,4262.637402181438,4201.29567725682,208620.0,8920828440.0,308324.0,-0.3906367628680663,13,price_up_oi_down,-4.069100836240426,0.008771509822018686,4215.18135060205,4184.799696947971,4168.820046160306,1,0.0,12.63890645709803,-0.0464794730453022,-4.54158449254316,12.712958612295886,0.012274823457971706,-4.069100836240426,0,1.0,1.0
2023-08-02,4265.996219872021,4296.503986865237,4333.98284255308,4264.614452971238,261267.0,11357877900.0,301490.0,-0.1431939751890527,13,price_up_oi_down,-3.4480601371062614,0.010729164283541426,4237.434407220217,4203.124033725313,4173.121200392782,1,0.0,12.61649212710347,-0.022414329994559168,-2.216499526472182,12.710809452071398,0.01844984182917475,-3.4480601371062614,0,1.0,1.0
2023-08-03,4304.119132122138,4261.929558226397,4308.14521604783,4251.63902961185,172979.0,7461628780.0,295038.0,-0.5339339617568782,13,price_up_oi_down,-3.9466817933901055,-0.008047107309695711,4250.386057536988,4218.729045754428,4175.340624049442,1,0.0,12.594859440585525,-0.021632686517945032,-2.1400378121994357,12.708528755112786,0.019426167675949735,-3.9466817933901055,0,1.0,1.0
2023-08-04,4270.841201471409,4299.558485913082,4315.841437715155,4266.449711165357,177369.0,7674066330.0,306561.0,-0.5471844485117555,13,price_up_oi_down,-2.5399581394958575,0.008829082501857322,4264.564068047259,4233.661573748575,4179.685732661981,1,0.2,12.633172035763488,0.03831259517796326,3.9055986008582178,12.696216921794331,0.016741690501555162,-2.5399581394958575,0,1.0,1.0
2023-08-07,4278.398419857108,4216.024474710926,4282.862303720235,4202.504795782253,234536.0,10015100120.0,296551.0,-0.2346101161643785,13,price_up_oi_down,-2.0635269507977365,-0.019428509107584757,4264.982387428984,4234.285182693184,4181.631608390098,1,0.1,12.599974489373816,-0.03319754638967254,-3.2652555282635776,12.685125794929093,0.027832817366793883,-2.0635269507977365,0,1.0,1.0
2023-08-08,4231.271072855408,4249.627463268101,4257.989918898178,4220.077405602511,126197.0,5392101650.0,293614.0,-0.844421801493473,13,price_up_oi_down,-1.0705476793830597,0.007970302060326118,4264.7287937967485,4239.955072199399,4185.634838174199,1,0.0,12.590021258509362,-0.009953230864454099,-0.9903861393149471,12.661886058406441,0.04527789317092967,-1.0705476793830597,0,1.0,1.0
2023-08-09,4260.149444781906,4302.324099321427,4315.250738490646,4257.368634784569,163091.0,7057113030.0,289726.0,-0.5746273215295642,13,price_up_oi_down,-0.918140031161366,0.012400295439732645,4265.8928162879865,4251.663611754102,4194.719678283776,1,0.0,12.576690927745517,-0.0133303307638446,-1.3241875387414614,12.636039246430759,0.04359889688331542,-0.918140031161366,0,1.0,1.0
2023-08-10,4314.3652800637565,4263.452563056573,4319.9234428870905,4252.655104845015,153204.0,6596895550.0,288035.0,-0.6313116339036074,13,price_up_oi_down,-1.1243299704754763,-0.0090350088388238,4266.197417254022,4258.291737395505,4202.490251501136,1,0.0,12.57083727951196,-0.005853648233557607,-0.5836549015274972,12.624832081433478,0.03239173188603495,-1.1243299704754763,0,1.0,1.0
2023-08-11,4258.867348644752,4231.032666739416,4263.205462013892,4222.818104702315,164090.0,6997623780.0,284081.0,-0.5488443509767511,13,price_up_oi_down,-1.2424139763216844,-0.00760414144115984,4252.492253419288,4258.5281607332745,4209.942431512025,0,0.0,12.557014687745948,-0.013822591766011527,-1.3727498394292326,12.608233308238642,0.02780593819211674,-1.2424139763216844,0,1.0,1.0
2023-08-14,4232.901653365754,4203.101996355029,4257.568965639114,4182.76167756314,180354.0,7644710680.0,286422.0,-0.462544661578981,13,price_up_oi_down,-0.9180929635971926,-0.006601383771851377,4249.907757748109,4257.445072588546,4214.62204073307,0,0.1,12.565221526760915,0.008206839014967215,0.8240607432386193,12.59741696497967,0.02365286135093214,-0.9180929635971926,0,1.0,1.0
2023-08-15,4216.81632796371,4213.120600960364,4228.6401029451,4202.607495041387,114752.0,4859524680.0,286142.0,-0.9137149131166108,13,price_up_oi_down,-0.8331441522054696,0.002383621576165229,4242.606385286561,4253.667589541655,4219.233643244813,0,0.1,12.564243470081415,-0.0009780566795001278,-0.09775785379618762,12.592440349547443,0.02282742379575531,-0.8331441522054696,0,1.0,1.0
2023-08-16,4213.297110420952,4198.410173231975,4218.729206983518,4194.19339335368,103036.0,4345889670.0,286379.0,-1.0222376666490505,13,price_up_oi_down,-0.7097446751900945,-0.0034915752767760155,4221.823600068672,4243.85820817833,4223.49112095182,0,0.2,12.565071387357944,0.0008279172765295328,0.08282600946396546,12.583356093127438,0.01737648130645031,-0.7097446751900945,0,1.0,1.0
2023-08-17,4201.747764546191,4183.036048087648,4204.180031140521,4167.57802361117,138466.0,5781376270.0,283316.0,-0.7159380743484908,13,price_up_oi_down,-1.0176286721029937,-0.003661892123439703,4205.740297074886,4235.968857164454,4227.348951459441,0,0.0,12.554318161456445,-0.010753225901499519,-1.0695616647869222,12.573764103628738,0.012888894213973323,-1.0176286721029937,0,1.0,1.0
2023-08-18,4188.200217973272,4249.476788092607,4260.223517937854,4182.756536552848,193539.0,8177994970.0,282312.0,-0.3775337997773672,13,price_up_oi_down,-1.1834146248671367,0.015883377346301852,4209.429121345524,4230.960687382407,4232.311130565491,0,0.0,12.550768121308387,-0.0035500401480579313,-0.35437462056504554,12.568029403136437,0.009838119999784567,-1.1834146248671367,0,1.0,1.0
2023-08-21,4258.068568081784,4284.956970447887,4296.748464734998,4243.571979754693,170147.0,7277771090.0,276833.0,-0.4867516670007339,13,price_up_oi_down,-2.417396614577477,0.00834930607332618,4225.800116164096,4237.853936956102,4236.069559824643,0,0.0,12.531169715272732,-0.019598406035655103,-1.9407605769504066,12.56514645705943,0.009480032458234255,-2.417396614577477,0,1.0,1.0
2023-08-22,4274.823341813752,4250.644838677255,4277.395240394663,4243.541083236442,110137.0,4671777250.0,278572.0,-0.927951508379704,13,price_up_oi_down,-2.042420696242392,-0.008007579074252758,4233.304963707475,4237.955674497018,4238.955373348208,0,0.1,12.537431832764563,0.006262117491830921,0.628176554095794,12.56465742871968,0.008991004118484192,-2.042420696242392,0,1.0,1.0
2023-08-23,4249.463234843543,4253.094697940701,4298.564686009888,4204.0483954106185,170388.0,7253966400.0,280872.0,-0.4998208601603539,13,price_up_oi_down,-1.2491230267709257,0.0005763500260369536,4244.241868649219,4233.032734358945,4242.348173056524,0,0.2,12.545654328522712,0.008222495758149151,0.8256393320219768,12.560629078913681,0.008085937531265408,-1.2491230267709257,0,1.0,1.0
2023-08-24,4243.705654965799,4207.002613045232,4253.816234022086,4202.34633936085,158229.0,6673913610.0,290083.0,-0.6061237381308189,13,price_up_oi_down,1.5834785556035456,-0.01083730510815728,4249.0351816407365,4227.387739357811,4242.839738376659,0,1.0,12.577922367909828,0.032268039387115977,3.2794297758409474,12.555666424601196,0.009480032458234255,1.5834785556035456,0,1.0,1.0
2023-08-25,4214.341889865599,4261.1383146779,4285.274544166059,4211.883798990275,198646.0,8446269670.0,281062.0,-0.3470509394251553,13,price_up_oi_down,-0.664233098897643,0.012867998100310807,4251.367486957794,4230.398304151659,4244.463232442467,0,0.3,12.546330564547727,-0.03159180336210099,-3.109799609077446,12.555666424601196,0.009480032458234255,-0.664233098897643,0,1.0,1.0
2023-08-28,4283.351873988919,4265.537708913146,4303.836881361756,4262.462318788574,143288.0,6130867460.0,277388.0,-0.6605606571900721,13,price_up_oi_down,-1.0785034214284557,0.0010324457716126556,4247.483634650847,4236.641875407471,4247.043473998009,0,0.1,12.533172527095166,-0.013158037452560833,-1.3071848915897633,12.552543141382415,0.012114287337264606,-1.0785034214284557,0,1.0,1.0
2023-08-29,4273.787328516983,4352.312022026179,4364.032905217398,4264.803481194373,282550.0,12226536230.0,279304.0,0.0115547317091921,13,price_up_oi_down,-0.43244216512202815,0.02034311241270048,4267.817071320632,4250.561017514053,4252.114303527854,0,0.3,12.540056073348797,0.006883546253630968,0.6907292312573254,12.548549342928057,0.013247162998192508,-0.43244216512202815,0,1.0,1.0
2023-08-30,4343.178237430648,4347.127349620725,4364.771272829249,4325.783982471515,208560.0,9099543360.0,281854.0,-0.3011624367477036,13,price_up_oi_down,0.25180382262307455,-0.001191245567692567,4286.623601656636,4265.432735152928,4254.645471665628,1,0.6,12.549144485355088,0.009088412006290625,0.9129837023459153,12.54599244653522,0.008443164345941057,0.25180382262307455,0,1.0,1.0
2023-08-31,4344.174627804871,4334.166521429437,4349.649389350798,4327.160276537622,139781.0,6082442830.0,263936.0,-0.6356297373916939,13,price_up_oi_down,-5.914457445509684,-0.0029814696347505443,4312.056383333477,4280.545782487106,4258.25731982578,1,0.0,12.483461928496522,-0.06568255685856528,-6.3571920214012145,12.54599244653522,0.007131044053823921,-5.914457445509684,0,1.0,1.0
2023-09-01,4336.625154253185,4329.920527411094,4376.763294969082,4322.026450580383,192108.0,8358953630.0,260442.0,-0.3043224737671515,13,price_up_oi_down,-6.907207652958694,-0.0009796564108347505,4325.812825880116,4288.590156418955,4259.775421900681,1,0.0,12.470135466633247,-0.013326461863275796,-1.3238057710959872,12.542855200935755,0.007101102395982828,-6.907207652958694,0,1.0,1.0
2023-09-04,4358.55397528381,4324.868388998798,4370.532629674072,4287.734395241908,197451.0,8586707100.0,257790.0,-0.266654847700098,13,price_up_oi_down,-7.015322993385567,-0.0011667970301793007,4337.678961897246,4292.581298274046,4265.217617615075,1,0.0,12.459900578975379,-0.01023488765786773,-1.0182689427972291,12.53874395305668,0.007580424637497529,-7.015322993385567,0,1.0,1.0
2023-09-05,4338.89321847607,4338.650803320469,4356.841309349589,4322.054294470207,118228.0,5157300160.0,259361.0,-0.7856059500729814,13,price_up_oi_down,-5.457362500920726,0.0031867823670033157,4334.946718156105,4301.381894738368,4269.668784617693,1,0.1,12.465976192606734,0.0060756136313546705,0.6094107606966048,12.53874395305668,0.008993571894726493,-5.457362500920726,0,1.0,1.0
2023-09-06,4345.271960818879,4338.974258935379,4377.0214362991965,4332.301151640836,164438.0,7211658980.0,267588.0,-0.4869148847344307,13,price_up_oi_down,-0.987477923832909,7.455211990392563e-05,4333.316100019036,4309.969850837836,4271.501292598391,1,0.4,12.497203763181403,0.031227570574669627,3.17202663469065,12.53661430022198,0.026919126410477112,-0.987477923832909,0,1.0,1.0
2023-09-07,4337.792680544075,4338.322137515208,4341.673639546389,4299.558906723921,135016.0,5871453960.0,262211.0,-0.6637562332232825,13,price_up_oi_down,-0.7862593153782641,-0.0001502939130897385,4334.14722323619,4323.101803284833,4275.244771321322,1,0.3,12.476904802139602,-0.020298961041801178,-2.0094324110199846,12.515188145138286,0.03284127842928264,-0.7862593153782641,0,1.0,1.0
2023-09-08,4333.6010794410695,4330.204435443658,4350.449216808738,4320.4282340503205,140793.0,6154025590.0,260718.0,-0.6161486368561652,13,price_up_oi_down,-0.4712099212037248,-0.0018711616644030427,4334.2040048427025,4330.008415361409,4280.203359756534,1,0.3,12.471194642417277,-0.0057101597223248035,-0.5693887746889392,12.490332845838964,0.027394460047907465,-0.4712099212037248,0,1.0,1.0
2023-09-11,4338.501697887545,4337.829051440007,4356.713479157384,4322.300717336988,112301.0,4917602200.0,261839.0,-0.8465470446351961,13,price_up_oi_down,-0.2029580400272582,0.001760798158613408,4336.7961373309445,4337.237549614095,4286.9397125107835,0,0.4,12.475485090041586,0.004290447624308413,0.42996647718989145,12.480183365318062,0.015613785287334814,-0.2029580400272582,0,1.0,1.0
2023-09-12,4338.426843954032,4328.696968762647,4346.828301567262,4304.5501381151535,118989.0,5166048190.0,259465.0,-0.7795907668861939,13,price_up_oi_down,-0.7574228544566376,-0.0021052195854348588,4334.805370419379,4334.876044287742,4292.718530900897,0,0.2,12.46637709773251,-0.009107992309075996,-0.9066640187291197,12.476194946090594,0.008742867944894428,-0.7574228544566376,0,1.0,1.0
2023-09-13,4318.279238186076,4291.602110572774,4325.068889393141,4279.741901612805,138285.0,6006042040.0,256139.0,-0.6164034929567,13,price_up_oi_down,-1.870429670605986,-0.008569520679678422,4325.33094074686,4329.323520382947,4297.378127767938,0,0.0,12.453475544857504,-0.012901552875005606,-1.2818684601006103,12.47333986622943,0.007163221059808933,-1.870429670605986,0,1.0,1.0
2023-09-14,4295.694343183086,4294.362141168131,4309.113835444411,4289.141957492493,78977.0,3424544680.0,256701.0,-1.1787553126302224,13,price_up_oi_down,-1.8293075093479938,0.0006431235991233297,4316.538941477443,4325.343082356817,4302.944432421961,0,0.1,12.455667262449618,0.0021917175921135623,0.2194121160775886,12.470665054525263,0.005529891565331013,-1.8293075093479938,0,1.0,1.0
2023-09-15,4299.324701862,4504.419257769782,4525.907077091163,4298.404774878565,579441.0,26322750190.0,283470.0,0.714957548227162,13,price_up_oi_down,7.4964778103322764,0.048914625664176814,4351.381905942668,4342.792955392686,4315.69155590582,1,1.0,12.55486157644478,0.09919431399516299,10.42808559374524,12.468256282182878,0.007792255533103365,7.4964778103322764,0,1.0,1.0
2023-09-18,4464.419321645395,4431.547833380764,4489.558732529226,4426.780275002619,217147.0,9889384630.0,267052.0,-0.2068688524415844,13,price_up_oi_down,2.0953845010035117,-0.01617776237487667,4370.12566233082,4353.460899830882,4323.021099052465,1,0.8,12.495198674974098,-0.05966290147068243,-5.79179454616,12.468785870074893,0.00850211158211156,2.0953845010035117,1,2.0,2.0
2023-09-19,4430.407820138322,4433.151673001482,4443.282347993903,4399.861398929379,151796.0,6831314880.0,262044.0,-0.5459749144390139,13,price_up_oi_down,0.15775523657273607,0.0003619140943569299,4391.016603178587,4362.910986798983,4332.146440768675,1,0.6,12.476267707574367,-0.018930967399731102,-1.8752902056529352,12.47333986622943,0.012518138701254955,0.15775523657273607,0,1.0,1.0
2023-09-20,4440.774513999267,4473.1712506930935,4524.111845540843,4429.584362391492,287021.0,13190290100.0,268723.0,0.0658742745358453,13,price_up_oi_down,1.1963243061206847,0.009027342316153097,4427.33043120265,4376.330685974755,4343.150268406296,1,0.9,12.501436388260773,0.025168680686405764,2.548808597029595,12.475876398807976,0.014410788620794257,1.1963243061206847,0,1.0,1.0
2023-09-21,4472.53579091378,4457.786336069035,4487.378058807263,4453.357051431669,132594.0,6053643380.0,265136.0,-0.692951074028215,13,price_up_oi_down,0.5673547925584543,-0.003439375280272272,4460.015270182832,4388.277105830138,4355.689454557485,1,0.7,12.487998180869575,-0.013438207391198276,-1.3348317784484975,12.475876398807976,0.014410788620794257,0.5673547925584543,0,1.0,1.0
2023-09-22,4460.619437679042,4470.454111619976,4519.401865169515,4444.744171338004,206882.0,9470637110.0,265078.0,-0.2478755398825754,13,price_up_oi_down,0.5106507003640599,0.00284171887029272,4453.22224095287,4402.3020734477695,4366.155244404589,1,0.6,12.487779401281593,-0.0002187795879819987,-0.02187556574730909,12.475876398807976,0.015722029113860003,0.5106507003640599,0,1.0,1.0
2023-09-25,4449.888735722725,4440.893139428267,4469.173447440512,4430.78400055181,137785.0,6223741780.0,258477.0,-0.6291122158911987,13,price_up_oi_down,-0.9108899547015147,-0.006612521111640901,4455.091302162371,4412.6084822465955,4374.923015930346,1,0.2,12.462561994117191,-0.02521740716440135,-2.490210428628592,12.482023554427979,0.014410788620794257,-0.9108899547015147,0,1.0,1.0
2023-09-26,4444.60234781386,4441.945117798712,4463.524712796164,4418.856416597966,141637.0,6408862070.0,246692.0,-0.5548731483973509,13,price_up_oi_down,-2.5444045649558347,0.00023688441433211693,4456.849991121817,4423.933297150203,4379.404670718972,1,0.0,12.415895873941384,-0.04666612017580718,-4.559399869233993,12.482023554427979,0.017529645264131588,-2.5444045649558347,0,1.0,1.0
2023-09-27,4442.534017750531,4469.437036945109,4478.929328906978,4436.881158421244,113097.0,5123349270.0,241737.0,-0.7596045007556673,13,price_up_oi_down,-2.9987907378086787,0.006189162274031101,4456.10314837222,4441.716789787435,4385.520155085191,1,0.0,12.39560563730914,-0.02029023663224372,-2.0085774974462622,12.482023554427979,0.019437197071790813,-2.9987907378086787,0,1.0,1.0
2023-09-28,4471.611979841372,4473.395987179431,4477.946508741296,4455.359397245236,110664.0,5028717080.0,226823.0,-0.717671394074086,13,price_up_oi_down,-5.20856554066484,0.0008857827510706517,4459.225078594299,4459.620174388565,4392.481628372691,0,0.0,12.331925256628738,-0.06368038068040249,-6.169514803277821,12.482023554427979,0.019437197071790813,-5.20856554066484,0,1.0,1.0
2023-10-09,4416.903641059267,4328.065760422529,4431.074012123484,4309.749357265956,214202.0,9413420410.0,207891.0,0.0299055911545826,13,price_up_oi_down,-8.23297107435446,-0.032487673162271524,4430.7474083548095,4441.98482465384,4392.388890023262,0,0.0,12.244769182865774,-0.08715607376296397,-8.346596244648929,12.482023554427979,0.019437197071790813,-8.23297107435446,0,1.0,1.0
2023-10-10,4324.877590412353,4297.899114658859,4331.983710467942,4291.868365854912,110731.0,4791986270.0,215849.0,-0.6674752524983841,13,price_up_oi_down,-4.3658253664037465,-0.006970006333897549,4402.148603400929,4428.619952781649,4391.040426306265,0,0.1,12.282334368126007,0.03756518526023278,3.82796754068222,12.46941485084578,0.028902680771655476,-4.3658253664037465,0,1.0,1.0
2023-10-11,4306.555684475871,4303.613847804294,4329.592091731565,4293.287831244445,109049.0,4718901840.0,227444.0,-0.7351067317438845,13,price_up_oi_down,-1.4494746541442738,0.00132965734955115,4374.482349402044,4415.666170261931,4389.288578530457,0,0.3,12.334659333226158,0.05232496510015139,5.371810849251202,12.439228934029288,0.04865985704629594,-1.4494746541442738,0,1.0,1.0
2023-10-12,4305.328212333294,4271.9537172792825,4308.23280416333,4253.306888350868,126330.0,5450308460.0,233262.0,-0.6132647545074961,13,price_up_oi_down,-0.396705061305902,-0.007356638314835018,4334.985685468879,4395.544416920549,4385.9375514476515,0,0.4,12.35991756433158,0.025258231105421913,2.5579922970050406,12.405750755625263,0.07792707232642737,-0.396705061305902,0,1.0,1.0
2023-10-13,4270.738404190669,4259.456239986508,4275.260693987438,4243.511830305575,81227.0,3503385760.0,237180.0,-1.071571642323714,13,price_up_oi_down,-0.012256948359579281,-0.002925471135659663,4292.1977360302935,4375.711407312297,4381.994256571217,0,0.5,12.376574625518787,0.01665706118720678,1.6796563520847574,12.37776160082036,0.0653183687442267,-0.012256948359579281,0,1.0,1.0
2023-10-16,4248.723559068108,4224.057437949054,4257.801059657275,4218.489245438024,101971.0,4361167640.0,244960.0,-0.8764064727754024,13,price_up_oi_down,0.6523020049642982,-0.008310638739551068,4271.396071535599,4351.071739945205,4376.686906696487,0,0.7,12.408850210891512,0.03227558537272479,3.280209123872191,12.368246094925183,0.041985308656323106,0.6523020049642982,0,1.0,1.0
2023-10-17,4229.501725715833,4214.837495478874,4248.995646214957,4213.88234144912,77269.0,3296073980.0,246067.0,-1.1583110163447936,13,price_up_oi_down,0.7911172474026625,-0.0021827218511157875,4254.783747699602,4328.466175550266,4370.53732889843,0,0.8,12.413359135555446,0.004508924663934266,0.4519105160025738,12.368246094925183,0.03846247713138684,0.7911172474026625,0,1.0,1.0
2023-10-18,4221.736337178408,4230.845070655454,4246.066478530099,4216.926718891675,79683.0,3428320400.0,241878.0,-1.1103772036379174,13,price_up_oi_down,0.4900115959488225,0.003797910404315763,4240.229992269835,4307.356170835939,4365.644733993071,0,0.7,12.39618874579004,-0.017170389765405858,-1.7023818716041972,12.368246094925183,0.03846247713138684,0.4900115959488225,0,1.0,1.0
2023-10-19,4228.745551150869,4234.776376113302,4248.112827934092,4203.578477696817,83573.0,3585396420.0,239715.0,-1.0537302162866171,13,price_up_oi_down,0.3658623251184813,0.0009292009970101045,4232.794524036638,4283.890104752759,4362.8034472700965,0,0.6,12.38720599668732,-0.008982749102720788,-0.8942524743878133,12.368246094925183,0.0349537999977354,0.3658623251184813,0,1.0,1.0
2023-10-20,4229.65255095872,4215.02748328343,4256.834110768844,4209.341407077229,93736.0,4029887780.0,233451.0,-0.9124898846144164,13,price_up_oi_down,-0.14508389985414122,-0.004663503117016354,4223.908772696022,4258.053254363159,4358.836714375862,0,0.5,12.360727483962409,-0.02647851272491053,-2.6131030598835814,12.368246094925183,0.0349537999977354,-0.14508389985414122,0,1.0,1.0
2023-10-23,4200.113086404926,4198.043457320529,4217.625342559606,4184.757653608282,81298.0,3444822680.0,234621.0,-1.0598500302745548,13,price_up_oi_down,-0.06411350698270202,-0.004029398629133207,4218.705976570318,4245.051024052959,4343.517924353399,0,0.5,12.365726725261863,0.004999241299454837,0.501175835614287,12.368651054740598,0.030764706281940946,-0.06411350698270202,0,1.0,1.0
2023-10-24,4198.755256815336,4153.1055154203805,4202.7152334801,4148.16182265402,113610.0,4804378680.0,243898.0,-0.7639785745244397,13,price_up_oi_down,1.0949421243777049,-0.010704496596333768,4206.359580558619,4230.571664129111,4329.59580845538,0,0.8,12.40450538408839,0.038778658826526424,3.954036509945813,12.371150675390325,0.020546695848354446,1.0949421243777049,0,1.0,1.0
2023-10-25,4161.280467411361,4180.445443020026,4201.756121576236,4157.059456142085,103369.0,4391049910.0,239786.0,-0.8414417483571818,13,price_up_oi_down,0.1754990123305579,0.006583008184630312,4196.279655031534,4218.254823650684,4316.960496956308,0,0.6,12.387502137886269,-0.017003246202120792,-1.6859506843024397,12.381890311103053,0.021567786956058654,0.1754990123305579,0,1.0,1.0
2023-10-26,4175.699602763962,4169.444789007202,4176.176365290249,4155.65626157104,62662.0,2655405410.0,240885.0,-1.3465644378777164,13,price_up_oi_down,0.16478038187943878,-0.0026314549879346005,4183.213337610314,4208.003930823476,4301.774173872012,0,0.6,12.3920749201637,0.004572782277431742,0.45832534009488946,12.387354067286793,0.019323730203157474,0.16478038187943878,0,1.0,1.0
2023-10-27,4166.060470586273,4167.133535698584,4175.971906522148,4147.669870911193,82610.0,3492362420.0,236536.0,-1.0519696776464544,13,price_up_oi_down,-0.7695135925436603,-0.0005543311940986451,4173.634548093344,4198.771660394684,4287.24153385349,0,0.2,12.373855695203005,-0.018219224960695612,-1.8054258256014366,12.389788529024985,0.013965379284801571,-0.7695135925436603,0,1.0,1.0
2023-10-30,4147.11661222153,4167.6972771425935,4181.300599936849,4108.890022227086,115401.0,4866567450.0,238426.0,-0.7256459700995068,13,price_up_oi_down,-0.3509702803433991,0.00013528278831964613,4167.565312057757,4193.135644314038,4272.103692129621,0,0.3,12.381814268629363,0.007958573426357418,0.7990327053809976,12.389788529024985,0.015324844442692331,-0.3509702803433991,0,1.0,1.0
2023-10-31,4152.878868472984,4170.061966455761,4190.947475133083,4146.999060773481,135995.0,5788430020.0,229011.0,-0.5211519169807657,13,price_up_oi_down,-2.768190482978576,0.0005673850944347691,4170.956602264833,4188.658091411726,4258.562133480996,0,0.0,12.341525316317234,-0.040288952312128146,-3.9488143071644055,12.387354067286793,0.01116652529351736,-2.768190482978576,0,1.0,1.0
2023-11-01,4171.877785854314,4138.391407710801,4195.67491113157,4135.586099543658,101686.0,4291804740.0,224620.0,-0.7925204517400309,13,price_up_oi_down,-3.7658061845702733,-0.00759474535383875,4162.545795202988,4179.412725117261,4243.3844479766,0,0.0,12.322165364517026,-0.01935995180020811,-1.9173751479187762,12.384510132658342,0.01116652529351736,-3.7658061845702733,0,1.0,1.0
2023-11-02,4137.576317279443,4138.37991877276,4153.029568396092,4128.475656131998,65383.0,2740697080.0,228741.0,-1.2523280732840527,13,price_up_oi_down,-1.919388867038505,-2.7761844904050648e-06,4156.3328211561,4169.773079383207,4226.831592067983,0,0.1,12.340345638101466,0.018180273584439632,1.8346540824503377,12.377834981916184,0.013174097450918687,-1.919388867038505,0,1.0,1.0
2023-11-03,4138.0066461786655,4148.919172291096,4166.585996495073,4131.634701294601,92451.0,3906205860.0,231579.0,-0.9182422935803264,13,price_up_oi_down,-0.5772682439525733,0.0025467099988880637,4152.689948474603,4163.162248283973,4210.607751323566,0,0.3,12.35267634699475,0.012330708893284026,1.24070455231029,12.369791210232435,0.019997318792549734,-0.5772682439525733,0,1.0,1.0
2023-11-06,4141.9193913818,4143.019185635935,4148.7261174688165,4106.442124870705,126861.0,5332652800.0,236479.0,-0.6227674101834533,13,price_up_oi_down,0.12896231143390016,-0.0014220538916652758,4147.754330173271,4157.659821115514,4201.355422584236,0,0.5,12.373614688045617,0.020938341050866782,2.1159086100207336,12.369791210232435,0.019997318792549734,0.12896231143390016,0,1.0,1.0
2023-11-07,4134.886603517115,4110.514614906495,4155.047104224602,4108.298992735028,120060.0,5071989650.0,239721.0,-0.6914841292910424,13,price_up_oi_down,0.46208859411348463,-0.007845623993761652,4135.844859863418,4153.4007310641255,4191.986197596618,0,0.7,12.387231026096876,0.013616338051258836,1.3709462573843867,12.373735191624311,0.019699286584475395,0.46208859411348463,0,1.0,1.0
2023-11-08,4107.500349539773,4105.394842195752,4124.60410546264,4092.130486917571,103892.0,4340376780.0,244290.0,-0.8550041461190061,13,price_up_oi_down,1.3603029066012466,-0.0012455308374713647,4129.245546760408,4145.895670981698,4182.075247316191,0,1.0,12.406111323129286,0.018880297032410454,1.905965685108968,12.373735191624311,0.01605333740067394,1.3603029066012466,0,1.0,1.0
2023-11-09,4108.633783894153,4044.173897181886,4115.638201441194,4040.680132964071,171920.0,7128712130.0,265887.0,-0.4360421541591756,13,price_up_oi_down,4.009136588505677,-0.014912315956708944,4110.4043424422325,4133.368581799166,4170.686256311322,0,1.0,12.490826685475568,0.08471536234628196,8.840722092594966,12.373735191624311,0.019699286584475395,4.009136588505677,0,1.0,1.0
2023-11-10,4036.046350182906,4035.198038346279,4059.494588879684,4028.3149271042303,113112.0,4631105070.0,261616.0,-0.8384993015026913,13,price_up_oi_down,2.555146026517512,-0.002219454223237327,4087.6601156532693,4120.175032063936,4159.47334622931,0,0.9,12.474633058774367,-0.016193626701200614,-1.6063214824343253,12.373735191624311,0.026634359968318755,2.555146026517512,0,1.0,1.0
2023-11-13,4045.178416164601,4052.645253992089,4066.464076209576,4040.439073804966,84539.0,3482967880.0,255067.0,-1.1043132893964656,13,price_up_oi_down,1.4947918473186523,0.004323756970540105,4069.5853293245004,4108.669829748886,4150.902737031462,0,0.8,12.449281534727154,-0.025351524047213303,-2.503287260717979,12.37771447833749,0.03229300340602581,1.4947918473186523,0,1.0,1.0
2023-11-14,4066.691673856432,4099.621161662846,4102.354155958664,4059.1123186517593,145148.0,6032154180.0,236919.0,-0.4899643990395763,13,price_up_oi_down,-0.08453929387703438,0.011591418623301264,4067.4066386757704,4101.625749269594,4145.14192034066,0,0.5,12.375473589547957,-0.07380794517919753,-7.114993315481843,12.380422857071245,0.0394873798618951,-0.08453929387703438,0,1.0,1.0
2023-11-15,4111.386854504094,4139.185483384596,4144.461992858065,4104.798644823302,142873.0,6010021990.0,232134.0,-0.4853586673677145,13,price_up_oi_down,-0.5087961327237112,0.009650726289475609,4074.164766913539,4101.705156836973,4140.558940977117,0,0.3,12.355070070116632,-0.020403519431324568,-2.019677611335413,12.381352307822416,0.034841315274308116,-0.5087961327237112,0,1.0,1.0
2023-11-16,4138.69938890226,4164.133734841072,4182.092792182377,4126.520227728827,179109.0,7594452440.0,231959.0,-0.258566072850433,13,price_up_oi_down,-0.6636243685064988,0.006027333531348544,4098.156734445377,4104.280538443805,4137.026808913506,0,0.2,12.354315910892966,-0.0007541592236659511,-0.07538749170739045,12.381352307822416,0.027479099266725093,-0.6636243685064988,0,1.0,1.0
2023-11-17,4155.496528167616,4151.538105818696,4180.564007114023,4144.167996902735,111280.0,4716453030.0,232681.0,-0.737618869166118,13,price_up_oi_down,-0.6054028889106009,-0.0030247897460614626,4121.42474793986,4104.542431796564,4133.852340040268,0,0.3,12.357423695763442,0.003107784870476138,0.3112619040432918,12.381352307822416,0.02665931731761706,-0.6054028889106009,0,1.0,1.0
2023-11-20,4170.55312452716,4134.028158544199,4178.530860514883,4125.087351694915,109227.0,4598176620.0,235417.0,-0.7679301242246077,13,price_up_oi_down,-0.3234574003352605,-0.004217701205718294,4137.701328850281,4103.643329087392,4130.651575101452,0,0.3,12.369113688702878,0.011689992939436067,1.1758587937991782,12.381352307822416,0.025520626506327027,-0.3234574003352605,0,1.0,1.0
2023-11-21,4140.871407756062,4140.308533870001,4146.527509562261,4108.296750589953,101298.0,4264552120.0,233540.0,-0.8352867009244572,13,price_up_oi_down,-0.5350245509929448,0.001519190263090442,4145.838803291712,4106.622720983742,4130.011726023933,0,0.3,12.361108647629706,-0.008005041073172237,-0.7973086055806267,12.381352307822416,0.025520626506327027,-0.5350245509929448,0,1.0,1.0
2023-11-22,4141.800672103427,4138.643017030802,4167.006511766839,4136.1544304767085,100092.0,4196752750.0,234986.0,-0.8534361748539696,13,price_up_oi_down,-0.19208567578713134,-0.0004022687743133746,4145.730310020955,4109.947538467246,4127.921604724472,0,0.4,12.367281216883582,0.006172569253875437,0.619165881647632,12.372293639125417,0.0176006486206175,-0.19208567578713134,0,1.0,1.0
2023-11-23,4141.180826589669,4139.719196864566,4163.565912657954,4114.573305035891,119633.0,4994744780.0,234481.0,-0.6729458379594748,13,price_up_oi_down,-0.17313621184021552,0.0002600320514078991,4140.847402425652,4119.502068435515,4126.43532511734,0,0.4,12.365129840131736,-0.002151376751845291,-0.21490641995687287,12.368197452793229,0.011950569853191872,-0.17313621184021552,0,1.0,1.0
2023-11-24,4133.223112766342,4089.9798950585655,4134.557259287584,4083.3204504385394,126773.0,5319324300.0,226412.0,-0.5799582628823873,13,price_up_oi_down,-2.697523102612445,-0.0120151390566956,4128.535760273628,4124.980254106743,4122.577643085339,1,0.0,12.330111627440097,-0.035018212691639405,-3.441216985597939,12.36620552850766,0.00902494689225719,-2.697523102612445,0,1.0,1.0
2023-11-27,4095.072401927656,4138.632254669824,4150.226264022821,4090.267967966641,141900.0,5966569970.0,228060.0,-0.4744861680632153,13,price_up_oi_down,-2.4739568146902577,0.011895500921664581,4129.456579498752,4133.578954174517,4121.124391961701,0,0.1,12.337364031211349,0.007252403771252247,0.7278766143136384,12.363119243880721,0.007021809293123127,-2.4739568146902577,0,1.0,1.0
2023-11-28,4131.138700510956,4105.778696105016,4134.667269970161,4099.186771738697,115492.0,4811759760.0,222748.0,-0.656839824141247,13,price_up_oi_down,-4.419568584417,-0.00793826475588344,4122.550611945754,4134.194707618733,4117.910228444163,0,0.0,12.313796366617101,-0.023567664594247972,-2.329211610979609,12.359266171696575,0.006939356811083819,-4.419568584417,0,1.0,1.0
2023-11-29,4090.209942125036,4001.9009259050654,4092.829153474806,3997.4992066693553,195284.0,7990697240.0,221945.0,-0.127974694146627,13,price_up_oi_down,-3.119740883036713,-0.025300382190227455,4095.202193720607,4120.466251870781,4111.085704353876,0,0.0,12.310184882412125,-0.0036114842049759233,-0.36049706394668535,12.356246882940038,0.009958645567620827,-3.119740883036713,0,1.0,1.0
2023-11-30,3996.512982253617,3965.6839768427767,4006.918019774724,3960.214327993954,106864.0,4304116240.0,219370.0,-0.719202803954316,13,price_up_oi_down,-3.138086492846387,-0.009049936450912455,4060.3951497162498,4100.621276070951,4102.450907257377,0,0.0,12.298515080919733,-0.01166980149239194,-1.1601973461893178,12.355869803328204,0.012327649465025736,-3.138086492846387,0,1.0,1.0
2023-12-01,3969.978533380844,3949.661094755305,3994.364778492025,3910.566153819072,154958.0,6141554200.0,223502.0,-0.3662662501005274,13,price_up_oi_down,-1.0834719546397387,-0.004040382990938229,4032.331389655598,4080.4335749646116,4092.4880033805885,0,0.3,12.317175641541583,0.018660560621849953,1.8835756940328352,12.347393863487396,0.018811665020263213,-1.0834719546397387,0,1.0,1.0
2023-12-04,3949.8879171212434,3889.997700988662,3955.500770902272,3886.690511988951,126520.0,5027960100.0,228794.0,-0.5924216369481218,13,price_up_oi_down,0.1811794332395895,-0.015105952722340943,3982.6044789193647,4056.0305292090584,4079.8369291482245,0,0.6,12.340577314367707,0.023401672826123487,2.367764046854215,12.333737829325724,0.025461882608790454,0.1811794332395895,0,1.0,1.0
2023-12-05,3883.5830761585935,3850.130584728433,3887.456570554047,3839.064248882778,166451.0,6518953120.0,230808.0,-0.32688522426515,13,price_up_oi_down,0.4839479350698208,-0.010248622062192125,3931.474856644048,4027.0127342949017,4066.8177276393217,0,0.7,12.349341475060427,0.00876416069272068,0.8802678391915952,12.333737829325724,0.0217472048111107,0.4839479350698208,0,1.0,1.0
2023-12-06,3846.677402149121,3854.128542679499,3862.9501594328585,3831.904368751675,103219.0,3990597310.0,233051.0,-0.814404369105539,13,price_up_oi_down,0.9340213443968532,0.0010383954162291875,3901.920379998935,3998.561286859772,4054.254412663509,0,0.8,12.359012592716375,0.00967111765594808,0.9718034036948708,12.333737829325724,0.018251825246381692,0.9340213443968532,0,1.0,1.0
2023-12-07,3848.164265711439,3856.619708597771,3865.977690288713,3819.7089697211854,120299.0,4671025540.0,234933.0,-0.6693200567164984,13,price_up_oi_down,1.2312499835559543,0.0006463629561612727,3880.1075263499342,3970.2513380330915,4044.876703234303,0,1.0,12.367055646092766,0.008043053376390219,0.8075485623318279,12.333737829325724,0.018251825246381692,1.2312499835559543,0,1.0,1.0
2023-12-08,3857.329249472728,3872.2212383294063,3887.6532818829473,3846.496660662562,133483.0,5200823580.0,232636.0,-0.5555008713418035,13,price_up_oi_down,0.8681564810419405,0.004045389722210357,3864.6195550647544,3948.4754723601754,4036.727863233459,0,0.8,12.357230279231743,-0.009825366861022644,-0.9777255643098615,12.333737829325724,0.018251825246381692,0.8681564810419405,0,1.0,1.0
2023-12-11,3857.891207472792,3831.071626472145,3858.4654383409033,3825.230984012981,120841.0,4687047990.0,241824.0,-0.6937345569485843,13,price_up_oi_down,1.8377277266102081,-0.010626875202774944,3852.83434016145,3917.7194095404075,4025.6491818574623,0,1.0,12.395965467820446,0.03873518858870284,3.949517701473537,12.338970672789529,0.020918475587396124,1.8377277266102081,0,1.0,1.0
2023-12-12,3820.792524320704,3836.847710128201,3853.905801277728,3798.006247062591,161321.0,6239328790.0,242590.0,-0.4079766066995968,13,price_up_oi_down,1.4649662053916843,0.0015076939872760153,3850.1777652414044,3890.8263109427266,4012.5105092807303,0,1.0,12.399128054527099,0.0031625867066527036,0.316759296017044,12.344959394714067,0.024940002275591233,1.4649662053916843,0,1.0,1.0
2023-12-13,3826.7580766496376,3813.4968106857336,3843.0063414854953,3811.8770300401343,119670.0,4611625840.0,245037.0,-0.7166712649650314,13,price_up_oi_down,1.511211320672518,-0.006085959414241948,3842.051418842652,3871.9858994207925,3996.2260756457863,0,1.0,12.409164498532594,0.010036444005494971,1.0086978028772453,12.353285877146085,0.024940002275591233,1.511211320672518,0,1.0,1.0
2023-12-14,3804.870042758755,3779.9724264122174,3807.961753761792,3764.462284166205,116266.0,4409028300.0,251944.0,-0.7733261711888629,13,price_up_oi_down,1.9201691785815949,-0.00879098264343059,3826.7219624055406,3853.4147443777374,3977.018010224344,0,1.0,12.436962119576322,0.02779762104372807,2.818757983488207,12.35812143597406,0.027694076726369588,1.9201691785815949,0,1.0,1.0
2023-12-15,3778.0429704706994,3760.898215340885,3801.510583478675,3753.500155106449,131503.0,4928170780.0,258929.0,-0.6775242277987567,13,price_up_oi_down,2.466559463147808,-0.005046124394467277,3804.4573578078366,3834.5384564362953,3957.4860157004537,0,1.0,12.464309171826697,0.02734705225037537,2.772441494935318,12.36303411940457,0.027694076726369588,2.466559463147808,0,1.0,1.0
2023-12-18,3718.098085985223,3655.4563429833256,3723.0968914228088,3653.109451106145,247088.0,9028194760.0,267185.0,-0.0781967538815135,13,price_up_oi_down,2.965960376248667,-0.028036353636867184,3769.3343011100724,3811.0843206357617,3933.5574249224096,0,1.0,12.495696581344296,0.031387409517598996,3.1885188603826498,12.381510556956606,0.025967109650425257,2.965960376248667,0,1.0,1.0
2023-12-19,3657.285016072829,3664.607791766549,3684.707855367691,3656.068878727977,146377.0,5342811290.0,264895.0,-0.5931480356927246,13,price_up_oi_down,1.5495995993395164,0.0025035037829925777,3734.8863174377425,3792.5320413395734,3909.7723878172374,0,0.9,12.487088800034838,-0.008607781309457607,-0.8570840428915649,12.397546761173771,0.03897476342997308,1.5495995993395164,0,1.0,1.0
2023-12-20,3670.333636851372,3663.052346151832,3683.75893963168,3659.054228136006,112242.0,4080806560.0,267374.0,-0.867991172735302,13,price_up_oi_down,1.51358596170621,-0.0004244507742988679,3704.797424530962,3773.4244216868065,3885.9928542732887,0,1.0,12.496403706312261,0.009314906277422708,0.9358425036333884,12.404146276529847,0.04111215712527638,1.51358596170621,0,1.0,1.0
2023-12-21,3669.5730400577854,3700.761791507234,3712.459839310847,3653.667630653276,156775.0,5705018580.0,256901.0,-0.4938791402443778,13,price_up_oi_down,0.4630447570512193,0.01029454176242317,3688.9552975499655,3757.838629977753,3864.044984005422,0,0.6,12.456446075655599,-0.039957630656662246,-3.9169851967655878,12.423063309054458,0.048626762866965656,0.4630447570512193,0,1.0,1.0
2023-12-22,3705.4135007235327,3691.612188916121,3714.4075668265937,3684.3183344966815,132275.0,4847939410.0,256643.0,-0.6628029253458168,13,price_up_oi_down,0.13399517241148873,-0.002472356532676745,3675.0980922650124,3739.7777250364243,3844.1265986983003,0,0.5,12.455441293118149,-0.0010047825374499553,-0.10042779125031265,12.44670409761596,0.0439803727538699,0.13399517241148873,0,1.0,1.0
2023-12-25,3686.8601042953424,3715.132234290296,3722.570127296723,3647.405887917689,162672.0,5956930800.0,260651.0,-0.4714464442363901,13,price_up_oi_down,0.28529080579591326,0.006371212405461346,3687.033270526407,3728.1837858182394,3822.9515976793236,0,0.7,12.470937626751333,0.015496333633183923,1.5617024426928472,12.455943684386874,0.03544900630269332,0.28529080579591326,0,1.0,1.0
2023-12-26,3715.572127308859,3709.0196189825465,3730.319677876543,3702.22744754781,117329.0,4314147700.0,260513.0,-0.7976708095491579,13,price_up_oi_down,0.26993309812138816,-0.0016453291356174349,3695.9156359696053,3715.400976703674,3803.1136438232,0,0.6,12.470408042961104,-0.000529583790228827,-0.052944358548456805,12.460377623741149,0.02506334022925838,0.26993309812138816,0,1.0,1.0
2023-12-27,3715.233133600951,3714.22934480365,3730.366075317551,3709.859710313044,112744.0,4151734340.0,249223.0,-0.7932283161102391,13,price_up_oi_down,-1.7585135698091063,0.0014046099390900846,3706.1510356999693,3705.4742301154665,3788.7300647681295,0,0.1,12.426103356981587,-0.04430468597951709,-4.333756856663495,12.467358607393901,0.015823753458344747,-1.7585135698091063,0,1.0,1.0
2023-12-28,3709.634895971039,3712.737653627568,3746.008887713803,3701.157985722712,119393.0,4405658670.0,240354.0,-0.6996922638237499,13,price_up_oi_down,-3.3030482186826275,-0.0004016152578647514,3708.5462081240357,3698.7507528370006,3776.0827486073695,0,0.0,12.389868115580128,-0.036235241401458396,-3.5586603162630404,12.467358607393901,0.015823753458344747,-3.3030482186826275,0,1.0,1.0
2023-12-29,3716.830661140615,3702.028733730172,3717.116875161071,3682.489694163351,156299.0,5725848330.0,220577.0,-0.344476000823452,13,price_up_oi_down,-6.963104046855021,-0.002884372906588939,3710.629517086846,3692.863804675929,3763.7011305561123,0,0.0,12.304002119259899,-0.08586599632022995,-8.22827995373483,12.467358607393901,0.015823753458344747,-6.963104046855021,0,1.0,1.0
2024-01-02,3683.561909468453,3638.530528198282,3714.873828095452,3635.321549415212,139699.0,5103015250.0,238206.0,-0.5336457374796792,13,price_up_oi_down,-1.9906478988719234,-0.017152272469778795,3695.3091758684436,3691.1712231974248,3751.1277719165932,0,0.1,12.380891124502979,0.07688900524308018,7.992220403759243,12.463427059308351,0.027965631381215772,-1.9906478988719234,0,1.0,1.0
2024-01-03,3636.836272356177,3610.217320335153,3643.8267374684337,3600.265688885248,129716.0,4668640990.0,243829.0,-0.6311197146144863,13,price_up_oi_down,-1.1440599721030285,-0.007781495206293898,3675.5487161389647,3685.732176054285,3739.132108696929,0,0.3,12.404222438914305,0.023331314411326076,2.3605618666194816,12.455943684386874,0.030492721526625743,-1.1440599721030285,0,1.0,1.0
2024-01-04,3614.663929565632,3616.153221231767,3629.727915556048,3606.096253256023,86897.0,3124099720.0,246800.0,-1.0438547827953852,13,price_up_oi_down,-0.49415176078562056,0.0016441948974037501,3655.9334914245883,3681.042263562279,3727.2333426245423,0,0.4,12.41633357101337,0.012111132099065003,1.2184768833896742,12.440772325049867,0.033357593918514006,-0.49415176078562056,0,1.0,1.0
2024-01-05,3619.2203465108178,3560.376879365944,3621.2506350761264,3556.096370463079,147156.0,5217660490.0,242502.0,-0.4995167091983191,13,price_up_oi_down,-0.4361237777571698,-0.015424219731160593,3625.461336572264,3667.00377234815,3712.421201162952,0,0.3,12.398765236748346,-0.017568334265023466,-1.7414910858994381,12.421218463997478,0.03472522038939552,-0.4361237777571698,0,1.0,1.0
2024-01-08,3540.0114391328234,3496.2910437207843,3542.917257771783,3485.304877812144,159654.0,5568623610.0,254570.0,-0.4665668736331017,13,price_up_oi_down,1.0037594007725157,-0.017999733684534225,3584.313798570386,3647.471657828616,3693.62469143252,0,0.7,12.447331126269555,0.04856588952120866,4.976453802442826,12.410278004963837,0.02489838492228369,1.0037594007725157,0,1.0,1.0
2024-01-09,3493.699751051385,3503.40087926599,3523.7224579061426,3487.898043986221,127394.0,4421226320.0,248389.0,-0.6677114193972944,13,price_up_oi_down,0.3378995216833504,0.0020335365266501704,3557.287868783928,3626.298522326186,3677.2411540722123,0,0.6,12.422751344647073,-0.024579781622481534,-2.428015869898237,12.410278004963837,0.02489838492228369,0.3378995216833504,0,1.0,1.0
2024-01-10,3503.5881484139327,3453.51853052312,3514.191072536681,3442.5733884717847,183688.0,6316513180.0,234478.0,-0.2441231006644265,13,price_up_oi_down,-1.6812720678203532,-0.014238264606852957,3525.9481108215214,3600.7484134802435,3658.074695091959,0,0.1,12.365117045836286,-0.057634298810787854,-5.6004895546904905,12.410278004963837,0.018117620700729198,-1.6812720678203532,0,1.0,1.0
2024-01-11,3440.3079660951616,3485.0770643467463,3492.71504991224,3430.727518070316,191255.0,6535230960.0,231962.0,-0.1929659489915544,13,price_up_oi_down,-1.519932399407312,0.009138081508671236,3499.7328794445175,3577.8331854345524,3641.6537077750086,0,0.1,12.354328844129443,-0.010788201706843026,-1.0730217760302363,12.401493837831325,0.02093011007204737,-1.519932399407312,0,1.0,1.0
2024-01-12,3470.6925899451994,3468.042499251254,3499.815856853512,3429.370888296836,154868.0,5318962300.0,237063.0,-0.4257527874075799,13,price_up_oi_down,-0.4875827127593973,-0.004887858942851042,3481.266003421579,3553.363669996921,3626.0572114169613,0,0.3,12.376081207577462,0.02175236344801945,2.1990670885749575,12.394316676164237,0.025225781665984215,-0.4875827127593973,0,1.0,1.0
2024-01-15,3472.471002217764,3465.951751562513,3492.658670614508,3461.6214451928963,110882.0,3791138390.0,245438.0,-0.7945777967177046,13,price_up_oi_down,0.5523631774104517,-0.0006028610344862573,3475.198144989925,3529.755971780155,3611.309888228043,0,0.7,12.410799648496798,0.0347184409193364,3.5328161712287587,12.389828180625663,0.025608262588542097,0.5523631774104517,0,1.0,1.0
2024-01-16,3480.770604850411,3483.9624862717023,3486.6142457883384,3447.8240861020568,112529.0,3835556950.0,243111.0,-0.7703071629638869,13,price_up_oi_down,-0.007103535677913783,0.005196475888930019,3471.310466391067,3514.2991675874973,3602.7351953924613,0,0.5,12.401273408149294,-0.00952624034750471,-0.9481009460638123,12.401493837831325,0.02093011007204737,-0.007103535677913783,0,1.0,1.0
2024-01-17,3487.6939433411985,3444.355839543144,3511.8169930078543,3438.584588837044,182182.0,6225897690.0,258462.0,-0.3497424937985257,13,price_up_oi_down,2.39988164193589,-0.011368275888338442,3469.4779281950714,3497.7130195082964,3591.722597781291,0,1.0,12.462503960190542,0.06123055204124839,6.314399595246689,12.402747923531798,0.016794534298423258,2.39988164193589,0,1.0,1.0
2024-01-18,3422.088923623336,3393.6086788222287,3427.3049727433463,3376.188391415803,224660.0,7539654650.0,273839.0,-0.1979521942343835,13,price_up_oi_down,3.3026130765204553,-0.014733425663605804,3451.1842510901683,3475.4585652673427,3578.2504144148106,0,1.0,12.520295621429943,0.05779166123940094,5.949423899838147,12.406036528323046,0.023335068534805714,3.3026130765204553,0,1.0,1.0
2024-01-19,3392.2591723285973,3354.4143631114807,3405.342995830122,3353.01973016438,191017.0,6352616810.0,303444.0,-0.462834650149954,13,price_up_oi_down,4.128624456983157,-0.011549450576119669,3428.458623862214,3454.8623136418964,3560.9330429950232,0,1.0,12.622952358453592,0.10265673702364886,10.811097031467455,12.406036528323046,0.03543740161617226,4.128624456983157,0,1.0,1.0
2024-01-22,3350.789960027676,3329.1231820297508,3379.556693883586,3323.387404212897,239859.0,7905287690.0,313674.0,-0.2683029793313675,13,price_up_oi_down,3.735788896657003,-0.00753967111513032,3401.092909955661,3438.145527472793,3542.8085926507047,0,1.0,12.656109509009747,0.0331571505561552,3.3712975046465976,12.416775496571937,0.04321137630654004,3.735788896657003,0,1.0,1.0
2024-01-23,3335.5888320673125,3364.3418828880776,3374.4140443469187,3315.677123121436,247202.0,8154200740.0,312180.0,-0.2333741283645736,13,price_up_oi_down,3.2490683047828304,0.010578971979298801,3377.1687892789364,3424.2396278350016,3525.2690750805937,0,0.9,12.651335223512405,-0.00477428549734249,-0.476290671206292,12.416775496571937,0.04869345717712825,3.2490683047828304,0,1.0,1.0
2024-01-24,3361.0894502295228,3363.736902145963,3384.626481416188,3345.526454053326,190833.0,6323493930.0,320835.0,-0.5195282722516628,13,price_up_oi_down,2.1220553810000635,-0.00017982142219008512,3361.0450017995004,3415.2614649972866,3508.004939238765,0,1.0,12.678682251267668,0.027347027755263653,2.7724389775129143,12.43665180434367,0.07692885936080618,2.1220553810000635,0,1.0,1.0
2024-01-25,3369.4244952651547,3342.607721321081,3383.0555638600013,3336.530520593449,202746.0,6687914550.0,339631.0,-0.5159057700634971,13,price_up_oi_down,1.3344686909236905,-0.006281460601571531,3350.8448102992706,3401.0145306947197,3489.4238580646365,0,1.0,12.735615013116579,0.05693276184891083,5.858463072919062,12.491399790810242,0.12343557543806494,1.3344686909236905,0,1.0,1.0
2024-01-26,3329.483053120955,3355.644999818527,3374.299328156512,3306.9355938998897,212804.0,6988207600.0,330628.0,-0.4406223220120961,13,price_up_oi_down,0.855679415812448,0.00390033159269243,3351.0909376406803,3389.774780751447,3471.5692253741845,0,0.9,12.708749155277543,-0.026865857839036167,-2.650818093754592,12.571623989941767,0.10808914553856308,0.855679415812448,0,1.0,1.0
2024-01-29,3377.3190250578104,3390.238792311802,3411.075987352288,3359.653040407042,253015.0,8444111450.0,312531.0,-0.2112548887488878,13,price_up_oi_down,0.12147384767348501,0.01030913356303964,3363.31405969709,3382.2034848263756,3455.9797283032653,0,0.6,12.6524589432386,-0.056290212038943466,-5.473523113589862,12.637143790982998,0.08503829321406275,0.12147384767348501,0,1.0,1.0
2024-01-30,3389.466301756808,3337.632504005277,3393.257414827738,3334.8174024379987,238943.0,7901522570.0,318330.0,-0.2868635507900981,13,price_up_oi_down,0.2978998264463674,-0.015516986126706711,3357.9721839205295,3367.570486599733,3440.9348270936157,0,0.7,12.670843859535745,0.018384916297145892,1.855495934803142,12.651897083375502,0.042898398411975514,0.2978998264463674,0,1.0,1.0
2024-01-31,3361.482082882723,3380.1790015035995,3391.339779837812,3349.112288424518,206277.0,6851855750.0,300612.0,-0.3766004709439142,13,price_up_oi_down,-0.9853792903595449,0.012747508135561691,3361.2606037920573,3361.1528027957784,3429.4329111520374,0,0.2,12.613575675663903,-0.05726818387184274,-5.56592215625299,12.654284226124172,0.027864946407038182,-0.9853792903595449,0,1.0,1.0
2024-02-01,3384.0268392411426,3442.91639519916,3452.707219762423,3383.430624193973,277251.0,9372935070.0,278118.0,-0.0031222509874533,13,price_up_oi_down,-2.867976124099094,0.018560376142107593,3381.3223385676733,3366.0835744334718,3420.7710698504075,0,0.1,12.535800763046582,-0.07777491261732017,-7.48273522015086,12.654284226124172,0.027864946407038182,-2.867976124099094,0,1.0,1.0
2024-02-02,3441.9659969476606,3418.9399031300686,3470.436029299394,3411.2067719432453,243972.0,8224846180.0,271911.0,-0.1084213422600336,13,price_up_oi_down,-3.414315348296846,-0.00696400647501183,3393.9813192299816,3372.536128435331,3413.699221038614,0,0.0,12.513230085852257,-0.022570677194325484,-2.2317865078850585,12.654284226124172,0.027864946407038182,-3.414315348296846,0,1.0,1.0
2024-02-05,3417.365469743736,3414.174536341576,3434.830484609763,3403.163257581272,162644.0,5438981340.0,276928.0,-0.5321937813889909,13,price_up_oi_down,-2.543773060441753,-0.0013938141422520367,3398.7684680359366,3381.0412638665134,3409.5933956696535,0,0.1,12.531512823584556,0.01828273773229938,1.8450890180977675,12.654284226124172,0.032553287801882824,-2.543773060441753,0,1.0,1.0
2024-02-06,3414.03859059192,3436.752852721015,3440.6408154709634,3410.5751030068627,123328.0,4127820570.0,271057.0,-0.787481658074425,13,price_up_oi_down,-2.0100418363939703,0.006613111350667111,3418.5925377790836,3388.2823608498074,3406.2609943424045,0,0.0,12.510084409848464,-0.021428413736092722,-2.1200456436329396,12.651897083375502,0.047586739806820155,-2.0100418363939703,0,1.0,1.0
2024-02-07,3438.749635023008,3430.921164296587,3450.960715539704,3408.9744595147195,109256.0,3658232330.0,253578.0,-0.8419777156352366,13,price_up_oi_down,-1.4787889128215437,-0.0016968599938197437,3428.740970337681,3395.0007870648697,3405.131126031078,0,0.0,12.443426746993497,-0.06665766285496666,-6.448459180172472,12.633017309451251,0.08647419611548024,-1.4787889128215437,0,1.0,1.0
2024-02-08,3430.391637401924,3472.969350324008,3476.8631985317384,3429.0821231966584,105327.0,3543553310.0,234717.0,-0.801310736598049,13,price_up_oi_down,-1.9760088859062725,0.012255654972486596,3434.7515613626506,3408.036949965162,3404.525740329941,1,0.0,12.366135812109034,-0.07729093488446281,-7.437948086979174,12.574688219355242,0.07118726669506792,-1.9760088859062725,0,1.0,1.0
2024-02-19,3435.623061068605,3391.2833515362904,3444.4525248594723,3377.9562966665508,197298.0,6592793300.0,255453.0,-0.2583231635593055,13,price_up_oi_down,-0.6569583315716613,-0.023520506675389075,3429.2202510438956,3411.6007851369386,3400.6877829441923,1,0.2,12.450793718671193,0.08465790656215866,8.834468743209856,12.533656793315568,0.08507446433520283,-0.6569583315716613,0,1.0,1.0
2024-02-20,3392.353430256863,3406.533057659911,3414.9828924424783,3377.8141074557684,195849.0,6577977250.0,280767.0,-0.3601811897275827,13,price_up_oi_down,0.2053100777976599,0.00449673605619294,3427.6919553075627,3413.2302116717487,3397.7168482490624,1,0.7,12.545280422860095,0.09448670418890259,9.909454968233078,12.522371454718407,0.07526122188606177,0.2053100777976599,0,1.0,1.0
2024-02-21,3408.979893560404,3418.83167895043,3421.550189309039,3394.197910164107,166750.0,5602460340.0,288728.0,-0.548989383661438,13,price_up_oi_down,0.7262524051208031,0.0036103044010873386,3424.107720553445,3421.350129166264,3394.460307882999,1,0.8,12.573240347439308,0.02795992457921237,2.835447185744666,12.522371454718407,0.047243352094451296,0.7262524051208031,0,1.0,1.0
2024-02-22,3415.022788078485,3449.182193226193,3451.0716532161346,3394.5342074406435,226753.0,7634881060.0,294753.0,-0.2622763981450183,13,price_up_oi_down,1.3077261510867952,0.008877452043816403,3427.7599263393663,3428.2504483385237,3394.7016255671515,0,0.9,12.593892996464868,0.02065264902556052,2.0867390762239424,12.522371454718407,0.03688893043129493,1.3077261510867952,0,1.0,1.0
2024-02-23,3445.5620594555257,3510.247992512436,3518.5405878475144,3441.007881156625,318454.0,11077819360.0,302368.0,0.051833218979849,13,price_up_oi_down,1.7741073609325484,0.017704428431229324,3435.2156547770524,3434.9836080698515,3400.5335912516616,1,1.0,12.619400097582352,0.025507101117483444,2.5835190820789,12.522371454718407,0.03688893043129493,1.7741073609325484,0,1.0,1.0
2024-02-26,3508.0966133751576,3500.9940452858777,3540.6953312840983,3493.1868627508115,265298.0,9285819400.0,306144.0,-0.1432018570159854,13,price_up_oi_down,1.2062358774822752,-0.0026362659408388778,3457.1577935269697,3443.189022285432,3407.862575360382,1,1.0,12.631810858477893,0.012410760895541273,1.2488093978198611,12.522371454718407,0.061195217233681376,1.2062358774822752,0,1.0,1.0
2024-02-27,3501.162266461284,3518.130181172883,3526.059152025024,3500.383780192725,158908.0,5552382250.0,312188.0,-0.675280152038204,13,price_up_oi_down,1.116386985961187,0.004894648681302183,3479.4772182295637,3453.584586768563,3417.3129253175384,1,1.0,12.651360849425329,0.019549990947435703,1.9742343472353818,12.538396623222326,0.06824992380128414,1.116386985961187,0,1.0,1.0
2024-02-28,3520.023070584123,3542.040421644868,3547.9621836426463,3510.08010404366,186457.0,6510909540.0,309265.0,-0.5059978650450816,13,price_up_oi_down,0.8406942758902326,0.006796292132661641,3504.118966768451,3464.113343660948,3426.1978522553777,1,0.9,12.641953793524673,-0.009407055900656047,-0.9362947967250457,12.559260385149702,0.0663450928804199,0.8406942758902326,1,2.0,2.0
2024-02-29,3546.979102054544,3547.628344580401,3576.354813798646,3525.347329447489,286229.0,10055657940.0,304672.0,-0.0624435983714021,13,price_up_oi_down,0.5493574781225739,0.0015775999904987792,3523.808197039293,3475.78406168933,3435.3924243771,1,0.7,12.626991067085418,-0.014962726439254226,-1.4851341082889657,12.583566671952088,0.053315654049194805,0.5493574781225739,0,1.0,1.0
2024-03-01,3563.4976412915826,3570.4403267525427,3586.2086666820755,3555.6603765754494,179962.0,6419684310.0,310449.0,-0.5452739191830852,13,price_up_oi_down,0.7681676463575521,0.00643020631149005,3535.846663887314,3485.5311593321835,3446.7840546486723,1,0.9,12.645774915657235,0.018783848571816364,1.896137485558258,12.60664654702361,0.03435672304268245,0.7681676463575521,0,1.0,1.0
2024-03-04,3572.7388762387345,3575.87537577436,3583.4138076747013,3559.5093916616647,151957.0,5411566800.0,312355.0,-0.7205427754079755,13,price_up_oi_down,0.7629550279404784,0.0015222349414703018,3550.822929985011,3503.9903617559903,3457.7955734464645,1,1.0,12.651895640477283,0.006120724820048551,0.6139494731824069,12.623195582333885,0.02537230020739667,0.7629550279404784,0,1.0,1.0
2024-03-05,3571.0598164316098,3594.0778968809022,3613.9534731987887,3570.220806549617,182877.0,6526460730.0,310282.0,-0.5286677656803204,13,price_up_oi_down,0.5572701946084876,0.0050903678662461704,3566.012473126615,3522.744845678089,3467.9875286749193,1,0.7,12.645236840374933,-0.006658800102350426,-0.6636679419250835,12.629400962781656,0.019166919759626033,0.5572701946084876,0,1.0,1.0
2024-03-06,3603.160769042465,3633.504087592668,3634.5917323514,3594.122309371716,170774.0,6106194150.0,307149.0,-0.5869919269236588,13,price_up_oi_down,-0.0993104571382704,0.010969765220164351,3584.305206316175,3544.212086542313,3482.7811078542886,1,0.5,12.635088250848534,-0.01014858952639841,-1.0097266357701251,12.636882326001283,0.012184891169955137,-0.0993104571382704,0,1.0,1.0
2024-03-07,3640.7511132103127,3626.2310161969913,3662.115902671126,3618.907870674109,215336.0,7768383910.0,312095.0,-0.3711080297034149,13,price_up_oi_down,0.9007084784766693,-0.002001668697858894,3600.025740639493,3561.916968839393,3495.083708588959,1,0.8,12.651062907624294,0.015974656775759044,1.6102933755279158,12.638521022186604,0.009391924285908182,0.9007084784766693,0,1.0,1.0
2024-03-08,3627.5588603821466,3668.999000740435,3672.5654254698266,3614.717628961912,226978.0,8193810410.0,305226.0,-0.296199389336,13,price_up_oi_down,-1.2416477871325726,0.011794059548996039,3619.737475437071,3577.7920696621927,3506.387838866022,1,0.2,12.628807764803293,-0.022255142821000717,-2.2009324084012682,12.643595316949803,0.008032928001503237,-1.2416477871325726,0,1.0,1.0
2024-03-11,3669.7427256239407,3595.868412379974,3670.621814585551,3593.137281942105,286109.0,10293957790.0,312537.0,-0.0883500050741112,13,price_up_oi_down,0.745852924285429,-0.01993202733107924,3623.7360827581942,3587.2795063716026,3515.234264328517,1,1.0,12.652478141149867,0.02367037634657443,2.3952743213225824,12.643595316949803,0.008032928001503237,0.745852924285429,0,1.0,1.0
2024-03-12,3598.3415995753903,3636.740944163224,3643.759834849364,3597.156232614353,208239.0,7527172420.0,308972.0,-0.3945641993818214,13,price_up_oi_down,-0.4957508658470447,0.01136652599481458,3632.268692214658,3599.140582670637,3526.3625847195995,1,0.3,12.641005936887375,-0.011472204262492625,-1.1406649452705198,12.645505878016085,0.0061223669352212795,-0.4957508658470447,0,1.0,1.0
2024-03-13,3637.9151027530047,3644.726567327032,3672.4802880511634,3614.8866410481023,248254.0,9031744260.0,304276.0,-0.2034827686709194,13,price_up_oi_down,-1.5318016349697399,0.0021958185326960145,3634.5131881615316,3609.4091972388533,3536.7612704499015,1,0.0,12.625690463238055,-0.015315473649319955,-1.5198788239712213,12.643595316949803,0.007883957100985661,-1.5318016349697399,0,1.0,1.0
2024-03-14,3640.972454363714,3605.270746076538,3642.239986235375,3585.697434124481,220307.0,7911249350.0,302985.0,-0.3186612711775021,13,price_up_oi_down,-1.7402887086207848,-0.01082545439874516,3630.321134137441,3615.173437388467,3545.4787495388982,1,0.0,12.621438578315601,-0.0042518849224535415,-0.4242858457451759,12.643121388631155,0.008403694814374418,-1.7402887086207848,0,1.0,1.0
2024-03-15,3596.147163044589,3617.68312742208,3634.0549490812377,3571.5682892079653,232766.0,8275031680.0,301910.0,-0.2600953026338116,13,price_up_oi_down,-2.0255643262405867,0.003442843053895306,3620.0579594737696,3619.89771745542,3552.7144383938016,1,0.0,12.617884238697203,-0.003554339618398572,-0.3548030430549409,12.643121388631155,0.008403694814374418,-2.0255643262405867,0,1.0,1.0
2024-03-18,3603.823945417568,3557.411574325477,3604.5889490257823,3548.2156101394444,292103.0,10408826950.0,322265.0,-0.0982677086511117,13,price_up_oi_down,2.39690302739839,-0.01666026320540459,3612.36659186287,3618.0513373105323,3561.0208495332613,0,1.0,12.683129467429527,0.06524522873232463,6.742075452949536,12.638047093867954,0.012686222193119434,2.39690302739839,0,1.0,1.0
2024-03-19,3545.5186864335874,3558.899356176866,3569.68144357502,3534.044326823554,170803.0,6039571110.0,333632.0,-0.6695277435426132,13,price_up_oi_down,4.239911733741407,0.00041822033248184454,3596.7982742655986,3614.5334832401286,3568.6391644591085,0,1.0,12.717793868127778,0.03466440069825083,3.5272213861263113,12.638047093867954,0.012686222193119434,4.239911733741407,0,1.0,1.0
2024-03-20,3548.505985732311,3582.19032323748,3586.391244549958,3537.952359311372,198055.0,6996864340.0,348691.0,-0.5656413732973155,13,price_up_oi_down,6.089263138437397,0.006544429816535802,3584.2910254476883,3609.4021068046095,3576.8070966734617,0,1.0,12.761941422178662,0.044147554050884,4.513655764435076,12.638047093867954,0.013723430519126723,6.089263138437397,0,1.0,1.0
2024-03-21,3588.7484233581263,3608.796935692101,3623.0116303344607,3586.8866712403883,215116.0,7755117720.0,357079.0,-0.5067796282995836,13,price_up_oi_down,4.192784496716181,0.007427470361366817,3584.996263370801,3607.6586987541205,3584.787833796757,0,1.0,12.78571232479649,0.023770902617828327,2.405568253840773,12.646034422255834,0.022469901479006182,4.192784496716181,0,1.0,1.0
2024-03-22,3610.551025436423,3583.655938009742,3624.770558216264,3580.988167601793,185258.0,6652741500.0,361089.0,-0.6673750172146067,13,price_up_oi_down,3.739443763338164,-0.0069665869624603305,3578.1908254883333,3599.1243924810515,3588.4582310716223,0,1.0,12.79687974432579,0.011167419529298783,1.1230007925416174,12.646742039018621,0.027080630512219095,3.739443763338164,0,1.0,1.0
2024-03-25,3539.5396614006763,3496.349770208596,3556.334430167459,3488.811024495357,343732.0,12009127400.0,375558.0,-0.0885506360220076,13,price_up_oi_down,2.3588404065182034,-0.024362318624157053,3565.978464664957,3589.1725282639136,3588.226017317758,0,1.0,12.83616819897754,0.039288454651750016,4.007045354469496,12.667803804289697,0.04814239578329538,2.3588404065182034,0,1.0,1.0
2024-03-26,3499.5185711968984,3520.4832059884934,3524.6297785822967,3484.0440120993,256319.0,8933529540.0,380463.0,-0.3949661696014168,13,price_up_oi_down,1.304144632970175,0.006902466104945049,3558.2952346272823,3577.546754446441,3588.343668558538,0,1.0,12.849144211082654,0.012976012105115231,1.306056587797344,12.700461667778653,0.0768971470018247,1.304144632970175,0,1.0,1.0
2024-03-27,3519.7259196207583,3528.9856458829377,3534.2712495240767,3507.3834108141373,175673.0,6071357550.0,382190.0,-0.7772935547977186,13,price_up_oi_down,1.0013623440475945,0.002415134342916625,3547.6542991563742,3565.972662302031,3587.690929770442,0,1.0,12.85367314613414,0.004528935051485661,0.4539206177736732,12.73986764515322,0.07665632649844412,1.0013623440475945,0,1.0,1.0
2024-03-28,3535.575339708891,3500.9927779814225,3539.655672792185,3492.1357155687847,193458.0,6746456660.0,384657.0,-0.6872915934549181,13,price_up_oi_down,0.8455022572412616,-0.00793227026416865,3526.093467614238,3555.5448654925194,3585.359151440493,0,1.0,12.86010730708364,0.006434160949499557,0.645490462858711,12.773826873487575,0.06882933154252147,0.8455022572412616,0,1.0,1.0
2024-03-29,3504.887851170612,3461.00031154172,3519.144795853744,3457.8227543915714,291869.0,9967130380.0,388391.0,-0.2857074926943666,13,price_up_oi_down,0.8804887990920109,-0.011423178788378174,3501.5623423206334,3539.8765839044836,3579.8871506799524,0,1.0,12.86976784314319,0.00966053605955075,0.9707349664766385,12.791296034561139,0.06011264404725836,0.8804887990920109,0,1.0,1.0
2024-04-01,3438.9922719022416,3432.8528346809417,3450.6900375795685,3410.487662112388,291822.0,9840665970.0,404049.0,-0.3253921303829296,13,price_up_oi_down,1.5500768657410635,-0.008132757679018998,3488.8629552151033,3527.42070994003,3572.736023625281,0,1.0,12.90929143671731,0.0395235935741205,4.031504334549485,12.816523971651664,0.04036625495722568,1.5500768657410635,0,1.0,1.0
2024-04-02,3432.730419028724,3416.446582878758,3446.865540592099,3414.708903008818,211530.0,7221626410.0,429338.0,-0.7078776551032745,13,price_up_oi_down,2.3568197516964178,-0.004779188794939548,3468.055630593156,3513.175432610219,3563.8544579251734,0,1.0,12.96999976648447,0.06070832976715934,6.258894342022847,12.842656205030096,0.03644404940870061,2.3568197516964178,0,1.0,1.0
2024-04-03,3414.744227592792,3415.136935643485,3429.166002840024,3396.483592120664,284991.0,9540186600.0,441587.0,-0.4379174553011133,13,price_up_oi_down,2.7154611830048703,-0.0003833360784378792,3445.285888545265,3496.47009385082,3552.9361003277145,0,1.0,12.998130335105907,0.028130568621437035,2.852996939474295,12.851408678608397,0.03644404940870061,2.7154611830048703,0,1.0,1.0
2024-04-08,3389.285925689367,3421.37426069106,3428.446479306728,3367.63676129604,320233.0,10791319200.0,475444.0,-0.3952002484429407,13,price_up_oi_down,3.9684378148147,0.001826376266929941,3429.3621850871923,3477.7278263507155,3542.6932625524178,0,1.0,13.072004383264447,0.07387404815854026,7.667118823697239,12.85689022660889,0.03656161886988585,3.9684378148147,0,1.0,1.0
2024-04-09,3418.212085580741,3484.624212321458,3488.257862202772,3416.9248846132923,348364.0,11897878230.0,482589.0,-0.3259174495945093,13,price_up_oi_down,4.095155788537552,0.01848670937789265,3434.08696524314,3467.8246537818873,3533.474523131469,0,1.0,13.086920638709818,0.014916255445371007,1.5028057983695664,12.864937575113416,0.03656161886988585,4.095155788537552,0,1.0,1.0
2024-04-10,3497.806664781376,3460.8190439275445,3519.648622333919,3458.1792332720333,356089.0,12268047510.0,492766.0,-0.3248537167254173,13,price_up_oi_down,3.140678527852502,-0.00683148797214328,3439.6802070924614,3464.271581153782,3526.722054708848,0,1.0,13.107789695314793,0.02086905660497429,2.1088338109654714,12.88952963993025,0.04687343490015383,3.140678527852502,0,1.0,1.0
2024-04-11,3455.2494002710414,3483.4550041665584,3501.472618069241,3448.143273528996,268424.0,9376988310.0,500413.0,-0.6228659375940793,13,price_up_oi_down,1.4959554081172273,0.006540636754392537,3453.081891350021,3460.5687609715883,3519.0577577090144,0,1.0,13.123189036454066,0.015399341139273659,1.551852197594794,12.93964560160089,0.0827553749920007,1.4959554081172273,0,1.0,1.0
2024-04-12,3482.4772917924465,3442.2494830785204,3494.9398837371346,3433.603227231717,366074.0,12650505740.0,527643.0,-0.3655844199024242,13,price_up_oi_down,1.1934133153626045,-0.01182892302003391,3458.5044008370287,3451.8951446911465,3508.9339034965888,0,1.0,13.176175197641484,0.052986161187417835,5.441505316608386,12.984065050795188,0.10857639778331407,1.1934133153626045,0,1.0,1.0
2024-04-15,3432.204034177349,3464.2203925086496,3482.206199019994,3423.833824127491,359758.0,12812069670.0,546230.0,-0.4176085492819373,13,price_up_oi_down,1.4738123592868262,0.0063827184921181335,3467.073627200546,3448.21790614387,3501.8813858181943,0,1.0,13.210795411449343,0.034620213807858846,3.5226469412083405,13.035067359185177,0.08042200669925226,1.4738123592868262,0,1.0,1.0
2024-04-16,3465.910814283732,3415.992481430791,3472.1313653569546,3381.646413645073,493533.0,17438459580.0,561144.0,-0.1283878311380508,13,price_up_oi_down,1.199157001659397,-0.013921721372621376,3453.347281022413,3443.7171231327766,3491.79685351863,0,1.0,13.237732836058983,0.026937424609640104,2.73035168335678,13.079462510987133,0.08902243126778853,1.199157001659397,0,1.0,1.0
2024-04-17,3400.890976102723,3424.395203394457,3444.4562627962587,3381.3260605234746,387641.0,13507900100.0,578826.0,-0.400922260697499,13,price_up_oi_down,1.2986511512829573,0.002459818635240918,3446.062512915795,3442.871360004128,3485.1460349720787,0,1.0,13.268757193255794,0.03102435719681118,3.151062828792761,13.097355167012307,0.08902243126778853,1.2986511512829573,0,1.0,1.0
2024-04-18,3426.341275343868,3427.645734716996,3467.5056095974905,3417.71601006746,442390.0,15468796490.0,593208.0,-0.2933532503751572,13,price_up_oi_down,1.5376683050845585,0.0009492278576130886,3434.9006590258823,3443.991275187952,3478.583353899086,0,1.0,13.293300375331645,0.024543182075850822,2.4846845165904075,13.115489365884429,0.07799593866098498,1.5376683050845585,0,1.0,1.0
2024-04-19,3422.49874822497,3441.919274734072,3458.412637068579,3395.7009979746504,535396.0,18200277400.0,592169.0,-0.1007854071086615,13,price_up_oi_down,1.3626790501051569,0.004164240158341492,3434.834617356993,3446.6695090970106,3471.569801473915,0,0.9,13.29154734609946,-0.0017530292321854546,-0.17514935739233461,13.149682117047774,0.07021960606064148,1.3626790501051569,0,1.0,1.0
2024-04-22,3475.450928128325,3446.6755002963064,3497.672203619623,3443.872722964028,391426.0,13675634740.0,605791.0,-0.436738561132374,13,price_up_oi_down,1.012401489621603,0.0013818527346496357,3431.3256389145245,3449.1996330575357,3463.4637297041254,0,1.0,13.314290321076669,0.02274297497720923,2.300356823812044,13.193485304545414,0.08048374897050081,1.012401489621603,0,1.0,1.0
2024-04-23,3441.315731558704,3420.6470111976287,3448.448254001623,3407.508289625197,342718.0,12030786230.0,626204.0,-0.6027682450326957,13,price_up_oi_down,1.2188315915660868,-0.007551766650629066,3432.256544867892,3442.8019129451523,3455.3132833635195,0,1.0,13.34743147558959,0.03314115451292032,3.3696439861273797,13.224264123754164,0.06815973696138844,1.2188315915660868,0,1.0,1.0
2024-04-24,3422.2152230262013,3457.414085170039,3459.6772477947675,3408.5541901289207,314552.0,11083421330.0,633063.0,-0.6994205389726916,13,price_up_oi_down,1.3696447346604823,0.01074857296062759,3438.860321223008,3442.4614170694017,3453.366499111592,0,1.0,13.358325222240273,0.010893746650683767,1.0953299563719154,13.253245014657388,0.05174745481366294,1.3696447346604823,0,1.0,1.0
2024-04-25,3458.165384463893,3452.2763665249754,3474.5575566819484,3444.054272204552,318029.0,11539035630.0,638243.0,-0.6965765149814995,13,price_up_oi_down,1.0615164892638302,-0.0014860003801977495,3443.7864475846045,3439.3435533052434,3449.956157138416,0,1.0,13.366474367554359,0.008149145314085615,0.8182439978328349,13.280152269677627,0.05484931976530305,1.0615164892638302,0,1.0,1.0
2024-04-26,3464.3546117339897,3636.7973995221823,3680.558036726543,3458.085284882451,1192137.0,43900177640.0,614041.0,0.6634410727448482,13,price_up_oi_down,0.43523478696795764,0.0534490908046692,3482.762072542226,3458.7983449496096,3455.3467448203783,1,0.7,13.327816980144211,-0.03865738741014724,-3.7919726499155204,13.292423860715552,0.05484931976530305,0.43523478696795764,0,1.0,1.0
2024-04-29,3632.5956562260594,3573.11457751354,3656.77016393707,3569.199793464129,564905.0,21145773220.0,613925.0,-0.0832151954329717,13,price_up_oi_down,0.40864527883094315,-0.01751068729234384,3508.0498879856727,3469.687763450099,3458.952834796984,1,0.6,13.327628049831247,-0.00018893031296407514,-0.018891246675645235,13.303795348204158,0.03933714116689746,0.40864527883094315,0,1.0,1.0
2024-04-30,3567.851984590943,3529.195899907664,3581.59237512953,3524.7272971720886,454252.0,16529634960.0,605401.0,-0.2872389382582683,13,price_up_oi_down,-0.1728543567969711,-0.012291427171764013,3529.75966572768,3481.008105297786,3462.362614215281,1,0.4,13.313646327368854,-0.013981722462393265,-1.3884432137475922,13.320959185453958,0.0285353247384057,-0.1728543567969711,0,1.0,1.0
2024-05-06,3544.688082398974,3572.635326141558,3602.3504547810708,3537.107822312827,389593.0,14383780130.0,637024.0,-0.4917047270103444,13,price_up_oi_down,1.0866251416635788,0.012308590247152473,3552.8039139219845,3495.832117572497,3469.3517387883126,1,0.9,13.36456261045366,0.050916283084806224,5.223479974430156,13.320959185453958,0.02706555012897205,1.0866251416635788,0,1.0,1.0
2024-05-07,3622.05019713082,3804.6309888866617,3805.388058825544,3618.266916880352,1021214.0,38564503330.0,613407.0,0.5097187312167899,13,price_up_oi_down,-0.025165476094979513,0.06493684397272603,3623.274838394321,3533.5306429894626,3488.760959088707,1,0.4,13.326783942400239,-0.03777866805342178,-3.7073956397247976,13.32772251498773,0.025155833927200888,-0.025165476094979513,0,1.0,1.0
2024-05-08,3829.4866410908057,3836.065829391742,3952.909745497928,3767.366746830856,1694985.0,64091943760.0,518826.0,1.183860603379826,13,price_up_oi_down,-6.723862539541667,0.008262257390243999,3663.1285243682332,3572.94529845523,3509.8074037761207,1,0.0,13.159323845820182,-0.16746009658005612,-15.41896326582507,13.32772251498773,0.016892574110367597,-6.723862539541667,0,1.0,1.0
2024-05-09,3826.03345361788,3817.4948886052766,3883.116692801088,3809.862270726438,802003.0,29456187080.0,549263.0,0.3785349688842223,13,price_up_oi_down,-4.447600959756553,-0.004841142361055484,3712.0045865865804,3610.027237286127,3529.613435171831,1,0.1,13.216332658605811,0.05700881278562875,5.866514014332225,13.32772251498773,0.016892574110367597,-4.447600959756553,0,1.0,1.0
2024-05-10,3810.0709327651343,3853.407634779813,3877.3816567451418,3803.274422190745,724803.0,26980506860.0,522556.0,0.3271677386636403,13,price_up_oi_down,-4.323115364262984,0.009407411724828174,3776.8469335610107,3653.303299644345,3548.052606294749,1,0.1,13.166487434111549,-0.04984522449426265,-4.862333708988098,13.32772251498773,0.025155833927200888,-4.323115364262984,0,1.0,1.0
2024-05-13,3943.533349203132,3866.08758227122,3953.914000114105,3857.318463234998,787556.0,29716070460.0,514305.0,0.4261180045968434,13,price_up_oi_down,-3.479713824066134,0.003290580362420359,3835.5373847869428,3694.170649354464,3568.3160332119323,1,0.0,13.150571753667919,-0.01591568044363001,-1.5789695267109827,13.327205996115744,0.03423792023122285,-3.479713824066134,0,1.0,1.0
2024-05-14,3878.29878597385,3823.5130591933257,3895.698471356688,3803.165284084465,521969.0,19856132040.0,502979.0,0.0370597794207601,13,price_up_oi_down,-2.8572385611036624,-0.011012301757758691,3839.3137988482754,3731.294318621298,3585.3189359632706,1,0.0,13.12830369870736,-0.02226805496055917,-2.2021951954580343,13.320215134884545,0.04530335411946407,-2.8572385611036624,0,1.0,1.0
2024-05-15,3836.0208685430207,3862.2008678469647,3866.727706897993,3820.7106035863294,333286.0,12451107030.0,503545.0,-0.4126721023132367,13,price_up_oi_down,-1.1335150040685407,0.010118393230178047,3844.5408065393203,3753.834665453777,3606.3165052016934,1,0.1,13.129428361526447,0.0011246628190875185,0.1125295489473821,13.264989492987333,0.08066477301633146,-1.1335150040685407,0,1.0,1.0
2024-05-16,3888.6131900353753,3863.531429516466,3906.053567801399,3843.105613244964,466790.0,17417277410.0,501869.0,-0.0724596517292344,13,price_up_oi_down,-0.7043806405440346,0.00034450866617996567,3853.7481147215576,3782.8763506540695,3626.2820570520844,1,0.0,13.12609440844358,-0.0033339530828673247,-0.33284016324267585,13.19141004635868,0.06254401624177675,-0.7043806405440346,0,1.0,1.0
2024-05-17,3883.441457926264,3901.974994925168,3913.1470022244266,3871.65465133892,427890.0,16375087940.0,487701.0,-0.130836359951309,13,price_up_oi_down,-1.2362976428157344,0.009950369528510361,3863.461586750629,3820.15426015582,3650.581182726803,1,0.0,13.097457792136886,-0.02863661630669334,-2.823047448636984,13.162905639965865,0.03570658639039603,-1.2362976428157344,0,1.0,1.0
2024-05-20,3921.0879295150567,3898.626878252057,3957.202642800629,3890.227981121408,531260.0,20300343160.0,486423.0,0.0881729278726664,13,price_up_oi_down,-1.461192993035262,-0.0008580569269320826,3869.9694459467964,3852.753415366869,3674.2927664696826,1,0.0,13.094833894700349,-0.002623897436537348,-0.2620458026535988,13.15494779974405,0.02774874616858103,-1.461192993035262,0,1.0,1.0
2024-05-21,3884.230853378337,3828.093030499873,3888.429135275113,3808.283087021825,650023.0,24523906610.0,526494.0,0.2107678113813475,13,price_up_oi_down,1.0010406552675821,-0.01809197185441036,3870.885440208105,3855.0996195281905,3694.315131258827,1,0.8,13.173995214479836,0.07916131977948737,8.237891711534973,13.140000057597183,0.022905582368682786,1.0010406552675821,0,1.0,1.0
2024-05-22,3823.620555930656,3867.387084973864,3879.216381928056,3812.447542246356,474265.0,17585024790.0,519395.0,-0.0908984354875485,13,price_up_oi_down,0.6012957732789321,0.010264655054336602,3871.9226836334856,3858.231745086402,3715.5885217708164,1,0.7,13.160419951672344,-0.01357526280749255,-1.3483534475226877,13.140000057597183,0.022905582368682786,0.6012957732789321,0,1.0,1.0
2024-05-23,3867.9155008631415,3877.6411281794185,3887.939744017384,3840.581966961258,440920.0,16817752690.0,510628.0,-0.1467778876548927,13,price_up_oi_down,0.09767994364886588,0.002651413727215113,3874.744623366076,3864.246369043817,3737.1368031649718,1,0.5,13.143396619732144,-0.017023331940199782,-1.6879253747148493,13.140000057597183,0.02345363529476341,0.09767994364886588,0,1.0,1.0
2024-05-24,3885.947468559479,3903.6880945209946,3922.1430064125457,3883.85545312638,417065.0,15890874710.0,478116.0,-0.1366112959229542,13,price_up_oi_down,-2.07838851413578,0.006717219433301613,3875.087243285241,3869.274415017935,3761.28885733114,1,0.0,13.077608659856361,-0.06578795987578268,-6.367061735744894,13.136412490629295,0.019083362040835716,-2.07838851413578,0,1.0,1.0
2024-05-27,3904.7636830084793,3895.2444578251775,3936.247350273501,3873.7036813469344,402168.0,15428881880.0,489925.0,-0.1973824063985851,13,price_up_oi_down,-0.6821470035145081,-0.0021629895860962867,3874.4107591998654,3872.1901025733305,3783.180375963897,1,0.3,13.102007597147255,0.024398937290893485,2.4699027014364106,13.128866030116903,0.02655698076551616,-0.6821470035145081,0,1.0,1.0
2024-05-28,3881.727739514626,3878.155418586728,3909.527279403436,3868.0380456990574,365791.0,13963677400.0,498248.0,-0.3090358129901133,13,price_up_oi_down,-0.20494834900827494,-0.004387154496585999,3884.4232368172366,3877.6543385126715,3804.4743285669842,1,0.4,13.118853224017812,0.01684562687055724,1.698831453793881,13.12719905357547,0.02746635893339988,-0.20494834900827494,0,1.0,1.0
2024-05-29,3855.768589215785,3845.5480672061617,3859.972776383172,3817.646891416802,303326.0,11515934520.0,502692.0,-0.5051695217814751,13,price_up_oi_down,0.15443264571413692,-0.00840795374633263,3880.0554332636966,3875.989058448591,3814.911861951184,1,0.6,13.127732935489982,0.00887971147217037,0.8919253062732446,13.122473816230695,0.022969413797628846,0.15443264571413692,0,1.0,1.0
2024-05-30,3835.614579483083,3846.616687968936,3862.73787541669,3827.683875780452,263783.0,9997324930.0,512465.0,-0.6641056205505609,13,price_up_oi_down,0.7198435641561908,0.0002778851659368531,3873.8505452216,3874.297584293837,3828.586967473953,0,0.8,13.146987694979723,0.019254759489740536,1.9441327890637794,13.122473816230695,0.022969413797628846,0.7198435641561908,0,1.0,1.0
2024-05-31,3852.7929932506304,3893.651748788311,3914.0982373350207,3846.511290550015,447759.0,17139869500.0,497859.0,-0.106061763163629,13,price_up_oi_down,-0.14219476128091926,0.012227644352109879,3871.843276075063,3873.465259680152,3846.8097599179855,0,0.4,13.118072183387087,-0.028915511592636278,-2.8501458636201127,13.123293079753896,0.024764951421418324,-0.14219476128091926,0,1.0,1.0
2024-06-03,3884.2619033641768,3918.203427251961,3944.50855075292,3853.6615883008194,557278.0,21646988370.0,484178.0,0.1406116100496936,13,price_up_oi_down,-0.992245818758193,0.006305566097761561,3876.4350699604197,3875.422914580143,3864.0881649735056,1,0.1,13.090207886683517,-0.02786429670356938,-2.747966793810952,13.123293079753896,0.022490048916234073,-0.992245818758193,0,1.0,1.0
2024-06-04,3934.3097164777273,3934.904623531751,3956.820264714832,3909.275694986416,395506.0,15471086520.0,472842.0,-0.1785953368711533,13,price_up_oi_down,-1.7027632481764172,0.004262462781699838,3887.7849109494246,3886.1040738833303,3870.6018467057606,1,0.0,13.066516573615964,-0.023691313067553565,-2.341287708239581,13.123293079753896,0.022490048916234073,-1.7027632481764172,0,1.0,1.0
2024-06-05,3951.441602315577,3948.632558334677,3991.9143932009706,3936.625560485779,428297.0,16991334730.0,452861.0,-0.055768354969247,13,price_up_oi_down,-2.412504837805811,0.0034887592245131938,3908.401809175127,3894.228621219412,3876.2301831529066,1,0.0,13.023340514112036,-0.04317605950392789,-4.225724449181745,13.118462703702448,0.02659436652431335,-2.412504837805811,0,1.0,1.0
2024-06-06,3952.233167884503,3934.5918632728567,3956.177957351787,3911.59371266444,290037.0,11393277820.0,451410.0,-0.442367516389908,13,price_up_oi_down,-2.3206568407769765,-0.0035558373321376013,3925.996844235912,3899.923694728756,3882.085031886286,1,0.0,13.020131296421033,-0.003209217691003019,-0.3204073656156048,13.11003989026717,0.026131616997231433,-2.3206568407769765,0,1.0,1.0
2024-06-07,3945.758565908783,3931.142998267288,3967.38783865088,3912.6866867064814,297514.0,11723435650.0,444390.0,-0.4012412725600883,13,price_up_oi_down,-2.3622839961999547,-0.0008765496207527868,3933.4950941317065,3902.669185103385,3885.97180006066,1,0.0,13.004457834244208,-0.015673462176824415,-1.5551272678937855,13.096107741915386,0.02616832520092416,-2.3622839961999547,0,1.0,1.0
2024-06-11,3939.539140779728,3990.2325440097934,3993.11763679026,3931.5151536317567,356596.0,14088472800.0,441095.0,-0.212656783432318,13,price_up_oi_down,-2.183624287456214,0.015031136178091264,3947.900917483273,3912.167993721846,3892.1790481475887,1,0.0,12.997015550730667,-0.007442283513540815,-0.7414658295642251,13.096107741915386,0.030608180937009344,-2.183624287456214,0,1.0,1.0
2024-06-12,3996.3229984699374,3967.873938737847,4003.983750701372,3961.661659756835,279586.0,11069371650.0,428617.0,-0.4272538087000025,13,price_up_oi_down,-1.4220021695518108,-0.005603333897296725,3954.494780524493,3921.139845736958,3899.3970921248147,1,0.0,12.968319025257415,-0.02869652547325252,-2.8288690644872827,13.07836223014974,0.05219621068897329,-1.4220021695518108,0,1.0,1.0
2024-06-13,3959.50401159347,3957.0938415168544,3963.91459332604,3934.678042989485,272250.0,10680150590.0,421029.0,-0.4359809531073959,13,price_up_oi_down,-1.3674984499521692,-0.002716844684945152,3956.187037160928,3932.2944231680276,3904.1417408083094,1,0.0,12.950456993902602,-0.017862031354813013,-1.7703450866391357,13.044928543864,0.04659616797642485,-1.3674984499521692,0,1.0,1.0
2024-06-14,3955.468424581747,3965.0634412962254,3976.425766693656,3949.734421980178,205049.0,8036647480.0,416779.0,-0.7093071303258139,13,price_up_oi_down,-1.1185633026688722,0.0020140032302888855,3962.281352765602,3944.1390985007565,3909.218341397297,1,0.0,12.940311384274825,-0.010145609627777219,-1.0094316543515114,13.021735905266535,0.04909877417927433,-1.1185633026688722,0,1.0,1.0
2024-06-17,3947.2907370673593,3864.5195203346416,3950.643731140524,3853.078689027018,435037.0,16925022200.0,412621.0,0.0529015888485086,13,price_up_oi_down,-1.1266033956714927,-0.025357455801190087,3948.9566571790724,3941.22587565539,3907.345567667771,1,0.0,12.930284775076395,-0.010026609198430236,-0.9976510332814992,13.01229456533262,0.04909877417927433,-1.1266033956714927,0,1.0,1.0
2024-06-18,3848.2182494938106,3861.1878986253614,3866.8743665375287,3828.994608214629,270097.0,10352782560.0,403888.0,-0.4023564580641907,13,price_up_oi_down,-1.4981806240510382,-0.0008621050279988829,3923.147728102186,3935.524322792729,3905.4736186864357,0,0.0,12.908892890785806,-0.021391884290588692,-2.1164700778680268,13.000736692487438,0.041348682907429435,-1.4981806240510382,0,1.0,1.0
2024-06-19,3867.5616034099135,3858.659531234882,3872.188318182829,3845.792085590333,164419.0,6314346360.0,403059.0,-0.8966649054957379,13,price_up_oi_down,-1.3091325212896736,-0.0006548159418452437,3901.3048466015925,3927.8998135630427,3907.0019437231867,0,0.0,12.906838232198208,-0.002054658587598013,-0.20525492215651697,12.98266728799404,0.03906861727249389,-1.3091325212896736,0,1.0,1.0
2024-06-20,3866.353816239168,3852.973397763467,3876.077605886984,3842.9965763104274,163064.0,6295401790.0,403124.0,-0.905101445145376,13,price_up_oi_down,-0.8545755906490939,-0.0014736033136344417,3880.480757850916,3918.333897505921,3906.281259362667,0,0.1,12.906999485908942,0.00016125371073449912,0.016126671281302407,12.959388009580008,0.041348682907429435,-0.8545755906490939,0,1.0,1.0
2024-06-21,3854.5944915338446,3878.857742089509,3882.130964360695,3842.2657015005257,185856.0,7195253820.0,389546.0,-0.74000977814368,13,price_up_oi_down,-1.3088224962501651,0.006718017918594388,3863.239618009572,3912.7604853875864,3906.342090058171,0,0.0,12.872737237448039,-0.03426224846090342,-3.368194401722524,12.945384189088713,0.037438000741339295,-1.3088224962501651,0,1.0,1.0
2024-06-24,3899.23611891962,3941.0685004137176,3942.8193245019993,3886.782090186007,325221.0,12741712150.0,373443.0,-0.1382604312504518,13,price_up_oi_down,-2.490251628930014,0.01603842225229335,3878.5494140253877,3913.75303560223,3908.211110352807,0,0.0,12.830520661467084,-0.042216575980955184,-4.133786510450643,12.93529807967561,0.028379220622034573,-2.490251628930014,0,1.0,1.0
2024-06-25,3935.297268405059,3931.640729616759,3940.997714370959,3923.5903912643007,146621.0,5781076870.0,368906.0,-0.9226908429165952,13,price_up_oi_down,-2.6485505787632113,-0.002392186483429315,3892.6399802236674,3907.8938541629263,3910.0309239423864,0,0.0,12.818297148022845,-0.012223513444238776,-1.2149109770433264,12.919588832931101,0.025795356157612304,-2.6485505787632113,0,1.0,1.0
2024-06-26,3939.290516118129,3984.966769274018,4001.3717209468846,3936.151289620968,296127.0,11857051760.0,355725.0,-0.1833695440710119,13,price_up_oi_down,-2.5159935695947353,0.013563304310985957,3917.9014278314944,3909.603137216544,3915.3714914767506,0,0.0,12.781913239413893,-0.03638390860895235,-3.572996915203319,12.907946188347374,0.03378707341339293,-2.5159935695947353,0,1.0,1.0
2024-06-27,3992.1040520189727,4028.8832242001527,4036.304589229422,3988.266867461401,276343.0,11177220400.0,353849.0,-0.2472274207003185,13,price_up_oi_down,-2.6010431156750307,0.011020532282665751,3953.083393118831,3916.7820754848735,3924.53824932645,0,0.0,12.776625547443698,-0.005287691970194075,-0.5273736734838219,12.906918859053576,0.03378707341339293,-2.6010431156750307,0,1.0,1.0
2024-06-28,4029.379560566143,4011.996809208215,4035.406285284155,3999.701108343675,195199.0,7920247690.0,341608.0,-0.5596443298288866,13,price_up_oi_down,-2.1989117673159195,-0.004191338902678199,3979.7112065425727,3921.4754122760723,3932.8072553884144,0,0.0,12.741419159826073,-0.03520638761762562,-3.4593852179884976,12.889787734823123,0.045510344852486284,-2.1989117673159195,0,1.0,1.0
2024-07-01,4019.487404335799,4072.966808994023,4077.7089718766497,4016.721506311048,277763.0,11403221540.0,350366.0,-0.232210090285958,13,price_up_oi_down,-1.016760212924061,0.015196921305089539,4006.0908682586332,3942.32014114201,3941.7730083987,1,0.1,12.766733601372998,0.02531444154692508,2.5637572890565785,12.851628949457561,0.05631723888981277,-1.016760212924061,0,1.0,1.0
2024-07-02,4084.519251470449,4052.382755405327,4086.253212884261,4036.218471239841,216699.0,8922683170.0,343180.0,-0.4597457970004747,13,price_up_oi_down,-0.99768440607182,-0.0050538230616664626,4030.239273416347,3961.439626820007,3948.4819748063683,1,0.1,12.746010369839611,-0.02072323153338651,-2.0509980991307186,12.824408904744963,0.053001818037520465,-0.99768440607182,0,1.0,1.0
2024-07-03,4057.184360101072,4058.765639642851,4069.591876022443,4035.222384627828,175816.0,7255912840.0,347866.0,-0.6823793545256359,13,price_up_oi_down,-0.6251277416034521,0.0015750941169143662,4044.9990474901133,3981.4502376608034,3954.675025611923,1,0.2,12.759572627131682,0.013562257292070612,1.36546418788972,12.80010519371837,0.043733208112064936,-0.6251277416034521,0,1.0,1.0
2024-07-04,4065.686976232408,4065.9025988745952,4110.03611733749,4060.719044820528,311382.0,12901983360.0,348497.0,-0.1126091675811443,13,price_up_oi_down,-0.3392786108533012,0.0017584063396112182,4052.402922425002,4002.743157771917,3960.5385276389193,1,0.3,12.761384900824286,0.0018122736926038385,0.18139168530411087,12.779269393428795,0.03555462859595249,-0.3392786108533012,0,1.0,1.0
2024-07-05,4074.9873056400247,4083.290543940712,4107.71643817972,4056.1829737793328,242684.0,10039599210.0,349744.0,-0.3654412727385406,13,price_up_oi_down,-0.24007164868587627,0.004276527694226928,4066.6616693715014,4023.1864379570375,3967.973461672312,1,0.4,12.764956737269783,0.0035718364454968565,0.3578223055004548,12.771679574408349,0.018888075922702363,-0.24007164868587627,0,1.0,1.0
2024-07-08,4111.919883301501,4038.4236368710535,4125.918373486283,4015.8622109840967,322059.0,13272809790.0,343988.0,-0.0658720144704761,13,price_up_oi_down,-0.8784270113150283,-0.01098792911913582,4059.7530349469075,4032.9219516027706,3973.3374936025,1,0.2,12.748362052026154,-0.016594685243628504,-1.6457751955715194,12.765845169321391,0.013424224107404292,-0.8784270113150283,0,1.0,1.0
2024-07-09,4031.086979980867,4054.4479222261216,4070.469119905631,4009.449357290299,280502.0,11492494180.0,339137.0,-0.1898233004734009,13,price_up_oi_down,-1.3846773369448884,0.003967955518278332,4060.1660683110663,4045.2026708637068,3976.548262513317,1,0.0,12.734159434517647,-0.014202617508507487,-1.4102236124516332,12.763170819047033,0.014131747708772124,-1.3846773369448884,0,1.0,1.0
2024-07-10,4047.952137263144,4000.29230076166,4051.159958799747,3971.243475594621,335911.0,13615682570.0,335189.0,0.0021516920833209,13,price_up_oi_down,-1.9296642200942435,-0.01335708893129084,4048.4714005348287,4046.735224012471,3978.1691806145077,1,0.0,12.722449830822484,-0.01170960369516294,-1.1641313097656592,12.760478763977984,0.01329255304510113,-1.9296642200942435,0,1.0,1.0
2024-07-11,4013.096548522827,3947.985597898279,4018.083090007936,3935.311919597169,293475.0,11819719780.0,338770.0,-0.1435289542769036,13,price_up_oi_down,-1.1972812510036428,-0.013075720205101393,4024.888000339565,4038.645461382284,3977.7137684335785,0,0.1,12.733076690023626,0.01062685920114248,1.0683524817341583,12.753967339578917,0.01176878872185494,-1.1972812510036428,0,1.0,1.0
2024-07-12,3953.5882356392144,3903.065090319418,3957.065644699057,3896.947376449485,351789.0,14022936210.0,344721.0,0.0202961698403777,13,price_up_oi_down,0.16426922443415864,-0.011378082940012524,3988.8429096153063,4027.7522894934045,3974.6138508847384,0,0.6,12.750490673190594,0.01741398316696774,1.7566490539303814,12.747186210932883,0.013568148662246315,0.16426922443415864,0,1.0,1.0
2024-07-15,3894.2795297956336,3938.731791169973,3949.4537880142193,3891.128592445849,303445.0,12160804360.0,338572.0,-0.1095363978691453,13,price_up_oi_down,-0.8390700101740106,0.009138126068924057,3968.9045404750905,4014.328787710999,3978.3244644265046,0,0.1,12.732492051818289,-0.017998621372305124,-1.7837613606365932,12.749426362608375,0.013612733153319567,-0.8390700101740106,0,1.0,1.0
2024-07-16,3941.7751047744273,3879.5698548316914,3946.153220126082,3875.437123870552,272307.0,10832304370.0,353934.0,-0.2621803487834144,13,price_up_oi_down,1.4754086640231066,-0.01502055470517527,3933.928926996204,3997.047497653635,3979.243562236821,0,1.0,12.776865734055722,0.04437368223743299,4.537291920182485,12.747186210932883,0.013568148662246315,1.4754086640231066,0,1.0,1.0
2024-07-17,3890.366477111336,3887.6125200624106,3916.2726349621694,3876.7425193236977,210146.0,8342217560.0,357634.0,-0.5317075898328205,13,price_up_oi_down,1.6574229643438105,0.00207308168989484,3911.3929708563546,3979.9321856955917,3980.6912116781978,0,1.0,12.787265396061617,0.010399662005895038,1.045392643826193,12.749426362608375,0.015398651376067995,1.6574229643438105,0,1.0,1.0
2024-07-18,3870.558355296659,3879.581672859532,3882.6540559067503,3848.565053523639,193870.0,7624248970.0,356324.0,-0.6086525979593235,13,price_up_oi_down,1.4458515536333685,-0.0020657529940123487,3897.712185848605,3961.300093094085,3982.0216254330007,0,0.9,12.783595708292577,-0.0036696877690403085,-0.36629626937031423,12.749426362608375,0.015940023623078226,1.4458515536333685,0,1.0,1.0
2024-07-19,3877.30250038608,3890.828839282476,3896.2868640666734,3863.2890269310906,184047.0,7264178930.0,358511.0,-0.6667681831983329,13,price_up_oi_down,1.632860967210357,0.0028990667992960795,3895.264935641216,3942.0539226282613,3982.6201802926494,0,1.0,12.789714621954154,0.006118913661577352,0.6137672455405196,12.749426362608375,0.016641991687417423,1.632860967210357,0,1.0,1.0
2024-07-22,3888.778527925576,3894.342151068318,3912.2243594194847,3882.297585583776,155949.0,6168459800.0,363094.0,-0.8451327231886954,13,price_up_oi_down,1.6279221871972802,0.0009029725878380024,3886.3870076208855,3927.645774047988,3980.28386282538,0,1.0,12.802417032892448,0.012702410938294051,1.2783429239271449,12.749426362608375,0.021955421287988663,1.6279221871972802,0,1.0,1.0
2024-07-23,3884.0133813080456,3852.129342701454,3888.7777979942266,3843.802024955131,214652.0,8408513430.0,370334.0,-0.5453871890291617,13,price_up_oi_down,1.4200590211888249,-0.010839522242616528,3880.8989051948383,3907.4139160955215,3976.308293479614,0,1.0,12.822160580132055,0.019743547239606585,1.9939740122391525,12.763678203623158,0.027777593718253613,1.4200590211888249,0,1.0,1.0
2024-07-24,3839.7311808594127,3844.7059270699774,3869.784426395614,3835.5344775686167,179938.0,7007669670.0,373591.0,-0.7305492690176073,13,price_up_oi_down,1.3167630524830114,-0.0019270940747463383,3872.3175865963517,3891.855278726353,3969.295251369412,0,1.0,12.830916895110898,0.008756314978842994,0.8794763645790793,12.78023072117415,0.025963179850927,1.3167630524830114,0,1.0,1.0
2024-07-25,3834.841077761812,3849.735713329125,3854.915058911763,3809.6884921707,263384.0,10238082440.0,365883.0,-0.3287005668154229,13,price_up_oi_down,0.6400730076054841,0.0013082369248929027,3866.3483946902697,3882.030290269437,3960.337875825861,0,0.8,12.810068889146327,-0.02084800596457015,-2.063218867692329,12.785430552177097,0.025963179850927,0.6400730076054841,0,1.0,1.0
2024-07-26,3850.019935808713,3831.78995366408,3862.653666973674,3828.125972101715,174066.0,6772963740.0,372713.0,-0.7613741488385444,13,price_up_oi_down,1.522536269129597,-0.004661556273307443,3854.5406175665908,3874.9027766039035,3951.327533048654,0,0.9,12.828563965460056,0.018495076313728376,1.8667169559669405,12.788490009007885,0.017752952011502288,1.522536269129597,0,1.0,1.0
2024-07-29,3826.554057070925,3807.4465439626806,3835.723838906029,3801.478838518966,205057.0,7930746670.0,373419.0,-0.5994131243133446,13,price_up_oi_down,1.3972237480247562,-0.006353012559605742,3837.161496145463,3861.774251883174,3938.0515197970867,0,0.9,12.83045639256598,0.001892427105923744,0.18942188761859047,12.796065827423302,0.01660157754530278,1.3972237480247562,0,1.0,1.0
2024-07-30,3813.1250637985177,3783.560477524656,3820.031656654652,3775.068317529488,188212.0,7233017240.0,384399.0,-0.714112088561999,13,price_up_oi_down,1.737515510534837,-0.006273513275163345,3823.4477231101037,3852.173314152471,3924.6104059030536,0,1.0,12.859436354618074,0.02897996205209452,2.940396712539961,12.806242961019388,0.02064928469921945,1.737515510534837,0,1.0,1.0
2024-07-31,3786.835694300746,3793.411146540896,3812.910203101271,3780.1528444406417,218248.0,8483341380.0,382917.0,-0.5621862246380882,13,price_up_oi_down,1.8264316307229067,0.0026035447496493003,3813.1887670042875,3842.7531768003196,3911.3426812479556,0,0.9,12.85557353449497,-0.003862820123103461,-0.3855369030616007,12.816114734639191,0.014571909199247557,1.8264316307229067,0,1.0,1.0
2024-08-01,3805.4765150563294,3819.514303557273,3824.674721573031,3798.321103991289,167283.0,6481712370.0,374697.0,-0.8064307104000308,13,price_up_oi_down,0.30024052727272793,0.006881183190537987,3807.1444850499165,3836.746439870093,3899.023266482089,0,0.8,12.833872978344603,-0.02170055615036759,-2.1466793064815692,12.825362272796056,0.01911931177666837,0.30024052727272793,0,1.0,1.0
2024-08-02,3826.911852677734,3864.093622914423,3871.030334405666,3808.83508118768,293500.0,11470494830.0,363928.0,-0.2150784066053524,13,price_up_oi_down,-1.2486780958606445,0.01167146286522125,3813.6052188999856,3834.0729182332884,3888.0634204307744,0,0.2,12.80471132485564,-0.029161653488962713,-2.874055570234102,12.829510179013017,0.013395444373825782,-1.2486780958606445,0,1.0,1.0
2024-08-05,3884.4025449809305,3823.831462448054,3887.331432795137,3816.5645765967793,195242.0,7625619020.0,373709.0,-0.6492376049218869,13,price_up_oi_down,0.08673273996706599,-0.010419561324190196,3816.8822025970608,3827.0218493712614,3877.3338117096255,0,0.7,12.831232698673002,0.02652137381736175,2.687619529137608,12.829510179013017,0.013395444373825782,0.08673273996706599,0,1.0,1.0
2024-08-06,3826.853483146069,3787.242863598016,3829.590791867309,3779.0572371870408,196291.0,7590989600.0,382861.0,-0.6680737469858946,13,price_up_oi_down,2.8495153300122276,-0.009568569956431516,3817.618679811733,3820.533201460918,3863.9735587782197,0,0.8,12.855427278007843,0.024194579334841038,2.4489643011006645,12.830686643838439,0.005856199106274218,2.8495153300122276,0,1.0,1.0
2024-08-07,3800.544229556828,3780.47688657644,3810.138811354367,3772.1290603255743,192249.0,7421916240.0,386507.0,-0.6983585723065641,13,price_up_oi_down,1.917177614536064,-0.0017865178614787647,3815.031827818841,3814.1102974115647,3852.982788068958,0,1.0,12.864905258100459,0.009477980092615468,0.9523038387300176,12.83107479689195,0.011902044599137795,1.917177614536064,0,1.0,1.0
2024-08-08,3787.6834088999103,3747.341529784801,3792.6766679211496,3722.142602654316,275467.0,10525419760.0,384760.0,-0.3341519240800641,13,price_up_oi_down,0.8274464685953783,-0.008764861626133658,3800.5972730643466,3803.870879057132,3842.950584663284,0,0.9,12.860375042266552,-0.004530215833906226,-0.45199698841158487,12.832552838508803,0.022679194430757832,0.8274464685953783,0,1.0,1.0
2024-08-09,3742.065710772565,3739.072370977591,3775.235152772421,3722.8260243211134,275576.0,10589982180.0,378287.0,-0.31678971416836,13,price_up_oi_down,-0.05779878579575047,-0.0022066733820454987,3775.5930226769806,3794.5991207884827,3834.7509486961926,0,0.5,12.843408445769487,-0.016966596497065112,-1.6823474373636182,12.844650128176223,0.01448998102604726,-0.05779878579575047,0,1.0,1.0
2024-08-12,3718.6105110639305,3690.031755262256,3732.140139669527,3683.168679584468,181541.0,6815498960.0,385196.0,-0.7522707721428579,13,price_up_oi_down,0.6167162105899984,-0.013115717175196995,3748.833081239821,3782.8576419184405,3822.3159469008074,0,0.9,12.8615075746362,0.018099128866712277,1.8263910734442668,12.849417861888664,0.013222288294841178,0.6167162105899984,0,1.0,1.0
2024-08-13,3686.063057032326,3616.5300121746745,3697.2103429789418,3604.129629580664,268609.0,10028991390.0,374548.0,-0.3324631750371095,13,price_up_oi_down,-1.9278157917199192,-0.019919000150273147,3714.6905109551526,3766.154595383443,3809.1639547679574,0,0.2,12.83347524462075,-0.028032330015449247,-2.764307002149524,12.855500406251407,0.0077060101169221795,-1.9278157917199192,0,1.0,1.0
2024-08-14,3614.276147241369,3638.666262627368,3650.672114946024,3581.722846783205,213035.0,7846592550.0,365476.0,-0.5397441420998782,13,price_up_oi_down,-1.9792665339873605,0.00612085351930558,3686.3283861653385,3750.68010699209,3796.7166418962042,0,0.1,12.808955892541338,-0.02451935207941247,-2.422119461324068,12.849417861888664,0.01378855447966476,-1.9792665339873605,0,1.0,1.0
2024-08-15,3652.0912045155633,3670.418938044256,3678.846190504884,3641.9972079131967,282367.0,10722831370.0,360354.0,-0.2438792383611071,13,price_up_oi_down,-1.5338022306358257,0.008726459951279075,3670.943867817229,3735.770570440788,3786.2585051554406,0,0.0,12.794842160610113,-0.014113731931225004,-1.4014600137902788,12.838640712057046,0.019260448080151704,-1.5338022306358257,0,1.0,1.0
2024-08-16,3670.56510899107,3620.768709486504,3673.8233419957546,3613.0452838932674,226050.0,8515479590.0,356517.0,-0.4556257108113052,13,price_up_oi_down,-1.6279490127743286,-0.013527128482016648,3647.2831355190115,3711.438079097996,3772.7554986656423,0,0.0,12.784137203534057,-0.010704957076056232,-1.0647862934780372,12.838441845195119,0.02249946325625718,-1.6279490127743286,0,1.0,1.0
2024-08-19,3617.914014275633,3620.6183597907057,3660.540863061826,3612.996387857624,197243.0,7331272010.0,360832.0,-0.6039760049147639,13,price_up_oi_down,-1.2672961507360632,-4.152424743519845e-05,3633.4004564247016,3691.1167688322616,3759.0693091017615,0,0.2,12.79616775503373,0.012030551499673692,1.2103209664616754,12.838441845195119,0.02249946325625718,-1.2672961507360632,0,1.0,1.0
2024-08-20,3623.690843748353,3640.858033542515,3658.887623842735,3622.523727389447,191816.0,7117626130.0,344518.0,-0.5856097595264341,13,price_up_oi_down,-2.411492000514286,0.005590115206999924,3638.2660606982695,3676.4782858267113,3748.5057436438146,0,0.0,12.74990161770804,-0.04626613732568963,-4.521217630365449,12.838441845195119,0.024764571173210292,-2.411492000514286,0,1.0,1.0
2024-08-21,3647.685493543241,3640.571762652809,3657.900106545256,3626.023823651404,154869.0,5755499630.0,340379.0,-0.7874801043905112,13,price_up_oi_down,-1.7730923043515738,-7.86273145144678e-05,3638.6471607033577,3662.4877734343477,3738.299035422956,0,0.0,12.73781498165141,-0.012086636056631406,-1.201388606691045,12.821215568581044,0.031725886508959356,-1.7730923043515738,0,1.0,1.0
2024-08-22,3639.661215350937,3614.772608899077,3645.801129194129,3600.142599636612,163444.0,5982875190.0,339833.0,-0.7319838964500344,13,price_up_oi_down,-1.2473226164981666,-0.0070865664614540025,3627.517894874322,3649.2308813457757,3726.5508802014533,0,0.0,12.73620959945508,-0.0016053821963293302,-0.16040942596335928,12.802561823787535,0.03588002140758384,-1.2473226164981666,0,1.0,1.0
2024-08-23,3605.830925841006,3604.1460525278935,3646.2587984808383,3595.1285994802884,229914.0,8396519070.0,342637.0,-0.3989662517668024,13,price_up_oi_down,-0.8244636133813273,-0.0029397579103654925,3624.1933634826005,3635.738249500806,3715.1686851446443,0,0.2,12.744426856705743,0.008217257250663579,0.8251111575390269,12.795504957821922,0.04178681345635482,-0.8244636133813273,0,1.0,1.0
2024-08-26,3592.389140087292,3629.9484554676073,3632.467551583805,3561.040429637617,301347.0,10883424870.0,343761.0,-0.131684223790885,13,price_up_oi_down,-0.6745059510275393,0.007159089161111076,3626.0593826179806,3629.729919521341,3706.2937807198914,0,0.3,12.74770192745093,0.0032750707451860706,0.3280439648958966,12.789489682072084,0.04178681345635482,-0.6745059510275393,0,1.0,1.0
2024-08-27,3629.7936435677448,3616.382904076724,3636.872053676797,3610.517492723861,162510.0,5915984100.0,343462.0,-0.7483369412952371,13,price_up_oi_down,-0.47801029192353095,-0.0037371195644527733,3621.164356724822,3629.7152087115455,3697.934902047494,0,0.3,12.746831758615292,-0.0008701688356378412,-0.08697903485270775,12.76701941062105,0.02848554720087204,-0.47801029192353095,0,1.0,1.0
2024-08-28,3623.280356716532,3618.700248331844,3648.955808880856,3609.748111599692,199815.0,7300764020.0,337049.0,-0.522836381904656,13,price_up_oi_down,-1.1910332815976694,0.0006407906232792637,3616.790053860629,3627.718607281994,3689.1993571370417,0,0.0,12.727983599358328,-0.01884815925696337,-1.8671643442361385,12.748801772579485,0.011789482026240528,-1.1910332815976694,0,1.0,1.0
2024-08-29,3620.2386781522337,3594.136534451789,3625.0298410112473,3590.3742482165608,153973.0,5599902920.0,332363.0,-0.7694504827458686,13,price_up_oi_down,-2.189235303671633,-0.006787993532036296,3612.662838971172,3620.090366922747,3677.9304686817677,0,0.0,12.713983024095143,-0.014000575263185766,-1.390302300258972,12.74726684303311,0.010254552479865175,-2.189235303671633,0,1.0,1.0
2024-08-30,3591.766300630172,3587.951422715096,3611.824441676145,3584.7879303098616,198448.0,7248374200.0,301993.0,-0.4198767372253161,13,price_up_oi_down,-9.977636627968097,-0.0017208894757906323,3609.423913008612,3616.808638245606,3664.123358671801,0,0.0,12.618159117280427,-0.09582390681471509,-9.137599552296683,12.745629307660518,0.008617017107273917,-9.977636627968097,0,1.0,1.0
2024-09-02,3587.335216591204,3601.935851571041,3635.326699725528,3586.375340906083,233272.0,8492959350.0,309158.0,-0.2816473183961095,13,price_up_oi_down,-8.738704953730808,0.00389760819151852,3603.821392229299,3614.94038742364,3653.0285781279504,0,0.1,12.641607752057691,0.023448634777263777,2.372571549671698,12.741120919178577,0.00768085340090785,-8.738704953730808,0,1.0,1.0
2024-09-03,3608.455763443082,3616.379208031589,3617.969144073392,3579.558769887281,198826.0,7201889930.0,312765.0,-0.4530220394484448,13,price_up_oi_down,-5.512247553670877,0.0040098871983653694,3603.820653020272,3612.4925048725468,3644.485395349629,0,0.2,12.653207388809731,0.011599636752039899,1.1667173419416255,12.737012290553245,0.010254552479865175,-5.512247553670877,0,1.0,1.0
2024-09-04,3611.590226459314,3586.268877229535,3612.576383574,3570.1514077549623,195798.0,7089867160.0,315817.0,-0.4780794163719801,13,price_up_oi_down,-3.075770235104606,-0.00832609886020308,3597.33437879981,3607.06221633022,3634.7749948822843,0,0.3,12.662918210893762,0.009710822084031179,0.975812510990659,12.732096599406704,0.01517024362640651,-3.075770235104606,0,1.0,1.0
2024-09-05,3591.894400611968,3586.53119571152,3611.162428409239,3581.7416920625587,153390.0,5559263760.0,322352.0,-0.742660418413536,13,price_up_oi_down,-0.9644824409614071,7.314523560975061e-05,3595.8133110517565,3604.2380750114635,3626.7344781786205,0,0.4,12.683399395155691,0.020481184261928576,2.06923629823601,12.720983311726735,0.026283531306375174,-0.9644824409614071,0,1.0,1.0
2024-09-06,3595.496394085744,3626.650988901389,3641.403533968624,3590.761409137182,246324.0,9021400850.0,336889.0,-0.3131057567182498,13,price_up_oi_down,0.42616305878506594,0.01118623845732647,3603.553224289015,3606.4885686488137,3621.11340907481,0,0.6,12.727508778223429,0.04410938306773815,4.509666451580863,12.698691209625416,0.04560973394800616,0.42616305878506594,0,1.0,1.0
2024-09-09,3635.233548616461,3576.257470969436,3644.14685666884,3561.818871365511,261823.0,9450270120.0,335164.0,-0.2469512613321998,13,price_up_oi_down,0.3931894435104094,-0.01389533155690259,3598.4175481686934,3601.119470198996,3615.4246948601685,0,0.6,12.722375243254406,-0.005133534969022691,-0.5120380896972421,12.698691209625416,0.040628409773669105,0.3931894435104094,0,1.0,1.0
2024-09-10,3584.212619200406,3597.4010415311263,3653.0872400438434,3582.674691459357,345529.0,12548451560.0,345837.0,-0.0008909897807407,13,price_up_oi_down,1.1409546691607018,0.005912205911717816,3594.621914868602,3599.2212839444364,3614.468246327991,0,1.0,12.753722844772314,0.03134760151790772,3.1844112136148572,12.698691209625416,0.032532694232283,1.1409546691607018,0,1.0,1.0
2024-09-11,3602.575796545659,3607.418064649291,3614.991356693929,3578.313807483674,201499.0,7237369040.0,348836.0,-0.5488174791228424,13,price_up_oi_down,1.3199677277762,0.002784516655919278,3598.8517523525525,3598.0930655761813,3612.9058364290877,0,1.0,12.762357176700247,0.008634331927932948,0.8671715287838833,12.698691209625416,0.032532694232283,1.3199677277762,0,1.0,1.0
2024-09-12,3612.2575641324056,3628.768481044256,3661.5603618005903,3607.845819533492,267695.0,9791539730.0,356541.0,-0.2866009675265022,13,price_up_oi_down,1.419645451671931,0.005918475766417908,3607.2992094190995,3601.556260235428,3610.823313579088,0,1.0,12.784204519236312,0.021847342536064573,2.2087743237509727,12.698691209625416,0.040628409773669105,1.419645451671931,0,1.0,1.0
2024-09-13,3624.8677224411263,3650.6368668278974,3658.7263420820686,3616.6557012112894,196053.0,7157496980.0,358078.0,-0.6023658089238205,13,price_up_oi_down,1.1490588899800904,0.006026393223452109,3612.0963850044013,3607.824804646708,3612.3167214461564,0,1.0,12.788506118746042,0.004301599509730636,0.431086466913988,12.702887319205049,0.05025772798129147,1.1490588899800904,0,1.0,1.0
2024-09-18,3651.45550667204,3638.2362097666096,3665.6103237506713,3618.7556086026857,189929.0,6911691250.0,350828.0,-0.6136457567600226,13,price_up_oi_down,0.5768923721597486,-0.003396847594995922,3624.492132763836,3611.454840466265,3613.197613944952,0,0.8,12.768051353854776,-0.020454764891265853,-2.0246985293706943,12.724942010738918,0.05040256204031035,0.5768923721597486,0,1.0,1.0
2024-09-19,3638.692697546286,3652.468269471007,3656.277679775864,3627.661797217781,152861.0,5542788410.0,352216.0,-0.8347156120367908,13,price_up_oi_down,0.5960859709932029,0.003911802006200782,3635.5055783518123,3615.0637466102066,3613.778125741377,1,0.8,12.771999902746064,0.003948548891287373,0.3956354680926699,12.740615811497872,0.03551212504767243,0.5960859709932029,0,1.0,1.0
2024-09-20,3645.176848435151,3696.5225185578815,3704.284687446215,3635.185720468316,277849.0,10163006290.0,361302.0,-0.2626363730490747,13,price_up_oi_down,0.9392373202031565,0.012061500836324957,3653.3264691335303,3626.089110743041,3616.5756635366306,1,1.0,12.797469452686421,0.02546954994035744,2.5796670225087803,12.75804001073628,0.028315308254896365,0.9392373202031565,0,1.0,1.0
2024-09-23,3688.30047410273,3638.798802036208,3720.679383712399,3622.09215479841,378315.0,13773693840.0,363617.0,0.0396260660376541,13,price_up_oi_down,1.2325865460393193,-0.015615681016923233,3655.3325333319212,3631.31587137551,3617.7769731934873,1,1.0,12.803856394867962,0.006386942181540789,0.6407382189968835,12.76520426527751,0.0211510537136661,1.2325865460393193,0,1.0,1.0
2024-09-24,3648.825481863628,3656.046853528868,3664.2758026417946,3613.894936164494,279448.0,10081568780.0,355128.0,-0.239662059093616,13,price_up_oi_down,0.39588914087005483,0.004740039895310577,3656.414530672115,3634.255457838258,3620.372013243536,1,0.6,12.78023356685048,-0.023622828017481723,-2.334599317413555,12.77002562830042,0.01739163698686408,0.39588914087005483,0,1.0,1.0
2024-09-25,3667.8066242247182,3622.476531415084,3704.210199548984,3600.256002143919,333687.0,12176396940.0,355880.0,-0.0643901675252257,13,price_up_oi_down,0.32150597432974326,-0.00918213673366386,3653.2625950018096,3638.877363882823,3619.9984170409093,1,0.6,12.782348874358703,0.0021153075082231965,0.2117546349484689,12.776116734798272,0.013074471022897605,0.32150597432974326,0,1.0,1.0
2024-09-26,3615.204687597105,3584.242531322086,3621.388405626078,3563.997463777009,285481.0,10228270830.0,353744.0,-0.2143980107137768,13,price_up_oi_down,-0.29711081636979547,-0.010554657776640552,3639.6174473720253,3637.561512861919,3618.391398403178,1,0.4,12.776328766665001,-0.006020107693702315,-0.600202315387155,12.781291220604592,0.01126559230417179,-0.29711081636979547,0,1.0,1.0
2024-09-27,3586.4037960296364,3586.643906592729,3604.352026680496,3573.963532120601,195778.0,7027051200.0,332351.0,-0.529210275126208,13,price_up_oi_down,-5.5037580480321715,0.0006699812441981479,3617.6417249789947,3635.4840970562627,3616.788581316222,0,0.0,12.713946918341385,-0.06238184832361604,-6.047593740105961,12.781291220604592,0.00825310799998924,-5.5037580480321715,0,1.0,1.0
2024-09-30,3594.076284727591,3593.1558237180548,3617.845564282004,3563.904246791152,261390.0,9386743750.0,302470.0,-0.1459685540878499,13,price_up_oi_down,-13.203095609386065,0.0018156017979247263,3608.5131293153645,3631.9228313236426,3616.7395457795355,0,0.0,12.619737377981291,-0.09420954036009377,-8.990795875444935,12.781291220604592,0.00825310799998924,-13.203095609386065,0,1.0,1.0
2024-10-08,3575.078208160852,3526.5356701468904,3588.9664955985254,3518.142072046632,271449.0,9579441930.0,310708.0,-0.1350792879528028,13,price_up_oi_down,-8.683723902659532,-0.018540847332980004,3582.610892638969,3619.5127116555423,3613.668758151125,0,0.1,12.646608843359925,0.026871465378633275,2.723575891824148,12.77828116675774,0.010227382445632927,-8.683723902659532,0,1.0,1.0
2024-10-09,3529.30147507711,3534.426470452212,3550.180861307253,3517.339657797478,165178.0,5820480830.0,324339.0,-0.6747655847962843,13,price_up_oi_down,-3.6250166644354826,0.0022375501181284285,3565.000880446394,3609.131737724102,3610.293289095184,0,0.2,12.689544544084299,0.04293570072437447,4.387077255815619,12.774164334705532,0.015744828817030765,-3.6250166644354826,0,1.0,1.0
2024-10-10,3542.133216930989,3540.913922856932,3563.1703182136,3531.1794979987826,146924.0,5196710800.0,324488.0,-0.7923331092092697,13,price_up_oi_down,-2.1422076309269453,0.0018355035700856615,3556.335158753364,3597.976303062694,3606.5200248364504,0,0.3,12.690003834473323,0.0004592903890241473,0.04593958790044539,12.774164334705532,0.026498589071660028,-2.1422076309269453,0,1.0,1.0
2024-10-11,3538.191389546867,3509.291316241263,3549.3894914941407,3501.9220012384485,180175.0,6321733530.0,333761.0,-0.6164965671623234,13,price_up_oi_down,-0.33838756057872194,-0.008930634097469081,3540.8646406830703,3579.2531828310325,3602.6711467870364,0,0.5,12.718180446954966,0.028176612481642493,2.8577327975148448,12.745137842503194,0.053732809106548984,-0.33838756057872194,0,1.0,1.0
2024-10-14,3520.4448900919374,3539.121089235875,3551.185649516108,3508.7075800890657,176833.0,6296126900.0,331425.0,-0.6281957553148996,13,price_up_oi_down,-0.053194603745377995,0.008500227056259968,3530.0576937866344,3569.2854115509995,3600.3006414632546,0,0.4,12.71115681866705,-0.007023628287916139,-0.6999020257011712,12.716063682648176,0.0622174841095644,-0.053194603745377995,0,1.0,1.0
2024-10-15,3533.420319312953,3542.743199158585,3556.670921210089,3521.505645618009,155493.0,5535805910.0,336576.0,-0.7722232634380146,13,price_up_oi_down,0.21804294845552302,0.0010234489952114512,3533.299199588974,3557.955046113971,3596.1052519761142,0,0.7,12.726579256949016,0.015422438281966322,1.5541977823037678,12.712551868504217,0.04339211129035103,0.21804294845552302,0,1.0,1.0
2024-10-16,3544.881600189933,3586.655631090501,3606.877530707021,3542.658155270655,271710.0,9745993020.0,335974.0,-0.212298454961796,13,price_up_oi_down,0.3623665576607059,0.012395036688616301,3543.745031716631,3554.3729560815127,3596.6251599821685,0,0.7,12.7247890549989,-0.0017902019501168098,-0.17886004943913347,12.712551868504217,0.02277767922540619,0.3623665576607059,0,1.0,1.0
2024-10-17,3592.9921705076163,3530.7231193862267,3601.1122581455734,3529.778296440522,228588.0,8204406210.0,320640.0,-0.3383977419118839,13,price_up_oi_down,-1.2716089115514837,-0.015594614442331789,3541.70687102249,3549.021014887927,3593.291263874923,0,0.2,12.678074277438583,-0.04671477756031628,-4.564043646234395,12.712551868504217,0.018287711237846338,-1.2716089115514837,0,1.0,1.0
2024-10-18,3537.572653689002,3579.811426381544,3590.918815068117,3532.510914257886,260789.0,9324247500.0,326175.0,-0.2237223959029375,13,price_up_oi_down,-0.18132771203535847,0.013903187912353454,3555.8108930505464,3548.337766866808,3591.9109319615354,0,0.5,12.69518932613395,0.017115048695366397,1.7262350299401152,12.700580326570186,0.020053084758191453,-0.18132771203535847,0,1.0,1.0
2024-10-21,3599.262443327344,3585.463902824496,3611.228120733177,3566.6877892477664,195942.0,7048137840.0,330289.0,-0.5221493317136678,13,price_up_oi_down,0.4622514327156829,0.0015789872062241805,3565.0794557682702,3547.5685747774523,3589.7457030505475,0,0.6,12.707723307766496,0.012533981632547153,1.261286119414451,12.692596580303636,0.02207205250737143,0.4622514327156829,0,1.0,1.0
2024-10-22,3582.3759726508147,3572.4298623284385,3593.4898478067325,3561.292474812116,132121.0,4746946960.0,331441.0,-0.9197316455312112,13,price_up_oi_down,0.45924586261294487,-0.0036352452149329695,3571.016788402241,3552.1579939956073,3585.835352825575,0,0.7,12.711205093884072,0.003481786117575325,0.348785457584011,12.701456316950223,0.01431795143533332,0.45924586261294487,0,1.0,1.0
2024-10-23,3578.173084020546,3604.4898088061054,3608.1205371454353,3576.40697062294,169987.0,6157665620.0,332542.0,-0.6710442043702131,13,price_up_oi_down,0.23157957619580652,0.0089742689746668,3574.5836239453624,3559.1643278309966,3584.148032777549,0,0.7,12.714521446890352,0.0033163530062800817,0.3321858188938709,12.709440063216773,0.01479986443247494,0.23157957619580652,0,1.0,1.0
2024-10-24,3595.793625287004,3563.972894963736,3601.436534231282,3551.643428063943,167226.0,6028664960.0,323593.0,-0.6601403623526624,13,price_up_oi_down,-1.567065181920727,-0.011240679261565023,3581.233579060864,3561.4702250416767,3579.7232640521856,0,0.1,12.687241832288501,-0.027279614601850355,-2.6910886444418747,12.71118095627556,0.010303794701371771,-1.567065181920727,0,1.0,1.0
2024-10-25,3563.26480757574,3565.2381201289554,3571.359843887653,3552.2238145592164,111520.0,3980291010.0,319490.0,-1.0525220274110163,13,price_up_oi_down,-2.402378073057472,0.00035500414916378453,3578.3189178103466,3567.0649054304463,3573.1590441307394,0,0.0,12.674481253405368,-0.012760578883133533,-1.2679507900355769,12.71118095627556,0.010303794701371771,-2.402378073057472,0,1.0,1.0
2024-10-28,3561.0596515836537,3536.2050887197724,3569.740714223185,3522.2588275361286,188733.0,6726976350.0,301962.0,-0.469967863795554,13,price_up_oi_down,-4.164727034760407,-0.00814336390191317,3568.467154989402,3566.773305378836,3568.0293584649176,0,0.0,12.618056460625453,-0.05642479277991441,-5.486243700898374,12.709440063216773,0.01479986443247494,-4.164727034760407,0,1.0,1.0
2024-10-29,3535.56956221718,3496.297634636466,3536.714170548191,3492.2604725942056,151650.0,5362553380.0,300123.0,-0.6826171564945775,13,price_up_oi_down,-3.2158306880291554,-0.01128539015189145,3553.2407094510068,3562.128748926624,3560.041897520298,0,0.0,12.611947669611304,-0.006108791014149517,-0.6090170286328078,12.701456316950223,0.018773611355198838,-3.2158306880291554,0,1.0,1.0
2024-10-30,3499.008064596622,3499.4559325307405,3512.696379199459,3485.218790072665,184935.0,6559120100.0,295127.0,-0.4674013601835848,13,price_up_oi_down,-3.5283832373381308,0.0009033263824529403,3532.233934195934,3553.4087790706485,3553.8908675760804,0,0.0,12.595161051154347,-0.016786618456956504,-1.6646508264944182,12.691215579211224,0.018361920239351903,-3.5283832373381308,0,1.0,1.0
2024-10-31,3503.468999808367,3484.015979538439,3507.5142630311,3479.632767124788,100310.0,3554192670.0,288932.0,-1.0579259754133874,13,price_up_oi_down,-2.735374242504391,-0.0044121009922636345,3516.242551110875,3548.7380650858695,3548.8795399868977,0,0.0,12.573946645290919,-0.02121440586342871,-2.0990963212446867,12.682658054863541,0.0268061459617428,-2.735374242504391,0,1.0,1.0
2024-11-01,3479.299890658196,3480.84007625942,3495.178985390968,3470.535631645639,121092.0,4262579710.0,289538.0,-0.8717359619231868,13,price_up_oi_down,-2.209253511899788,-0.0009115639244110518,3499.3629423369675,3538.8409300736566,3543.589348470233,0,0.1,12.576041828175716,0.0020951828847977083,0.2097379314163872,12.680861542846934,0.03200172754027797,-2.209253511899788,0,1.0,1.0
2024-11-04,3488.1552387449315,3538.0292413151483,3587.7006785832505,3487.09290084874,477552.0,17137858620.0,309562.0,0.4335146593506792,13,price_up_oi_down,-0.04020956774448368,0.01642970196929716,3499.7277728560425,3534.097463922722,3540.833019350087,0,0.5,12.642913674146572,0.06687184597085505,6.915845243111374,12.64626885701541,0.05628112830607446,-0.04020956774448368,0,1.0,1.0
2024-11-05,3538.5370451570466,3535.5879859798747,3554.800510614155,3526.5610485242364,155612.0,5560187390.0,309555.0,-0.6877700527209412,13,price_up_oi_down,0.17000766176761717,-0.000690004284522594,3507.5858431247243,3530.413276287866,3541.2856351417367,0,0.5,12.642891061296334,-2.2612850237635485e-05,-0.002261259456903808,12.630485067386012,0.04921971261482572,0.17000766176761717,0,1.0,1.0
2024-11-06,3540.2203692731746,3501.170845759668,3558.024193109715,3499.1774958395813,164567.0,5862751650.0,303455.0,-0.611915547208996,13,price_up_oi_down,-0.12729837178215064,-0.009734488395334973,3507.92882577051,3520.081379983222,3539.62285390711,0,0.5,12.622988608307361,-0.01990245298897264,-1.9705706578798332,12.630473760960893,0.039660101125510216,-0.12729837178215064,0,1.0,1.0
2024-11-07,3517.3065664569995,3548.0849406311468,3557.123467977762,3516.7218423905338,174151.0,6241031160.0,308074.0,-0.5704172748842762,13,price_up_oi_down,0.49641935446772684,0.013399544591860657,3520.7426179890513,3518.492584549963,3539.98140479582,0,0.6,12.638095292838223,0.015106684530861614,1.5221367253794416,12.620522534466406,0.023876311496112024,0.49641935446772684,0,1.0,1.0
2024-11-08,3566.0541093270936,3584.333514551391,3598.995683385284,3556.5248750575283,243265.0,8836893330.0,318217.0,-0.2685821558764755,13,price_up_oi_down,1.5059002809747377,0.010216377151837985,3541.4413056474455,3520.4021239922063,3543.7335147113263,0,0.9,12.670488818977272,0.032393526139049555,3.2923907892258075,12.620522534466406,0.022379833255046222,1.5059002809747377,0,1.0,1.0
2024-11-11,3558.2143330974,3554.674180756907,3564.853603731725,3519.281793002451,165899.0,5975012000.0,315230.0,-0.641923361668907,13,price_up_oi_down,1.2216654403299985,-0.008274713743594342,3544.770293535797,3522.2490331959198,3544.5111692873784,0,0.9,12.66105781010173,-0.009431008875543156,-0.9386676387495796,12.620522534466406,0.022379833255046222,1.2216654403299985,0,1.0,1.0
2024-11-12,3544.6776230811465,3532.841670919718,3558.183530380896,3521.627558347727,127261.0,4575867220.0,311541.0,-0.8952908550515776,13,price_up_oi_down,0.5148770890136039,-0.006141915890738536,3544.2210305237663,3525.9034368242455,3544.016092875435,0,0.8,12.649286229736138,-0.01177158036559156,-1.170256638010314,12.630541950572791,0.02455507024521264,0.5148770890136039,0,1.0,1.0
2024-11-13,3539.544433065482,3531.88262963666,3548.223958316613,3526.610248660092,98341.0,3543547370.0,310811.0,-1.1507439796683774,13,price_up_oi_down,0.228453315452118,-0.00027146455244575485,3550.3633872991645,3529.1461065348376,3541.277442802743,0,0.7,12.646940289384721,-0.0023459403514163313,-0.2343190783877569,12.640493177067277,0.019034600897184006,0.228453315452118,0,1.0,1.0
2024-11-14,3534.408977668484,3488.348053018793,3537.1547015919814,3483.5345081102464,162320.0,5753290870.0,300799.0,-0.6168725720845144,13,price_up_oi_down,-1.5779694727133133,-0.012326167424863033,3538.4160097766944,3529.5793138828726,3539.1586894843704,0,0.2,12.61419754658421,-0.03274274280051159,-3.2212502131521714,12.642902367721453,0.012269652197480774,-1.5779694727133133,0,1.0,1.0
2024-11-15,3488.6009365693167,3448.921144389808,3490.1723831444056,3445.394272680864,149694.0,5231249400.0,301995.0,-0.701817250484391,13,price_up_oi_down,-1.3598288360143935,-0.011302458364171875,3511.333535744377,3526.3874206959117,3532.614175384784,0,0.2,12.618165739928559,0.003968193344348947,0.39760770481289676,12.642902367721453,0.012269652197480774,-1.3598288360143935,0,1.0,1.0
2024-11-18,3438.1287697684497,3430.711979669533,3444.65131481059,3418.6525506022235,119310.0,4130403760.0,309683.0,-0.9538240457540323,13,price_up_oi_down,0.022104623394876264,-0.005279669774385876,3486.541095526902,3515.6556945313496,3524.876579227036,0,0.6,12.643304472623878,0.025138732695319632,2.5457375122104775,12.642902367721453,0.012269652197480774,0.022104623394876264,0,1.0,1.0
2024-11-19,3431.635064222552,3442.718448421548,3447.5808390047764,3428.1418069437973,98261.0,3411093010.0,314802.0,-1.1643166659932898,13,price_up_oi_down,0.9273847952541078,0.0034997017596247737,3468.5164510272684,3506.368740775518,3518.3910085316916,0,0.8,12.659699148745355,0.016394676121477048,1.6529806285782156,12.643097766960107,0.01207425295882647,0.9273847952541078,0,1.0,1.0
2024-11-20,3430.77704894148,3432.439577367679,3435.186974763915,3417.2729222404287,103043.0,3567097480.0,321982.0,-1.1393492665217473,13,price_up_oi_down,1.6414981967509845,-0.0029856844838944685,3448.6278405734724,3499.495613936318,3509.7884969597703,0,1.0,12.682250922342929,0.022551773597573543,2.2807987242774885,12.645122381004299,0.015256098419243358,1.6414981967509845,0,1.0,1.0
2024-11-21,3437.636176539975,3449.123085111947,3453.630056817316,3426.7343345749464,110241.0,3845170710.0,325019.0,-1.0812147638176222,13,price_up_oi_down,2.39356952933487,0.004860539382622653,3440.782846992103,3489.5994283843984,3504.046006467181,0,1.0,12.691638921141527,0.009387998798597863,0.943220428471192,12.648113259560429,0.012265219863113686,2.39356952933487,0,1.0,1.0
2024-11-22,3443.253063230483,3418.256835597876,3447.7059298736,3413.126137382674,128626.0,4420564170.0,333548.0,-0.9528778143726356,13,price_up_oi_down,3.12872848024616,-0.008949013634017455,3434.649985233717,3472.991760489047,3496.696942240627,0,1.0,12.717542062017152,0.025903140875625397,2.6241542802114104,12.654492689240747,0.013592173176697031,3.12872848024616,0,1.0,1.0
2024-11-25,3420.656628343781,3446.057064965302,3455.2368686572413,3419.266156625353,186384.0,6507729380.0,334163.0,-0.5838198362264158,13,price_up_oi_down,2.247635360148364,0.008132867336916538,3437.7190022928708,3462.1300489098867,3492.189541052903,0,1.0,12.719384176865974,0.0018421148488219075,0.18438125846949038,12.654492689240747,0.019473224859525295,2.247635360148364,0,1.0,1.0
2024-11-26,3455.955675972331,3462.663592614957,3477.9005048190006,3452.6356407519315,142726.0,5008811450.0,327906.0,-0.831800273638084,13,price_up_oi_down,0.9680721803500834,0.004818993805554506,3441.708031131552,3455.11224107941,3490.5078389518276,0,0.8,12.700482260926993,-0.018901915938981162,-1.8724394980893289,12.654492689240747,0.03204259120718511,0.9680721803500834,0,1.0,1.0
2024-11-27,3468.223435615705,3466.2948956509044,3476.1262348799537,3451.558817221516,104608.0,3672412190.0,328896.0,-1.1455215608279643,13,price_up_oi_down,0.7672796625939409,0.0010487022313376837,3448.479094788197,3448.5534676808347,3488.849787107836,0,0.8,12.703496870351902,0.003014609424909054,0.30191579294078785,12.670975035544142,0.028588894151557298,0.7672796625939409,0,1.0,1.0
2024-11-28,3463.1080829320545,3439.3627634952445,3472.764417985806,3428.1783469971915,157221.0,5481933390.0,328801.0,-0.7378002456806183,13,price_up_oi_down,0.37927843777508574,-0.007769717512912999,3446.527030464857,3443.6549387284795,3486.6171263056763,0,0.7,12.703207983522068,-0.0002888868298338565,-0.028884510605153846,12.686944921742228,0.0289214566358984,0.37927843777508574,0,1.0,1.0
2024-11-29,3446.8210600268244,3488.500910072953,3493.5750715840795,3441.88264097347,225338.0,7927595980.0,337885.0,-0.4051041036834191,13,price_up_oi_down,1.3149293089732215,0.014286991502975965,3460.575845359872,3447.612915296794,3487.0001679963525,0,1.0,12.730460879885133,0.027252896363064494,2.7627653200568147,12.69606059103426,0.01764556983711163,1.3149293089732215,0,1.0,1.0
2024-12-02,3497.251051822514,3500.810441359724,3534.5594572680534,3477.457808315862,216125.0,7621786990.0,345070.0,-0.4678903509975028,13,price_up_oi_down,2.0154951232400182,0.00352860199956595,3471.5265206387567,3454.6227614658137,3485.139227998582,0,1.0,12.751502573983094,0.02104169409796164,2.1264631457447614,12.70184512222453,0.016617997217033498,2.0154951232400182,0,1.0,1.0
2024-12-03,3496.433582180036,3495.722084772263,3506.0779574365533,3473.5620561659584,131984.0,4650216170.0,349218.0,-0.9730156659103544,13,price_up_oi_down,2.6826281622753276,-0.0014534796078489176,3478.138219070218,3459.923125100885,3483.1459329382014,0,1.0,12.763451648010868,0.011949074027773676,1.2020749413163445,12.703352426936984,0.01511069250457897,2.6826281622753276,0,1.0,1.0
2024-12-04,3500.818250493605,3477.349161138625,3507.182270295019,3460.158260864637,141091.0,4962939580.0,352144.0,-0.9146351105778334,13,price_up_oi_down,2.85845838020884,-0.005255830752013302,3480.3490721677617,3464.41408347798,3481.954848707149,0,1.0,12.771795461834452,0.008343813823584512,0.8378720455415989,12.710519466184527,0.014458875150267225,2.85845838020884,0,1.0,1.0
2024-12-05,3470.8826117609083,3439.605953669057,3471.7348203642828,3414.2069861785258,213708.0,7387384190.0,342881.0,-0.4727728509113802,13,price_up_oi_down,1.082708745474787,-0.010854017160936813,3480.3977102025246,3463.46237033369,3476.5308993590443,0,0.7,12.745138727175386,-0.026656734659066927,-2.630457994456803,12.718463119441562,0.01661799721703172,1.082708745474787,0,1.0,1.0
2024-12-06,3430.720895204967,3426.1683789937565,3442.749754550915,3421.488628730166,125517.0,4316308600.0,340375.0,-0.9976067434283836,13,price_up_oi_down,0.4027757694876056,-0.003906719216184129,3467.9312039866854,3464.253524673278,3468.622642581163,0,0.6,12.73780322997606,-0.007335497199324692,-0.7308658105872667,12.724922528375554,0.02157010143856919,0.4027757694876056,0,1.0,1.0
2024-12-09,3434.356919103828,3517.4860976334844,3518.8844087076995,3430.8836163410097,298089.0,10533145180.0,356558.0,-0.1791048198342427,13,price_up_oi_down,1.4480827791012503,0.02665301542084375,3471.266335241437,3471.396427940097,3466.763238424991,0,1.0,12.784252198450567,0.04644896847450575,4.754461990451708,12.734132054930598,0.023345056066383485,1.4480827791012503,0,1.0,1.0
2024-12-10,3527.6078434128485,3504.24786472611,3544.059684374455,3495.326988051092,258167.0,9206165500.0,346911.0,-0.2954616005557541,13,price_up_oi_down,0.39595189194206953,-0.0037635494611566456,3472.9714912322065,3475.554855151212,3465.333548115311,0,0.7,12.756823541881456,-0.027428656569110643,-2.705590675289815,12.741470978575723,0.026152576346937018,0.39595189194206953,0,1.0,1.0
2024-12-11,3507.7618201639275,3522.7120725567243,3530.8875933546715,3493.342546347975,184953.0,6548637070.0,350953.0,-0.640550572619065,13,price_up_oi_down,0.8213482758683801,0.005269092981827983,3482.0440735158263,3481.196572841794,3464.875020261314,1,0.8,12.768407590348275,0.011584048466819041,1.1651403385882553,12.74832065057924,0.016495384062867657,0.8213482758683801,0,1.0,1.0
2024-12-12,3511.1999351316595,3500.129143581832,3512.96467832766,3491.7496225581094,158341.0,5614581460.0,342216.0,-0.770691181401026,13,price_up_oi_down,-0.4833453667452312,-0.0064106655638482835,3494.1487114983815,3487.2732108504524,3465.4640747894664,1,0.3,12.743197395630064,-0.025210194718210843,-2.4895071419820614,12.754163057932274,0.015302180186107073,-0.4833453667452312,0,1.0,1.0
2024-12-13,3492.19697093546,3492.3198652812603,3510.753366444977,3479.969681525712,166604.0,5893468490.0,348875.0,-0.7390939528081283,13,price_up_oi_down,0.4444441279942668,-0.0022311400466156206,3507.3790087558823,3487.655106371284,3467.6340108340396,1,0.6,12.762468970838624,0.01927157520855971,1.9458470673493933,12.754163057932274,0.012605097359105422,0.4444441279942668,0,1.0,1.0
2024-12-16,3481.6693444211214,3526.052151491005,3528.503024603073,3470.33131877004,187335.0,6576262010.0,356404.0,-0.6431664608950716,13,price_up_oi_down,1.5595102355126937,0.0096589910177165,3509.0922195273865,3490.1792773844113,3472.4010194251123,1,0.9,12.783820197860367,0.021351227021742858,2.1580795413829623,12.759646256360039,0.010455269731324712,1.5595102355126937,0,1.0,1.0
2024-12-17,3519.02272319627,3505.5275429091485,3533.981804138425,3499.18007893825,153319.0,5380185010.0,351615.0,-0.8300161088322642,13,price_up_oi_down,0.37103036833497327,-0.005820846572895388,3509.348155163994,3491.1598231980997,3475.5414741494924,1,0.7,12.770292105999198,-0.013528091861168434,-1.3436998462418526,12.762960309424745,0.013328367329533464,0.37103036833497327,0,1.0,1.0
2024-12-18,3496.0377168712976,3468.4371000663145,3496.5824388742776,3460.586728294301,173916.0,5993058450.0,348339.0,-0.6946037195126842,13,price_up_oi_down,-0.22520078967395551,-0.010580559527440858,3498.493160665912,3490.2686170908696,3477.341350284424,1,0.4,12.760931422523202,-0.009360683475996723,-0.9317008660040038,12.76543828059345,0.013498327989455383,-0.22520078967395551,0,1.0,1.0
2024-12-19,3470.717136099763,3457.7511136963767,3480.765226064777,3447.6631704028696,143522.0,4935354590.0,347267.0,-0.8836056029662442,13,price_up_oi_down,-0.20652901053875658,-0.003080922635077754,3490.0175546888213,3492.0831330936016,3477.772751713646,0,0.4,12.757849215501794,-0.0030822070214071573,-0.30774618977488233,12.761700196680913,0.012576689411906372,-0.20652901053875658,0,1.0,1.0
2024-12-20,3457.625643298755,3497.518347706853,3501.623562801393,3454.902716534073,167920.0,5832929550.0,355167.0,-0.7491004258842575,13,price_up_oi_down,1.6438206553747452,0.011500895438354641,3491.0572511739397,3499.2181299649105,3481.735827319095,0,0.8,12.780343380378772,0.022494164876977862,2.2749066280411734,12.761700196680913,0.007649651492823928,1.6438206553747452,0,1.0,1.0
2024-12-23,3487.386231382934,3474.866541353384,3493.708584231507,3464.633860180311,160293.0,5546394070.0,354312.0,-0.7931744903601401,13,price_up_oi_down,1.0402101534116241,-0.006476536818833423,3480.820129146415,3494.9561743369004,3483.1763011384987,0,0.7,12.777933159882034,-0.0024102204967384466,-0.240731824747209,12.76543828059345,0.008101901901825137,1.0402101534116241,0,1.0,1.0
2024-12-24,3469.522201835897,3462.2246584498266,3478.098302184493,3461.1098483132064,113837.0,3932714030.0,353096.0,-1.1319723739760177,13,price_up_oi_down,0.7540013056830298,-0.003638091636933405,3472.1595522545513,3490.7538537092723,3483.1543544302426,0,0.7,12.774495253616685,-0.0034379062653489,-0.3432003432004338,12.76543828059345,0.008101901901825137,0.7540013056830298,0,1.0,1.0
2024-12-25,3455.659716342981,3476.435649282957,3503.220619937107,3453.200502303404,214217.0,7418881300.0,354930.0,-0.5049310669899089,13,price_up_oi_down,0.8193049218061553,0.0041045836810293945,3473.7592620978794,3486.1262113818957,3483.661392111845,0,0.8,12.779675865915818,0.005180612299133358,0.5194054874595677,12.769349848173736,0.00850086867941613,0.8193049218061553,0,1.0,1.0
2024-12-26,3477.6330931201446,3458.614590322716,3484.193277784034,3455.5910667605067,136872.0,4747466760.0,356195.0,-0.9564321511768608,13,price_up_oi_down,0.8180896313786887,-0.005126244452106188,3473.931957423147,3481.9747560559845,3484.6239834532184,0,0.9,12.783233612681345,0.0035577467655265593,0.35640830586307626,12.77239367980794,0.008937204770074203,0.8180896313786887,0,1.0,1.0
2024-12-27,3466.4493840808595,3476.6809368734566,3488.130929086341,3461.8487811343743,141621.0,4903764480.0,345148.0,-0.8908188352023769,13,price_up_oi_down,-2.552302905153058,0.005223579002208156,3469.764475256468,3480.4108632152042,3484.0329847932435,0,0.0,12.751728589532767,-0.031505023148577393,-3.1013910919579946,12.776214206749358,0.0064707533410732765,-2.552302905153058,0,1.0,1.0
2024-12-30,3470.2085160019133,3386.9858277825474,3476.4405864711766,3385.7350885094647,304805.0,10313255860.0,359859.0,-0.1660400601846477,13,price_up_oi_down,1.7984354331222214,-0.02579906258857656,3452.1883325423005,3466.504230844358,3478.341754114385,0,1.0,12.793467567044203,0.04173897751143585,4.262229536314788,12.776214206749358,0.0064707533410732765,1.7984354331222214,0,1.0,1.0
2024-12-31,3384.9967566928403,3370.7668510142003,3394.853232136121,3362.8065453768563,193972.0,6540362330.0,345543.0,-0.5774032740219461,13,price_up_oi_down,-2.4330786822083663,-0.004788616661843492,3433.8967710551756,3453.0281616548627,3472.0939924264812,0,0.1,12.752872371753943,-0.04059519529026012,-3.978224804715058,12.776214206749358,0.0064707533410732765,-2.4330786822083663,0,1.0,1.0
2025-01-02,3368.434778545794,3361.1735306882297,3373.8569032051378,3352.693629550625,135729.0,4535291770.0,350232.0,-0.947935541318787,13,price_up_oi_down,-0.5965866010689022,-0.002846034967705968,3410.84434733623,3442.3018047170544,3466.285210903962,0,0.4,12.766351071015691,0.013478699261748162,1.3569946432136382,12.776214206749358,0.011151095079071638,-0.5965866010689022,0,1.0,1.0
2025-01-03,3352.3453566252456,3303.338682037261,3354.408952006884,3285.744927995024,248533.0,8172133180.0,354790.0,-0.3559504316446698,13,price_up_oi_down,0.24507634696017144,-0.017206742860171875,3379.789165679139,3426.8605615511433,3459.471847322372,0,0.6,12.779281344127462,0.012930273111770418,1.3014230567166107,12.776214206749358,0.008441270832826753,0.24507634696017144,0,1.0,1.0
2025-01-06,3287.2907173043272,3295.8977159221395,3315.4440058584973,3273.672630498552,170375.0,5555346910.0,361415.0,-0.7520249925374447,13,price_up_oi_down,2.9601208179066782,-0.002252559253334785,3343.6325214888757,3406.6984983726716,3452.958314168791,0,1.0,12.79778216153628,0.018500817408817483,1.867301784154174,12.778607252004747,0.004369179532329959,2.9601208179066782,0,1.0,1.0
2025-01-07,3300.889232976657,3290.944605275998,3309.778479803001,3270.8495467119496,164045.0,5342190170.0,368916.0,-0.8104281954196858,13,price_up_oi_down,3.1735448286577213,-0.001502810788761244,3324.424276987566,3388.306304764933,3441.631239550917,0,1.0,12.818324254831806,0.020542093295526698,2.0754534261167468,12.778607252004747,0.008441270832826753,3.1735448286577213,0,1.0,1.0
2025-01-08,3295.1277762715545,3294.2964007506457,3303.9235793297908,3264.447616240944,195763.0,6353667760.0,374078.0,-0.6475595879148452,13,price_up_oi_down,2.6237402505769403,0.0010184903961234504,3309.130186934855,3371.513478995015,3431.1336663521442,0,1.0,12.832219610801591,0.013895355969784973,1.3992345140898754,12.779478605021641,0.01355824801425598,2.6237402505769403,0,1.0,1.0
2025-01-09,3297.8125148939016,3285.033335932019,3315.57434606948,3278.3742304596008,188554.0,6183165690.0,384810.0,-0.7133652679685736,13,price_up_oi_down,3.3927337135898297,-0.002811849236309172,3293.902147983613,3352.3732476599216,3419.249729520908,0,1.0,12.860504984962006,0.02828537416041499,2.8689203855880363,12.781454739298582,0.01571554526029395,3.3927337135898297,0,1.0,1.0
2025-01-10,3286.0633615546785,3284.0824767448435,3291.51476325002,3273.253681681099,112947.0,3685280520.0,388946.0,-1.236521834365377,13,price_up_oi_down,2.150275259433386,-0.0002894519141631857,3290.050906925129,3334.9200363021337,3408.4473961790586,0,1.0,12.871195795483825,0.010690810521818861,1.0748161430315983,12.788350589862773,0.0259865919080573,2.150275259433386,0,1.0,1.0
2025-01-13,3284.769176317354,3309.8457894440667,3316.7892817016696,3277.725542665636,168344.0,5520866220.0,390946.0,-0.8425599380944562,13,price_up_oi_down,1.6527255196738728,0.007844904286557153,3292.840521629515,3318.2365215591954,3399.3236923872,0,1.0,12.876324722012916,0.005128926529090805,0.5142101988451442,12.795624864290241,0.032934269892949786,1.6527255196738728,0,1.0,1.0
2025-01-14,3314.128280755968,3316.8156713663734,3331.982139387431,3308.79174761113,154581.0,5073290610.0,387471.0,-0.9189227764831764,13,price_up_oi_down,1.135918412697852,0.0021058026161022703,3298.01473484759,3311.219505917578,3388.8618683809677,0,0.8,12.867396286265306,-0.008928435747609598,-0.8888695625482224,12.808053208184042,0.03523700061246515,1.135918412697852,0,1.0,1.0
2025-01-15,3314.2654705518944,3326.4923932414567,3333.958805557783,3299.3500703029563,137472.0,4492368990.0,382686.0,-1.0237945495769696,13,price_up_oi_down,0.4550036902362057,0.0029174735149199993,3304.453933345752,3306.7920601403034,3379.9101108975833,0,0.6,12.854970088565397,-0.01242619769990938,-1.2349311303298305,12.825271932816698,0.04402410805786783,0.4550036902362057,0,1.0,1.0
2025-01-16,3325.353363666247,3310.2355744715737,3332.542279977667,3295.853787236197,145474.0,4727760950.0,390263.0,-0.9868234943344416,13,price_up_oi_down,0.7904668707779159,-0.004887075287745235,3309.494381053663,3301.6982645186376,3372.000034617846,0,0.9,12.874576149802348,0.019606061236951078,1.9799522323785679,12.843594849683495,0.02643577032600941,0.7904668707779159,0,1.0,1.0
2025-01-17,3309.841436875228,3332.5762382423377,3363.661557554912,3302.487805688888,281810.0,9264968010.0,374543.0,-0.2844735311303113,13,price_up_oi_down,-0.9243939031997503,0.006748964920519462,3319.193133353162,3304.622020139145,3365.7412908451442,0,0.4,12.833461895107806,-0.04111425469454133,-4.028052877162414,12.8577375367637,0.01771289914393126,-0.9243939031997503,0,1.0,1.0
2025-01-20,3318.2521595963617,3329.301629973171,3336.986238179645,3309.74324902078,171678.0,5602190520.0,370865.0,-0.7702174857509995,13,price_up_oi_down,-1.3001772673448078,-0.0009826056585260368,3323.0843014589823,3307.9624115442484,3357.33045495846,0,0.2,12.823593393967053,-0.009868501140752883,-0.981996726677481,12.8577375367637,0.01771289914393126,-1.3001772673448078,0,1.0,1.0
2025-01-21,3329.212369905094,3336.6793347858456,3344.5108723389244,3318.698083403257,125451.0,4099318650.0,362590.0,-1.0613574752574784,13,price_up_oi_down,-2.1594465897295145,0.002215991710169618,3327.057034142877,3312.535884495233,3350.421094630083,0,0.0,12.801027998323583,-0.022565395643470154,-2.2312701387298572,12.8577375367637,0.01771289914393126,-2.1594465897295145,0,1.0,1.0
2025-01-22,3340.043873378377,3329.340941154166,3349.4198752502707,3323.13701810916,119104.0,3894666470.0,358666.0,-1.1023945322960476,13,price_up_oi_down,-2.573789769638096,-0.002199310420745171,3327.6267437254187,3316.0403385355858,3343.7769087653005,0,0.0,12.79014687229797,-0.01088112602561253,-1.0822140709891404,12.8577375367637,0.01771289914393126,-2.573789769638096,0,1.0,1.0
2025-01-23,3324.646166352091,3329.194233774591,3340.1173921401232,3316.1913143709908,118071.0,3848097470.0,348096.0,-1.081192165365383,13,price_up_oi_down,-3.7128600708309043,-4.406499129050445e-05,3331.4184755860224,3320.4564283198424,3336.414837989882,0,0.0,12.760233582782632,-0.029913289515338448,-2.947031500058639,12.8577375367637,0.01771289914393126,-3.7128600708309043,0,1.0,1.0
2025-01-24,3331.841841687642,3354.408653381736,3363.7498802535947,3330.2816505548544,151895.0,4983387640.0,320915.0,-0.74798679788957,13,price_up_oi_down,-3.8884858791783086,0.007573730409402124,3335.784958613902,3327.489045983532,3331.2045411428326,0,0.0,12.678931569539314,-0.08130201324331843,-7.808478120978146,12.844215991836602,0.028669980806483863,-3.8884858791783086,0,1.0,1.0
2025-01-27,3366.342772959472,3381.0199683709016,3388.6556941231056,3357.809637518357,137437.0,4533093640.0,299724.0,-0.7796964209053774,13,price_up_oi_down,-3.8052973059253623,0.00793323585137351,3346.128626293448,3334.6064638762155,3326.4214927177054,1,0.0,12.610617330178597,-0.06831423936071701,-6.603306171415991,12.82852764453743,0.0386247069836676,-3.8052973059253623,0,1.0,1.0
2025-02-05,3352.172080524413,3369.9783262086007,3393.7896890797715,3342.3962631244617,145159.0,4832575510.0,310421.0,-0.7600997472887504,13,price_up_oi_down,-2.372637253403178,-0.0032657725377531754,3352.788424577999,3339.922729360438,3325.5711176390078,1,0.1,12.645684719641904,0.03506738946330756,3.568950100759327,12.812310696145317,0.047368252891382134,-2.372637253403178,0,1.0,1.0
2025-02-06,3363.088502422935,3325.97254259792,3367.401813896654,3313.442118370016,226286.0,7393785050.0,338925.0,-0.4039791580209297,13,price_up_oi_down,-0.8606956235905664,-0.013058180009184017,3352.11474486675,3339.870744296084,3323.331402218194,1,0.3,12.73353412294759,0.08784940330568602,9.182368460896662,12.795587435310777,0.04862855652582443,-0.8606956235905664,0,1.0,1.0
2025-02-07,3329.4026609158827,3350.643392584347,3355.6993596531624,3325.146008626175,122893.0,4035990950.0,337772.0,-1.0110570535802172,13,price_up_oi_down,-0.5698652707398866,0.007417634893388758,3356.404576628701,3343.9115261073616,3322.8048953129996,1,0.3,12.73012639063673,-0.003407732310860112,-0.3401932580955003,12.775190227540302,0.05333741699712835,-0.5698652707398866,0,1.0,1.0
2025-02-10,3352.114900852544,3371.680007757815,3388.6559538149654,3349.767991397544,150141.0,4969442650.0,340302.0,-0.8182586060838729,13,price_up_oi_down,-0.10269701400252874,0.006278380808899531,3359.858847503917,3347.82190305891,3326.2219615990275,1,0.5,12.737588737638932,0.007462347002201497,0.749025970181072,12.74688385286511,0.0610482143921347,-0.10269701400252874,0,1.0,1.0
2025-02-11,3374.511682140057,3373.2081054237883,3386.817350364342,3358.533861081111,91546.0,3018943090.0,345349.0,-1.327713921723246,13,price_up_oi_down,0.20316054683100035,0.000453215507538518,3358.2964749144944,3352.212550603971,3330.0874810741093,1,0.6,12.75231077889978,0.014722041260847973,1.4830944278904523,12.735561430293261,0.05560765137932844,0.20316054683100035,0,1.0,1.0
2025-02-12,3367.5991571762524,3364.7290959755305,3373.4369148040614,3353.5974159752104,105873.0,3479744480.0,352767.0,-1.2035675197496851,13,price_up_oi_down,0.6467960361165053,-0.0025136336636403245,3357.2466288678797,3355.0175267229397,3333.7767056090865,1,0.8,12.77356306132491,0.021252282425130886,2.147972051461089,12.735561430293261,0.03962879724704038,0.6467960361165053,0,1.0,1.0
2025-02-13,3362.72607569862,3381.425529772427,3383.177894766085,3357.3695214552577,130529.0,4300554200.0,357512.0,-1.007573503707019,13,price_up_oi_down,1.105525031793682,0.004962192592820269,3368.3372263027813,3360.225985584766,3338.1331620601754,1,0.9,12.786924206986425,0.013361145661514584,1.3450804638755143,12.735561430293261,0.031336891760510355,1.105525031793682,0,1.0,1.0
2025-02-14,3382.358230482525,3383.742167477952,3399.638279471499,3375.9475920992395,118458.0,3937516630.0,364442.0,-1.123808949332256,13,price_up_oi_down,1.5187505463558288,0.0006851068240680824,3374.9569812815025,3365.6807789551012,3343.068603637472,1,1.0,12.80612269568454,0.019198488698114247,1.9383964734051018,12.735561430293261,0.031336891760510355,1.5187505463558288,0,1.0,1.0
2025-02-17,3361.660576462228,3302.468654439967,3362.865271786736,3290.95361660883,369669.0,11920044150.0,401253.0,-0.0819841403966666,13,price_up_oi_down,2.51768278887637,-0.024018825612402317,3361.114710617933,3360.486779060925,3343.987912522228,1,1.0,12.902347430033927,0.09622473434938783,10.100647016534946,12.735561430293261,0.044682203862406844,2.51768278887637,0,1.0,1.0
2025-02-18,3299.159012251205,3318.272617028758,3319.879836639663,3289.9283412548352,186583.0,6070347950.0,418081.0,-0.806799013358839,13,price_up_oi_down,3.7931058692686586,0.004785499649646363,3350.127612938927,3354.2120439267105,3344.4092539014628,0,1.0,12.9434304726383,0.04108304260437201,4.193862725013853,12.744949758269357,0.03529387588631128,3.7931058692686586,0,1.0,1.0
2025-02-19,3328.005139823894,3325.293627931929,3337.522714569506,3323.3228194500803,120960.0,3904738880.0,413806.0,-1.2299373525334367,13,price_up_oi_down,3.690812614990231,0.002115863195549572,3342.2405193302066,3349.743574099043,3344.83315172974,0,0.9,12.933152543946797,-0.01027792869150268,-1.022529127130889,12.762936920112345,0.031106663320184857,3.690812614990231,0,1.0,1.0
2025-02-20,3329.2714445331976,3337.4560622562026,3343.0754342491755,3325.159941406864,109722.0,3533643570.0,410433.0,-1.319262805860075,13,price_up_oi_down,2.1846557422013513,0.003657551989427521,3333.4466258269617,3350.8919260648718,3345.3813351804783,0,0.8,12.924967978962762,-0.008184564984034637,-0.8151162622099251,12.780243634155667,0.044682203862405956,2.1846557422013513,0,1.0,1.0
2025-02-21,3344.5689035321234,3330.3907123164736,3359.08494475814,3329.5432032075287,140163.0,4547919550.0,416767.0,-1.089721281571965,13,price_up_oi_down,1.5473204968304615,-0.0021169866532873005,3322.776334794666,3348.866658038084,3346.389092072723,0,0.9,12.940282591622708,0.015314612659945936,1.5432482280909543,12.796523451335482,0.06266588719765043,1.5473204968304615,0,1.0,1.0
2025-02-24,3340.533061475576,3354.244945519609,3361.5089671768405,3321.97755669986,182899.0,5919037920.0,404641.0,-0.7940661663378324,13,price_up_oi_down,0.47775748579331173,0.007162592999949702,3333.1315930105948,3347.123151814264,3347.472527436587,0,0.6,12.910755533233282,-0.029527058389426486,-2.9095393829165705,12.854235062859233,0.079794741310943,0.47775748579331173,0,1.0,1.0
2025-02-25,3356.899633518836,3351.014256619145,3358.178117249294,3344.993307423395,97695.0,3176169510.0,400656.0,-1.411252823110016,13,price_up_oi_down,-0.10876277135325625,-0.0009631642748032521,3339.679920928672,3344.9037669337995,3348.5581587688853,0,0.4,12.900858482758627,-0.009897050474654279,-0.9848235843625375,12.906551481633604,0.03530505049689925,-0.10876277135325625,0,1.0,1.0
2025-02-26,3359.5021941929444,3353.154665321922,3366.126768654386,3334.388403376164,122724.0,3984132710.0,404538.0,-1.1928077436139686,13,price_up_oi_down,0.0883072050784506,0.0006387345856704307,3345.25212840667,3343.7463238684386,3349.381925295689,0,0.5,12.910500954207981,0.009642471449353707,0.9689109859829514,12.906551481633604,0.03016608615114791,0.0883072050784506,0,1.0,1.0
2025-02-27,3357.5990298652696,3348.5154794578284,3357.940754773688,3342.4449543076803,92738.0,3002924370.0,403341.0,-1.4700040449431702,13,price_up_oi_down,-0.11309590257054485,-0.0013835287444601274,3347.4640118469956,3340.455318836978,3350.340652210872,0,0.4,12.907537636988621,-0.002963317219359496,-0.2958930928614878,12.91062824372063,0.018432017734149042,-0.11309590257054485,0,1.0,1.0
2025-02-28,3347.807149149472,3354.5875573464327,3358.179848578044,3336.3655335061508,129444.0,4177404350.0,394096.0,-1.1133461792599613,13,price_up_oi_down,-1.4703383478420515,0.0018133641387816368,3352.303380852987,3337.5398578238264,3351.6103183894643,0,0.1,12.884349813423391,-0.023187823565230303,-2.2921051913887935,12.91062824372063,0.012054748102067414,-1.4703383478420515,0,1.0,1.0
2025-03-03,3355.168822309124,3389.1253194517417,3395.751633937429,3354.5732461946573,193425.0,6357597670.0,392078.0,-0.7065709591529677,13,price_up_oi_down,-1.7575825681511614,0.010295680620907355,3359.2794556394138,3346.2055243250043,3353.3461516929647,0,0.0,12.879216078570623,-0.005133734852767802,-0.5120579757216803,12.91062824372063,0.012054748102067414,-1.7575825681511614,0,1.0,1.0
2025-03-04,3384.3432081827714,3383.65108382529,3387.985389983307,3374.4565121625183,107768.0,3565546860.0,394344.0,-1.2972428564213727,13,price_up_oi_down,-0.9385973371002516,-0.0016152355284806408,3365.8068210806427,3352.743371004657,3353.477707465684,0,0.2,12.884978903799777,0.005762825229153279,0.5779462249858147,12.91062824372063,0.018432017734149042,-0.9385973371002516,0,1.0,1.0
2025-03-05,3373.8562107279786,3350.487629089702,3374.1099019485778,3340.568897313543,160996.0,5304472350.0,391685.0,-0.889078425369973,13,price_up_oi_down,-1.0392043494916883,-0.009801085843075708,3365.2734138341984,3355.2627711204345,3352.503172609739,1,0.0,12.87821322430744,-0.006765679492335863,-0.6742843811494592,12.909019295598302,0.019994537581492722,-1.0392043494916883,0,1.0,1.0
2025-03-06,3347.351718649567,3343.7661605575468,3352.82604249546,3332.500715357943,107001.0,3516025900.0,399321.0,-1.3169274245096991,13,price_up_oi_down,-0.23056017725088138,-0.0020061165048925744,3364.3235500541427,3355.8937809505687,3353.3928535077202,1,0.4,12.897520883704463,0.019307659397021837,1.9495257668789456,12.904198059873625,0.019533701262041347,-0.23056017725088138,0,1.0,1.0
2025-03-07,3345.322991080337,3310.5190306147183,3357.162445508611,3306.271412240692,275200.0,8855959900.0,433223.0,-0.4537545009177142,13,price_up_oi_down,4.177166786975705,-0.009943018843543983,3355.5098447077994,3353.9066127803935,3351.386635409239,1,1.0,12.97900788595904,0.08148700225457794,8.489911624983538,12.899189683231544,0.012888314716752447,4.177166786975705,0,1.0,1.0
2025-03-10,3320.8442342304834,3296.3054788949567,3333.037059305062,3291.979306868795,237299.0,7709204870.0,459819.0,-0.6615119844315593,13,price_up_oi_down,7.295214473014715,-0.004293451144161686,3336.9458765964423,3348.1126661179283,3347.617908966096,0,1.0,13.038588212771524,0.059580326812483264,6.139101571246064,12.899189683231544,0.012888314716752447,7.295214473014715,0,1.0,1.0
2025-03-11,3285.0118898473293,3296.5537205857154,3304.6137732289167,3282.951959090384,137414.0,4485762550.0,461043.0,-1.210493047251949,13,price_up_oi_down,6.596484108961027,7.530906718078434e-05,3319.526403948528,3342.666612514585,3343.7851897241926,0,1.0,13.041246593116966,0.0026583803454425237,0.26619169716779467,12.899189683231544,0.014525324619960145,6.596484108961027,0,1.0,1.0
2025-03-12,3294.739665060596,3267.991788211661,3296.834163040752,3261.463638989444,189089.0,6130728830.0,474927.0,-0.920943304321306,13,price_up_oi_down,5.47449339783454,-0.008664179259599503,3303.02723577292,3334.1503248035597,3338.9483243359987,0,1.0,13.070916386995624,0.029669793878657202,3.011432773081979,12.902529260346542,0.020746314349534778,5.47449339783454,0,1.0,1.0
2025-03-13,3268.40299236091,3240.5165551029195,3273.058624365293,3235.685549865789,256322.0,8221612230.0,501507.0,-0.6711830988340797,13,price_up_oi_down,6.311501433448597,-0.008407375198386524,3282.377314681994,3323.350432368068,3331.902875602523,0,1.0,13.125372844412336,0.05445645741671257,5.596649590358038,12.902529260346542,0.02381460890750997,6.311501433448597,0,1.0,1.0
2025-03-14,3237.2670499808805,3247.5303285884806,3251.466122249697,3226.653167622541,251580.0,8026576930.0,506865.0,-0.7004836655343741,13,price_up_oi_down,2.2396544995087218,0.0021643998314146984,3269.7795742767466,3312.6447094922733,3325.0922836580494,0,1.0,13.135999974927238,0.010627130514901495,1.068379902972505,12.93826438483175,0.05954973339271863,2.2396544995087218,0,1.0,1.0
2025-03-17,3253.375721606276,3243.585696365242,3263.335906457281,3238.20544958394,211590.0,6728086680.0,516568.0,-0.8925564953783885,13,price_up_oi_down,0.865354665139855,-0.0012146560075247947,3259.2356177708034,3298.090747183623,3322.1481357543134,0,1.0,13.154962214248723,0.01896223932148544,1.9143164353427222,13.008798049365282,0.11392598035393675,0.865354665139855,0,1.0,1.0
2025-03-18,3245.0799691774223,3234.8335091619974,3253.128813909135,3224.80620345625,179357.0,5653523790.0,528924.0,-1.0814665211937893,13,price_up_oi_down,1.030529648790193,-0.002698306140963669,3246.89157548606,3283.208989717294,3317.9761803609754,0,1.0,13.178600033222516,0.02363781897379269,2.3919406544734123,13.039917402944244,0.09076900672554267,1.030529648790193,0,1.0,1.0
2025-03-19,3237.971216120785,3210.69249391126,3244.581427184942,3206.3422115666435,207196.0,6647303340.0,546090.0,-0.9691185921462384,13,price_up_oi_down,1.3272033685478244,-0.007462830832672851,3235.43171662598,3269.22947619945,3312.2461236599424,0,1.0,13.210539076308054,0.03193904308553819,3.2454568142114226,13.056081490056295,0.07849604448409853,1.3272033685478244,0,1.0,1.0
2025-03-20,3207.850289102823,3232.997988845887,3237.426586806117,3185.4452434402465,312292.0,9838994640.0,538994.0,-0.5457657915551866,13,price_up_oi_down,1.1504435069004229,0.006947253583744706,3233.9280033745736,3258.152659028284,3307.0232199894263,0,0.9,13.197459718103758,-0.013079358204295843,-1.2994195096046712,13.09814461570398,0.05822721275973475,1.1504435069004229,0,1.0,1.0
2025-03-21,3232.6507943268457,3237.4530645020373,3255.166775432181,3220.6884429841434,269790.0,8573703420.0,537983.0,-0.690183082554996,13,price_up_oi_down,0.6918047374180082,0.00137800136947841,3231.9125505572847,3250.8460624170157,3302.3763375987046,0,0.8,13.195582240131667,-0.001877477972090702,-0.1875716612799727,13.130686409669787,0.06327166555406727,0.6918047374180082,0,1.0,1.0
2025-03-24,3211.3603136103643,3230.3302618400344,3235.364684404295,3200.938187478509,233284.0,7409708710.0,559120.0,-0.8741075237191785,13,price_up_oi_down,1.1713528986008592,-0.0022001253825431055,3229.2614636522435,3244.2485407115237,3296.1806034147257,0,1.0,13.23411939815101,0.03853715801934321,3.9289345574115897,13.14548109458798,0.051039884529732404,1.1713528986008592,0,1.0,1.0
2025-03-25,3227.507445422513,3221.952493027403,3239.56985150774,3220.352619611183,188563.0,5887642790.0,578694.0,-1.1213416719032216,13,price_up_oi_down,1.9013333302114206,-0.002593471296603367,3226.6852604253245,3236.7884179556922,3289.7275152351385,0,1.0,13.268529119441826,0.034409721290815654,3.500858491915926,13.16678112373562,0.036094714065832534,1.9013333302114206,0,1.0,1.0
2025-03-26,3214.7347414881287,3220.467209550944,3226.511104756458,3207.672583288293,140706.0,4452034200.0,586497.0,-1.4274949458565758,13,price_up_oi_down,1.6161035304263804,-0.0004609886333436508,3228.6402035532615,3232.0359600896204,3283.09314244659,0,1.0,13.281922831973072,0.013393712531245328,1.348381009652777,13.187091136677092,0.03957859195114377,1.6161035304263804,0,1.0,1.0
2025-03-27,3223.3253193343685,3257.857025601953,3263.7170717992417,3202.240751848971,349787.0,10972807750.0,577495.0,-0.5013753865496781,13,price_up_oi_down,1.1918032261577634,0.011610059540467343,3233.612010904474,3233.770007139524,3278.5602197537964,0,0.8,13.266455063331946,-0.01546776864112509,-1.5348757112143008,13.196520979117713,0.03957859195114377,1.1918032261577634,0,1.0,1.0
2025-03-28,3255.0222976524783,3231.721832263383,3260.363167286863,3227.827274926536,256609.0,8087388530.0,587099.0,-0.8276399341696825,13,price_up_oi_down,1.3454395096261276,-0.008022203900657998,3232.4657644567437,3232.189157507014,3272.4169334996436,0,1.0,13.282948738763482,0.016493675431535237,1.663044701685723,13.203999397205905,0.03957859195114377,1.3454395096261276,0,1.0,1.0
2025-03-31,3214.2383468050866,3196.9680038771025,3219.9785788365016,3191.608244176135,288399.0,8928787360.0,598385.0,-0.7298894215027666,13,price_up_oi_down,1.2231560213255352,-0.010753966520051672,3225.793312864157,3227.5273882582,3262.809067720912,0,1.0,13.301989638483306,0.019040899719824367,1.922333371373508,13.222329237229532,0.04392751505471537,1.2231560213255352,0,1.0,1.0
2025-04-01,3195.792389809528,3202.987391845096,3211.5246127498503,3192.861518961654,179610.0,5540700860.0,596598.0,-1.2004556861397897,13,price_up_oi_down,0.9074894529625328,0.001882842731204537,3222.0002926276957,3224.34277652651,3253.775883121902,0,0.9,13.298998798727297,-0.0029908397560092226,-0.29863716503588655,13.250287230741478,0.036204831227713896,0.9074894529625328,0,1.0,1.0
2025-04-02,3211.238527662116,3216.510932601882,3219.308217175163,3202.7294142781084,148626.0,4589916210.0,586960.0,-1.3735235910742825,13,price_up_oi_down,0.3164534872017692,0.004222164842489606,3221.2090372378834,3224.924620395572,3247.077048297511,0,0.7,13.282711953387876,-0.016286845339420708,-1.6154931796619865,13.267492091386886,0.032439700288143136,0.3164534872017692,0,1.0,1.0
2025-04-03,3214.753753216739,3191.2841019020743,3221.436616479494,3184.889963649703,206001.0,6384483980.0,599556.0,-1.068308358134266,13,price_up_oi_down,1.1904280268390495,-0.007842917754177003,3207.894452497908,3220.753231701191,3239.4529453647374,0,1.0,13.303944660263134,0.021232706875258245,2.1459724683113413,13.27522597570745,0.01627186769767519,1.1904280268390495,0,1.0,1.0
2025-04-07,3233.496007615072,3232.572196441029,3281.230490695376,3219.55863002142,413449.0,12950955610.0,543247.0,-0.273029927308815,13,price_up_oi_down,-3.191671162611854,0.01293776837804761,3208.064525333437,3220.26514489509,3235.555603656053,0,0.1,13.205319375784054,-0.09862528447908048,-9.391783252940566,13.282317392680474,0.01627186769767519,-3.191671162611854,0,1.0,1.0
2025-04-08,3253.8497627765214,3345.43832486595,3362.3984914603348,3242.6250205715664,564315.0,17868368500.0,497202.0,0.1266162240727266,13,price_up_oi_down,-6.86292182817776,0.03491526919311605,3237.7585895312063,3231.7759511976815,3238.012245954603,0,0.0,13.11675166113675,-0.08856771464730429,-8.47588665929122,13.282317392680474,0.01627186769767519,-6.86292182817776,0,1.0,1.0
2025-04-09,3350.498862183921,3359.5269994978544,3375.467502047535,3329.272165165171,445238.0,14408281380.0,489898.0,-0.095588235514843,13,price_up_oi_down,-7.47636753916034,0.0042113090315210044,3269.0665110617583,3245.533401844727,3241.16090990021,1,0.0,13.101952485152523,-0.01479917598422631,-1.469020639498697,13.282317392680474,0.01627186769767519,-7.47636753916034,0,1.0,1.0
2025-04-10,3346.468735086464,3341.9447595850384,3352.0899983819127,3311.298348721989,346947.0,11073245930.0,494312.0,-0.3539948662441456,13,price_up_oi_down,-6.359993241298947,-0.005233546244886256,3294.153276458389,3257.681156848136,3244.858558468878,1,0.1,13.110922175755382,0.008969690602858904,0.9010038824408761,13.282317392680474,0.01817682592482761,-6.359993241298947,0,1.0,1.0
2025-04-11,3336.052264941919,3368.444682053929,3373.152518000101,3332.666082963812,340236.0,11007403110.0,488196.0,-0.3610774700928892,13,price_up_oi_down,-4.184995881941491,0.00792949147136146,3329.5853924887606,3268.739922493334,3251.2549648164286,1,0.0,13.098472243544055,-0.012449932211326953,-1.2372752431662692,13.27458350835991,0.028383641013309813,-4.184995881941491,0,1.0,1.0
2025-04-14,3389.0861732713247,3360.2405411009668,3402.7089011325497,3356.0329628568347,292552.0,9501723460.0,487081.0,-0.5097880050384401,13,price_up_oi_down,-1.6913897402263325,-0.0024355872598030848,3355.119061420747,3281.591793377092,3256.8904754420532,1,0.0,13.09618571266967,-0.002286530874386017,-0.22839187539435146,13.244015664585966,0.058951484787254316,-1.6913897402263325,0,1.0,1.0
2025-04-15,3364.600864751333,3356.5785114023583,3367.347100437094,3335.5141295459266,209408.0,6716218060.0,490381.0,-0.8508981378887207,13,price_up_oi_down,-0.6151062949812421,-0.001089811772049032,3357.3470987280293,3297.552844129618,3262.540116193909,1,0.3,13.10293791897103,0.0067522063013605305,0.6775053841147738,13.161035518460402,0.06370654035353951,-0.6151062949812421,0,1.0,1.0
2025-04-16,3368.7872178188427,3395.197365176435,3401.977333168847,3364.502913821641,502156.0,16142999060.0,486636.0,0.031394418038698,13,price_up_oi_down,-0.7585486273251151,0.011505422454111569,3364.481171863745,3316.7738414627515,3270.5583089946313,1,0.0,13.095271689332332,-0.007666229638697786,-0.7636919048658486,13.113836918446065,0.016507940339202776,-0.7585486273251151,0,1.0,1.0
2025-04-17,3396.3119696394374,3385.198101534654,3400.3602864164127,3377.640663541554,352534.0,11269905170.0,487341.0,-0.3238170118903604,13,price_up_oi_down,-0.6697490936161724,-0.002945119993417955,3373.1318402536685,3333.642558356029,3279.2835893758006,1,0.2,13.096719362374152,0.0014476730418202521,0.14487214262832726,13.106930047363207,0.010282974233540187,-0.6697490936161724,0,1.0,1.0
2025-04-18,3382.8374959288976,3388.208666081795,3388.998284329802,3366.7039747794306,236861.0,7529957360.0,487856.0,-0.7225468091530131,13,price_up_oi_down,-0.46893923616861705,0.0008893318668043992,3377.084637059242,3353.335014774001,3287.044123237596,1,0.3,13.097775559322821,0.001056196948669097,0.1056754921092029,13.102445202061777,0.006716501060775926,-0.46893923616861705,0,1.0,1.0
2025-04-21,3386.3874538140426,3347.4269893934834,3393.3401438194333,3338.2831904682967,338595.0,10892050310.0,502427.0,-0.3946456528445031,13,price_up_oi_down,4.842433515743652,-0.012036353338140904,3374.5219267177454,3364.8204940692463,3292.542819482168,1,0.9,13.127205634730291,0.029430075407470113,2.986741989439512,13.10021236434829,0.003759826826378543,4.842433515743652,0,1.0,1.0
2025-04-22,3343.443930580624,3339.2466084772227,3346.234802381185,3326.954028750953,228232.0,7275129650.0,504788.0,-0.793775883686386,13,price_up_oi_down,5.683465970478175,-0.002443781729125294,3371.055546132718,3364.2013224303737,3297.988636814028,1,1.0,13.13189381813578,0.0046881834054879334,0.46991901311037587,13.10021236434829,0.003759826826378543,5.683465970478175,0,1.0,1.0
2025-04-23,3327.186005505926,3340.8422727011275,3349.692768443545,3321.631303254368,201906.0,6409590710.0,504193.0,-0.915156888718582,13,price_up_oi_down,5.47188715302766,0.0004778515668335537,3360.1845276376566,3362.3328497507014,3303.9331257977137,0,0.9,13.130714410259971,-0.0011794078758082804,-0.11787126476855425,13.10021236434829,0.003759826826378543,5.47188715302766,0,1.0,1.0
2025-04-24,3337.74416577519,3321.160645177996,3344.473601345003,3312.2712373324207,271992.0,8503111300.0,502063.0,-0.6129529557267241,13,price_up_oi_down,3.493612447594224,-0.005891217219069378,3347.3770363663252,3360.254438309997,3308.9677975790664,0,0.7,13.126480888807619,-0.004233521452352562,-0.4224572733061094,13.100705081257543,0.004976380256541901,3.493612447594224,0,1.0,1.0
2025-04-25,3317.3601950618754,3343.736105956719,3345.076585812003,3316.9250878970265,211760.0,6637173050.0,493107.0,-0.8452726311139416,13,price_up_oi_down,1.0539992401834417,0.0067974612464170026,3338.4825243413097,3357.783580700276,3313.261751596805,0,0.6,13.108481468014924,-0.017999420792694565,-1.7838398766689467,13.100705081257543,0.004976380256541901,1.0539992401834417,0,1.0,1.0
2025-04-28,3332.142976851153,3335.2695746263043,3352.783890446454,3319.4808594880915,208664.0,6591553600.0,478732.0,-0.8304156390791954,13,price_up_oi_down,-1.8119880898067384,-0.0025320572742961733,3336.0510413878737,3355.286484052809,3318.439138714951,0,0.0,13.078896220858946,-0.029585247155978323,-2.915188792696144,13.105709693492976,0.009980992491975371,-1.8119880898067384,0,1.0,1.0
2025-04-29,3335.861360265852,3351.287893589185,3352.6574025404707,3329.176446950412,192481.0,6010708790.0,458600.0,-0.8681809228659602,13,price_up_oi_down,-3.0159887314489047,0.004802705929602524,3338.4592984102665,3354.7574222714925,3326.1551332005547,0,0.0,13.03593364940594,-0.04296257145300508,-4.205275603051373,13.105709693492976,0.015604599737643277,-3.0159887314489047,0,1.0,1.0
2025-04-30,3351.023189187293,3343.292164594264,3356.259679880053,3321.5299667551144,252924.0,7902660870.0,429614.0,-0.5297980827751285,13,price_up_oi_down,-3.7681468188689444,-0.002385867537735731,3338.9492767888937,3349.566902213275,3333.1703718380136,0,0.0,12.970642410100176,-0.06529123930576475,-6.320540776275585,13.103128513668873,0.02371474810008234,-3.7681468188689444,0,1.0,1.0
2025-05-06,3325.5017048154045,3294.471952915522,3327.5471223088607,3288.5027725327777,217504.0,6808429940.0,449405.0,-0.7257072444708137,13,price_up_oi_down,-2.44189976382609,-0.014602436543163066,3333.611538336399,3340.494287351362,3337.0684228536948,0,0.1,13.015679764617179,0.04503735451700308,4.606693450399746,13.103128513668873,0.0241547069356729,-2.44189976382609,0,1.0,1.0
2025-05-07,3295.9024035105213,3302.589790080611,3306.432466230918,3293.9590790484813,147884.0,4664707890.0,468799.0,-1.153745922493496,13,price_up_oi_down,-1.1766677129143235,0.0024640783959033463,3325.382275161177,3331.932399751244,3342.633707262622,0,0.3,13.057929384136862,0.042249619519683534,4.315483806366105,13.103128513668873,0.025909094700512725,-1.1766677129143235,0,1.0,1.0
2025-05-08,3304.4474083152545,3309.807242163643,3311.0119760228213,3285.942019840338,186969.0,5808869690.0,477454.0,-0.9375249924904728,13,price_up_oi_down,-0.3237062458539908,0.0021853916295357934,3320.2898086686446,3328.170425028259,3346.495459548753,0,0.4,13.076223099183867,0.01829371504700461,1.8462070098273609,13.093688844436935,0.03639251306155433,-0.3237062458539908,0,1.0,1.0
2025-05-09,3310.4429130269896,3322.861655318769,3325.471862223131,3306.747462091132,158403.0,4946584470.0,481587.0,-1.1119444816798856,13,price_up_oi_down,0.10849567501918182,0.003944161155013948,3314.6045610145616,3326.531929712414,3345.3666260713935,0,0.6,13.08484217925694,0.008619080073072993,0.8656331290553432,13.077559660021407,0.045273619700838985,0.10849567501918182,0,1.0,1.0
2025-05-12,3333.9755711147377,3357.037572272195,3360.59795066554,3314.379890628782,227958.0,7275484480.0,485491.0,-0.755999348510161,13,price_up_oi_down,0.28554211941638075,0.010285085717824716,3317.353642550148,3328.151459669521,3345.242154710111,0,0.7,13.09291602895158,0.008073849694639534,0.8106531114833837,13.077559660021407,0.0362739093044917,0.28554211941638075,0,1.0,1.0
2025-05-13,3358.460963697782,3339.875633744565,3363.6511953553304,3333.1482037527026,153124.0,4898492260.0,495665.0,-1.174652244646189,13,price_up_oi_down,0.9632188730193731,-0.0051122271223237314,3326.434378715957,3330.0229585261777,3345.138698418087,0,0.9,13.113655574293748,0.020739545342168597,2.0956104232623174,13.077559660021407,0.02527604193903077,0.9632188730193731,0,1.0,1.0
2025-05-14,3337.0922537294514,3346.0387365390434,3348.1186531309195,3325.927302757564,164415.0,5167263570.0,502936.0,-1.1180692060881656,13,price_up_oi_down,1.3518224157689605,0.0018453090684602547,3335.124168007643,3330.2532215844103,3344.018401142343,0,1.0,13.1282182044061,0.014562630112351371,1.4669181806260534,13.077559660021407,0.02527604193903077,1.3518224157689605,0,1.0,1.0
2025-05-15,3341.350567720603,3328.722350908263,3346.611426260056,3326.6537987141824,173365.0,5367931230.0,511581.0,-1.0821067320968256,13,price_up_oi_down,1.638872834070048,-0.005175189827207993,3338.9071897565673,3329.598499212606,3342.442491632708,0,1.0,13.145261209607812,0.01704300520171209,1.7189065805589765,13.077559660021407,0.027863095078442868,1.638872834070048,0,1.0,1.0
2025-05-16,3327.882581856434,3327.770478604207,3329.943277692232,3310.726579260098,167546.0,5209670870.0,504258.0,-1.10183010142699,13,price_up_oi_down,0.8732179472308997,-0.0002859572543790767,3339.8889544136546,3327.2467577141083,3341.0020899928,0,0.9,13.130843320836865,-0.014417888770946519,-1.4314448738323438,13.080532639220404,0.0388609624439038,0.8732179472308997,0,1.0,1.0
2025-05-19,3312.8929321383857,3302.6834584978706,3317.167916686477,3291.950146514572,198263.0,6161574110.0,515588.0,-0.9557135648029064,13,price_up_oi_down,1.2318212378053996,-0.007538687018119883,3329.01813165879,3323.1858871044687,3336.376394658872,0,1.0,13.153063275920626,0.022219955083761178,2.246865691768818,13.08887910410426,0.03514441013461855,1.2318212378053996,0,1.0,1.0
2025-05-20,3304.6208219942782,3318.377410313685,3330.073637931034,3290.628899792263,260366.0,8311488200.0,516634.0,-0.6852463599866458,13,price_up_oi_down,1.2794321754181388,0.004751878892732986,3324.718486972614,3325.5764328442847,3333.0353600978233,0,1.0,13.155089972422033,0.002026696501406633,0.20287516389065896,13.103285801622665,0.027310110826499034,1.2794321754181388,0,1.0,1.0
2025-05-21,3315.321485173997,3308.6231672615486,3320.4746333411385,3292.0366278292413,217595.0,6941926510.0,525034.0,-0.8808274856228099,13,price_up_oi_down,1.1277107264931738,-0.002939461624171913,3317.2353731171147,3326.1797705623785,3329.0560851568107,0,1.0,13.171218301381561,0.016128328959528204,1.6259092510364725,13.120936889349924,0.03007362348452336,1.1277107264931738,0,1.0,1.0
2025-05-22,3301.9495850839835,3306.995836575579,3311.292659019261,3294.686374939264,208399.0,6590293820.0,524328.0,-0.9226629312886936,13,price_up_oi_down,1.1085485243255988,-0.0004918452793513106,3312.890070250578,3325.898630003572,3327.034527515916,0,0.9,13.169872721674038,-0.00134557970752347,-0.13446748210599324,13.129530762621481,0.02454586154984817,1.1085485243255988,0,1.0,1.0
2025-05-23,3304.2008898263066,3323.525112714596,3331.0036560080653,3303.551858222789,260749.0,8208040120.0,513465.0,-0.6776236085747785,13,price_up_oi_down,0.3543795523932933,0.0049982754608284274,3312.0409970726555,3325.9649757431553,3326.2484527277848,0,0.6,13.14893714633936,-0.02093557533467738,-2.0717947544284354,13.138052265222338,0.020717199064142378,0.3543795523932933,0,1.0,1.0
2025-05-26,3333.268795970798,3326.619866910651,3346.219411136798,3318.303342808371,277244.0,8652554410.0,520252.0,-0.6294153246937972,13,price_up_oi_down,0.5747091532520782,0.0009311661838256047,3316.8282787552116,3322.923205207001,3325.537332438261,0,0.8,13.162068588554114,0.013131442214753264,1.32180382304532,13.147099177973587,0.017568415352104516,0.5747091532520782,0,1.0,1.0
2025-05-27,3323.126042536046,3297.1202951168234,3329.859391218426,3281.995392775844,389216.0,12330497550.0,548393.0,-0.3428577237651243,13,price_up_oi_down,2.8721213493241957,-0.008867731503456433,3312.5768557158394,3318.6476713442266,3324.335314935202,0,1.0,13.214747462183288,0.05267887362917456,5.409109431583281,13.151000211129993,0.014970443984082316,2.8721213493241957,0,1.0,1.0
2025-05-28,3295.7032209246145,3317.9952946848525,3336.5781888950905,3283.269486642839,282721.0,9023371420.0,543428.0,-0.6534366774510956,13,price_up_oi_down,2.8269252987707847,0.00633128236144298,3314.4512812005005,3315.8433271588074,3323.0482743716084,0,0.9,13.20565250206684,-0.009094960116447837,-0.9053726068715018,13.15407662417133,0.012305756033113013,2.8269252987707847,0,1.0,1.0
2025-05-29,3320.923404050662,3371.5111051218123,3385.5745377562525,3315.9642158848537,405112.0,13039422000.0,519445.0,-0.2485973618193222,13,price_up_oi_down,0.10917748456420333,0.016128959110547125,3327.3543349097467,3320.1222025801626,3324.8603508963847,0,0.5,13.160516212886849,-0.04513628917999135,-4.413280140147369,13.158579280488073,0.01196623103972616,0.10917748456420333,0,1.0,1.0
2025-05-30,3374.960062973661,3434.244149242577,3436.795430473285,3372.3250190241024,302613.0,9712168350.0,484339.0,-0.4703303133288218,13,price_up_oi_down,-5.157357659265453,0.018606803348642176,3349.4981422153433,3330.7695696439996,3329.008163679054,1,0.0,13.090540353747043,-0.06997585913980586,-6.758367103350659,13.16129240072048,0.009253110807319054,-5.157357659265453,0,1.0,1.0
2025-06-03,3427.138607154476,3414.9818253820627,3432.0527382114224,3398.800999550182,270039.0,8813107690.0,499983.0,-0.6160077048324538,13,price_up_oi_down,-2.8401475053315526,-0.005608897627375264,3367.170533909625,3341.9994063324184,3332.5926467184436,1,0.1,13.122329376826317,0.03178902307927345,3.2299690918965007,13.16129240072048,0.009253110807319054,-2.8401475053315526,0,1.0,1.0
2025-06-04,3412.799533976396,3418.194020534784,3427.038452338002,3387.9719719739223,292308.0,9386826100.0,509477.0,-0.5555766684635012,13,price_up_oi_down,-1.220099758045781,0.0009406185206746187,3391.385278993218,3351.981067354529,3338.778750099407,1,0.2,13.141139988329604,0.018810611503287333,1.8988645613950528,13.16129240072048,0.011140577521100425,-1.220099758045781,0,1.0,1.0
2025-06-05,3414.941704529159,3415.1173173402503,3422.447501207638,3406.1866605045734,153334.0,4943844600.0,515056.0,-1.2116570839846146,13,price_up_oi_down,-0.3843271112244874,-0.0009000961256296902,3410.8096835242977,3362.6304823623987,3344.4051264623895,1,0.4,13.152030911598418,0.010890923268814134,1.0950445260531572,13.16129240072048,0.016253833385998284,-0.3843271112244874,0,1.0,1.0
2025-06-06,3419.0892019870425,3399.107923933525,3428.115365952207,3392.5122898735435,258689.0,8210347380.0,535479.0,-0.7275351054383803,13,price_up_oi_down,1.6264826786093238,-0.004687801887635845,3416.32904728664,3371.841691098193,3348.870160550883,1,0.8,13.19091695241471,0.03888604081629232,3.9651999005932526,13.156273562242633,0.014366366672216913,1.6264826786093238,0,1.0,1.0
2025-06-09,3391.957276949065,3384.903481128619,3392.935848523648,3351.3072932961686,363596.0,11882117600.0,545800.0,-0.4062092471315368,13,price_up_oi_down,1.4769747512011269,-0.0041788737288659394,3406.460913663848,3377.9795279395958,3351.9722518413755,1,0.9,13.210007887256376,0.019090934841665685,1.9274331953262003,13.156273562242633,0.024538879664673274,1.4769747512011269,0,1.0,1.0
2025-06-10,3374.3462649411504,3393.032266546261,3401.9288205714247,3369.8247542268264,242091.0,8012012440.0,551469.0,-0.8232719382464221,13,price_up_oi_down,1.1613669288605015,0.0024014821878854953,3402.071001896688,3384.620767903157,3353.771986555079,1,1.0,13.220340905760386,0.010333018504010028,1.0386588493953575,13.16129240072048,0.034293787794196895,1.1613669288605015,0,1.0,1.0
2025-06-11,3386.645291434327,3395.5973928753947,3397.9379221631884,3380.557700407006,205870.0,6894555040.0,555708.0,-0.9929980748180068,13,price_up_oi_down,1.024091215866523,0.0007559982126974507,3397.5516763648097,3394.4684776790136,3356.5580745116204,1,1.0,13.22799825542136,0.007657349660973978,0.768674213781595,13.175716582650779,0.03443394946338607,1.024091215866523,0,1.0,1.0
2025-06-12,3392.249426092405,3388.0582254077067,3393.2221251955784,3360.313442819143,380365.0,12646655670.0,569528.0,-0.4036766295876587,13,price_up_oi_down,1.5052688420712113,-0.0022202771987946957,3392.139857978301,3401.4747707512993,3358.6590489550535,0,1.0,13.2525632265958,0.02456497117444023,2.4869175898134976,13.175716582650779,0.03443394946338607,1.5052688420712113,0,1.0,1.0
2025-06-13,3393.918777778558,3450.374525870542,3453.049109255444,3391.634142787932,428125.0,14472416130.0,549428.0,-0.2494625280347794,13,price_up_oi_down,0.696904963278249,0.01839292488998967,3402.393178365705,3409.361112826172,3364.7416577031677,0,0.7,13.216633016033406,-0.03593021056239465,-3.5292382464076733,13.175716582650779,0.039600458715391085,0.696904963278249,0,1.0,1.0
2025-06-16,3462.5429450262022,3486.26953329646,3498.8880011993747,3454.7760198797405,418634.0,14406625200.0,547821.0,-0.2689515614148401,13,price_up_oi_down,0.23513355836862937,0.010403220623379061,3422.6663887992736,3414.5636512315605,3372.66661043778,1,0.6,13.21370387023516,-0.0029291457982463243,-0.2924860036254473,13.200462419835542,0.037983671911471006,0.23513355836862937,0,1.0,1.0
2025-06-17,3479.344676864864,3466.156737001031,3484.4338324601963,3459.80360035839,304463.0,10552723100.0,543120.0,-0.5787807208996947,13,price_up_oi_down,-0.24629724461599486,-0.005769145530297282,3437.291282890227,3419.6811423934573,3380.8402743629385,1,0.4,13.205085568975528,-0.008618301259630812,-0.8581270159414345,13.211855878745768,0.018540651503324845,-0.24629724461599486,0,1.0,1.0
2025-06-18,3467.7927710621866,3529.615282419076,3539.0363341487728,3459.9159331050605,454658.0,15793908220.0,540438.0,-0.172834433926537,13,price_up_oi_down,-0.6420074982435301,0.018308042663111035,3464.094860798963,3430.8232685818866,3391.4021679682073,1,0.3,13.20013520087872,-0.0049503680968090435,-0.4938135218736317,13.211855878745768,0.012313701845105385,-0.6420074982435301,0,1.0,1.0
2025-06-19,3522.5055701673564,3527.9379862009323,3531.933283581262,3509.634195812472,289320.0,10168933720.0,536558.0,-0.617641322354521,13,price_up_oi_down,-1.2635410280971588,-0.00047520652647270456,3492.070812957608,3442.105335467955,3402.3679089151765,1,0.2,13.192929943317738,-0.007205257560981337,-0.7179361924956607,13.211855878745768,0.01010285244083331,-1.2635410280971588,0,1.0,1.0
2025-06-20,3523.0536660966623,3527.661531807169,3550.68584416702,3520.2686620544746,288208.0,10193134110.0,534062.0,-0.6168294954082575,13,price_up_oi_down,-1.5748359281949036,-7.836146634221386e-05,3507.528214144934,3454.96069625532,3413.4011936767565,1,0.0,13.188267216071598,-0.0046627272461403635,-0.46518736091899493,13.211855878745768,0.01010285244083331,-1.5748359281949036,0,1.0,1.0
2025-06-23,3510.0185579344734,3496.22303403262,3515.3874994664,3487.8277453816645,301887.0,10595530420.0,546652.0,-0.5937596273523702,13,price_up_oi_down,-0.019240741915070796,-0.008911993821142938,3509.5189142921654,3466.092651545719,3422.036089742657,1,0.5,13.211567681504068,0.02330046543247022,2.3574041965164882,13.211855878745768,0.01010285244083331,-0.019240741915070796,0,1.0,1.0
2025-06-24,3480.5714785706305,3493.116818388298,3503.11888658403,3469.5808606197647,218559.0,7611020460.0,550350.0,-0.923498438500078,13,price_up_oi_down,0.37880607120269605,-0.0008884489387793737,3514.9109305696193,3476.1011067299232,3430.3609373165395,1,0.7,13.218309718451538,0.006742036947469998,0.6764815641395083,13.212635775869614,0.01010285244083331,0.37880607120269605,0,1.0,1.0
2025-06-25,3496.806945707117,3508.776109558513,3519.011053167548,3493.8907682424933,256355.0,8987262030.0,556415.0,-0.7749512160851112,13,price_up_oi_down,1.119101152815739,0.004482899365913617,3510.7430959975063,3487.418978398235,3440.943728038624,1,0.9,13.229269697690324,0.010959979238785778,1.1020259834651158,13.212635775869614,0.010025390942490553,1.119101152815739,0,1.0,1.0
2025-06-26,3500.1260758583508,3505.0082159117874,3517.507093782419,3491.92975013482,226828.0,7944105910.0,556116.0,-0.8967848845596922,13,price_up_oi_down,1.0829382103507557,-0.001073848410122591,3506.1571419396773,3499.113977448643,3450.2943740999713,1,0.8,13.228732184565388,-0.0005375131249358844,-0.05373686906356978,13.212635775869614,0.010025390942490553,1.0829382103507557,1,2.0,2.0
2025-06-27,3500.418271275637,3515.9418820786814,3519.1797127813384,3493.2185560321523,278130.0,9730481770.0,548213.0,-0.6785752672735155,13,price_up_oi_down,0.11998407655408411,0.0031194409523087607,3503.81321199398,3505.670713069457,3457.5159129478147,0,0.6,13.214419176542654,-0.014313008022734053,-1.4211063878759034,13.212635775869614,0.010025390942490553,0.11998407655408411,0,1.0,1.0
2025-06-30,3498.498486688361,3568.6067742227824,3569.1692822972045,3486.8637927808613,399264.0,13864701560.0,518613.0,-0.2615350880511634,13,price_up_oi_down,-3.6143596008151406,0.014978885860583269,3518.2899600320125,3513.904437162089,3464.234044196825,1,0.0,13.158913219261912,-0.055505957280741924,-5.399361197198904,13.212635775869614,0.010025390942490553,-3.6143596008151406,0,1.0,1.0
2025-07-01,3568.8449784935474,3569.7346825885625,3584.664551641543,3561.566598825801,257697.0,9236272340.0,526068.0,-0.7136460058016071,13,price_up_oi_down,-1.8678012811579876,0.00031606406565365397,3533.613532872065,3524.262231720842,3471.97168705715,1,0.1,13.173185760930762,0.01427254166885028,1.437488069138193,13.208326625239799,0.012689887566899927,-1.8678012811579876,0,1.0,1.0
2025-07-02,3567.009279289537,3552.430562699506,3584.1797804019066,3546.537985309352,309431.0,11076625620.0,528808.0,-0.5358902899724682,13,price_up_oi_down,-1.2147729651836936,-0.004847452661806417,3542.3444235002644,3526.5437597488853,3478.6835141653864,1,0.2,13.178380695998218,0.00519493506745583,0.5208452139267017,13.205851441191394,0.015252861496725778,-1.2147729651836936,0,1.0,1.0
2025-07-03,3558.528646005543,3570.322151214681,3575.767882964621,3553.534478750765,204229.0,7308575970.0,531086.0,-0.9556820534200128,13,price_up_oi_down,-0.6611477625156038,0.005036435814688822,3555.407210560843,3530.78217625026,3486.4437558591076,1,0.3,13.18267924567894,0.00429854968072263,0.43078016974025246,13.202248812410904,0.019964511226659987,-0.6611477625156038,0,1.0,1.0
2025-07-04,3578.1611096548872,3575.179564503635,3592.6282736643825,3566.2072803642795,262269.0,9439573650.0,530567.0,-0.7045755514222247,13,price_up_oi_down,-0.6154156304869336,0.001360497199755839,3567.254747045833,3535.533979519907,3495.247337887613,1,0.3,13.181701525008732,-0.000977720670208626,-0.09772428570894443,13.199917448787833,0.019964511226659987,-0.6154156304869336,0,1.0,1.0
2025-07-07,3537.576753039883,3481.259093322008,3552.249903317833,3476.415458996072,658251.0,23216046700.0,565140.0,0.152512829492127,13,price_up_oi_down,1.6116991791564492,-0.02627014097812641,3549.7852108656784,3534.0375854488457,3500.0651184972826,1,1.0,13.244828767044918,0.06312724203618636,6.5162364036965625,13.197123463591504,0.019964511226659987,1.6116991791564492,0,1.0,1.0
2025-07-08,3481.6894107456937,3484.345045972586,3500.706826585542,3472.579659742954,337074.0,11776889110.0,558485.0,-0.504925269677219,13,price_up_oi_down,1.0201755578077094,0.0008864472789449351,3532.7072835424833,3533.1604082072745,3504.630757468599,0,0.9,13.232983039476288,-0.011845727568630338,-1.1775843153909005,13.198549211110798,0.022765982646308025,1.0201755578077094,0,1.0,1.0
2025-07-09,3486.9786037772387,3502.916702115176,3506.9620672567394,3484.294968604573,318551.0,11153059650.0,545392.0,-0.5377222143882487,13,price_up_oi_down,0.2601205404860487,0.0053300278524528455,3522.8045114256174,3532.574467462941,3509.9967229305876,0,0.5,13.209260081152568,-0.023722958323720178,-2.3443780943086634,13.198549211110798,0.02777321181731285,0.2601205404860487,0,1.0,1.0
2025-07-10,3504.90242015531,3486.0015883162605,3510.911024128376,3459.7585656428296,465923.0,16273498730.0,561601.0,-0.1867712489156333,13,price_up_oi_down,1.3929460134225904,-0.0048288655532978675,3505.940398845933,3530.6738047033878,3514.8938910760153,0,0.9,13.238546912318935,0.029286831166366767,2.971990788277057,13.195969663415754,0.020616707805945822,1.3929460134225904,0,1.0,1.0
2025-07-11,3488.432938221801,3491.6243774598315,3504.3552470189547,3483.7429470362863,304929.0,10654708310.0,539925.0,-0.5713512784003831,13,price_up_oi_down,0.10520911359890354,0.0016129623011120753,3489.2293614371724,3528.242054241503,3516.95638365548,0,0.5,13.199185520005614,-0.03936139231332092,-3.859679737037558,13.195969663415754,0.020616707805945822,0.10520911359890354,0,1.0,1.0
2025-07-14,3496.461696834044,3511.183818293661,3527.089622065823,3487.3755499175822,277110.0,9747481870.0,536470.0,-0.6605961032477033,13,price_up_oi_down,0.06856427928743043,0.005601817011043675,3495.2143064315032,3522.4997586485906,3518.20209790534,0,0.5,13.192765921502469,-0.0064195985031449965,-0.6399036903274036,13.190932382842277,0.01803716011090284,0.06856427928743043,0,1.0,1.0
2025-07-15,3513.2128997889654,3523.3697495716256,3524.9796985628386,3509.097303682284,237965.0,8399370910.0,527576.0,-0.7961693267679436,13,price_up_oi_down,-0.8435049114388068,0.003470604761412588,3503.019247151311,3517.863265346897,3521.062748533869,0,0.1,13.176048209783817,-0.016717711718651884,-1.657874624862532,13.195975720754042,0.015934610250567083,-0.8435049114388068,0,1.0,1.0
2025-07-16,3527.8784198912017,3510.944100098909,3535.646347819988,3507.643054552512,253823.0,8983022590.0,534831.0,-0.7453136354307185,13,price_up_oi_down,-0.2653851714723897,-0.0035266379505662915,3504.6247267480576,3513.714619086837,3520.129189417861,0,0.4,13.1897060881246,0.01365787834078347,1.375157323305154,13.195975720754042,0.015934610250567083,-0.2653851714723897,0,1.0,1.0
2025-07-17,3519.4057259360825,3495.4172969292217,3525.6773472330883,3487.97697749963,259646.0,9104104150.0,549242.0,-0.7492199810239999,13,price_up_oi_down,0.994156306795864,-0.0044224011339998315,3506.5078684706496,3506.224133658291,3518.5031549542764,0,0.7,13.21629442482444,0.026588336699839843,2.6944960183682864,13.195975720754042,0.013785335410205768,0.994156306795864,0,1.0,1.0
2025-07-18,3506.241934924284,3501.4163575806065,3538.7137261974863,3493.8792214336995,582328.0,20610302930.0,576161.0,0.010646727338429,13,price_up_oi_down,2.1823661630509115,0.001716264509148857,3508.466264494805,3498.847812965989,3517.190896242948,0,1.0,13.264142414510188,0.04784798968574755,4.901118268450033,13.20422280057909,0.018518994012424628,2.1823661630509115,0,1.0,1.0
2025-07-21,3518.296836392825,3538.391018526578,3540.408450120242,3511.9074569993945,367833.0,13050436620.0,551424.0,-0.40487499239301,13,price_up_oi_down,0.23322220695112902,0.010559915522734498,3513.9077045413883,3504.5610054864455,3519.2992954676456,0,0.6,13.220259302195897,-0.04388311231429043,-4.293417985597669,13.212777252988504,0.02163847567584387,0.23322220695112902,0,1.0,1.0
2025-07-22,3537.8158299272977,3524.686810793706,3544.1704362136943,3514.9324216520235,317823.0,11278332280.0,562513.0,-0.5709196208774213,13,price_up_oi_down,0.9188044566249803,-0.003873005459577139,3514.171116785804,3508.595181968558,3520.8777950879166,0,0.9,13.240169523904767,0.019910221708869358,2.0109752205199616,13.212777252988504,0.020108558986909664,0.9188044566249803,0,1.0,1.0
2025-07-23,3529.312719757695,3538.8428294598148,3576.5445916453727,3522.626800118024,431803.0,15452476010.0,553717.0,-0.2486842601865871,13,price_up_oi_down,0.3642086618000834,0.004016248655840382,3519.750862657985,3512.187794703021,3522.3811310829815,0,0.7,13.224409004886251,-0.015760519018515495,-1.563697194553737,13.212777252988504,0.021541248174969496,0.3642086618000834,0,1.0,1.0
2025-07-24,3537.852518609838,3533.8042192288503,3543.391200682572,3519.598454967382,237195.0,8445583510.0,547209.0,-0.8359482258981157,13,price_up_oi_down,-0.1820742792439635,-0.0014238016418868238,3527.4282471179113,3516.9680577942804,3523.820931248834,0,0.4,13.212586092523642,-0.011822912362609017,-1.1753296358971377,13.21827686351017,0.021081354601681035,-0.1820742792439635,0,1.0,1.0
2025-07-25,3534.240591196668,3532.6426788875933,3539.1962696343426,3525.3857873528714,213390.0,7588784510.0,546167.0,-0.9398033123713518,13,price_up_oi_down,-0.1373559066063624,-0.0003286940275118999,3533.6735113793084,3521.0698879370566,3524.65597108928,0,0.4,13.210680068767022,-0.0019060237566197458,-0.19042084468636755,13.214440258674042,0.0184645379200008,-0.1373559066063624,0,1.0,1.0
2025-07-28,3506.1815418944966,3492.8131926966144,3535.809288702322,3469.079197056735,502855.0,17703403750.0,562205.0,-0.1115646939009292,13,price_up_oi_down,1.073519774798751,-0.011274699937532606,3524.557946213316,3519.232825377352,3520.866292012971,0,0.8,13.23962183104718,0.02894176228015688,2.9364644879678936,13.214440258674042,0.015821541691891206,1.073519774798751,0,1.0,1.0
2025-07-29,3487.5557437235225,3491.561813913416,3497.0617692221,3483.2542062352504,198815.0,6963820240.0,565253.0,-1.044898674437749,13,price_up_oi_down,1.2469085094366814,-0.0003582724623850675,3517.9329468372575,3516.0520318115314,3516.957648579214,0,0.9,13.245028697512245,0.005406866465065718,0.5421509947440173,13.21827686351017,0.01447088114007844,1.2469085094366814,0,1.0,1.0
2025-07-30,3492.4911609361234,3472.595078029374,3501.5924199350347,3469.045172755129,257318.0,8936243500.0,587407.0,-0.8254052615263905,13,price_up_oi_down,2.8497042664266927,-0.005432163855287331,3504.6833965511696,3512.217129604577,3512.9658743457067,0,1.0,13.28347321459768,0.03844451708543595,3.919306929817301,13.222334153541073,0.01447088114007844,2.8497042664266927,0,1.0,1.0
2025-07-31,3469.028487693713,3423.1409324078645,3469.55907633559,3417.544061956948,421221.0,14491437830.0,591844.0,-0.340085450077874,13,price_up_oi_down,2.769059345529577,-0.014241264676782772,3482.5507391869724,3504.989493152442,3505.6068134053667,0,1.0,13.290998365626843,0.007525151029161847,0.7553536134229821,13.232015417966714,0.014367136343902409,2.769059345529577,0,1.0,1.0
2025-08-01,3420.187065772653,3409.2494933137787,3431.331665719159,3401.836522339234,250699.0,8615195580.0,589122.0,-0.8543802766080099,13,price_up_oi_down,1.4292070924687295,-0.0040580973346938665,3457.872102072209,3495.7728067257585,3497.3103098458732,0,0.9,13.286388571915166,-0.004609793711676247,-0.45991849203509405,13.239895677475973,0.021941556157145214,1.4292070924687295,0,1.0,1.0
2025-08-04,3382.4172407975984,3338.827229165276,3386.8899068794494,3333.074621322401,530971.0,17851124290.0,629406.0,-0.1700691116587603,13,price_up_oi_down,3.236573330556865,-0.020656236595947175,3427.074909365942,3475.8164277896285,3490.1887166380375,0,1.0,13.352531796455471,0.06614322454030486,6.837972440343476,13.239895677475973,0.023472980116203246,3.236573330556865,0,1.0,1.0
2025-08-05,3339.9330232617144,3337.95673762913,3357.617021276596,3326.833003255076,408984.0,13647808760.0,630756.0,-0.4332430644878592,13,price_up_oi_down,2.4411825679396393,-0.0002607177539891703,3396.3538941090846,3457.1434204731713,3482.869301220864,0,1.0,13.354674378943198,0.0021425824877265853,0.2144879457774529,13.242599110708506,0.030966030063173555,2.4411825679396393,0,1.0,1.0
2025-08-06,3328.97465319729,3365.0778543115325,3371.371503551221,3323.0535480463286,396277.0,13252073020.0,610769.0,-0.4326053572744106,13,price_up_oi_down,1.1794968668709735,0.008125065366085593,3374.8504493655164,3439.766922958343,3475.9773588306825,0,0.8,13.322474097927957,-0.03220028101524086,-3.1687371979022494,13.264250956054962,0.033294680370295815,1.1794968668709735,0,1.0,1.0
2025-08-07,3365.576958490677,3363.772415596068,3370.660752379128,3343.2837427969657,374848.0,12638200660.0,619669.0,-0.5026648540442319,13,price_up_oi_down,0.8233692173730441,-0.0003879371509315499,3362.976746003157,3422.7637425950647,3469.8659001946726,0,0.8,13.336940743493686,0.014466645565729408,1.457179391881458,13.284930893256423,0.04260562897671072,0.8233692173730441,0,1.0,1.0
2025-08-08,3364.920010059194,3338.4432978401824,3370.1672115397014,3330.848964095689,335271.0,11248922380.0,648388.0,-0.6595501225748512,13,price_up_oi_down,1.3730376026898607,-0.007529973680278634,3348.815506908438,3403.343804490324,3462.20684621369,0,1.0,13.382244561578014,0.04530381808432793,4.63457103711824,13.288693468771005,0.04595602299072077,1.3730376026898607,0,1.0,1.0
2025-08-11,3330.5557523782604,3269.541683922189,3334.4692377891392,3267.8463568352363,549649.0,18087474450.0,707503.0,-0.2524619771074501,13,price_up_oi_down,2.888963793826465,-0.020638845045704235,3334.9583978598203,3381.016653612881,3450.124739495116,0,1.0,13.469497148773225,0.087252587195211,9.11722610535659,13.3067362317774,0.03800003819717901,2.888963793826465,0,1.0,1.0
2025-08-12,3270.2078782705617,3291.371172985645,3307.755284970397,3263.584288585175,451394.0,14798767940.0,696104.0,-0.4331585021443386,13,price_up_oi_down,2.0317784691690792,0.006676620509474374,3325.6412849311228,3360.9975895201037,3438.5248106658173,0,0.9,13.453254353441066,-0.016242795332159332,-1.6111592459679414,13.329707420710822,0.04101395193981716,2.0317784691690792,0,1.0,1.0
2025-08-13,3295.904923526318,3276.472519174752,3307.8062363497093,3275.444141728343,389012.0,12748442850.0,697923.0,-0.5844985900192631,13,price_up_oi_down,1.642910524210835,-0.004526579661745744,3307.9202179037675,3341.3853336346415,3426.8012316196096,0,0.9,13.455864060473095,0.0026097070320290072,0.2613115281624889,13.344736269974579,0.045623097975585836,1.642910524210835,0,1.0,1.0
2025-08-14,3278.548818226732,3266.3804749415585,3287.991067401815,3229.086003714146,668724.0,21538483030.0,701560.0,-0.0479350079401823,13,price_up_oi_down,1.5465053833208704,-0.0030801553115835656,3288.4418297728653,3325.709287888011,3415.3493905202267,0,0.9,13.461061705872075,0.005197645398979489,0.5211176591114697,13.353603087699334,0.04686685592193385,1.5465053833208704,0,1.0,1.0
2025-08-15,3273.657482059006,3257.0730929496567,3284.4103561456213,3253.101848016772,406709.0,13110940520.0,700519.0,-0.5437235468904631,13,price_up_oi_down,0.9598557718888563,-0.0028494482082858097,3272.1677887947603,3310.491647851599,3403.132227288679,0,0.8,13.45957676787459,-0.0014849379974837262,-0.14838360225778446,13.368459470260607,0.06402813533904528,0.9598557718888563,0,1.0,1.0
2025-08-18,3244.927349139304,3181.984316995341,3247.0314110047475,3175.5514081364595,732737.0,23276892090.0,790346.0,-0.0756839862132661,13,price_up_oi_down,2.305682006697816,-0.02305406535605692,3254.6563154093906,3294.8073566346056,3385.3118922121166,0,1.0,13.580226103243833,0.12064933536924194,12.822921291214072,13.41774945750954,0.04752996981310975,2.305682006697816,0,1.0,1.0
2025-08-19,3168.891441009156,3128.5727770422413,3172.0674103601737,3127.37431748118,710113.0,22122438870.0,827816.0,-0.1533667951668844,13,price_up_oi_down,2.6590301135034964,-0.01678560754301095,3222.09663622071,3273.8689605759164,3365.5061905245443,0,1.0,13.626546186450158,0.04632008320632508,4.7409615535473515,13.45455920695708,0.0436262935976055,2.6590301135034964,0,1.0,1.0
2025-08-20,3122.1629843805526,3142.4671698447696,3178.8383315643155,3110.614038565933,830594.0,25882127960.0,834827.0,-0.0050834102793587,13,price_up_oi_down,2.7405448803699413,0.004441128205323164,3195.2955663547136,3251.60789212924,3345.687407543792,0,1.0,13.634979796738342,0.008433610288184568,0.8469273365095509,13.457720414173842,0.0436262935976055,2.7405448803699413,0,1.0,1.0
2025-08-21,3139.503173333015,3081.5624529104657,3143.239687563449,3079.683313285044,945304.0,29004193910.0,902536.0,0.0462979902751388,13,price_up_oi_down,3.906049495613808,-0.019381178431631008,3158.3319619484946,3223.38689586068,3323.0753192278726,0,1.0,13.712963857590296,0.07798406085195353,8.110542663330245,13.460319236873332,0.0436262935976055,3.906049495613808,0,1.0,1.0
2025-08-22,3076.258524019125,3111.295592336404,3121.390374045802,3070.94914064466,843404.0,25824100410.0,894306.0,-0.0586019144783305,13,price_up_oi_down,3.3848566171896963,0.009648721997458143,3129.1764618258444,3200.6721253103024,3302.007964900313,0,0.9,13.703803277469767,-0.009160580120529005,-0.9118749833801454,13.465279427322649,0.04752996981310886,3.3848566171896963,0,1.0,1.0
2025-08-25,3118.2511667702925,3093.5851614558533,3136.824259827461,3085.9894153615,673509.0,20727810790.0,947101.0,-0.3409043812961252,13,price_up_oi_down,2.267087807755336,-0.005692300957894858,3111.4966307179466,3183.0764730636683,3282.046563338275,0,1.0,13.76116101906835,0.05735774159858309,5.903460336842237,13.52486162600853,0.0703024190514494,2.267087807755336,0,1.0,1.0
2025-08-26,3092.734734992792,3087.029669458932,3101.238658344711,3063.1241796787176,651852.0,19879797540.0,966718.0,-0.3940892870501778,13,price_up_oi_down,0.9546999831733575,-0.0021190598140302663,3103.188009201285,3162.6423227109976,3261.8199561155507,0,1.0,13.78166210832693,0.020501089258580407,2.0712680062632938,13.603386144846995,0.1259510758591107,0.9546999831733575,0,1.0,1.0
2025-08-27,3077.189046523373,3057.1225929889865,3096.1684733482,3055.222686013011,826664.0,25270877890.0,1047409.0,-0.2366764498349541,13,price_up_oi_down,1.4661656561563654,-0.009687978306728517,3086.1190938301283,3140.7073300924208,3241.046331863531,0,1.0,13.861830053496355,0.08016794516942483,8.346901578330023,13.63076299159425,0.10629944673507374,1.4661656561563654,0,1.0,1.0
2025-08-28,3048.3058424065025,3018.7041483248167,3057.585669164751,3012.429711101231,969561.0,29363103690.0,1130384.0,-0.1534692852546593,13,price_up_oi_down,2.0031486016680553,-0.012566864263891864,3073.5474329129984,3115.9396974307465,3220.824492659379,0,1.0,13.938067955970611,0.0762379024742561,7.9219292559066234,13.669391537104055,0.09046745791225863,2.0031486016680553,0,1.0,1.0
2025-08-29,3013.6566689857623,3046.064718045164,3055.256161551777,3005.3089810707165,950707.0,29014674830.0,1117679.0,-0.1618035742977941,13,price_up_oi_down,1.89764250549048,0.009063680432390475,3060.5012580547505,3094.8388599402974,3202.6652538959484,0,0.9,13.926764771613497,-0.011303184357114304,-1.1239543376409311,13.708383567530031,0.07762057593578131,1.89764250549048,0,1.0,1.0
2025-09-01,3058.473307034609,3046.6133154807,3091.1813667157367,3041.530020718444,1100186.0,33348687600.0,1135220.0,-0.0313472083302145,13,price_up_oi_down,1.3025073466921884,0.00018010038732452216,3051.1068888597197,3081.301759788833,3188.0545582117197,0,1.0,13.942337022713648,0.015572251100151036,1.5694130425640607,13.737062438329323,0.10629944673507286,1.3025073466921884,0,1.0,1.0
2025-09-02,3046.45551168185,3105.012457031441,3107.1877799940844,3028.186717694574,1021191.0,31119825250.0,1103714.0,-0.077711263137208,13,price_up_oi_down,0.8490507459643607,0.01916854405316193,3054.7034463742216,3078.945727787753,3176.407344181835,0,0.7,13.91419141428685,-0.028145608426797253,-2.7753210831380715,13.77141156369764,0.11342512837900642,0.8490507459643607,0,1.0,1.0
2025-09-03,3113.7429033527987,3161.359927927574,3164.176884639811,3099.0066825904246,1338718.0,41178598880.0,1015645.0,0.276188560949885,13,price_up_oi_down,0.058605082401838315,0.018147260816468336,3075.5509133619394,3080.835003596034,3166.221447862637,0,0.5,13.83103443661404,-0.08315697767281094,-7.979331602208639,13.821746080911643,0.10690045701160056,0.058605082401838315,0,1.0,1.0
2025-09-04,3166.6147724727625,3150.6813186164622,3185.295409776464,3123.811413962366,1296574.0,39936810540.0,1016611.0,0.2432508547590599,13,price_up_oi_down,-0.11768408358161062,-0.0033778530615183877,3101.9463474202685,3087.7468901666334,3155.566893013657,0,0.5,13.831985104318063,0.0009506677040231892,0.09511197317964015,13.846432245055198,0.08280187627257352,-0.11768408358161062,0,1.0,1.0
2025-09-05,3151.391348133317,3097.1912532252327,3154.6728360193383,3094.725080856614,1019550.0,31133852670.0,1051862.0,-0.0312005735249947,13,price_up_oi_down,0.17570289146678406,-0.016977301092043873,3112.171654456282,3086.336456255516,3143.5042907829093,0,0.6,13.866072484967889,0.03408738064982586,3.467501335319101,13.84690757890721,0.07357051404296389,0.17570289146678406,0,1.0,1.0
2025-09-08,3119.98013539613,3122.277953080242,3140.9531229475115,3111.5317911769603,788111.0,24071088870.0,1065777.0,-0.3018204467142635,13,price_up_oi_down,0.1821263099506759,0.008099822647014587,3127.3045819761905,3089.205735417955,3136.1411042408117,0,0.6,13.87921466857819,0.013142183610300506,1.3228921664629079,13.863951269232121,0.05652682371805273,0.1821263099506759,0,1.0,1.0
2025-09-09,3120.481454844152,3178.197302268921,3187.764573091753,3109.6917786189897,1141540.0,35185211080.0,981788.0,0.1507581078671279,13,price_up_oi_down,-1.224978439870975,0.017909792154638948,3141.9415510236863,3098.322498698954,3130.482410704976,0,0.1,13.79713067808283,-0.08208399049535942,-7.880541614240199,13.87264357677304,0.04157848883640547,-1.224978439870975,0,1.0,1.0
2025-09-10,3171.827805758521,3123.557622011912,3173.862964345429,3121.72809776917,776104.0,23854026830.0,1039837.0,-0.2925327172608223,13,price_up_oi_down,-0.2931180696348301,-0.01719203531448521,3134.3810898405536,3104.9660016012467,3122.836665846834,0,0.3,13.854574528064774,0.05744384998194363,5.912579905234128,13.87264357677304,0.04157848883640547,-0.2931180696348301,0,1.0,1.0
2025-09-11,3127.2804718079224,3143.97275786725,3157.675299242321,3115.476201003461,847816.0,26045445440.0,1006419.0,-0.1714901338252416,13,price_up_oi_down,-0.8230210993846925,0.006535860171578589,3133.0393776907113,3117.49286255549,3116.7162799931184,1,0.1,13.821909043923394,-0.03266548414137915,-3.213772927872327,13.87264357677304,0.04157848883640547,-0.8230210993846925,0,1.0,1.0
2025-09-12,3147.832164791728,3135.995182035778,3157.2346556464013,3132.620730684665,661884.0,20411548770.0,1003951.0,-0.4166081802828724,13,price_up_oi_down,-0.814322573899735,-0.002537418879190234,3140.8001634528205,3126.485908954551,3110.6623844474243,1,0.1,13.819453773261943,-0.0024552706614517916,-0.2452258949801278,13.86032350651633,0.03385176624761321,-0.814322573899735,0,1.0,1.0
2025-09-15,3175.7947507084573,3219.202850875961,3258.380241589268,3164.4281357808586,1831747.0,57906570880.0,889481.0,0.7223872886976794,13,price_up_oi_down,-4.1925024560282145,0.026533098429751822,3160.1851430119646,3143.7448624940776,3112.5233111414555,1,0.0,13.698393425545108,-0.12106034771683483,-11.401950892025637,13.84327981619142,0.023309355852973113,-4.1925024560282145,0,1.0,1.0
2025-09-16,3223.3615379354496,3197.277944395773,3235.434957135075,3189.98386083672,893619.0,28268066550.0,938274.0,-0.0487625073856408,13,price_up_oi_down,-1.8719263182648957,-0.006810663228078995,3164.0012714373347,3152.971411230511,3115.958569509132,1,0.1,13.751797296206487,0.05340387066137886,5.485558432389226,13.831509770466052,0.028721924990971814,-1.8719263182648957,0,1.0,1.0
2025-09-17,3186.3646148190287,3193.7082880423422,3200.6855647471093,3175.710017470423,632894.0,19798877590.0,956776.0,-0.4132663477040486,13,price_up_oi_down,-1.2950472923574352,-0.0011164673248653667,3178.0314046434205,3156.206247241987,3118.5206254190107,1,0.2,13.771324578251866,0.019527282045379124,1.9719186506288455,13.826471740268717,0.028721924990971814,-1.2950472923574352,0,1.0,1.0
2025-09-18,3187.1842350502075,3217.166797064484,3223.013217851676,3182.885683172256,769353.0,24210730750.0,894698.0,-0.1509363292735107,13,price_up_oi_down,-1.9811674872980187,0.007345225958793167,3192.6702124828676,3162.8547950867896,3125.3008426267115,1,0.1,13.704241510147027,-0.06708306810483933,-6.488248032977428,13.82068140859267,0.0396420979236618,-1.9811674872980187,0,1.0,1.0
2025-09-19,3214.5352817881508,3209.2805460594504,3233.3196188826328,3201.0300075478767,600220.0,18967756380.0,873165.0,-0.3748282867401107,13,price_up_oi_down,-1.6854507402412002,-0.0024513031193251766,3207.327285287602,3174.0637243702113,3130.2000903128637,1,0.0,13.679879820399266,-0.024361689747760096,-2.4067338923301818,13.808292225672385,0.051388615929143455,-1.6854507402412002,0,1.0,1.0
2025-09-22,3216.107871740177,3172.7725224148644,3223.485161395422,3163.7458102937785,679411.0,21316335690.0,878658.0,-0.2571694971242411,13,price_up_oi_down,-1.2247115743787689,-0.011375765727123066,3198.0412195953827,3179.113181303673,3134.1594583608144,1,0.1,13.686151022458343,0.006271202059076941,0.6290907216849329,13.784227628167347,0.05401415782673702,-1.2247115743787689,0,1.0,1.0
2025-09-23,3166.517154610628,3165.788752438911,3187.685173624568,3149.8606167045355,539462.0,16813426130.0,852327.0,-0.4573979093837769,13,price_up_oi_down,-1.2074497916770845,-0.0022011568514964663,3191.743381204011,3177.8723263206725,3138.0974125098132,1,0.0,13.655725534994893,-0.030425487463450196,-2.996729102790885,13.761560937229177,0.05912047136349141,-1.2074497916770845,0,1.0,1.0
2025-09-24,3165.4414309640097,3163.687478142083,3181.5322429362755,3144.842843229349,516371.0,16017102590.0,852094.0,-0.5008713500035308,13,price_up_oi_down,-1.0705032732361917,-0.0006637443181291003,3185.739219223958,3181.88531193369,3143.4256567674684,1,0.0,13.655452128364194,-0.00027340663069885807,-0.02733692585120684,13.728019403176756,0.04572237892629971,-1.0705032732361917,0,1.0,1.0
2025-09-25,3162.176029523066,3183.9328152083963,3195.111090965263,3158.219437583239,391505.0,12202428430.0,830173.0,-0.7516358260649043,13,price_up_oi_down,-1.0609287027590935,0.006399284760643553,3179.092422852741,3185.881317667804,3151.687090111647,0,0.0,13.629389391788427,-0.026062736575767076,-2.572603492103054,13.701317467846067,0.04572863616652345,-1.0609287027590935,0,1.0,1.0
2025-09-26,3177.952162965802,3162.503609152933,3181.118967818659,3156.8750992345376,450177.0,13959587240.0,793538.0,-0.5668605891563248,13,price_up_oi_down,-1.9860613632291975,-0.006730420300674722,3169.7370354714376,3188.5321603795196,3157.509034667036,0,0.0,13.584256706900883,-0.04513268488754463,-4.412935617034086,13.692272224001726,0.03668339232218276,-1.9860613632291975,0,1.0,1.0
2025-09-29,3158.912304858708,3166.126735073208,3172.9385538471583,3147.725483514646,402746.0,12419120450.0,735992.0,-0.6029131588162497,13,price_up_oi_down,-4.28011558857985,0.0011456511574527983,3168.407878003106,3183.2245487992445,3163.484705646661,0,0.0,13.508974528086721,-0.07528217881416133,-7.251826629600577,13.683015421428806,0.027426589749262043,-4.28011558857985,0,1.0,1.0
2025-09-30,3163.123546882788,3199.6342854815625,3200.145400078739,3159.0681478345773,358672.0,11026201540.0,662957.0,-0.6143018095391193,13,price_up_oi_down,-4.745852417840872,0.010583136182506614,3175.1769846116367,3183.4601829078233,3168.215797069167,0,0.0,13.404465410352797,-0.10450911773392413,-9.923341558060317,13.667802677697079,0.03742605917929964,-4.745852417840872,0,1.0,1.0
2025-10-09,3108.5439162270163,3100.8481648289844,3134.269600149702,3063.138818793866,686780.0,20634733110.0,670319.0,0.0242602895610759,13,price_up_oi_down,-4.088414997207213,-0.030874191185168653,3162.6091219490168,3174.174170586488,3165.1902089142377,0,0.1,13.415508997461256,0.011043587108458652,1.1104792618525705,13.655588831679545,0.039607434623140314,-4.088414997207213,0,1.0,1.0
2025-10-10,3097.333110752014,3032.8241380297154,3100.858730603893,3028.4708566778218,727471.0,21621384030.0,768762.0,-0.0552072930468342,13,price_up_oi_down,-1.1899773288549398,-0.021937232390422667,3132.387386513281,3155.739904683011,3159.2973498849,0,0.3,13.552536707737131,0.13702771027587524,14.685992788508063,13.64242076007631,0.05094715777873038,-1.1899773288549398,0,1.0,1.0
2025-10-13,3019.54843951918,3059.276895130265,3065.043938558368,3010.132644119888,583864.0,17338429670.0,785012.0,-0.2960309252938667,13,price_up_oi_down,-0.35348475312801014,0.008722153312105574,3111.7420437087467,3140.739539590092,3157.4016319801517,0,0.4,13.57345428327191,0.020917575534779687,2.113788142494122,13.606823049344655,0.06367155633106769,-0.35348475312801014,0,1.0,1.0
2025-10-14,3070.6196965761296,3094.470132095396,3102.040547805407,3068.855449310622,639300.0,19094564780.0,752865.0,-0.1635121010855919,13,price_up_oi_down,-0.4348187081447756,0.011503776275090027,3097.4107231131848,3132.909300558146,3156.0112409309095,0,0.3,13.53164120784041,-0.04181307543150048,-4.0950966354655005,13.578855495086398,0.07323880013873652,-0.4348187081447756,0,1.0,1.0
2025-10-15,3102.6320305052427,3086.30125791404,3112.1194330931226,3068.1524539865222,421632.0,12610494700.0,756093.0,-0.5840314888116511,13,price_up_oi_down,-0.3033246553055632,-0.002639829706749919,3074.74411759968,3124.9605511056584,3151.4164387131655,0,0.4,13.535919663468853,0.004278455628442757,0.4287621286683807,13.56299549550452,0.06020743185085298,-0.3033246553055632,0,1.0,1.0
2025-10-16,3085.4895341646093,3056.5157980346867,3089.73632173458,3053.076355881339,386451.0,11518712100.0,775856.0,-0.6969618547468128,13,price_up_oi_down,0.3134755480339982,-0.009650859520915489,3065.8776442408207,3114.2433830949185,3148.0643475143042,0,0.6,13.561722214935358,0.025802551466505008,2.6138318963408347,13.544228185602993,0.03764108940708066,0.3134755480339982,0,1.0,1.0
2025-10-17,3050.755443823504,3041.716012003644,3068.519716171397,3032.396525398105,419320.0,12426645470.0,783762.0,-0.625471051250331,13,price_up_oi_down,0.5780996935733766,-0.004842044670784529,3067.6560190356063,3100.0217027744434,3142.9515102211235,0,0.7,13.57186068181684,0.010138466881482344,1.0190035264276753,13.544228185602993,0.03223987759259472,0.5780996935733766,0,1.0,1.0
2025-10-20,3006.806929391488,3028.491999235868,3039.980287804566,2989.63809564938,658682.0,19252886990.0,795674.0,-0.1889486854971394,13,price_up_oi_down,1.0134610130841113,-0.0043475501051345455,3061.499039856727,3086.6205417827373,3137.5763510811285,0,1.0,13.586944833200247,0.015084151383407018,1.5198491378760615,13.544228185602993,0.02842929694138263,1.0134610130841113,0,1.0,1.0
2025-10-21,3027.646442633849,3054.945273010921,3055.6929797191888,3018.041779745573,529576.0,15575982430.0,785225.0,-0.3938936145419619,13,price_up_oi_down,0.6998315829680849,0.00873480061420917,3053.5940680398317,3075.5023955765087,3129.363472187876,0,0.9,13.573725579899497,-0.013219253300750466,-1.3132262710608744,13.544228185602993,0.02842929694138263,0.6998315829680849,0,1.0,1.0
2025-10-22,3060.342917387185,3035.404922713152,3062.803490923395,3034.573590558386,318733.0,9458052330.0,795090.0,-0.9141015540769812,13,price_up_oi_down,1.0376659333522198,-0.006396301259600112,3043.4148009996543,3059.079459299667,3121.2698211037455,0,0.9,13.586210594776148,0.01248501487665088,1.2563278041326065,13.557129461336245,0.018902958215321952,1.0376659333522198,0,1.0,1.0
2025-10-23,3037.4718389749296,3114.931143171405,3119.189578256364,3036.74927745483,858547.0,25985992410.0,764601.0,0.1158872963552677,13,price_up_oi_down,-0.7884658083280316,0.02619954255960355,3055.097870026998,3060.4877571339093,3117.330963860198,0,0.3,13.547109408116992,-0.039101186659156184,-3.8346602271441266,13.5667914483761,0.016836943519508374,-0.7884658083280316,0,1.0,1.0
2025-10-24,3116.204652361282,3183.166480026324,3183.9767311173914,3098.0307437345245,924369.0,28494858990.0,738497.0,0.2244943028970265,13,price_up_oi_down,-2.1800393931570983,0.02190588931781212,3083.3879636315337,3075.5219913335704,3115.6309480082905,0,0.0,13.512372318656897,-0.03473708946009424,-3.414068252591884,13.5667914483761,0.016836943519508374,-2.1800393931570983,0,1.0,1.0
2025-10-27,3190.803569297371,3215.0702297411285,3220.508367824852,3178.942394339772,895053.0,28050237250.0,724337.0,0.2116261806970407,13,price_up_oi_down,-2.545372065362171,0.010022645662736807,3120.703609732586,3091.1013247946566,3115.9204321923744,0,0.0,13.493012032683737,-0.01936028597316053,-1.9174079244736242,13.5667914483761,0.019550593329578092,-2.545372065362171,0,1.0,1.0
2025-10-28,3206.0955949206173,3200.362325016752,3208.1995536886325,3189.704504751008,542551.0,16981471110.0,713354.0,-0.27369570067811,13,price_up_oi_down,-2.4580051037575186,-0.004574676032989999,3149.7870201337523,3101.690544086792,3117.299922322469,0,0.0,13.477733069872862,-0.01527896281087493,-1.5162831665370913,13.554415811526175,0.02104218602954333,-2.4580051037575186,0,1.0,1.0
2025-10-29,3195.603530913355,3258.854946233381,3268.1429750790403,3194.226760517994,970111.0,30871510910.0,710571.0,0.311341625768618,13,price_up_oi_down,-2.127338113104906,0.01827687470240491,3194.477024837798,3118.945912918726,3121.953232012192,0,0.0,13.473824151153684,-0.003908918719178089,-0.3901288841163364,13.554415811526175,0.02555227581164754,-2.127338113104906,0,1.0,1.0
2025-10-30,3251.8098660803853,3245.880185810884,3262.0205625107665,3233.756648757793,520329.0,16593262770.0,691671.0,-0.2846491052195352,13,price_up_oi_down,-2.255512234389589,-0.003981386295665912,3220.6668333656935,3137.8823516963457,3126.062867395632,1,0.0,13.446865688019441,-0.02695846313424255,-2.6598327260753396,13.554415811526175,0.03216190246202277,-2.255512234389589,0,1.0,1.0
2025-10-31,3247.4529992958205,3251.127709938868,3255.0505869123017,3218.9748015455484,540467.0,17129052330.0,652690.0,-0.1886687039131276,13,price_up_oi_down,-1.9798312157760567,0.0016166721590411548,3234.2590793482027,3158.823521489868,3129.422612132156,1,0.0,13.388857563531527,-0.05800812448791426,-5.635771920465094,13.529740863386944,0.0479962550133175,-1.9798312157760567,0,1.0,1.0
2025-11-03,3235.23372410087,3273.816319119932,3290.593691711879,3227.398209318099,522932.0,16764063240.0,671948.0,-0.2507295200854628,13,price_up_oi_down,-1.1405621890237023,0.006978688998190874,3246.008297223963,3183.355953478275,3134.9882476305056,1,0.1,13.417936235558845,0.02907867202731751,2.9505584580734823,13.502692175670317,0.05012186004877517,-1.1405621890237023,0,1.0,1.0
2025-11-04,3273.6682262228364,3263.426274027617,3294.38466393966,3254.8907424426907,436556.0,14024351800.0,678282.0,-0.4406464703768835,13,price_up_oi_down,-0.7812356133230319,-0.003173679913449634,3258.621087026136,3204.2040535799447,3139.853224578226,1,0.2,13.427318409651498,0.009382174092653628,0.9426324656074847,13.4853725512783,0.05012186004877517,-0.7812356133230319,0,1.0,1.0
2025-11-05,3269.262653987401,3303.657346987311,3314.5198230339897,3268.2268838516065,728503.0,23588033850.0,710611.0,0.0248665803342939,13,price_up_oi_down,-0.030105539359581938,0.012327863288923657,3267.5815671769224,3231.0292960073602,3145.0543776535137,1,0.5,13.473880442325413,0.0465620326739149,4.766306639421458,13.475778610513274,0.04252695450269961,-0.030105539359581938,0,1.0,1.0
2025-11-06,3305.660918267297,3304.354131584266,3313.4564270350425,3284.0354032731016,523903.0,17066307830.0,712608.0,-0.3076249269218253,13,price_up_oi_down,0.05837022311976431,0.00021091309532761393,3279.276356331599,3249.971594848646,3155.229675991278,1,0.6,13.476686758585384,0.0028063162599707425,0.2810257651514325,13.473852296739548,0.03275331531872805,0.05837022311976431,0,1.0,1.0
2025-11-07,3295.4383546535714,3302.49139656772,3304.52293617893,3269.8564405778466,472122.0,15381012690.0,703847.0,-0.3993235762300717,13,price_up_oi_down,-0.2787633077923455,-0.000563721363500691,3289.5490936573688,3261.904086502786,3168.713038918178,1,0.4,13.464316281975236,-0.012370476610147563,-1.2294276797342962,13.473852296739548,0.023073172332147784,-0.2787633077923455,0,1.0,1.0
2025-11-10,3292.0462568593443,3297.9032648142897,3305.640883303592,3280.4718203732955,445899.0,14466508120.0,705400.0,-0.4586725488263393,13,price_up_oi_down,-0.11143784966021307,-0.0013892940820977584,3294.3664827962407,3270.1873900101023,3180.6443574023792,1,0.5,13.466520296784088,0.0022040148088517952,0.2206445434874471,13.469070216564461,0.01543369092671032,-0.11143784966021307,0,1.0,1.0
2025-11-11,3294.7530138365064,3328.761098862396,3342.009694092872,3290.369064919056,526349.0,17227034420.0,709825.0,-0.2990539699621909,13,price_up_oi_down,0.4207378863082217,0.009356803875156805,3307.4334477631965,3283.027267394666,3192.358905740729,1,0.6,13.47277373976335,0.006253442979261337,0.6273036574993895,13.465418289379663,0.011791624849459836,0.4207378863082217,0,1.0,1.0
2025-11-12,3324.4525577912623,3289.613696844545,3327.47437837289,3275.743138153161,668925.0,21490379250.0,719611.0,-0.0730388420093135,13,price_up_oi_down,1.4390353781403318,-0.011760351931302537,3304.6247177346436,3286.1031424557827,3202.5245276872547,1,1.0,13.48646606721183,0.013692327448481478,1.3786496671714055,13.465418289379663,0.009865311075735406,1.4390353781403318,0,1.0,1.0
2025-11-13,3286.890201297389,3266.5550081342512,3300.195842120282,3239.8180393415105,592434.0,18825648720.0,713649.0,-0.1861517704280575,13,price_up_oi_down,0.5757725221985129,-0.007009543014856678,3297.0648930446405,3288.1706246881195,3213.026488192233,1,0.9,13.478146523809823,-0.008319543402008023,-0.8285031774110885,13.465418289379663,0.01491053528297126,0.5757725221985129,1,2.0,2.0
2025-11-14,3269.2937283844176,3249.197006109599,3279.598327308136,3242.3612802932093,455023.0,14562376670.0,694481.0,-0.4228168368848722,13,price_up_oi_down,-1.6257088566850082,-0.0053138557230562045,3286.406014953016,3287.9775543051924,3223.4005378975307,0,0.3,13.450920082990928,-0.027226440818894915,-2.6859142239392897,13.469647018273719,0.0077696229238846115,-1.6257088566850082,0,1.0,1.0
2025-11-17,3237.342597318707,3252.1009851623976,3253.262984140287,3222.641576628836,409778.0,12988632120.0,706381.0,-0.5445392023463115,13,price_up_oi_down,-0.15079005744136584,0.0008937528402672701,3277.2455590226373,3285.806020909439,3234.5809871938573,0,0.5,13.467910030967916,0.016989947976988162,1.713509800844193,13.469647018273719,0.0077696229238846115,-0.15079005744136584,0,1.0,1.0
2025-11-18,3249.2630462398192,3210.675806367992,3256.584879688099,3203.865384828672,433914.0,13656816080.0,713663.0,-0.4975645043395454,13,price_up_oi_down,0.8532230990512834,-0.012737974307503452,3253.628500523757,3280.5309741434767,3242.3675138617104,0,0.9,13.478166141104431,0.010256110136515062,1.0308884298983578,13.470341885365633,0.006185238305073781,0.8532230990512834,0,1.0,1.0
2025-11-19,3207.4186365001274,3214.2098011164408,3219.1388738627293,3186.6689679180945,312423.0,9818320470.0,712980.0,-0.8250953307150013,13,price_up_oi_down,0.5105394948335428,0.0011007012110781922,3238.5477213781364,3271.5862195563896,3251.307757781875,0,0.7,13.477208648512127,-0.0009574925923043764,-0.09570343425407968,13.473327091044382,0.005128055068257531,0.5105394948335428,0,1.0,1.0
2025-11-20,3211.1443732955536,3253.6767891183645,3259.252324321947,3197.431734678744,544868.0,17278720400.0,720774.0,-0.279782071118586,13,price_up_oi_down,1.7560068412945806,0.012278908485754414,3235.9720775749583,3266.5184853097994,3258.245040079223,0,1.0,13.488080913593503,0.010872265081376398,1.0931582933602524,13.474730249174367,0.005128055068257531,1.7560068412945806,0,1.0,1.0
2025-11-21,3252.028865827588,3219.100514082195,3258.3584732684462,3209.638111400377,455079.0,14427340940.0,721869.0,-0.4613726517340419,13,price_up_oi_down,1.2670737396948581,-0.010626831513138257,3229.952779169478,3258.179397061247,3260.0417417820163,0,1.0,13.489598960969442,0.001518047375938636,0.15192001931263466,13.474991194137738,0.007776030261736011,1.2670737396948581,0,1.0,1.0
2025-11-24,3222.5592157524857,3242.0124545063604,3243.91952931366,3212.441675654746,409751.0,13064721670.0,727849.0,-0.574543950966798,13,price_up_oi_down,1.4664076500807839,0.007117497674874018,3227.9350730382707,3252.5903160304542,3261.388853020278,0,1.0,13.497848888082403,0.008249927112961686,0.8284051538436366,13.477677586160976,0.009278018121957388,1.4664076500807839,0,1.0,1.0
2025-11-25,3245.5083231886824,3250.3843096707046,3272.446548497342,3240.3365819333035,421109.0,13478654320.0,730195.0,-0.5504199142239604,13,price_up_oi_down,1.694932422264566,0.0025823019750301768,3235.876773698813,3244.752637111285,3263.8899522529755,0,1.0,13.501066900741172,0.003218012658768643,0.3223196020053942,13.478156332457127,0.009117157945540022,1.694932422264566,0,1.0,1.0
2025-11-26,3249.0296052406507,3290.663064959733,3293.346940597756,3240.215816433916,398031.0,12810679570.0,728636.0,-0.6046444014824554,13,price_up_oi_down,1.7176452001692015,0.012391997822900347,3251.1674264674716,3244.857573922804,3265.4803581892934,0,0.9,13.498929572163041,-0.0021373285781312035,-0.2135046117817896,13.48231610415813,0.006523833123342371,1.7176452001692015,0,1.0,1.0
2025-11-27,3291.886860892807,3321.357098011957,3340.3974528816047,3288.2074093356305,602872.0,19613664780.0,713566.0,-0.1685700321699597,13,price_up_oi_down,-0.3240815560381351,0.009327613446379779,3264.70348824619,3250.337782910575,3269.254203799347,0,0.3,13.478030213372932,-0.020899358790108735,-2.0682480689946714,13.483123527348967,0.01060039717695549,-0.3240815560381351,0,1.0,1.0
2025-11-28,3321.7947424960503,3361.013984411141,3366.17729319416,3314.4673547481134,424140.0,13989258140.0,715511.0,-0.5229333833318418,13,price_up_oi_down,-0.15088146885508902,0.011939964667732061,3293.086182311979,3261.519480740729,3274.748517522961,0,0.5,13.480752251724896,0.002722038351963718,0.2725746462134637,13.483123527348967,0.01060039717695549,-0.15088146885508902,0,1.0,1.0
2025-12-01,3381.2511667609715,3348.247269941038,3396.022843073604,3322.9662388817605,707591.0,23798993640.0,745222.0,-0.0518159174131271,13,price_up_oi_down,3.6736307969738737,-0.0037984710951267653,3314.333145398915,3271.134109218593,3278.470065064016,0,1.0,13.521437439549695,0.04068518782479913,4.152416943974302,13.4844165826592,0.006797151716670946,3.6736307969738737,0,1.0,1.0
2025-12-02,3349.748113709212,3380.601827362677,3453.3163545218863,3338.4174432170544,852846.0,28452018630.0,728591.0,0.1574664598779443,13,price_up_oi_down,0.6515019754386883,0.009663132622283355,3340.3766489373093,3288.126711318061,3284.3288427307693,1,0.7,13.498867811023542,-0.02256962852615274,-2.2316839814175093,13.488839937281472,0.010381715529304891,0.6515019754386883,0,1.0,1.0
2025-12-03,3374.633922028182,3341.039996728942,3393.174399825106,3324.814040924092,630013.0,20727887900.0,745936.0,-0.1688993515454777,13,price_up_oi_down,2.978353871083042,-0.011702599907957412,3350.452035291151,3300.8097308793112,3286.197975217851,1,1.0,13.52239508462093,0.023527273597387932,2.380622324459014,13.493723924525924,0.006492993573834482,2.978353871083042,0,1.0,1.0
2025-12-04,3333.271347965911,3344.555058376933,3347.005336307998,3299.203724460012,599638.0,19516504970.0,748669.0,-0.2219708234732298,13,price_up_oi_down,1.962435980947748,0.0010520860724303471,3355.091627364146,3309.8975578051677,3288.208021557484,1,1.0,13.526052242259384,0.0036571576384538673,0.36638531992023715,13.498358349552973,0.00951841227150041,1.962435980947748,0,1.0,1.0
2025-12-05,3340.7646978789694,3323.7026549071734,3354.739279656683,3316.906918315993,388080.0,12474514640.0,753774.0,-0.6638810843935466,13,price_up_oi_down,1.668604756346265,-0.0062347317074454844,3347.629361463353,3320.357771887666,3289.2685844744565,1,1.0,13.532847867312645,0.006795625053261034,0.6818767706423756,13.498898691593292,0.013723085246122757,1.668604756346265,0,1.0,1.0
2025-12-08,3354.96612569772,3361.872134589309,3372.336184831652,3333.2341641623943,466691.0,15094620160.0,754473.0,-0.4803521238463328,13,price_up_oi_down,1.119914240700977,0.011484023586099568,3350.354334393007,3332.3437398959604,3292.4670279632073,1,1.0,13.533774771261461,0.0009269039488160047,0.09273336570370105,13.499998236452107,0.020342593912399565,1.119914240700977,0,1.0,1.0
2025-12-09,3363.131907523177,3309.825516899577,3371.4711317804,3306.0660417393474,476032.0,15224319860.0,758658.0,-0.4660660041002246,13,price_up_oi_down,1.3921419188969406,-0.01548143879543773,3336.1990723003864,3338.2878606188483,3291.520248865067,0,1.0,13.539306361944911,0.005531590683450105,0.5546918179974547,13.511252170145433,0.0135922156179209,1.3921419188969406,0,1.0,1.0
2025-12-10,3305.6881233513795,3305.5787309459115,3319.500448225069,3286.513765273213,527074.0,17041782340.0,757777.0,-0.3630481909667403,13,price_up_oi_down,0.7484627149624569,-0.0012830845408562386,3329.1068191437807,3339.779427217466,3292.3185005701353,0,0.9,13.538144426089938,-0.0011619358549737058,-0.11612610688861436,13.521916262085313,0.014624304517873554,0.7484627149624569,0,1.0,1.0
2025-12-11,3304.351291020541,3314.639027529419,3329.820689156975,3291.737576654963,377368.0,12002728610.0,744331.0,-0.6792649897044049,13,price_up_oi_down,-0.22888651187956774,0.0027409108422338235,3323.123612974278,3339.107620169212,3294.722701539893,0,0.3,13.520241107353034,-0.017903318736903984,-1.7744006482118713,13.524223663440157,0.011735935235542172,-0.22888651187956774,0,1.0,1.0
2025-12-12,3308.2031185482706,3293.2423379958573,3310.5864203323667,3262.751514352743,527167.0,16584297510.0,744518.0,-0.3452196427435078,13,price_up_oi_down,-0.276943221655772,-0.006455209558523078,3317.031549592015,3332.3304555276836,3296.9249681342058,0,0.3,13.520492308114136,0.0002512007611024103,0.025123231465573603,13.524223663440157,0.00908765584689597,-0.276943221655772,0,1.0,1.0
2025-12-15,3289.47450168159,3312.49116454523,3321.473826536865,3280.2310817064376,370428.0,11603760190.0,740143.0,-0.6921843169049591,13,price_up_oi_down,-1.0299166211251725,0.005844946886321978,3307.155355583199,3328.7548449881024,3299.9444771033477,0,0.1,13.514598689754525,-0.005893618359610997,-0.587628505959592,13.524223663440157,0.00630337997980579,-1.0299166211251725,0,1.0,1.0
2025-12-16,3312.44413225486,3277.4062169518565,3316.6072871265715,3276.2880764629863,307156.0,9692116080.0,749853.0,-0.8925214254712721,13,price_up_oi_down,0.25300320233773305,-0.010591710543683797,3300.671495593655,3318.4352839470207,3303.2809976325416,0,0.6,13.527632466301982,0.01303377654745752,1.3119086446808037,13.524223663440157,0.00908765584689597,0.25300320233773305,0,1.0,1.0
2025-12-17,3276.8263922476226,3278.257569289654,3286.280153723062,3259.382723459239,291499.0,9296621960.0,761333.0,-0.9600342690263935,13,price_up_oi_down,1.6648383137666716,0.00025976405774597033,3295.207263262403,3312.1570412030924,3306.4833860412014,0,1.0,13.542826123261461,0.01519365695947883,1.5309667361470325,13.526842354280683,0.006475646547098535,1.6648383137666716,0,1.0,1.0
2025-12-18,3277.0481308454105,3248.465369314961,3279.524252266049,3244.1311161868944,414054.0,12812563300.0,776248.0,-0.6284756566527898,13,price_up_oi_down,2.5426602410186576,-0.009087815507171415,3281.9725316195118,3302.5480722968946,3306.222815051032,0,1.0,13.562227335736974,0.019401212475512963,1.959063905019276,13.530240166807314,0.00848522721011058,2.5426602410186576,0,1.0,1.0
2025-12-19,3245.1555955596327,3240.5244014104355,3258.902400915754,3215.717616017964,450932.0,13984074350.0,798335.0,-0.5712117567757875,13,price_up_oi_down,4.955209370256919,-0.0024445290319349278,3271.428944302427,3294.230246947221,3307.2940094174437,0,1.0,13.590283587839536,0.02805625210256224,2.8453535468045965,13.533311319287053,0.007754923316133144,4.955209370256919,0,1.0,1.0
2025-12-22,3243.39173604043,3258.279823757068,3283.145215338359,3238.952959618745,372330.0,11692812370.0,800486.0,-0.7654384854049626,13,price_up_oi_down,3.2323460225452747,0.005479181807396483,3260.586676144795,3283.8710158639965,3308.1073778799787,0,1.0,13.592974322196639,0.002690734357102542,0.26943576318205764,13.5359595986757,0.011897211467640112,3.2323460225452747,0,1.0,1.0
2025-12-23,3257.246116135471,3266.430349699006,3272.116734595608,3240.19197958774,297596.0,9296440400.0,813471.0,-1.0055734155825813,13,price_up_oi_down,2.584269316912483,0.0025014812670509645,3258.391502694225,3279.53149914394,3308.909679881394,0,1.0,13.60906555657311,0.01609123437647142,1.6221395502232117,13.538725394017424,0.01835868628383963,2.584269316912483,0,1.0,1.0
2025-12-24,3267.591824366354,3327.182173909712,3329.725692217677,3267.1373726744578,433560.0,13558939660.0,782774.0,-0.5908138259195522,13,price_up_oi_down,0.9675378090075846,0.018598842683513528,3268.176423618236,3281.6918434403206,3310.7356353288933,0,0.7,13.570599299849238,-0.03846625672387205,-3.773582586226154,13.5404852746757,0.020993114191970363,0.9675378090075846,0,1.0,1.0
2025-12-25,3325.675995070148,3316.0025167496,3332.080256965331,3295.973103566668,406787.0,12470455510.0,783153.0,-0.65503837227283,13,price_up_oi_down,0.389187378832264,-0.0033600976970176166,3281.6838531051644,3281.8281923623376,3310.467906265775,0,0.7,13.571083358183248,0.0004840583340097737,0.04841755091509192,13.552526729499217,0.03216002176563215,0.389187378832264,0,1.0,1.0
2025-12-26,3314.8755269823905,3338.2056482035373,3340.890946657563,3298.928844758073,308541.0,9758441900.0,780673.0,-0.9283016325314212,13,price_up_oi_down,0.04007867441808518,0.006695752292643409,3301.2201024637848,3286.324523383106,3309.327489455395,0,0.5,13.56791164716295,-0.003171711020298673,-0.31666864584569687,13.566413317793106,0.025215637224981435,0.04007867441808518,0,1.0,1.0
2025-12-29,3331.2568111664573,3319.4845058773044,3333.850385398024,3308.135122376306,311163.0,9790645920.0,771357.0,-0.9078344107809796,13,price_up_oi_down,-0.4024275366366886,-0.0056081453029437345,3313.461038887832,3287.023857516314,3307.889351252208,0,0.3,13.555906580397288,-0.01200506676566171,-1.193329345321259,13.569255473506093,0.022373481511994697,-0.4024275366366886,0,1.0,1.0
2025-12-30,3316.460693414724,3315.8017980618124,3320.9476142912818,3286.5787200714026,340478.0,10555301380.0,763600.0,-0.8076935792157705,13,price_up_oi_down,-0.9204364010917107,-0.0011094216011466873,3323.335328560393,3290.8634156273088,3304.6493497871647,0,0.2,13.545799370833729,-0.010107209563559039,-1.0056303371851039,13.569255473506093,0.01718850372112435,-0.9204364010917107,0,1.0,1.0
2025-12-31,3313.016861776817,3315.6493537481497,3317.4354046409167,3289.718813251949,308854.0,9626567670.0,720849.0,-0.8475610106769041,13,price_up_oi_down,-3.181272267533421,-4.597509831616442e-05,3321.0287645280814,3294.602594073159,3303.3798176381256,0,0.0,13.488184962987926,-0.05761440784580252,-5.598611838658862,13.569255473506093,0.01718850372112435,-3.181272267533421,0,1.0,1.0
2026-01-05,3339.9254231001964,3350.742538864295,3369.8024684021034,3334.966217516306,461903.0,14696464130.0,716982.0,-0.4396958233541975,13,price_up_oi_down,-3.392346541293959,0.010584106270608684,3327.97676895102,3304.8303110280917,3303.689191662493,1,0.0,13.48280601466412,-0.005378948323805588,-0.5364507684689435,13.569255473506093,0.01718850372112435,-3.392346541293959,0,1.0,1.0
2026-01-06,3350.94794722328,3347.320394893293,3363.871824800913,3334.24101558905,344101.0,11094396200.0,735895.0,-0.7601522265769077,13,price_up_oi_down,-1.8320134064288978,-0.0010213091370971927,3329.7997182889712,3315.509910376378,3304.870078661799,1,0.2,13.508842724490195,0.026036709826074755,2.6378625962716784,13.569255473506093,0.022242108502903868,-1.8320134064288978,0,1.0,1.0
2026-01-07,3345.9879863414526,3354.7679674751107,3362.430968704856,3321.558450859264,403608.0,13050408820.0,748227.0,-0.6172622979822401,13,price_up_oi_down,-1.0422248230533588,0.0022249356808448084,3336.8564106085323,3325.1587247481816,3304.514870306089,1,0.3,13.525461686852935,0.016618962362739964,1.6757825504996715,13.561909113780118,0.02358747568145514,-1.0422248230533588,0,1.0,1.0
2026-01-08,3358.6467895435903,3366.05380299034,3390.1237389018725,3356.352863676774,387289.0,12325324130.0,743862.0,-0.6526843493962393,13,price_up_oi_down,-0.9237956238998742,0.003364118062604282,3346.9068115942378,3335.1210700773154,3307.3262846106277,1,0.3,13.51961081274,-0.0058508741129355,-0.5833791082118456,13.55085297561551,0.022810835665156404,-0.9237956238998742,0,1.0,1.0
2026-01-09,3367.427068860467,3393.4787210132736,3400.0964053432617,3356.0122328915154,321612.0,10251219510.0,751939.0,-0.8493093535968814,13,price_up_oi_down,-0.11921236352119556,0.008147498414484478,3362.4726850472625,3341.750724787672,3311.7212841139963,1,0.5,13.530410482620537,0.010799669880537266,1.0858196816077026,13.535630528843331,0.02953446133637705,-0.11921236352119556,0,1.0,1.0
2026-01-12,3401.7474668279824,3367.304179549634,3407.715248647516,3360.4747516471075,334400.0,10729086290.0,777189.0,-0.8433456828215029,13,price_up_oi_down,1.0176081807090325,-0.007713188623096556,3365.7850131843306,3346.8808910676753,3314.3545417150067,1,0.8,13.563438843014186,0.03302836039364898,3.3579851557106855,13.527936084736737,0.023531927953546194,1.0176081807090325,0,1.0,1.0
2026-01-13,3373.450071349621,3351.408624581257,3399.2680626508004,3345.3291418045446,467344.0,14823735860.0,783296.0,-0.5164450545575467,13,price_up_oi_down,1.241954541247158,-0.004720558084688076,3366.6026591219224,3348.201188705447,3317.2628560442768,1,1.0,13.57126593674201,0.007827093727824419,0.7857805501622517,13.527936084736737,0.023531927953546194,1.241954541247158,0,1.0,1.0
2026-01-14,3356.355545229006,3360.716174637467,3371.8482071677463,3339.0527749334938,374476.0,11784031850.0,772549.0,-0.7241677217245374,13,price_up_oi_down,0.8459717455019008,0.0027772053780439343,3367.792300554394,3352.3243555814634,3319.6741065488886,1,0.8,13.557450716163126,-0.01381522057888418,-1.372022836833009,13.527936084736737,0.023531927953546194,0.8459717455019008,1,2.0,2.0
2026-01-15,3375.944691584618,3415.5652319003693,3430.510066353821,3367.6939838650305,828857.0,26432552560.0,740167.0,0.1131718068586942,13,price_up_oi_down,-0.3692429399752467,0.01632064548527934,3377.6945863364003,3362.3006989653186,3326.582057296314,1,0.3,13.514631115395103,-0.04281960076802349,-4.191578786588435,13.527936084736737,0.024303995836465475,-0.3692429399752467,0,1.0,1.0
2026-01-16,3416.542480349698,3413.1251187065254,3425.5584161216666,3394.326779681854,317290.0,10132231820.0,739218.0,-0.8457766885033772,13,price_up_oi_down,-0.2579795138975653,-0.00071440977647097,3381.6238658750503,3372.048275461156,3333.3254347671573,1,0.3,13.51334814966249,-0.0012829657326136612,-0.1282143083925713,13.522536249796467,0.02402240605740591,-0.2579795138975653,0,1.0,1.0
2026-01-19,3397.837332240632,3365.17369508114,3399.194345271904,3359.467640054541,422756.0,13419900420.0,744644.0,-0.5661110713594409,13,price_up_oi_down,-0.11052367233827753,-0.014049125642237703,3381.1977689813516,3373.491391082841,3339.1608510554665,1,0.5,13.520661530804885,0.0073133811423957695,0.734018922699442,13.522536249796467,0.011440812720124427,-0.11052367233827753,0,1.0,1.0
2026-01-20,3364.216039879086,3360.7161359007587,3376.255796992302,3351.28966375306,347143.0,11218796860.0,756140.0,-0.7784897454182286,13,price_up_oi_down,0.9606027304633525,-0.0013246148889423104,3383.0592712452517,3374.830965183588,3345.1704377799824,1,0.7,13.535981823202196,0.015320292397310808,1.5438249687099281,13.523061608828911,0.009071976300115026,0.9606027304633525,0,1.0,1.0
2026-01-21,3377.2043422851266,3370.573341711555,3387.158553029923,3366.114899224744,334871.0,10688925150.0,759111.0,-0.8184026287242244,13,price_up_oi_down,0.7463411750311372,0.002933067064336825,3385.0307046600697,3376.4115026072323,3350.785113677707,1,0.7,13.53990329074429,0.003921467542093993,0.3929166556457808,13.527936084736737,0.010815120669185774,0.7463411750311372,0,1.0,1.0
2026-01-22,3376.8174925052663,3423.420368925986,3424.393712917584,3369.5927909668035,417767.0,13365460800.0,773109.0,-0.6154961868595974,13,price_up_oi_down,1.0480885824871868,0.015678942974015175,3386.601732065193,3382.1481592007963,3358.634614639056,1,0.8,13.558175326684344,0.01827203594005411,1.8439990989459476,13.533196152911366,0.016075188843814203,1.0480885824871868,0,1.0,1.0
2026-01-23,3423.0547222680066,3383.3530634431263,3430.208909366244,3375.8937973997126,447268.0,14362763210.0,762557.0,-0.5335192922595401,13,price_up_oi_down,0.22029846159721825,-0.011703881254708448,3380.6473210125127,3381.1355934437815,3361.4431591157263,0,0.6,13.544432538768117,-0.013742787916227073,-1.3648786911029775,13.537942556973242,0.01987046445049323,0.22029846159721825,0,1.0,1.0
2026-01-26,3405.5352479529224,3401.4692837474654,3425.5605467424607,3390.7332417452885,428365.0,13754937250.0,757205.0,-0.5696583866989757,13,price_up_oi_down,-0.17292242200194105,0.005354516648021113,3387.906438745778,3384.5521038635648,3365.71649746562,1,0.4,13.537389301570729,-0.007043237197388308,-0.7018491732421417,13.542167914756202,0.018639170093062596,-0.17292242200194105,0,1.0,1.0
2026-01-27,3413.530819532504,3365.264626111856,3421.9687565919617,3356.2066872176533,459819.0,15033749230.0,754370.0,-0.4950500300371291,13,price_up_oi_down,-0.18363471078539176,-0.010643829067808586,3388.8161367879975,3385.9377040166246,3367.0694463610357,1,0.3,13.533638242808653,-0.0037510587620754876,-0.374403232942333,13.53864629615751,0.01839459267912069,-0.18363471078539176,0,1.0,1.0
2026-01-28,3365.8757500732668,3382.486945536216,3390.262511964905,3352.738626402844,292352.0,9526379740.0,762268.0,-0.9583396441759404,13,price_up_oi_down,0.41812207485093705,0.005117671665618051,3391.19885755293,3388.1147811065,3370.2195683439813,1,0.7,13.544053478871458,0.010415236062804922,1.0469663427761011,13.536685562386463,0.01188550398161592,0.41812207485093705,0,1.0,1.0
2026-01-29,3386.965024298908,3369.7150323029227,3402.00611191014,3363.990111396676,371715.0,11874588940.0,749313.0,-0.7010293551319271,13,price_up_oi_down,-0.8722699183375658,-0.0037758943165022707,3380.457790228317,3383.529761146755,3372.915230056037,0,0.3,13.526912065728125,-0.017141413143333395,-1.6995334974051368,13.536685562386463,0.007557446433324344,-0.8722699183375658,0,1.0,1.0
2026-01-30,3371.1212197794075,3361.244938338223,3382.677603866804,3343.595975519036,498014.0,15931983180.0,711624.0,-0.3569214929564555,13,price_up_oi_down,-5.478126612709271,-0.0025135935482684113,3376.036165207336,3378.3417431099247,3375.1950092855404,0,0.0,13.475304961017898,-0.05160710471022689,-5.029807303489875,13.536685562386463,0.007557446433324344,-5.478126612709271,0,1.0,1.0
2026-02-02,3333.940390070422,3376.072740748284,3379.5874189782703,3325.830186708816,394735.0,12800940730.0,707004.0,-0.5828216699087903,13,price_up_oi_down,-6.059434085244314,0.004411401930557224,3370.9568566075004,3379.431647676639,3376.46151937974,0,0.0,13.468791602571333,-0.006513358446564865,-0.6492192506155625,13.536685562386463,0.007557446433324344,-6.059434085244314,0,1.0,1.0
2026-02-03,3371.674013804968,3368.190042774765,3388.732652569397,3352.8699580518823,328847.0,10507418120.0,713271.0,-0.7742688353466564,13,price_up_oi_down,-5.271806364170847,-0.002334872077362826,3371.5419399400826,3380.17903836404,3377.505001773814,0,0.2,13.477616711334223,0.00882510876289011,0.8864164842066868,13.536685562386463,0.007557446433324344,-5.271806364170847,0,1.0,1.0
2026-02-04,3362.8654455232054,3359.5688383798138,3369.5478021377944,3348.69883912216,252280.0,7972310500.0,727966.0,-1.0597147620138991,13,price_up_oi_down,-2.887616350475199,-0.002559595594507802,3366.958318508802,3379.078588030866,3377.745045319049,0,0.3,13.498009622791487,0.020392911457264518,2.0602267581325995,13.535513772189692,0.008760236519996134,-2.887616350475199,0,1.0,1.0
2026-02-05,3352.14613059242,3334.305585261421,3360.175738430034,3327.732405536085,433235.0,13570009670.0,735919.0,-0.5298397523709679,13,price_up_oi_down,-0.6863916904911866,-0.007519790286713124,3359.8764291005014,3370.1671096644095,3376.157634432603,0,0.4,13.508875337306764,0.010865714515276181,1.0924960781135251,13.530275154268388,0.021028778457842456,-0.6863916904911866,0,1.0,1.0
2026-02-06,3341.781893290441,3372.3694663895235,3388.323989315573,3336.5360497443858,390054.0,12291589520.0,717321.0,-0.6092382480799688,13,price_up_oi_down,-1.0141412303404216,0.01141583461826512,3362.101334710761,3369.0687499590495,3375.1021717014155,0,0.3,13.483278718139346,-0.025596619167417956,-2.527180301092957,13.517893701517444,0.023021928039985262,-1.0141412303404216,0,1.0,1.0
2026-02-09,3367.125945479112,3364.208309849474,3373.4337509080187,3357.368775425683,265129.0,8416422840.0,727450.0,-1.0093287681673542,13,price_up_oi_down,-0.15353686415592913,-0.0024200066515210894,3359.7284485309997,3365.34265256925,3374.9473782164073,0,0.4,13.497300547143535,0.014021829004189357,1.4120595939614455,13.503442480049126,0.02698164387306523,-0.15353686415592913,0,1.0,1.0
2026-02-10,3368.336481089454,3348.85767256906,3374.6062655996607,3335.9787832843867,332870.0,10733939020.0,737328.0,-0.7952808173070127,13,price_up_oi_down,0.417948785486575,-0.004562927103970216,3355.8619744898583,3363.7019572149707,3374.8198306157983,0,0.7,13.510788119657036,0.013487572513501078,1.3578940133341932,13.497655084967512,0.02119424879145182,0.417948785486575,0,1.0,1.0
2026-02-11,3347.375755574264,3361.96298768362,3366.7020914242275,3332.994016897731,299314.0,9694796810.0,728136.0,-0.8889946543611656,13,price_up_oi_down,0.02304978382192525,0.003913368794949967,3356.3408043506197,3361.6495614297105,3374.8821712681056,0,0.6,13.498243122918225,-0.01254499673881071,-1.2466636286700084,13.497655084967512,0.017207370230727825,0.02304978382192525,0,1.0,1.0
2026-02-12,3363.980788011101,3439.0385115564663,3442.378904908649,3362.862142822708,427443.0,13900270050.0,666683.0,-0.44449372442005,13,price_up_oi_down,-4.294921826030419,0.022925750270067935,3377.287389609629,3368.581909355065,3376.0558352509097,0,0.0,13.41006994955599,-0.08817317336223596,-8.43976949361107,13.497655084967512,0.013754700758845217,-4.294921826030419,0,1.0,1.0
2026-02-13,3435.638197272116,3483.339532939932,3484.7064797821663,3430.9600204869093,340015.0,11166717550.0,617351.0,-0.5964480095550082,13,price_up_oi_down,-7.662287309594484,0.012881804386486895,3399.4814029197105,3380.7913688152357,3379.5665559625804,1,0.0,13.333193022821256,-0.07687692673473379,-7.399618709341671,13.49028963264144,0.013828796465380044,-7.662287309594484,0,1.0,1.0
2026-02-24,3484.3655509650766,3466.5575618111206,3493.2341294945454,3460.2508367692635,319399.0,10634186390.0,611864.0,-0.6500689306894583,13,price_up_oi_down,-7.164861851333754,-0.004817782180035479,3419.9512533120396,3389.8398509215194,3384.635749299079,1,0.0,13.324265314577225,-0.008927708244030441,-0.8887974588198677,13.49028963264144,0.01562931298627035,-7.164861851333754,0,1.0,1.0
2026-02-25,3466.55852534861,3465.5657957386966,3477.3405406681627,3437.00636341839,439216.0,15357448310.0,634266.0,-0.3674771054025846,13,price_up_oi_down,-5.613059717148175,-0.0002860953711976144,3443.2928779459676,3399.5774262179125,3389.8782322909765,1,0.2,13.360223703788986,0.03595838921176053,3.6612711321468705,13.49028963264144,0.01562931298627035,-5.613059717148175,0,1.0,1.0
2026-02-26,3466.222438282442,3460.316836500941,3469.4100747743305,3438.6657867943736,339488.0,11432275620.0,632970.0,-0.6229844273792852,13,price_up_oi_down,-4.5597907888552545,-0.001514603833004613,3462.963647709431,3409.6522260300253,3394.365407030445,1,0.2,13.358178306638283,-0.0020453971507023994,-0.20433067514255,13.49028963264144,0.019542095840459517,-4.5597907888552545,0,1.0,1.0
2026-02-27,3459.570044560711,3508.909231837459,3510.5056255546874,3456.7764046758657,287530.0,9629118200.0,600563.0,-0.7365403459703187,13,price_up_oi_down,-1.5063626063597657,0.014042758982051762,3476.9377917656298,3427.1125906876296,3398.6398501760195,1,0.0,13.305622827572092,-0.05255547906619107,-5.11983190356572,13.446674333847668,0.06315739463423231,-1.5063626063597657,0,1.0,1.0
2026-03-02,3511.414050321755,3497.5877627225536,3513.69047856962,3476.3836964171865,305470.0,10347258640.0,599349.0,-0.6739924920604579,13,price_up_oi_down,-0.7834880877546949,-0.003226492441634643,3479.7874377221547,3439.6344203209323,3404.3515851399907,1,0.0,13.303599345159673,-0.0020234824124187867,-0.20214365520355715,13.385146826672488,0.07020275559782885,-0.7834880877546949,0,1.0,1.0
2026-03-03,3491.1265158800115,3462.890599711007,3494.199341560488,3452.4281100660824,329984.0,11087763490.0,599322.0,-0.5967548478481598,13,price_up_oi_down,-0.7187022665812093,-0.009920312331073045,3479.0540453021313,3449.502649307086,3407.4226509381674,1,0.0,13.30355429526691,-4.504989276377103e-05,-0.004504887803258306,13.359201005213635,0.05222356099194858,-0.7187022665812093,0,1.0,1.0
2026-03-04,3460.9854861659023,3481.1634059209514,3486.3095603703373,3458.1979392724243,197992.0,6624329020.0,596796.0,-1.1033487206163552,13,price_up_oi_down,-0.7612018650824808,0.005276749491153199,3482.1735673385824,3462.7332226422745,3413.217589928622,1,0.0,13.299330625436358,-0.004223669830551557,-0.42147626818305195,13.34568566472977,0.041074578363886616,-0.7612018650824808,0,1.0,1.0
2026-03-05,3484.6984942278727,3513.932710377165,3520.4643329401206,3482.178002342311,286919.0,9822975150.0,598651.0,-0.735478844626488,13,price_up_oi_down,-0.6499795122476361,0.009413319811554466,3492.8967421138273,3477.9301949116293,3419.7898781706704,1,0.1,13.302434069568717,0.003103444132358746,0.3108264800701699,13.32872916869924,0.027286708347606492,-0.6499795122476361,0,1.0,1.0
2026-03-06,3508.788675991824,3521.880603620391,3525.410098219311,3496.0734487945306,210818.0,7226370760.0,601040.0,-1.0476662860448231,13,price_up_oi_down,-0.40902438046071776,0.002261822834499494,3495.491016470414,3486.214404118022,3427.3981567365436,1,0.5,13.306416767043043,0.003982697474326002,0.3990638953248027,13.31494407107466,0.014061723572122098,-0.40902438046071776,0,1.0,1.0
2026-03-09,3555.3664831239403,3548.9876247847915,3626.027647114123,3539.1997372211586,615121.0,21581026360.0,547142.0,0.1171106298831376,13,price_up_oi_down,-12.282895650368253,0.007696746203302629,3505.7709888828613,3492.7792133025077,3436.785291058872,1,0.0,13.212463645520653,-0.09395312152238944,-8.96745640889135,13.306019797307567,0.005137449805029171,-12.282895650368253,0,1.0,1.0
2026-03-10,3537.878237185702,3534.2632832204813,3547.208589155885,3518.8472012075854,224464.0,7721742990.0,553085.0,-0.9017963587866408,13,price_up_oi_down,-14.71431842034322,-0.0041488850120189324,3520.0455255847564,3499.5497854434434,3444.694818182482,1,0.1,13.223266975745194,0.010803330224540275,1.0861896911587454,13.304611086365883,0.003728738863345349,-14.71431842034322,0,1.0,1.0
2026-03-11,3535.358244044073,3557.204813119058,3559.2433691048577,3532.7414150497093,210475.0,7256759080.0,557601.0,-0.9742767716212652,13,price_up_oi_down,-13.740430673811318,0.0064911773855376165,3535.2538070243777,3508.71368718148,3454.1455566996965,1,0.2,13.23139893182713,0.008131956081935954,0.816511024526112,13.30357682021329,0.003543070803342374,-13.740430673811318,0,1.0,1.0
2026-03-12,3564.186592592193,3573.299831903036,3577.4314879880144,3555.1624241077902,238026.0,8213769710.0,553847.0,-0.8445085639169251,13,price_up_oi_down,-14.915490739183186,0.00452462526886821,3547.1272313295513,3520.011986721689,3464.832106375858,1,0.2,13.224643754301358,-0.006755177525771927,-0.6732412603276949,13.302994182417812,0.003543070803342374,-14.915490739183186,0,1.0,1.0
2026-03-13,3584.5351283198584,3539.4127750001308,3595.916453962636,3532.0848867365667,299818.0,10371007640.0,572227.0,-0.6463601419084171,13,price_up_oi_down,-5.723059492464169,-0.009483407073863748,3550.6336656055,3523.0623410379567,3475.087465862793,1,0.4,13.257291044783406,0.032647290482048064,3.318606041018568,13.300882347502537,0.005137449805030947,-5.723059492464169,0,1.0,1.0
2026-03-16,3545.038151062651,3536.7649783561715,3546.6004789466674,3514.664674699466,259539.0,8886120540.0,580304.0,-0.804645123828171,13,price_up_oi_down,-0.17693840263806812,-0.0007480892487763402,3548.1891363197756,3526.980062601318,3483.3072414611256,1,0.5,13.271307383141329,0.01401633835792282,1.4115027777436895,13.278310835109881,0.02669722099147709,-0.17693840263806812,0,1.0,1.0
2026-03-17,3522.0763404929635,3503.8104808989683,3527.128520247343,3491.971893936801,272108.0,9250770800.0,584759.0,-0.7650007502261306,13,price_up_oi_down,0.25546585480592765,-0.009317695028896122,3542.098575855473,3531.072050720114,3490.2873500136,1,0.6,13.2789550755208,0.0076476923794714935,0.7677010670270601,13.264299213962367,0.038694968455446066,0.25546585480592765,0,1.0,1.0
2026-03-18,3507.4486316419443,3505.2599289542104,3514.5837874333374,3488.84584910033,232883.0,7977380670.0,590042.0,-0.92965753928134,13,price_up_oi_down,0.43603596684295814,0.0004136776412833054,3531.7095990225034,3533.48170302344,3498.107462832857,0,0.7,13.287948999788945,0.008993924268144937,0.9034491132243083,13.264299213962367,0.03658313354017029,0.43603596684295814,0,1.0,1.0
2026-03-19,3512.34435235518,3473.127730336927,3523.585601109903,3464.1916815391983,296731.0,10135883900.0,591731.0,-0.6902261352435897,13,price_up_oi_down,0.5033998586798739,-0.009166851893596895,3511.675178709281,3529.4012050194165,3503.665699965523,0,0.8,13.290807418706972,0.0028584189180271835,0.2862508092645655,13.264299213962367,0.0355175688707936,0.5033998586798739,0,1.0,1.0
2026-03-20,3475.464190463033,3505.096424237245,3518.7021525202795,3463.04329256684,299360.0,10238014330.0,585050.0,-0.6700504511391874,13,price_up_oi_down,0.3440859861704485,0.009204583413699341,3504.811908556704,3527.7227870811016,3506.9685955995615,0,0.7,13.279452592647104,-0.011354826059868373,-1.1290603331582383,13.264299213962367,0.029704243439921285,0.3440859861704485,0,1.0,1.0
2026-03-23,3508.473634784161,3526.705844803025,3532.036092648331,3504.899647528731,230542.0,7939364550.0,574921.0,-0.9137995816346008,13,price_up_oi_down,-0.06216146430129289,0.006165142966211512,3502.800081846075,3525.4946090829253,3509.136911192716,0,0.5,13.26198791903609,-0.017464673611014447,-1.7313050166652744,13.264299213962367,0.025078995285591432,-0.06216146430129289,0,1.0,1.0
2026-03-24,3522.2403097268925,3498.046597593824,3523.9519265729464,3490.272317308036,222585.0,7622470350.0,583249.0,-0.9633051452432227,13,price_up_oi_down,0.3845203087503456,-0.008126350330984633,3501.6473051850467,3521.87294052026,3510.7113629818514,0,0.6,13.27636947535156,0.014381556315470334,1.4485468438273141,13.266647651088709,0.01705314512931544,0.3845203087503456,0,1.0,1.0
2026-03-25,3500.5314308928323,3505.6412861673384,3513.3821026700866,3490.81798966888,191585.0,6577179350.0,592489.0,-1.129000733064225,13,price_up_oi_down,0.9482569695115022,0.0021711227571235003,3501.7235766276717,3516.7165878250876,3512.7151375032836,0,1.0,13.29208758641824,0.015718111066680862,1.5842290342546583,13.273838429246444,0.012980540376427818,0.9482569695115022,0,1.0,1.0
2026-03-26,3509.9078523342723,3552.069628545127,3576.4283339562426,3507.527159223203,662010.0,22939282280.0,636578.0,0.0391737059047911,13,price_up_oi_down,4.962564391473126,0.013243894223001984,3517.5119562693117,3514.593567489296,3517.3027771054926,0,1.0,13.363862234640445,0.07177464822220436,7.44131958568004,13.27766227543618,0.011715933811778712,4.962564391473126,0,1.0,1.0
2026-03-27,3550.3950578871863,3548.499212184464,3571.523228632452,3532.4445884489783,440166.0,15342874330.0,639109.0,-0.3729230903702015,13,price_up_oi_down,5.875322059845465,-0.0010051650823426073,3526.1925138587553,3515.50221120773,3519.282276122843,0,1.0,13.367830297842458,0.003968063202012928,0.39759463883455304,13.279203834083951,0.010174375164007543,5.875322059845465,0,1.0,1.0
2026-03-30,3528.681623089249,3527.368342999213,3531.082729798815,3504.82503841446,314273.0,10818593370.0,596083.0,-0.6401178841869674,13,price_up_oi_down,1.2388092492059715,-0.005954874982836089,3526.3250134979935,3514.5625476720343,3520.771305136676,0,0.8,13.298135198096437,-0.06969509974602062,-6.732184963754218,13.283700796218024,0.007859055533340431,1.2388092492059715,0,1.0,1.0
2026-03-31,3527.227681968472,3523.9571843818467,3547.613845440736,3517.803452368692,287684.0,9879636640.0,575561.0,-0.6934825618072838,13,price_up_oi_down,-1.7420307652452278,-0.0009670548368265752,3531.5071308555976,3516.5772180203217,3523.8246343702185,0,0.1,13.263100496314166,-0.03503470178227097,-3.4428091389957283,13.289378209247959,0.010174375164006655,-1.7420307652452278,0,1.0,1.0
2026-04-01,3531.1450858413,3501.7981622366938,3539.275510310081,3485.945669154364,355098.0,12240145280.0,578747.0,-0.4884716140847916,13,price_up_oi_down,-1.2209412819136056,-0.006288107654474739,3530.7385060694696,3516.2310413485698,3524.8563721860055,0,0.2,13.268620700783833,0.005520204469666723,0.5535468872977178,13.289378209247959,0.011467175248626837,-1.2209412819136056,0,1.0,1.0
2026-04-02,3506.2687988736207,3516.3082494537616,3520.406059795561,3493.5643929943617,255711.0,8942293560.0,595894.0,-0.8460148983638269,13,price_up_oi_down,0.5799175480466869,0.004143610380959117,3523.586230251196,3520.549093260254,3524.9751491398347,0,0.7,13.297818077880889,0.02919737709705572,2.9627799366562124,13.285130005677038,0.014757248656302124,0.5799175480466869,0,1.0,1.0
2026-04-03,3518.591121460025,3512.638467643408,3531.1288198216344,3507.9946012814617,255944.0,8849567420.0,607326.0,-0.8641070438853542,13,price_up_oi_down,1.4192040962867556,-0.0010436462192765505,3516.414081342985,3521.3032976008703,3524.5130423409855,0,0.8,13.316820993417783,0.019002915536894704,1.9184620083438686,13.285770089532672,0.014757248656302124,1.4192040962867556,0,1.0,1.0
2026-04-07,3518.302938790749,3485.796870745653,3521.828874787922,3457.101683624906,372004.0,12685455100.0,617016.0,-0.5059903485943396,13,price_up_oi_down,1.05503714346822,-0.007641434535607949,3508.0997868922727,3517.212400195133,3521.3535046390293,0,0.8,13.332650234479985,0.015829241062201405,1.5955187164717444,13.294952832149566,0.024100146316975213,1.05503714346822,0,1.0,1.0
2026-04-08,3474.233767032697,3497.133212741054,3505.560451204922,3445.940855210177,518755.0,17692169350.0,639068.0,-0.2085791549384806,13,price_up_oi_down,1.8473121548658458,0.003252152209596737,3502.734992564114,3517.121061709856,3519.497001115058,0,0.9,13.367766143973292,0.035115909493306674,3.573975391237827,13.297976637988663,0.02548154992096663,1.8473121548658458,0,1.0,1.0
2026-04-09,3496.980410712298,3497.1957075957007,3513.4562256839586,3463.296639684295,467894.0,15816218370.0,658978.0,-0.3424483754931089,13,price_up_oi_down,1.9165101524796087,1.7870310006662393e-05,3501.814501635916,3516.2765038526923,3516.4965458388897,0,1.0,13.398445429012366,0.030679285039074244,3.115474409608998,13.30747809575711,0.032014766848075915,1.9165101524796087,0,1.0,1.0
2026-04-10,3510.6029988994856,3507.179577363365,3529.955635546589,3492.170115234092,422908.0,14395231580.0,659621.0,-0.4445107663547272,13,price_up_oi_down,1.2262938636422254,0.0028548215777515207,3499.988767217836,3511.787498734516,3513.190533111906,0,1.0,13.399420706638038,0.0009752776256721774,0.09757533635419424,13.324735613948885,0.041078575357983205,1.2262938636422254,0,1.0,1.0
2026-04-13,3531.8611145812706,3521.0252008634216,3552.935970992855,3502.573511053486,568505.0,19506690930.0,695373.0,-0.2014382840186843,13,price_up_oi_down,1.9965355753632608,0.0039477942873018534,3501.6661138618388,3509.0400976024116,3512.2711544050712,0,1.0,13.452203671227494,0.05278296458945597,5.4200821380762765,13.324735613948885,0.04306260695898967,1.9965355753632608,0,1.0,1.0
2026-04-14,3522.4305765322097,3507.2226391149225,3530.911932674679,3499.9127220897244,428404.0,14619063740.0,706017.0,-0.4995726409252891,13,price_up_oi_down,1.94103050467298,-0.0039200406021275835,3505.9512675356928,3507.025527213983,3510.7940374430086,0,1.0,13.46739459550559,0.015190924278096318,1.5306892847435805,13.324735613948885,0.04957272159472925,1.94103050467298,0,1.0,1.0
2026-04-15,3511.176662305054,3548.2104033910227,3554.366218393931,3505.1738331506167,513534.0,17789746750.0,742431.0,-0.3686136976203099,13,price_up_oi_down,2.223598117407665,0.011686673044071005,3516.1667056656865,3509.4508491149004,3513.0140335676115,0,1.0,13.517685216047868,0.05029062054227751,5.157666175177034,13.350208189226638,0.0508013143785746,2.223598117407665,0,1.0,1.0
2026-04-16,3545.517086734116,3537.041044659871,3582.281182028674,3529.83527028702,739881.0,25541689390.0,770356.0,-0.0403633832089814,13,price_up_oi_down,1.7088844265000431,-0.0031478851199120417,3524.135773078521,3512.975137357218,3514.603089352894,0,1.0,13.554608024647079,0.036922808599211265,3.761292295176366,13.383105786492829,0.06769133890485524,1.7088844265000431,0,1.0,1.0
2026-04-17,3549.6214835021447,3573.5603268794403,3581.4870299514523,3548.8461355689687,785026.0,27125590610.0,769458.0,0.0200304673603714,13,price_up_oi_down,1.5468493086910586,0.010324811546845059,3537.4119229817356,3518.700345099786,3519.62471918002,0,0.9,13.553441649874793,-0.00116637477228565,-0.11656948216157703,13.398933067825201,0.06737218051280269,1.5468493086910586,0,1.0,1.0
2026-04-20,3551.928425341849,3541.400188667605,3560.77398653529,3529.1587287087805,573092.0,19784469560.0,778088.0,-0.3057933660308903,13,price_up_oi_down,1.2487758871524808,-0.008999466993724559,3541.4869205425725,3521.576517202206,3521.439907401538,1,1.0,13.56459490730386,0.011153257429066699,1.1215686886094423,13.425812188932767,0.07495953603728811,1.2487758871524808,0,1.0,1.0
2026-04-21,3543.1849933938265,3562.144212235672,3568.7117826789085,3537.8327984319267,406580.0,14044923240.0,783921.0,-0.6565275383742027,13,price_up_oi_down,0.9873255050765779,0.005857576795315955,3552.471235166722,3529.2112513512075,3523.21182577317,1,1.0,13.572063528949258,0.007468621645397633,0.7496581363546806,13.459799133366541,0.07669334687371254,0.9873255050765779,0,1.0,1.0
2026-04-22,3574.3953659536646,3631.1290469374,3642.8332301204455,3572.7538653131605,754554.0,26697618730.0,784513.0,-0.0389362968767681,13,price_up_oi_down,0.8074240633767666,0.019366098223864814,3569.0549638759976,3542.6108347708423,3529.865948240349,1,1.0,13.572818422082298,0.0007548931330401132,0.0755178136572443,13.492539905776729,0.06706156019874054,0.8074240633767666,0,1.0,1.0
2026-04-23,3637.9194754407417,3631.030007951917,3650.636314900212,3620.920462664841,543851.0,19174033920.0,783459.0,-0.3650434188547412,13,price_up_oi_down,0.6568049490553862,-2.727498367660619e-05,3587.852756534407,3555.9942648064634,3536.135384329578,1,0.8,13.571474010117347,-0.0013444119649506092,-0.13435086480402259,13.53556343296133,0.036877542554447196,0.6568049490553862,1,2.0,2.0
2026-04-24,3633.230822557912,3644.620702577198,3649.549697270396,3619.7559446130495,460967.0,16318722970.0,776541.0,-0.5215229853047537,13,price_up_oi_down,0.3142381078408001,0.0037429309577494685,3602.0648316739585,3569.7383773278466,3540.762938031182,1,0.6,13.562604721207217,-0.00886928891013028,-0.883007279257797,13.554024837260936,0.018416138254841563,0.3142381078408001,0,1.0,1.0
