date,open,close,high,low,volume,total_turnover,open_interest,speculation,factor_id,factor_name,factor_value,daily_return,is_up_day,price_up_ratio,log_open_interest,delta_log_open_interest,oi_change_rate,log_open_interest_median_past,log_open_interest_mad_past,log_open_interest_mad_score,signal,position,position_scale
2023-07-21,235420.71047957373,214134.19913419912,236919.3605683836,213488.42216731375,65439.0,14410336300.0,8085.0,2.091107917975069,42,price_up_oi_down,,,0,,8.997765772011208,,,,,,0,1.0,1.0
2023-07-24,210553.2268650186,201296.54778235024,210904.59418070444,200627.7813712807,53983.0,11106616100.0,13122.0,1.4143789712621873,42,price_up_oi_down,,-0.05995142954163735,0,,9.482045489904824,0.48427971789361557,62.30055658627087,,,,0,1.0,1.0
2023-07-25,201523.5243597752,216694.29427430092,217194.2201056821,201036.35618363527,74253.0,16208692800.0,15020.0,1.598095534571003,42,price_up_oi_down,,0.07649284928919564,1,,9.617137925318126,0.13509243541330207,14.464258497180204,,,,0,1.0,1.0
2023-07-26,217897.3795039775,219563.98194099808,231886.6405570061,215883.7459283388,109938.0,25102283650.0,14508.0,2.025216349105437,42,price_up_oi_down,,0.013243023662933062,1,,9.582455500402792,-0.03468242491533324,-3.4087882822903315,,,,0,1.0,1.0
2023-07-27,224212.93941660432,217538.3747103608,225160.7397837765,216059.4902350215,48989.0,11093785100.0,15105.0,1.176569968274467,42,price_up_oi_down,,-0.00922558979269017,0,0.4,9.622781093820773,0.0403255934179807,4.114971050455063,,,,0,1.0,1.0
2023-07-28,216775.42920556173,220461.82341001357,223050.7575281323,215085.87048762976,46087.0,10413366450.0,14780.0,1.137255999052689,42,price_up_oi_down,0.31068258314469527,0.013438772370829577,1,0.5,9.601030194502194,-0.021750899318579542,-2.1516054286660036,9.582455500402792,0.0403255934179807,0.31068258314469527,0,1.0,1.0
2023-07-31,221490.2407221665,220703.6020638504,225488.57428381089,220546.55594969363,36088.0,8271107700.0,15505.0,0.8447978475536825,42,price_up_oi_down,1.3667101472102288,0.0010966917087824601,1,0.5714285714285714,9.648917831534549,0.0478876370323551,4.9052774018943035,9.591742847452494,0.028216662116955504,1.3667101472102288,0,1.0,1.0
2023-08-01,221431.6312827727,221433.656545037,222372.0691414721,219016.3320117662,22147.0,5036496500.0,15676.0,0.3455711668003232,42,price_up_oi_down,1.8251109449174072,0.0033078503221499744,1,0.625,9.659886159319521,0.010968327784972587,1.1028700419219328,9.601030194502194,0.021750899318579542,1.8251109449174072,0,1.0,1.0
2023-08-02,221531.3974879472,221913.28229665072,223201.0974371987,221412.91994504805,16943.0,3865140400.0,15675.0,0.0777876826569847,42,price_up_oi_down,1.0298320172990951,0.002166002039153403,1,0.6666666666666666,9.659822365501121,-6.379381840027065e-05,-0.006379178361792803,9.60908405991016,0.03323116556587813,1.0298320172990951,0,1.0,1.0
2023-08-03,219951.91062587276,223249.91373998765,223650.94779554263,218380.141551352,21446.0,4863001100.0,16230.0,0.278676766271454,42,price_up_oi_down,1.5067773106549212,0.006023215147393124,1,0.7,9.694616660508636,0.034794295007515075,3.5406698564592887,9.617137925318126,0.03468242491533324,1.5067773106549212,0,1.0,1.0
2023-08-04,224539.9914795204,222707.8457608564,226063.2341306068,222392.58829134653,13859.0,3167882600.0,16442.0,-0.1709041956432761,42,price_up_oi_down,1.528015045603101,-0.0024280769925070222,0,0.7,9.707594315712079,0.01297765520344285,1.3062230437462574,9.61995950956945,0.03868343254916429,1.528015045603101,0,1.0,1.0
2023-08-07,221536.71889177908,213933.16142895515,222592.38278895983,213691.6035455278,33521.0,7419631950.0,18615.0,0.5882044007797698,42,price_up_oi_down,4.4894304976905826,-0.03939997848716792,0,0.7,9.831722986306817,0.12412867059473776,13.21615375258476,9.635849462677662,0.029427982408663844,4.4894304976905826,0,1.0,1.0
2023-08-08,213715.68585718848,211639.1597789407,215440.4469625433,211233.17535545025,31800.0,6910652350.0,20447.0,0.4416301173252139,42,price_up_oi_down,4.722232387191124,-0.010722982985395091,0,0.6,9.925591451443054,0.09386846513623759,9.841525651356498,9.654370098517834,0.0387393675952552,4.722232387191124,0,1.0,1.0
2023-08-09,212008.11296035716,212657.0317916213,212967.01628825272,210115.7397790577,27109.0,5848135400.0,20194.0,0.2944802454904577,42,price_up_oi_down,4.02860383658801,0.004809469163191693,1,0.6,9.913140809564267,-0.01245064187878775,-1.237345331833506,9.65985426241032,0.0424066109456529,4.02860383658801,0,1.0,1.0
2023-08-10,212438.06638306292,206395.3513174404,213774.85902255643,206058.0403470176,33810.0,7225699650.0,23910.0,0.3464598352495612,42,price_up_oi_down,6.438484286418536,-0.02944497259943235,0,0.6,10.082052060452371,0.16891125088810455,18.401505397642914,9.677251409914078,0.0424066109456529,6.438484286418536,0,1.0,1.0
2023-08-11,205989.2162957437,204917.29295378117,207536.06028642133,201759.6668937574,54389.0,11286591550.0,25574.0,0.7545857171442018,42,price_up_oi_down,3.9710815485915827,-0.007161296774489512,0,0.5,10.149331489371114,0.06727942891874328,6.959431200334598,9.701105488110358,0.07613147509198637,3.9710815485915827,0,1.0,1.0
2023-08-14,203604.56147745124,193643.2345381271,203820.76516341625,193614.2972741408,54541.0,10955650500.0,31513.0,0.5485525533084864,42,price_up_oi_down,3.442975354330677,-0.05501760370315323,0,0.4,10.358155438089856,0.20882394871874155,23.222804410729548,9.769658651009447,0.11528855249161207,3.442975354330677,0,1.0,1.0
2023-08-15,193145.9369895716,189680.8139697453,194448.04466641537,189053.5795148248,86930.0,16815971400.0,35763.0,0.8881893576869988,42,price_up_oi_down,2.1317016868364482,-0.020462478732256484,0,0.3,10.484669118386112,0.12651368029625587,13.486497635896356,9.872431897935542,0.1937176999718675,2.1317016868364482,0,1.0,1.0
2023-08-16,189012.4814493322,191747.30923578836,195997.35098396087,187185.7054853975,81487.0,15980989350.0,34637.0,0.8555210234584508,42,price_up_oi_down,1.648092656192005,0.010894592989107776,1,0.3,10.452677753845103,-0.03199136454100859,-3.14850543858185,9.919366130503661,0.21826064239330378,1.648092656192005,0,1.0,1.0
2023-08-17,191672.6065578457,189797.6065547304,194125.068112158,188373.1489812119,72090.0,13960673750.0,37164.0,0.6625747876374212,42,price_up_oi_down,1.4957333458415631,-0.010168083655664018,0,0.2,10.523095829761203,0.07041807591610016,7.295666483817942,10.003821755947712,0.23416310493826398,1.4957333458415631,0,1.0,1.0
2023-08-18,190896.2310327949,191523.40382269217,193375.585044504,190560.69762424837,44755.0,8756758650.0,34426.0,0.2623910774735881,42,price_up_oi_down,0.8478676871161106,0.009092829458121399,1,0.3,10.446567371831451,-0.07652845792975249,-7.367344742223714,10.115691774911742,0.2632162258915196,0.8478676871161106,0,1.0,1.0
2023-08-21,193690.5635572176,197116.13041744623,199491.0705461733,191875.51058837163,62490.0,12435880500.0,32603.0,0.6506022352624492,42,price_up_oi_down,0.43437588307089126,0.02920126983505189,1,0.4,10.392159587660679,-0.05440778417077219,-5.295416255155905,10.253743463730485,0.21492997238512235,0.43437588307089126,0,1.0,1.0
2023-08-22,197312.7926191132,194571.815011419,200328.136276799,193275.62923666372,57805.0,11527571750.0,32402.0,0.5788551278390585,42,price_up_oi_down,0.05668352045185841,-0.012907697612767444,0,0.4,10.385975428270363,-0.006184159390315358,-0.6165076833421046,10.375157512875267,0.12872496119839028,0.05668352045185841,0,1.0,1.0
2023-08-23,194557.7436274961,196128.50058430465,196390.6815590188,192090.3564733628,42217.0,8361624400.0,33373.0,0.2350757936929626,42,price_up_oi_down,0.22398001296098144,0.00800057075478433,1,0.4,10.415502468813338,0.029527040542975058,2.9967285970002866,10.389067507965521,0.07960592815008649,0.22398001296098144,0,1.0,1.0
2023-08-24,197183.17595923255,195419.81314730016,199271.6426858513,193597.96966368848,38394.0,7649422600.0,32539.0,0.1654618274742042,42,price_up_oi_down,-0.19461249518526752,-0.003613383240544721,0,0.4,10.390194648893312,-0.02530781992002673,-2.499026158870954,10.403831028237008,0.04726115787762364,-0.19461249518526752,0,1.0,1.0
2023-08-25,195890.9368479195,190778.92248989124,196830.8779305266,190743.4050914061,39471.0,7765552450.0,35118.0,0.1168524055146719,42,price_up_oi_down,0.9557261742441543,-0.023748311814784095,0,0.4,10.466469098519276,0.07627444962596464,7.925873567104058,10.403831028237008,0.044205966870797475,0.9557261742441543,0,1.0,1.0
2023-08-28,192089.34118450247,182823.25598746547,193930.8910691679,180566.2123813612,87989.0,16630150950.0,40209.0,0.7831209555005861,42,price_up_oi_down,2.8905402889068013,-0.04170097198681533,0,0.4,10.601846130146606,0.13537703162733017,14.496839227746428,10.431034920322395,0.03985780204539946,2.8905402889068013,0,1.0,1.0
2023-08-29,182575.4776284975,183944.18517804652,186637.9377385496,178290.49707959627,83976.0,15490366500.0,41506.0,0.704693048634028,42,price_up_oi_down,2.68267590967333,0.006131217741018213,1,0.5,10.633593274081605,0.031747143934998334,3.225645999651716,10.449622562838277,0.046254765362716554,2.68267590967333,0,1.0,1.0
2023-08-30,185547.23854006163,183383.0947994899,186357.2368421052,182307.0392071593,65100.0,12081029200.0,42342.0,0.4301450479677753,42,price_up_oi_down,2.353252805332818,-0.003050329522586104,0,0.4,10.653534780228885,0.019941506147279853,2.0141666265118596,10.449622562838277,0.05844544456128187,2.353252805332818,0,1.0,1.0
2023-08-31,183930.2542910141,184364.5029335453,184445.8657260217,179155.2336764675,83801.0,15406036100.0,42781.0,0.6723508618009333,42,price_up_oi_down,2.104464767414061,0.005351682689881843,1,0.5,10.663849357772266,0.010314577543381276,1.0367956166454917,10.456518235175363,0.06645059043394586,2.104464767414061,0,1.0,1.0
2023-09-01,185445.62961066765,184103.68802188992,187957.24538540025,182974.90492105568,79436.0,14897708600.0,42394.0,0.627944823211373,42,price_up_oi_down,1.9539299095660188,-0.0014146698930943558,0,0.4,10.654762121772682,-0.009087235999583498,-0.9046071854327931,10.456518235175363,0.0684331965935252,1.9539299095660188,0,1.0,1.0
2023-09-04,185547.80203033783,187126.3395181521,188928.1771968046,184634.9978189498,68690.0,13008244300.0,42254.0,0.4859046043477473,42,price_up_oi_down,0.6593464528244739,0.016418201768466423,1,0.4,10.65145430286018,-0.0033078189125017587,-0.3302354106712646,10.53415761433294,0.11999083666784305,0.6593464528244739,0,1.0,1.0
2023-09-05,188310.9369101548,187481.0988396477,190878.90534361565,186092.07441270992,68568.0,13063682000.0,42918.0,0.4685346352422799,42,price_up_oi_down,0.8000409967863132,0.0018958278263183637,1,0.5,10.667046597336439,0.015592294476258317,1.5714488569128937,10.617719702114105,0.041586037658369435,0.8000409967863132,0,1.0,1.0
2023-09-06,187975.35199832992,187410.7465832597,189345.8439854302,186605.4023335112,46941.0,8938236200.0,44121.0,0.0619556344017436,42,price_up_oi_down,1.5349025196933632,-0.0003752498615776645,0,0.4,10.694691138568423,0.02764454123198412,2.8030197120088918,10.642523788470893,0.022924189083459723,1.5349025196933632,0,1.0,1.0
2023-09-07,186668.02229234297,181934.7677695439,186746.07727406867,180758.89795171167,65120.0,12056042100.0,47905.0,0.3070118385914482,42,price_up_oi_down,5.019592681149912,-0.029219129177755154,0,0.4,10.776975162084973,0.08228402351655006,8.576414859137337,10.652494541544533,0.016726661627417094,5.019592681149912,0,1.0,1.0
2023-09-08,180584.0095588844,173951.38707074328,181376.37590002484,173781.73535016677,121405.0,21665988550.0,55765.0,0.7779856314922208,42,price_up_oi_down,11.079230238233603,-0.04388045669705709,0,0.4,10.928901711428637,0.15192654934366345,16.407473123891016,10.654148451000783,0.016726661627417094,11.079230238233603,0,1.0,1.0
2023-09-11,174214.05721262863,175933.38619402982,176802.6652717581,168965.78405721264,91036.0,16014004050.0,58960.0,0.434395784800586,42,price_up_oi_down,13.074628028490979,0.011393982863042718,1,0.5,10.984614526863218,0.05571281543458184,5.729400161391651,10.659305739772474,0.016781951301581444,13.074628028490979,0,1.0,1.0
2023-09-12,175915.66888645367,175115.808687838,179027.35781022132,174440.05599369082,91501.0,16377373400.0,62317.0,0.3841156394189933,42,price_up_oi_down,11.685629591856628,-0.00464708560369631,0,0.4,11.039989540746648,0.05537501388342925,5.6936906377205165,10.665447977554352,0.02161841785412122,11.685629591856628,0,1.0,1.0
2023-09-13,174546.2790066712,173532.41662518663,176526.35466436908,172485.55229761303,78004.0,13750588150.0,64288.0,0.1933871187934704,42,price_up_oi_down,9.276920096032182,-0.009041970993458048,0,0.4,11.071128267614661,0.031138726868013222,3.1628608565880345,10.68086886795243,0.0283743264078975,9.276920096032182,0,1.0,1.0
2023-09-14,172707.59015913607,166974.9207180873,173516.72777409764,166920.31271543997,136502.0,23386435550.0,72526.0,0.6323941482710722,42,price_up_oi_down,3.7168748987479217,-0.03778830511686415,0,0.3,11.191700397243391,0.1205721296287301,12.814211050273716,10.735833150326698,0.08272493801026659,3.7168748987479217,0,1.0,1.0
2023-09-15,168178.49686416905,167419.08418504574,169127.87472860594,165308.013251758,122691.0,20659815050.0,74360.0,0.5007508365401547,42,price_up_oi_down,1.3156752482265566,0.0026600609543534492,1,0.4,11.21667344183538,0.02497304459198979,2.528748310950668,10.852938436756805,0.18647147170510436,1.3156752482265566,0,1.0,1.0
2023-09-18,166982.34919656377,164878.8172660036,168151.51913177304,164252.0264681555,86675.0,14596788300.0,78420.0,0.1000864947069014,42,price_up_oi_down,1.0183463980701069,-0.01517310246563297,0,0.3,11.269834275846323,0.05316083401094218,5.459924690693918,10.956758119145928,0.20736261757920893,1.0183463980701069,0,1.0,1.0
2023-09-19,164211.38011918348,157557.17446305772,164882.5384217759,157162.47422565508,138511.0,22512971100.0,89721.0,0.4342448894794879,42,price_up_oi_down,1.378467168293166,-0.044406206475472665,0,0.2,11.404460134358922,0.13462585851259945,14.410864575363291,11.012302033804932,0.19188488573445373,1.378467168293166,0,1.0,1.0
2023-09-20,156974.80828432398,152200.22593190565,157737.60454725535,151647.32568919248,218409.0,33976114350.0,98481.0,0.7965058156421968,42,price_up_oi_down,2.00611837420993,-0.034000029191994074,0,0.2,11.49761891515284,0.09315878079391737,9.763600494867486,11.055558904180653,0.1486280153587325,2.00611837420993,0,1.0,1.0
2023-09-21,151772.8509232696,157066.76293912297,157680.2861874399,151353.6930785082,232964.0,36472466500.0,95389.0,0.892920667367586,42,price_up_oi_down,1.5811324724436087,0.031974571505528626,1,0.3,11.465718546805133,-0.031900368347706376,-3.1396919202689055,11.131414332429026,0.14260987449155227,1.5811324724436087,0,1.0,1.0
2023-09-22,157009.49992723946,152456.84817710766,158841.53992200329,151514.37516587865,271244.0,42708139850.0,96303.0,1.0355193138275331,42,price_up_oi_down,1.0032784537698372,-0.029350033551032384,0,0.3,11.475254749948958,0.009536203143824196,0.9581817609996879,11.204186919539385,0.18223529680613737,1.0032784537698372,0,1.0,1.0
2023-09-25,152346.27160213934,151866.87342410494,155426.2457617904,150549.0723229267,225759.0,35214011400.0,99150.0,0.8228342036462523,42,price_up_oi_down,0.9384020489594371,-0.0038697819091561003,0,0.2,11.504389133947942,0.029134383998984603,2.956294196442566,11.243253858840852,0.1876949546601976,0.9384020489594371,0,1.0,1.0
2023-09-26,151215.47692985792,144355.1337711975,151748.0626289744,144233.909885339,297437.0,45048459750.0,107796.0,1.014961885819421,42,price_up_oi_down,1.193387289537886,-0.04946266083933981,0,0.2,11.587995831017206,0.08360669706926416,8.720121028744243,11.337147205102623,0.1417771763527833,1.193387289537886,0,1.0,1.0
2023-09-27,144180.6283420003,140785.90414311024,145976.34328702634,140323.49327687922,359610.0,52713771200.0,106659.0,1.215383281344587,42,price_up_oi_down,0.8638990795650783,-0.024725339063759733,0,0.2,11.577392108524668,-0.010603722492538381,-1.0547701213402538,11.435089340582028,0.11110314190054638,0.8638990795650783,0,1.0,1.0
2023-09-28,142111.29202125155,143446.1425217841,145073.65260635564,141883.50404287502,229660.0,33785788900.0,100532.0,0.8261238695697705,42,price_up_oi_down,0.3724397352776793,0.018895630175942202,1,0.3,11.51823136376041,-0.0591607447642577,-5.74447538416819,11.470486648377046,0.08646598708287279,0.3724397352776793,0,1.0,1.0
2023-10-09,142622.09037149654,144995.4945334111,146292.24506525323,141502.7830156082,126601.0,18776329750.0,106282.0,0.174944469642449,42,price_up_oi_down,1.036469333791092,0.010800931864666463,1,0.3,11.573851217912722,0.05561985415231163,5.719571877611007,11.486436832550899,0.056885614700743936,1.036469333791092,0,1.0,1.0
2023-10-10,145440.99928102564,145276.11008979706,147913.63684563997,144536.37170042112,204816.0,30915498200.0,113144.0,0.5934506713955551,42,price_up_oi_down,1.6893052808589515,0.0019353398344477135,1,0.4,11.636416622700336,0.0625654047876143,6.456408422875115,11.50100402455039,0.054066335553794254,1.6893052808589515,0,1.0,1.0
2023-10-11,146020.77058642116,148356.2540127733,148590.77291172507,145631.75838216505,164711.0,25109956400.0,118372.0,0.3303602150568635,42,price_up_oi_down,2.1242501916586667,0.021201998876982486,1,0.5,11.681587486978218,0.04517086427788186,4.620660397369747,11.511310248854176,0.054066335553794254,2.1242501916586667,0,1.0,1.0
2023-10-12,149216.11493185945,157649.97815621665,157668.78951368414,148696.9710138813,268692.0,42283646000.0,119027.0,0.8142153840651848,42,price_up_oi_down,2.1055508952576143,0.06264464012850546,1,0.6,11.687105637114154,0.00551815013593604,0.5533403169667883,11.546041290836566,0.04518845793218329,2.1055508952576143,0,1.0,1.0
2023-10-13,159370.05782139994,159604.77838890062,163084.90456708398,156959.41530599742,353656.0,57898923250.0,108907.0,1.1778303822365563,42,price_up_oi_down,0.2311991990946431,0.012399622604114535,1,0.6,11.598249586010423,-0.08885605110373085,-8.502272593613258,11.575621663218694,0.066013744376197,0.2311991990946431,0,1.0,1.0
2023-10-16,160433.52449509362,156717.2664438177,163506.50323077888,154093.8079201695,437823.0,72263163400.0,114876.0,1.3379614333609042,42,price_up_oi_down,0.7865999179981223,-0.018091638447359504,0,0.6,11.651608564734353,0.053358978723929695,5.480823087588482,11.582693969770936,0.059092629469962965,0.7865999179981223,0,1.0,1.0
2023-10-17,156602.9712412974,157225.7441294602,159987.87518911972,154292.7897637863,347794.0,56986900450.0,120006.0,1.0640686089454428,42,price_up_oi_down,1.3542107439153974,0.0032445543313810443,1,0.7,11.695297020514225,0.043688455779872015,4.465684738326625,11.593122708513814,0.05088988520353066,1.3542107439153974,0,1.0,1.0
2023-10-18,158134.20468107678,153207.98823114813,159382.66344080793,153115.15977281856,308940.0,50637905900.0,122017.0,0.9289867039980632,42,price_up_oi_down,1.52943789242732,-0.025554058723384565,0,0.7,11.711915658270179,0.01661863775595407,1.6757495458560534,11.61733310435538,0.04171144113668479,1.52943789242732,0,1.0,1.0
2023-10-19,152331.37561592323,146620.07736703512,153933.62401821022,144904.68608234668,385719.0,60891405300.0,128737.0,1.0973375615124814,42,price_up_oi_down,1.689075829838893,-0.04299978702268248,0,0.7,11.765526842554294,0.053611184284115154,5.5074292926394985,11.644012593717346,0.048523717251900855,1.689075829838893,0,1.0,1.0
2023-10-20,145138.43534829994,141762.22849393392,148632.48958033923,139450.3785621648,463799.0,69944514400.0,136415.0,1.2237495586798215,42,price_up_oi_down,2.8026827202317874,-0.03313222145518657,0,0.6,11.823456989019654,0.057930146465359655,5.964097345751385,11.666598025856285,0.037749517784921416,2.8026827202317874,0,1.0,1.0
2023-10-23,141641.6698585686,141845.8572222496,142792.76093073745,139015.62225518006,451066.0,65915909750.0,142151.0,1.1547237973645903,42,price_up_oi_down,3.0150698734593604,0.0005899225005427944,1,0.6,11.864645151876772,0.041188162857118016,4.204816185903293,11.684346562046187,0.040333968328842396,3.0150698734593604,0,1.0,1.0
2023-10-24,142054.04704036537,144547.43179243224,144804.76409682093,141745.26444446004,325462.0,48720076100.0,142103.0,0.828693564588757,42,price_up_oi_down,2.4742867668437483,0.019045847535396954,1,0.6,11.864307425755372,-0.0003377261213994842,-0.03376690983525332,11.69120132881419,0.04718873509684496,2.4742867668437483,0,1.0,1.0
2023-10-25,145871.47786709727,141611.4743999891,147155.30431181518,141460.8012170385,417831.0,63135410150.0,146914.0,1.045229662984907,42,price_up_oi_down,2.297238485247704,-0.020311377075582615,0,0.5,11.897602660548095,0.033295234792722894,3.385572436894413,11.703606339392202,0.05695913890997062,2.297238485247704,0,1.0,1.0
2023-10-26,141441.79213243217,140808.58170937747,143235.1883647108,139256.82695870043,428696.0,63144333050.0,155074.0,1.016845620680504,42,price_up_oi_down,1.671515687089004,-0.005669686683324904,0,0.4,11.951657701327862,0.05405504077976708,5.5542698449432715,11.738721250412237,0.08592421214265045,1.671515687089004,0,1.0,1.0
2023-10-27,140935.74322248675,142256.96517097135,143287.8115431767,139159.69578263556,441480.0,65652588600.0,157541.0,1.0304469770553892,42,price_up_oi_down,1.2835102976590473,0.010286187418486081,1,0.4,11.967441020831432,0.01578331950356926,1.590853399022385,11.794491915786974,0.09088557639477202,1.2835102976590473,0,1.0,1.0
2023-10-30,142694.66909670806,145151.50205200096,145745.1618348578,141460.09802808374,373255.0,56508504050.0,157651.0,0.8618781030406721,42,price_up_oi_down,0.9005499082385804,0.020347241891114587,1,0.5,11.968139008118328,0.0006979872868964065,0.06982309367076223,11.843882207387512,0.09306542938678408,0.9005499082385804,0,1.0,1.0
2023-10-31,144333.45004297036,141472.84801844467,145724.91019151366,140932.88357145432,455376.0,69008567850.0,160480.0,1.0429541271050051,42,price_up_oi_down,0.8801954317759705,-0.025343547821078727,0,0.4,11.985924603195762,0.01778559507743438,1.7944700636215893,11.864476288816071,0.09306542938678408,0.8801954317759705,0,1.0,1.0
2023-11-01,141261.03520349308,140968.30176748667,143687.91138930997,140692.27210141782,412098.0,62240372450.0,166055.0,0.9089421263603804,42,price_up_oi_down,1.1950301374030337,-0.0035663822282860913,0,0.4,12.020074337763779,0.0341497345680164,3.473953140578323,11.881123906212434,0.07842545486721342,1.1950301374030337,0,1.0,1.0
2023-11-02,140766.9670966233,139460.8904642823,142301.67609377927,139270.0871459695,303836.0,45557764500.0,169552.0,0.5833284177212471,42,price_up_oi_down,1.3038723678693034,-0.010693264260859814,0,0.4,12.040914943414617,0.020840605650837674,2.1059287585437403,11.924630180937978,0.060153892121905805,1.3038723678693034,0,1.0,1.0
2023-11-03,140077.81029654376,139792.89015969163,141729.759411832,139214.62710351142,290964.0,43368758350.0,176966.0,0.4972419244517814,42,price_up_oi_down,1.3676167975444258,0.0023805935434948466,1,0.5,12.083712902708763,0.04279795929414654,4.372699820704051,11.959549361079647,0.061235838607841764,1.3676167975444258,0,1.0,1.0
2023-11-06,139141.50472100117,137673.10349068398,140509.91114959517,137552.00053292885,317821.0,46329013050.0,195148.0,0.4877300861672962,42,price_up_oi_down,2.3540876642363973,-0.015163765958240982,0,0.4,12.18151352402947,0.09780062132070633,10.274289976605576,11.967790014474879,0.061235838607841764,2.3540876642363973,0,1.0,1.0
2023-11-07,137192.0435655644,134064.895158069,137989.8875158748,133209.39380551552,429355.0,60244678200.0,207789.0,0.725760940812266,42,price_up_oi_down,3.3716014610037854,-0.02620852033642962,0,0.3,12.244278420731211,0.06276489670174179,6.477647734027503,11.977031805657045,0.053462834932152425,3.3716014610037854,0,1.0,1.0
2023-11-08,133610.52239984306,135846.2033121477,136628.5174837909,131136.56267281107,658495.0,92805982050.0,200293.0,1.1901756336576224,42,price_up_oi_down,3.0912536104846766,0.013286909686375692,1,0.4,12.207536573464596,-0.036741847266615224,-3.607505690869095,12.002999470479772,0.04462862104337706,3.0912536104846766,0,1.0,1.0
2023-11-09,135803.34499007935,135284.71439327145,136855.17330713317,134301.72871450026,360549.0,51432634350.0,201886.0,0.5799246881619707,42,price_up_oi_down,1.9895882519428858,-0.004133269132196915,0,0.4,12.215458460638665,0.007921887174068942,0.7953348344676536,12.030494640589197,0.06270462611431693,1.9895882519428858,0,1.0,1.0
2023-11-10,135735.41107514998,139399.19152847852,140598.2286540114,134813.23366583054,456149.0,65714809700.0,193637.0,0.8568342382430861,42,price_up_oi_down,0.7951028708723993,0.030413466544685352,1,0.4,12.173740551266814,-0.041717909371850936,-4.085969309412285,12.06231392306169,0.09452390858681081,0.7951028708723993,0,1.0,1.0
2023-11-13,140198.57453422566,133822.71001129967,141719.09176146373,133756.49034368532,450479.0,65086778700.0,193811.0,0.8434280036976943,42,price_up_oi_down,0.35483673724745723,-0.040003686219655,0,0.3,12.174638736373964,0.0008981851071503399,0.08985885961871887,12.12872672698779,0.08727175861202419,0.35483673724745723,0,1.0,1.0
2023-11-14,133493.96312892076,134542.8126142225,136804.47506659693,132904.4045576751,423584.0,59571140400.0,196984.0,0.7656293343658661,42,price_up_oi_down,0.20215950103593672,0.005381019431320855,1,0.4,12.190877786147631,0.016239049773666636,1.6371619773903223,12.17418964382039,0.05567879686454891,0.20215950103593672,0,1.0,1.0
2023-11-15,135990.06781863593,135348.50198664705,136754.31208085569,134679.0677392781,326842.0,45800524050.0,208643.0,0.448852216230571,42,price_up_oi_down,1.4188300408788848,0.005988349409155935,1,0.5,12.248379936451407,0.057502150303776034,5.9187548227267905,12.178076130201717,0.03342138684991358,1.4188300408788848,0,1.0,1.0
2023-11-16,135303.5868738713,134609.8775773196,136017.58446682114,134393.7981637601,274014.0,38208403750.0,217280.0,0.2319923556029504,42,price_up_oi_down,2.7389898621747033,-0.005457204169133201,0,0.5,12.288942123352468,0.04056218690106128,4.139606888321157,12.18619565508855,0.025301861963080263,2.7389898621747033,0,1.0,1.0
2023-11-17,133762.79942532445,132873.24343116445,134517.12097349545,132052.15319156775,308863.0,42317524400.0,218608.0,0.3456176412901895,42,price_up_oi_down,2.5835990869597443,-0.012901238582269992,0,0.4,12.295035450578268,0.006093327225800138,0.6111929307804909,12.199207179806113,0.025017535985723427,2.5835990869597443,0,1.0,1.0
2023-11-20,132731.82577511464,130451.21280959838,135304.18576619934,130139.88695080596,333700.0,45022643900.0,226705.0,0.3865927729070039,42,price_up_oi_down,2.322710593181632,-0.018228128997399007,0,0.4,12.331404891832461,0.036369441254192836,3.703890068067106,12.21149751705163,0.03481984217862344,2.322710593181632,0,1.0,1.0
2023-11-21,131006.93618742743,127152.50080318702,131469.18950293734,126354.58695177289,427778.0,56326036200.0,233445.0,0.6056578661009121,42,price_up_oi_down,1.8731807230007924,-0.02528694011627186,0,0.4,12.36070178230722,0.029296890474759252,2.9730266204980538,12.229868440684939,0.04711017942414131,1.8731807230007924,0,1.0,1.0
2023-11-22,127097.60678220524,120061.07353298634,127540.60239833516,119750.9504768252,698710.0,87397241400.0,238614.0,1.0743885942000646,42,price_up_oi_down,1.7783282167326953,-0.055771040486078616,0,0.3,12.382602462532319,0.021900680225098057,2.2142260489622645,12.231919198545036,0.057151693489251976,1.7783282167326953,0,1.0,1.0
2023-11-23,119709.45016250224,119365.8717677746,120959.92410999251,115996.06696568435,738900.0,89301026350.0,238458.0,1.1309693996026733,42,price_up_oi_down,1.0874960140774368,-0.005790401041356086,0,0.3,12.381948473174067,-0.0006539893582520051,-0.0653775553822844,12.268661029901939,0.07026355284241514,1.0874960140774368,0,1.0,1.0
2023-11-24,119807.63965909756,119482.67885226436,122878.69956760884,118532.01825251324,828813.0,102701023100.0,249256.0,1.201514075941524,42,price_up_oi_down,1.1413223971008568,0.000978563493567064,1,0.3,12.426235759751004,0.044287286576937035,4.52826074193351,12.29198878696537,0.0793363407752743,1.1413223971008568,0,1.0,1.0
2023-11-27,119016.59447536772,112159.48302925436,119255.80973463703,112020.54506274564,769509.0,89635026900.0,273942.0,1.0328362439681429,42,price_up_oi_down,2.095166001509459,-0.061290857330582926,0,0.3,12.520671684130964,0.09443592437995996,9.903873928812047,12.313220171205366,0.06678426836132978,2.095166001509459,0,1.0,1.0
2023-11-28,110690.6815246072,111092.3585328962,114012.84067256114,109263.85727740756,787827.0,88838963700.0,276354.0,1.0475958700346195,42,price_up_oi_down,2.287843220189352,-0.009514349277803147,0,0.2,12.529437931555064,0.00876624742410037,0.8804783494317237,12.34605333706984,0.05406455010447164,2.287843220189352,0,1.0,1.0
2023-11-29,111474.49124340437,110509.74250070576,114902.09324844624,108676.26723603514,1067886.0,120029585650.0,315263.0,1.2200290611416147,42,price_up_oi_down,2.980063444767489,-0.0052444294088681565,0,0.1,12.66116249009034,0.13172455853527687,14.079405400319756,12.371325127740644,0.06560015458636759,2.980063444767489,0,1.0,1.0
2023-11-30,110726.40226646671,106840.2284561332,111735.6908895819,106814.20630742217,812131.0,88572872400.0,328597.0,0.9048295812780548,42,price_up_oi_down,3.1286145806472194,-0.03320534426681088,0,0.1,12.702587354902729,0.04142486481238805,4.2294845890575195,12.382275467853193,0.06905529664782772,3.1286145806472194,0,1.0,1.0
2023-12-01,106833.25105686624,103008.64174088642,107247.97081685532,101791.47752546276,1143458.0,118743348200.0,331785.0,1.2373251146707174,42,price_up_oi_down,2.2766053667268387,-0.035862771641488655,0,0.1,12.712242447759971,0.009655092857242309,0.9701853638347746,12.40441911114166,0.09119893993629535,2.2766053667268387,0,1.0,1.0
2023-12-04,102804.565662141,96704.46664097524,103934.07980908731,96699.38168918368,1245916.0,124877673400.0,368476.0,1.2182507007370564,42,price_up_oi_down,2.2697566279146173,-0.0612004487523391,0,0.1,12.8171308595896,0.10488841182962894,11.05866751058664,12.473453721940984,0.10212859420034093,2.2697566279146173,0,1.0,1.0
2023-12-05,95753.96487306576,91488.87545841128,96397.56559201202,91488.76072926956,677173.0,63442341150.0,389661.0,0.5526496490566544,42,price_up_oi_down,1.6438490101424446,-0.05393330177733524,0,0.1,12.87303240933647,0.05590154974687067,5.74935681021278,12.525054807843013,0.1427793399898203,1.6438490101424446,0,1.0,1.0
2023-12-06,88514.9581104296,92685.57123121686,92978.61417035192,85303.32683720482,1518548.0,135562131300.0,388713.0,1.362668612012835,42,price_up_oi_down,1.2984650510761215,0.013080232616364151,1,0.2,12.870596561097102,-0.0024358482393687098,-0.24328839683727121,12.595300210822703,0.14300334400448378,1.2984650510761215,0,1.0,1.0
2023-12-07,93682.81970505732,95331.93392971825,95331.93392971825,91263.35842922635,533651.0,49656167450.0,418857.0,0.242212494358547,42,price_up_oi_down,1.1329386138252233,0.02855204605579509,1,0.3,12.945284851869188,0.07468829077208561,7.754821680777391,12.681874922496535,0.15682011465352108,1.1329386138252233,0,1.0,1.0
2023-12-11,113682.55448707944,97124.60930398648,113897.78987183016,96300.91758131496,1345262.0,139211334700.0,308040.0,1.474114423933736,42,price_up_oi_down,-0.28485399578036474,0.01880456317596413,1,0.3,12.637984923653187,-0.3072999282160005,-26.45700083799477,12.70741490133135,0.16439958388543552,-0.28485399578036474,0,1.0,1.0
2023-12-12,96374.01904584012,93946.71264616384,97418.86663471408,93118.08617905992,824677.0,77952011500.0,323695.0,0.9351900801091856,42,price_up_oi_down,-0.09816117489894645,-0.03271978832755218,0,0.3,12.68755699339405,0.049572069740863256,5.082132190624522,12.70741490133135,0.13644880901200018,-0.09816117489894645,0,1.0,1.0
2023-12-13,92811.3279349734,105012.27001922044,105206.2561054408,89797.50155962983,956548.0,90545706100.0,323614.0,1.083779523043371,42,price_up_oi_down,-0.1514159730178374,0.11778546647750576,1,0.4,12.687306726518655,-0.0002502668753958659,-0.025023556125380875,12.70741490133135,0.08957296796820646,-0.1514159730178374,0,1.0,1.0
2023-12-14,104107.585604222,102057.15752276892,105141.47707261008,92997.86370138676,1141109.0,114881497350.0,307327.0,1.3118435482351096,42,price_up_oi_down,-0.8366509021661194,-0.028140640097682357,0,0.4,12.635667606283015,-0.05163912023563988,-5.032847775436222,12.70741490133135,0.05784119445958691,-0.8366509021661194,0,1.0,1.0
2023-12-15,101507.10419639751,103836.16664647858,107194.5513846772,100131.39740134776,646474.0,67820160000.0,305461.0,0.7497108699645427,42,price_up_oi_down,-0.7437554389146677,0.017431497867386403,1,0.5,12.629577389870143,-0.006090216412871996,-0.6071708636076978,12.70741490133135,0.07058863636324997,-0.7437554389146677,0,1.0,1.0
2023-12-18,103800.93654378197,102275.61099355902,107335.12660760766,99667.46863686116,569721.0,59290835650.0,300576.0,0.6394461335009323,42,price_up_oi_down,-0.8666462049988655,-0.015029018340330658,0,0.5,12.613455912794242,-0.016121477075900614,-1.5992221592937117,12.699899720577012,0.067277222500433,-0.8666462049988655,0,1.0,1.0
2023-12-19,101723.92662138106,101423.8115274905,103350.357934707,100274.79636388956,298219.0,30470722050.0,295884.0,0.0078606303055067,42,price_up_oi_down,-0.9179665378918029,-0.008328471057700848,0,0.5,12.59772276460461,-0.015733148189632118,-1.5610028744810212,12.687431859956352,0.06591520862415923,-0.9179665378918029,0,1.0,1.0
2023-12-20,101388.28076643612,100354.27599033044,102954.49723716373,99966.1815520751,196646.0,20000387050.0,294119.0,-0.4025792893853374,42,price_up_oi_down,-1.1628122822481701,-0.010545211435582513,0,0.5,12.591739726331578,-0.005983038273031482,-0.5965175541766232,12.66264582508592,0.04112917375372849,-1.1628122822481701,0,1.0,1.0
2023-12-21,99598.42637405902,97269.5430794462,101283.21083218134,95080.95180991782,383406.0,37478460300.0,288409.0,0.2847148683600652,42,price_up_oi_down,-1.0365533683404875,-0.030738430230730418,0,0.4,12.572134890563433,-0.019604835768145534,-1.9413910696011616,12.6368262649681,0.042095019500005826,-1.0365533683404875,0,1.0,1.0
2023-12-22,96812.32289349158,100221.330413198,102848.68915489792,95830.57252670804,381515.0,38277073350.0,289256.0,0.2768380592709572,42,price_up_oi_down,-1.0245211529867009,0.030346470645399082,1,0.4,12.575067388142426,0.00293249757899261,0.2936801556123969,12.632622498076579,0.03789125260848447,-1.0245211529867009,0,1.0,1.0
2023-12-25,99974.75419007915,102100.52780946268,103087.86945357508,99542.12942017522,189634.0,19333367850.0,292814.0,-0.4344416965130948,42,price_up_oi_down,-0.8617984581299635,0.018750473462256334,1,0.4,12.587292874133881,0.012225485991455898,1.2300522720359197,12.621516651332193,0.026785405864099054,-0.8617984581299635,0,1.0,1.0
2023-12-26,102232.5694818798,106402.42521607364,107313.86509376472,101912.21144463628,324872.0,34370484200.0,285088.0,0.1306333540598918,42,price_up_oi_down,-1.1236744505542948,0.042133938961011363,1,0.5,12.560553183520371,-0.026739690613510447,-2.6385350427233445,12.605589338699426,0.02703315937715267,-1.1236744505542948,0,1.0,1.0
2023-12-27,106446.81022800092,105131.18246910564,108667.19131939267,102963.27323485343,320828.0,33952738950.0,278206.0,0.142543307504434,42,price_up_oi_down,-1.8710120103408465,-0.011947497854362443,0,0.4,12.53611712545674,-0.024436058063631805,-2.4139914693007913,12.594731245468093,0.021130106115164082,-1.8710120103408465,0,1.0,1.0
2023-12-28,104913.56086110733,105819.35906042664,106674.47564560152,103861.88366437687,178958.0,18952421550.0,280042.0,-0.4477884504826653,42,price_up_oi_down,-1.5285498626479506,0.006545884628694543,1,0.5,12.542694870902512,0.00657774544577272,0.6599426324378932,12.58951630023273,0.020660511115404567,-1.5285498626479506,0,1.0,1.0
2023-12-29,105486.59941592408,106610.13450262693,107906.8103080974,103377.58071118918,251377.0,26635537600.0,275608.0,-0.0920257619925673,42,price_up_oi_down,-1.9759621248437944,0.007472880664007198,1,0.5,12.526734845276547,-0.015960025625965102,-1.5833339284821113,12.581180131138154,0.018584790542119478,-1.9759621248437944,0,1.0,1.0
2024-01-02,105890.95024626184,107455.72087803832,109119.37784522002,104775.67519243814,173730.0,18740324750.0,270011.0,-0.4409603290034258,42,price_up_oi_down,-2.1509271889586485,0.007931575917771383,1,0.6,12.506217977891371,-0.020516867385175885,-2.0307828510058745,12.57360113935293,0.02113010611516497,-2.1509271889586485,0,1.0,1.0
2024-01-03,107219.59890071276,105957.35096608776,108109.60405156536,105301.70565641815,149565.0,16073111050.0,262088.0,-0.5609492442804844,42,price_up_oi_down,-2.472936523553452,-0.013944068307458535,0,0.6,12.476435604211487,-0.029782373679884344,-2.934324897874596,12.566344037041901,0.02452242771453328,-2.472936523553452,0,1.0,1.0
2024-01-04,106069.26632389375,100109.5650870054,106605.44148820784,99986.66335145311,230260.0,23867687250.0,263432.0,-0.1345861649153924,42,price_up_oi_down,-1.9557801281573215,-0.055189996972970556,0,0.6,12.481550549143048,0.005114944931561283,0.5128048594366108,12.551624027211442,0.024166271432939368,-1.9557801281573215,0,1.0,1.0
2024-01-05,99747.0446927797,98254.22684832136,99784.81281541057,97195.43705769852,210708.0,20778400550.0,263577.0,-0.2238722566420936,42,price_up_oi_down,-1.172743340793052,-0.018533076605332988,0,0.6,12.482100824389425,0.0005502752463772964,0.05504266755753662,12.539405998179625,0.032958456336031006,-1.172743340793052,0,1.0,1.0
2024-01-08,97656.07072602538,96598.67900900664,99949.53394441336,95770.83169906492,187772.0,18369414600.0,269911.0,-0.3628638141522091,42,price_up_oi_down,-0.4741719744650684,-0.016849634793528523,0,0.5,12.505847554011094,0.023746729621668905,2.4030928343519387,12.531425985366642,0.03638430046475616,-0.4741719744650684,0,1.0,1.0
2024-01-09,96493.5794462182,98314.87303704405,99755.38845372168,94987.8450030772,238896.0,23369222350.0,275159.0,-0.1413208016177373,42,price_up_oi_down,0.19208133415599649,0.017766226677669028,1,0.5,12.525104391384183,0.019256837373088587,1.9443446172998202,12.516476411583959,0.030297023256543376,0.19208133415599649,0,1.0,1.0
2024-01-10,97911.5630270388,97384.13773810714,99065.39260497688,96718.89657017653,122094.0,11989314800.0,269889.0,-0.7932195234978155,42,price_up_oi_down,-0.28107957266388534,-0.009466881969996677,0,0.4,12.50576604234006,-0.019338349044122793,-1.9152562700111675,12.515661184637777,0.023744813541848764,-0.28107957266388534,0,1.0,1.0
2024-01-11,97805.67516483192,103962.28880612228,104269.08716646046,97740.24206111889,246323.0,25027531800.0,269835.0,-0.0911669782616943,42,price_up_oi_down,-0.014108957264021884,0.06754848603481611,1,0.5,12.505565940064896,-0.00020010227516387147,-0.020008225603895813,12.506032765951232,0.022317010443560825,-0.014108957264021884,0,1.0,1.0
2024-01-12,103846.89781360188,102264.76779132622,104568.83261096056,101793.32941025028,162505.0,16805754400.0,267518.0,-0.4984780832646374,42,price_up_oi_down,-0.29727978737037397,-0.016328238193771827,0,0.4,12.496942132773972,-0.008623807290923935,-0.8586728926937348,12.505806798175577,0.02011282015478777,-0.29727978737037397,0,1.0,1.0
2024-01-15,101294.2365776522,101447.52508323544,102729.32459395452,100275.48646307044,118292.0,12025493100.0,266413.0,-0.8118915922597303,42,price_up_oi_down,-0.6161408099092334,-0.007991439532316624,0,0.3,12.492803015256547,-0.004139117517425461,-0.4130563177057178,12.505665991202477,0.0140811293051053,-0.6161408099092334,0,1.0,1.0
2024-01-16,101579.75003092283,103497.49364289662,103886.8199088974,101527.49228802856,124842.0,12881265600.0,271350.0,-0.7763605627289141,42,price_up_oi_down,0.9966042847804185,0.020207181574703137,1,0.3,12.511164779491551,0.018361764235004685,1.853137797329829,12.501254036419434,0.006707481317412167,0.9966042847804185,0,1.0,1.0
2024-01-17,104056.3259702937,101351.72794076486,105337.80626521788,100547.2404674886,150083.0,15523963550.0,267949.0,-0.5796081894971861,42,price_up_oi_down,-0.19851438048205614,-0.020732537828746067,0,0.3,12.498551942876473,-0.012612836615078393,-1.253362815551884,12.501254036419434,0.009180882117502343,-0.19851438048205614,0,1.0,1.0
2024-01-18,101760.24061985649,101852.01863061228,102875.97142182506,99905.85315708948,142542.0,14490331000.0,265155.0,-0.620677867531516,42,price_up_oi_down,-1.3268303862040476,0.004936183131873273,1,0.4,12.488069839638094,-0.010482103238379281,-1.0427357444886765,12.502058941470684,0.007111323358789612,-1.3268303862040476,0,1.0,1.0
2024-01-19,102156.78425642804,100996.20266321952,102599.35774453673,100837.6428584642,98178.0,10001272100.0,264567.0,-0.991312369674998,42,price_up_oi_down,-1.537394844467947,-0.008402543011901908,0,0.4,12.485849806331949,-0.002220033306144842,-0.22175708547830242,12.502058941470684,0.007111323358789612,-1.537394844467947,0,1.0,1.0
2024-01-22,100516.26264763444,99453.21248901093,101398.6954394943,98249.96207078351,130055.0,13015836600.0,258211.0,-0.6858196422318403,42,price_up_oi_down,-3.843842267665266,-0.015277704839595119,0,0.4,12.461532359120831,-0.024317447211117837,-2.402416023162335,12.502058941470684,0.007111323358789612,-3.843842267665266,0,1.0,1.0
2024-01-23,100179.50080309132,101644.81940883136,102234.19497011372,99816.1927651947,110929.0,11215152450.0,254276.0,-0.8295299342379175,42,price_up_oi_down,-3.931292936086649,0.022036562369089907,1,0.4,12.44617557023604,-0.015356788884790973,-1.5239474693177324,12.497747037825222,0.008848101350983129,-3.931292936086649,0,1.0,1.0
2024-01-24,102067.72187687752,101961.77233558672,102643.82659974133,101203.55976990622,84764.0,8657506000.0,256351.0,-1.1066766747804968,42,price_up_oi_down,-2.7757861012968346,0.003118239853233673,1,0.5,12.454302878120954,0.008127307884914003,0.8160424106089081,12.49487257401526,0.009858066866473614,-2.7757861012968346,0,1.0,1.0
2024-01-25,102480.65426710324,101013.6392979782,102984.05467280804,100172.2089519048,102530.0,10396365700.0,257143.0,-0.919476911702344,42,price_up_oi_down,-1.9179248888176155,-0.009298906991219602,0,0.4,12.457387629366481,0.0030847512455274284,0.3089513986682224,12.490436427447321,0.01162251402336345,-1.9179248888176155,0,1.0,1.0
2024-01-26,101189.7938648972,100360.66791803535,102131.42832981622,100302.69513530424,92426.0,9369073450.0,255720.0,-1.0176747715509158,42,price_up_oi_down,-1.323521057505617,-0.0064641902269916285,0,0.4,12.451838374880664,-0.005549254485817556,-0.5533885814507533,12.486959822985021,0.0178985381989909,-1.323521057505617,0,1.0,1.0
2024-01-29,100840.81167002956,101632.47352707006,102375.11927923375,99516.848021372,87604.0,8884262550.0,251200.0,-1.053422775593723,42,price_up_oi_down,-1.3905451387760546,0.012672350985880154,1,0.5,12.434004713576181,-0.017833661304482717,-1.7675582668543965,12.47369108272639,0.01925006856779632,-1.3905451387760546,0,1.0,1.0
2024-01-30,102112.59551711644,100777.94687642498,102617.84492679176,100670.57107780204,64661.0,6550881500.0,245616.0,-1.33461110304124,42,price_up_oi_down,-1.6691901728746226,-0.008408008001669631,0,0.4,12.411524619712983,-0.022480093863197936,-2.2229299363057287,12.459459994243655,0.019369852337544735,-1.6691901728746226,0,1.0,1.0
2024-01-31,100860.50960205254,99057.40505351692,101589.92647710872,98609.46661523356,121791.0,12165891950.0,252537.0,-0.729251311713666,42,price_up_oi_down,-0.7077587060945212,-0.01707260245158393,0,0.4,12.439313051615864,0.027788431902880717,2.817813171780359,12.455845253743718,0.01575511183760714,-0.7077587060945212,0,1.0,1.0
2024-02-01,98901.27719101078,99478.11953502726,99769.58706650574,97954.61787157255,71860.0,7133945650.0,243025.0,-1.21844453702176,42,price_up_oi_down,-3.1662001185753788,0.0042471785050601785,1,0.4,12.40091959768927,-0.038393453926593324,-3.7665767788482296,12.453070626500809,0.011109653752483517,-3.1662001185753788,0,1.0,1.0
2024-02-02,99425.86215410952,99888.188827397,101239.79689755592,99166.16829753884,84998.0,8526935600.0,232551.0,-1.006481829009635,42,price_up_oi_down,-5.594145583802978,0.004122205911073262,1,0.5,12.356864834793504,-0.04405476289576704,-4.309844666186613,12.449006972558351,0.011109653752483517,-5.594145583802978,0,1.0,1.0
2024-02-05,100058.98359360915,100295.93340060544,100988.8532434695,99398.30164262104,55372.0,5568904800.0,227930.0,-1.4149645134455575,42,price_up_oi_down,-5.454768591686744,0.0040820098751916944,1,0.6,12.336793843253183,-0.02007099154032055,-1.9870910036939304,12.442744310925953,0.01310094281776486,-5.454768591686744,0,1.0,1.0
2024-02-06,100276.69521065992,97201.50715948458,100437.51956644698,96372.026645473,137716.0,13532660250.0,235841.0,-0.5379642555442696,42,price_up_oi_down,-2.311271032679666,-0.030852958202811642,0,0.5,12.37091312813694,0.03411928488375793,3.4708024393453885,12.436658882596022,0.01918637114769517,-2.311271032679666,0,1.0,1.0
2024-02-07,97231.6471490429,97543.72551494786,98246.4742854716,97076.67184971146,52366.0,5102744850.0,229732.0,-1.4786558863706138,42,price_up_oi_down,-1.73810742481253,0.0035207103826258024,1,0.5,12.34466869112043,-0.026244437016510247,-2.590304484801209,12.422764666644582,0.03030595985622675,-1.73810742481253,0,1.0,1.0
2024-02-08,97642.9170391366,96269.82138578496,98701.12286056906,95753.79596779692,67737.0,6569337800.0,229545.0,-1.2204665292818089,42,price_up_oi_down,-1.0396376085638737,-0.01305982647718007,0,0.5,12.343854367693247,-0.000814323427183794,-0.08139919558428632,12.406222108701126,0.04046262337186146,-1.0396376085638737,0,1.0,1.0
2024-02-19,96901.48204942778,94775.3944510556,97976.71587953664,94542.04045550144,77626.0,7444912900.0,240334.0,-1.1301271999197662,42,price_up_oi_down,0.06264083477254014,-0.015523316790426955,0,0.5,12.389784901520233,0.04593053382698642,4.700167723104354,12.385916362913106,0.041654833506266975,0.06264083477254014,0,1.0,1.0
2024-02-20,95091.74397799942,92872.2501205509,95465.2328370554,92519.06206200592,119167.0,11159590000.0,265448.0,-0.8008930939608706,42,price_up_oi_down,2.195814574811893,-0.020080574093390147,0,0.4,12.489174243607845,0.09938934208761196,10.44962427288687,12.380349014828587,0.03342796429627626,2.195814574811893,0,1.0,1.0
2024-02-21,92911.53662219513,96882.24540344122,102980.2748701558,92803.40653630212,358141.0,34944178150.0,257584.0,0.3295808831089428,42,price_up_oi_down,1.5890167102573973,0.04317753987531514,1,0.5,12.459101159482076,-0.030073084125769256,-2.9625388023265753,12.380349014828587,0.03342796429627626,1.5890167102573973,0,1.0,1.0
2024-02-22,96902.298157363,97588.7803097096,98331.35751395037,96559.25356594546,129183.0,12606765250.0,257467.0,-0.689661552807524,42,price_up_oi_down,1.4634202393005138,0.007292718116990393,1,0.6,12.458646835533525,-0.00045432394855104974,-0.045422075905365844,12.380349014828587,0.03608748542174833,1.4634202393005138,0,1.0,1.0
2024-02-23,98070.58195046092,101658.06928507565,102776.3119745387,98036.23132201182,231990.0,23278646200.0,269553.0,-0.1500707642072351,42,price_up_oi_down,2.32081538870574,0.041698328050126854,1,0.6,12.504520310478426,0.04587347494490146,4.694193819013748,12.380349014828587,0.03608748542174833,2.32081538870574,0,1.0,1.0
2024-02-26,102190.39737429938,102185.20105934492,104501.05174481487,101155.2954227838,239044.0,24649873600.0,277530.0,-0.1492814000458186,42,price_up_oi_down,2.58397194019996,0.005185341193044479,1,0.6,12.533684314433474,0.02916400395504759,2.9593438025174557,12.380349014828587,0.040024909355372174,2.58397194019996,0,1.0,1.0
2024-02-27,102346.662710452,106374.06782688409,107363.25867710052,100913.4371534728,282267.0,29470601250.0,296726.0,-0.0499557225524479,42,price_up_oi_down,1.646240925202547,0.04099289059583522,1,0.6,12.600564433042878,0.06688011860940435,6.916729722912751,12.424215868526879,0.0722527762437073,1.646240925202547,0,1.0,1.0
2024-02-28,107405.47657794577,107854.74760428791,112064.30122381318,106989.07020431236,422725.0,46132674000.0,295528.0,0.3579582624141482,42,price_up_oi_down,1.2903484455130076,0.013919555843380227,1,0.7,12.596518865992481,-0.004045567050397381,-0.4037394768237279,12.458873997507801,0.07194970645662035,1.2903484455130076,0,1.0,1.0
2024-02-29,108415.87492604744,118891.28502033616,119539.811749125,108301.34408782877,654445.0,75321185950.0,321349.0,0.7112597882648249,42,price_up_oi_down,1.932504411995973,0.10232778492552397,1,0.7,12.6802830389228,0.08376417293031935,8.737243171543984,12.474137701544961,0.07194970645662035,1.932504411995973,0,1.0,1.0
2024-03-01,119310.06225360549,119227.0197740562,120709.3788023941,116217.86889561667,483932.0,57424889200.0,314503.0,0.430950785932679,42,price_up_oi_down,1.584094239214824,0.002823880267276202,1,0.8,12.658748894027852,-0.021534144894948426,-2.1303940575512437,12.496847277043136,0.06893601522947801,1.584094239214824,0,1.0,1.0
2024-03-04,120420.1949097333,117242.80186002524,124649.61164416786,115107.1129952574,726842.0,87314720800.0,317200.0,0.8291766326536015,42,price_up_oi_down,1.4498911870758333,-0.016642351019015678,0,0.8,12.66728776874283,0.008538874714977496,0.8575434892512668,12.51910231245595,0.06893601522947801,1.4498911870758333,0,1.0,1.0
2024-03-05,117728.73695916464,111502.8476740102,118676.7480753506,111428.07444069588,507688.0,58564908350.0,310341.0,0.4921953927460059,42,price_up_oi_down,0.6389955994935332,-0.048957838732546666,0,0.8,12.64542697190463,-0.021860796838199192,-2.1623581336695286,12.565101590212977,0.08478732521000332,0.6389955994935332,0,1.0,1.0
2024-03-06,110902.99517866454,113936.33605473912,115016.57796345912,109397.02554195104,540495.0,60900379600.0,321525.0,0.5194100851905226,42,price_up_oi_down,0.8308635969701238,0.021824450509492443,1,0.8,12.680830580134288,0.03540360822965738,3.603777779925932,12.59854164951768,0.06680172715467769,0.8308635969701238,0,1.0,1.0
2024-03-07,114847.02884517376,112809.94403840862,116301.27176360486,111697.45524650515,398666.0,45479209000.0,327010.0,0.1981332221308482,42,price_up_oi_down,0.9926895441216749,-0.009886152700130157,0,0.7,12.697746030451555,0.016915450317267045,1.7059326646449824,12.622995702473755,0.05078970135905969,0.9926895441216749,0,1.0,1.0
2024-03-08,113118.1348530849,113270.65580490432,113924.4315130082,111031.43901810543,335561.0,37814000400.0,326896.0,0.0261616805691762,42,price_up_oi_down,0.8215183226673036,0.004083964143611674,1,0.7,12.697397356479593,-0.00034867397196158834,-0.034861319225654164,12.652087932966241,0.03720037232668005,0.8215183226673036,0,1.0,1.0
2024-03-11,112646.48559758916,116149.7887487403,116859.44989498518,111325.11220571812,387121.0,44546543300.0,340353.0,0.1287539913492486,42,price_up_oi_down,1.93128553836302,0.02541817139996927,1,0.7,12.737738593292958,0.0403412368133651,4.116599774851992,12.663018331385341,0.026095636921598775,1.93128553836302,0,1.0,1.0
2024-03-12,117507.8117878828,119641.97952520676,119789.6043783468,116458.25435454564,391735.0,46362502300.0,338758.0,0.1452996026262555,42,price_up_oi_down,1.6802760269446622,0.030066268859265,1,0.7,12.733041267133352,-0.004697326159606163,-0.46863109771321243,12.673785403832815,0.023786289632758972,1.6802760269446622,0,1.0,1.0
2024-03-13,120809.06997180838,118621.2365854309,121688.52218904228,118459.58573024748,363500.0,43815866400.0,337413.0,0.0744715976691694,42,price_up_oi_down,1.6779161550880186,-0.008531645362494178,0,0.6,12.729062978286542,-0.003978288846809619,-0.3970385939225163,12.680556809528543,0.019498568211851364,1.6779161550880186,0,1.0,1.0
2024-03-14,119063.43874511568,112022.82809349798,119557.89269496982,111108.5205078125,460171.0,53282027700.0,317440.0,0.3713093354391957,42,price_up_oi_down,-0.5445902486393286,-0.055625861623696315,0,0.5,12.668044103078644,-0.06101887520789795,-5.919451829064215,12.689113968306941,0.02609563692160055,-0.5445902486393286,0,1.0,1.0
2024-03-15,112211.73262493896,114879.9057833913,114994.03140340562,112007.51214032718,352446.0,40016953800.0,312896.0,0.1190265520717665,42,price_up_oi_down,-0.9172494364815571,0.025504423861792747,1,0.5,12.653626145938317,-0.014417957140327786,-1.431451612903245,12.689113968306941,0.02609563692160055,-0.9172494364815571,0,1.0,1.0
2024-03-18,114609.46833683056,116635.82843141958,118747.38625318356,114400.13345791536,364134.0,42631829800.0,312633.0,0.1524919531264966,42,price_up_oi_down,-0.8550570641339061,0.015284854527467306,1,0.6,12.652785257616602,-0.0008408883217150276,-0.08405348742070995,12.689113968306941,0.02865701096636819,-0.8550570641339061,0,1.0,1.0
2024-03-19,116169.98489729843,114777.5935745528,117971.37646006324,113977.33442942858,288701.0,33484865250.0,307963.0,-0.0645880954211273,42,price_up_oi_down,-0.9650894732068642,-0.01593193859774744,0,0.6,12.637734924869411,-0.015050332747190254,-1.4937642539334273,12.689113968306941,0.03590826652948209,-0.9650894732068642,0,1.0,1.0
2024-03-20,114501.6078507516,116981.30857925958,117425.67667831692,113601.35177040154,268478.0,31082371150.0,308663.0,-0.1394810929511999,42,price_up_oi_down,-0.9224425255052734,0.019199871125328727,1,0.6,12.640005345839974,0.0022704209705626255,0.22730003279607391,12.689113968306941,0.03590826652948209,-0.9224425255052734,0,1.0,1.0
2024-03-21,117675.71199235116,117150.57303903022,118571.51669153594,116154.63598413496,248587.0,29202190750.0,314551.0,-0.2353533402864061,42,price_up_oi_down,-0.4422755203349314,0.0014469359406759086,1,0.7,12.658901504137932,0.018896158297957655,1.9075820555103373,12.682720729779119,0.036325428050830944,-0.4422755203349314,0,1.0,1.0
2024-03-22,116963.02400726952,114214.21441320475,117176.15238706478,112942.49893062405,267596.0,30763664650.0,305345.0,-0.1319639044237925,42,price_up_oi_down,-0.9396676915952606,-0.025064825119098466,0,0.6,12.629197563865176,-0.029703940272755247,-2.9267114076889644,12.663472803608288,0.02460266825359536,-0.9396676915952606,0,1.0,1.0
2024-03-25,114464.60487335938,107366.8720415848,114626.23109218969,107216.41337631203,351151.0,39054999850.0,309921.0,0.1248989040942082,42,price_up_oi_down,-0.47274602326509646,-0.05995175300026678,0,0.5,12.64407270527475,0.0148751414095738,1.4986326941656136,12.656263825038124,0.017393689683431468,-0.47274602326509646,0,1.0,1.0
2024-03-26,107862.97124992336,108390.37476156023,109546.4163844751,106523.13848059376,283914.0,30622940400.0,304060.0,-0.0685536749511882,42,price_up_oi_down,-1.357959821997274,0.009532760902068782,1,0.5,12.624980329334827,-0.0190923759399233,-1.891127093678746,12.653205701777459,0.014019378619335221,-1.357959821997274,0,1.0,1.0
2024-03-27,109103.8172594825,108335.4070444004,109275.31192922284,105860.69789019712,304726.0,32778072550.0,305065.0,-0.001111856471884,42,price_up_oi_down,-1.2841188974643982,-0.0005071272913369507,0,0.5,12.628280147637923,0.0032998183030965578,0.3305268696967456,12.648428981445676,0.01058328963426014,-1.2841188974643982,0,1.0,1.0
2024-03-28,108667.74806412128,108491.2733317798,109498.7737586278,107029.60943014902,215002.0,23297028400.0,304681.0,-0.3486179972212963,42,price_up_oi_down,-0.8293387449795355,0.0014387381894038764,1,0.6,12.627020606613412,-0.0012595410245115346,-0.1258748135642307,12.642039025557363,0.012214291036570124,-0.8293387449795355,0,1.0,1.0
2024-03-29,108858.86511579149,107153.30544336088,109604.32159212945,106007.5250383172,219235.0,23663972800.0,301064.0,-0.3171786528716252,42,price_up_oi_down,-1.4302872516014147,-0.012332493179679549,0,0.5,12.615078145714326,-0.01194246089908546,-1.1871432744412602,12.638870135354694,0.011219758229025878,-1.4302872516014147,0,1.0,1.0
2024-04-01,107161.3252114611,112500.4832019566,112779.7337105524,106129.63580633469,290367.0,31873655700.0,302565.0,-0.0411504902915018,42,price_up_oi_down,-1.2044156116623967,0.04990212608440836,1,0.5,12.620051409403542,0.004973263689215912,0.49856508915049336,12.633466244367295,0.0075125082525735465,-1.2044156116623967,0,1.0,1.0
2024-04-02,112602.20253256556,111077.01530350235,112822.76649586884,110561.17744483174,194841.0,21740788350.0,292090.0,-0.4048781326150782,42,price_up_oi_down,-3.35054591306439,-0.012652993640026255,0,0.5,12.584817252938729,-0.03523415646481354,-3.4620660023464866,12.62873885575155,0.008841757732934497,-3.35054591306439,0,1.0,1.0
2024-04-03,111866.4205296426,111881.5949465638,113642.182949925,110801.46353067724,209956.0,23589275250.0,282580.0,-0.2970637113828967,42,price_up_oi_down,-5.1334610605163356,0.007243439525837392,1,0.5,12.551716975319799,-0.03310027761892975,-3.2558458009518065,12.627650377125669,0.00997696821821581,-5.1334610605163356,0,1.0,1.0
2024-04-08,112591.78466701997,113498.56208411224,115266.59998687133,112164.38390715396,189158.0,21499654800.0,282979.0,-0.4027900452829815,42,price_up_oi_down,-5.826651383051319,0.01445248557924761,1,0.5,12.553127968925056,0.0014109936052566496,0.14119895250908066,12.62600046797412,0.008435690415184993,-5.826651383051319,0,1.0,1.0
2024-04-09,113815.89919049044,114128.18511694236,114760.58293032234,112084.19622720676,171698.0,19513641100.0,283302.0,-0.5007763468536857,42,price_up_oi_down,-6.5203897143143825,0.00554740977567203,1,0.6,12.554268745447766,0.001140776522710496,0.11414274557473014,12.622515869369185,0.007059709075424969,-6.5203897143143825,0,1.0,1.0
2024-04-10,114811.06757251995,115969.12561345406,117252.9303388686,114642.78112930965,196149.0,22770372100.0,282621.0,-0.3652322029649591,42,price_up_oi_down,-2.3810828638991337,0.01613046325607792,1,0.7,12.551862056450483,-0.002406688997282913,-0.2403795243238971,12.617564777558934,0.01861164889740241,-2.3810828638991337,1,0.0,0.0
2024-04-11,115617.53235837955,112618.51625147591,115703.9005303949,108571.58506882974,211087.0,23806354900.0,276098.0,-0.268485504388131,42,price_up_oi_down,-1.739300798485944,-0.028892253384287248,0,0.6,12.528511154139746,-0.023350902310737,-2.3080379731159395,12.599947699326528,0.02770267779914004,-1.739300798485944,0,1.0,1.0
2024-04-12,111446.38132746854,112326.96831629968,113452.48547924764,110579.1135112808,141616.0,15918747000.0,271717.0,-0.6516419142583596,42,price_up_oi_down,-1.3070109474309268,-0.002588809947781656,0,0.6,12.512516362467018,-0.015994791672728326,-1.586755427420694,12.569542999193247,0.029428934463474832,-1.3070109474309268,0,1.0,1.0
2024-04-15,113492.94853625944,111994.24171471068,114072.5014447835,111691.21482074032,114618.0,12887195700.0,271626.0,-0.8628212601064965,42,price_up_oi_down,-0.994663284749119,-0.0029621257172373072,0,0.5,12.512181399098203,-0.0003349633688145559,-0.033490727484863925,12.553698357186411,0.02815304939949126,-0.994663284749119,0,1.0,1.0
2024-04-16,111542.55499029584,108422.30803054072,111906.8730518144,107150.293341955,189137.0,20646250550.0,268363.0,-0.34986892145068,42,price_up_oi_down,-1.2553798470020185,-0.03189390480690024,0,0.5,12.500095820627605,-0.012085578470598435,-1.2012841186043066,12.55249501268777,0.02815304939949126,-1.2553798470020185,0,1.0,1.0
2024-04-17,108626.63500067031,109690.96668846378,110230.28121898732,108334.65825302013,105630.0,11545719750.0,263032.0,-0.9123332759449364,42,price_up_oi_down,-1.7191910852724748,0.011701085145371604,1,0.5,12.480030976762144,-0.020064843865460702,-1.986488450345203,12.55178951588514,0.02815304939949126,-1.7191910852724748,0,1.0,1.0
2024-04-18,109961.63267709209,108732.46567048231,112098.9220854639,108583.99042710144,145279.0,16001045500.0,262602.0,-0.5919835464165415,42,price_up_oi_down,-1.9940914670830039,-0.00873819464736536,0,0.5,12.47839485696806,-0.0016361197940835126,-0.1634782079746322,12.540114064729773,0.02087619149037412,-1.9940914670830039,0,1.0,1.0
2024-04-19,108502.29160486502,107978.62317880044,110785.44395978808,106466.75370715576,183740.0,19886701150.0,264043.0,-0.362590253827565,42,price_up_oi_down,-0.7903160374478596,-0.006933002825176615,0,0.4,12.483867247653022,0.0054723906849609705,0.5487391565942579,12.520513758303382,0.031275757581759045,-0.7903160374478596,0,1.0,1.0
2024-04-22,108885.70142111808,108951.95362671532,110587.14026430927,108055.49939171388,153670.0,16777675950.0,266274.0,-0.5497184077390225,42,price_up_oi_down,-0.445250448268809,0.009014103155428721,1,0.4,12.492281132788401,0.008413885135379218,0.8449381350766005,12.51234888078261,0.030399768575027686,-0.445250448268809,0,1.0,1.0
2024-04-23,109253.476525989,109475.849038121,110871.80903107209,107542.47195044332,156706.0,17099540100.0,265418.0,-0.5269345033989934,42,price_up_oi_down,-0.5160185148845493,0.0048084994712496165,1,0.4,12.489061220735664,-0.003219912052736973,-0.32147336953660677,12.506138609862905,0.02232195324336228,-0.5160185148845493,0,1.0,1.0
2024-04-24,110012.53579914192,110654.33733416622,112298.312709888,109638.2487417129,195371.0,21616883650.0,268944.0,-0.3196028644074781,42,price_up_oi_down,0.25468695669583896,0.010764824446667376,1,0.4,12.502258458473175,0.013197237737511358,1.3284705634130978,12.496188476708003,0.01607521116802957,0.25468695669583896,0,1.0,1.0
2024-04-25,110795.79801787336,109968.80324208087,112897.68177105926,108804.65377906871,172538.0,19142989750.0,266002.0,-0.4328863254841859,42,price_up_oi_down,-0.234851794139285,-0.006195275382790411,0,0.4,12.491259106532562,-0.010999351940613522,-1.09390802546262,12.496188476708003,0.01415707572259084,-0.234851794139285,0,1.0,1.0
2024-04-26,110161.21719455309,110328.255441008,111070.18634352676,109224.51698045492,106644.0,11709355350.0,261900.0,-0.8984665669693278,42,price_up_oi_down,-1.1509474772884858,0.0032686742815219993,1,0.5,12.475718030495804,-0.015541076036758028,-1.542093668468525,12.491770119660481,0.009407019889908774,-1.1509474772884858,0,1.0,1.0
2024-04-29,110022.24727589048,115988.79717510032,117202.94439725316,109803.69319048928,316938.0,36140303900.0,289851.0,0.0893391733119337,42,price_up_oi_down,5.846558503952992,0.05130636491500562,1,0.6,12.577122276822303,0.10140424632649925,10.672394043527955,12.490160163634112,0.010032421932730351,5.846558503952992,0,1.0,1.0
2024-04-30,116209.49391119456,111891.1974591796,117228.68398979784,111025.19832363048,263989.0,29930444750.0,276761.0,-0.0472468822514201,42,price_up_oi_down,2.7396292079006073,-0.03532754727799148,0,0.6,12.530909596845127,-0.0462126799771756,-4.516113451393899,12.490160163634112,0.010032421932730351,2.7396292079006073,0,1.0,1.0
2024-05-06,112558.68449525732,112887.53718943716,113401.03635445592,111367.18985734948,127555.0,14303701700.0,281666.0,-0.7921743276892471,42,price_up_oi_down,3.5930802733836873,0.008904540776061065,1,0.6,12.548477250804495,0.0175676539593681,1.7722872803610512,12.490160163634112,0.010947246769009489,3.5930802733836873,0,1.0,1.0
2024-05-07,113336.86950141432,114318.34383848505,115545.7823202726,112970.19044394308,164516.0,18758519250.0,287478.0,-0.5581385056570991,42,price_up_oi_down,4.360153311743301,0.012674620110161738,1,0.7,12.568901614552473,0.020424363747977736,2.063436836536736,12.491770119660481,0.011931800752557287,4.360153311743301,0,1.0,1.0
2024-05-08,114402.62654410844,112538.33345414254,114791.1904365789,111913.52591131664,128730.0,14509048250.0,289713.0,-0.8111735901045476,42,price_up_oi_down,3.063344685246316,-0.015570645310059694,0,0.7,12.576646056758229,0.00774444220575532,0.777450796235013,12.497269795630789,0.017477156556376272,3.063344685246316,0,1.0,1.0
2024-05-09,112954.55063609374,112270.01049632629,113937.18479255593,110679.07659555745,149845.0,16787686900.0,293436.0,-0.6720581310624723,42,price_up_oi_down,1.653550651042901,-0.002384280534290961,0,0.6,12.589414836550567,0.012768779792338592,1.2850648745481363,12.516584027659151,0.02970801503441578,1.653550651042901,0,1.0,1.0
2024-05-10,112406.33111582728,109118.61716716952,112994.91157943272,107862.32238097726,229342.0,25155168050.0,298966.0,-0.2651155153015043,42,price_up_oi_down,1.2323596962870587,-0.028069769613675133,0,0.5,12.6080851335325,0.018670296981932566,1.8845676740414374,12.539693423824811,0.03743190917456385,1.2323596962870587,0,1.0,1.0
2024-05-13,108462.4105757916,107885.71704728328,109295.71310772588,106760.4280804778,147177.0,15823412900.0,302623.0,-0.7208518623105886,42,price_up_oi_down,1.4192701428705083,-0.011298714663854681,0,0.4,12.6202430853792,0.012157951846699433,1.2232160178749618,12.558689432678484,0.029252619852719874,1.4192701428705083,0,1.0,1.0
2024-05-14,107759.88963517376,106029.6258325672,109674.97649968066,105062.07239650538,246187.0,26260994350.0,302378.0,-0.2055864805793865,42,price_up_oi_down,1.0559438771499394,-0.017204234865516144,0,0.4,12.619433169318258,-0.0008099160609411626,-0.08095881674563543,12.572773835655351,0.029803941364002107,1.0559438771499394,0,1.0,1.0
2024-05-15,105907.30922286578,103961.9134405348,106782.06945780088,102693.17970167336,211536.0,22021008300.0,303976.0,-0.3625535541535523,42,price_up_oi_down,1.0822077320113452,-0.019501270289282613,0,0.3,12.62470402990343,0.005270860585172343,0.5284776008836589,12.576884166790265,0.029803941364002107,1.0822077320113452,0,1.0,1.0
2024-05-16,104632.07462127612,105075.7146305242,105877.07871424452,104176.4875858286,114509.0,11943265050.0,298301.0,-0.9574496213195955,42,price_up_oi_down,0.5112273015899996,0.01071355031019583,1,0.3,12.60585832282709,-0.01884570707633948,-1.8669237045029319,12.583268556686434,0.029803941364002107,0.5112273015899996,0,1.0,1.0
2024-05-17,105705.11878055987,107457.99077577224,108237.92284231549,105595.50962140696,164003.0,17432102700.0,285986.0,-0.5560581382329437,42,price_up_oi_down,-1.0310617061628027,0.022671995652133292,1,0.4,12.563698137554898,-0.04216018527219312,-4.128380394299713,12.597636579688828,0.022201547659900456,-1.0310617061628027,0,1.0,1.0
2024-05-20,108360.0470525537,107028.24148611155,109396.00686839664,106586.10302324452,144655.0,15505217050.0,285093.0,-0.6784638458096975,42,price_up_oi_down,-1.1260736869785168,-0.003999230644070262,0,0.3,12.560570721810844,-0.0031274157440535078,-0.31225304735197357,12.597636579688828,0.022201547659900456,-1.1260736869785168,0,1.0,1.0
2024-05-21,107288.68315355608,107784.02408189964,110317.5741583449,106908.19578597735,216645.0,23336365150.0,282785.0,-0.2664268223760658,42,price_up_oi_down,-1.3730219077662096,0.0070615249329883945,1,0.3,12.552442170579443,-0.008128551231401104,-0.8095603890660552,12.597636579688828,0.022201547659900456,-1.3730219077662096,0,1.0,1.0
2024-05-22,108035.25704791736,107605.50174858124,108990.46655412606,106958.03619279624,107426.0,11529194900.0,286518.0,-0.9809991229685386,42,price_up_oi_down,-0.9745997420285782,-0.0016562967920250582,0,0.3,12.565556640388515,0.013114469809071494,1.3200841628798532,12.597636579688828,0.022201547659900456,-0.9745997420285782,0,1.0,1.0
2024-05-23,106690.81250830556,107398.06329002036,107730.8135515502,104860.10127503025,147474.0,15612800950.0,282825.0,-0.6511764427566882,42,price_up_oi_down,-1.2234906864838913,-0.0019277681455874829,0,0.3,12.552583610794667,-0.01297302959384794,-1.2889242560677583,12.597636579688828,0.024836977952486627,-1.2234906864838913,0,1.0,1.0
2024-05-24,107616.91013104268,108631.95809717664,109005.71945569852,107045.1815124692,149784.0,16127909250.0,284945.0,-0.6431019228891484,42,price_up_oi_down,-0.5940461183249689,0.011488985642359673,1,0.4,12.560051458171136,0.00746784737646955,0.749580129055083,12.585707481607802,0.029130315305046395,-0.5940461183249689,0,1.0,1.0
2024-05-27,108816.04008401888,107409.3226333718,109644.18764221948,106775.03836829487,123486.0,13287398900.0,291216.0,-0.8579374705496736,42,price_up_oi_down,0.957251422733626,-0.011254841440960894,0,0.4,12.581820538850188,0.02176908067905181,2.200775588271431,12.564627388971706,0.012114498284651276,0.957251422733626,0,1.0,1.0
2024-05-28,108350.36915969764,106390.44154823724,108903.37456139448,106103.75736396422,138938.0,14852977250.0,292720.0,-0.7451887302525706,42,price_up_oi_down,1.2440547022717299,-0.009485965092735804,0,0.4,12.586971799693089,0.00515126084290074,0.5164551398275874,12.564627388971706,0.012114498284651276,1.2440547022717299,0,1.0,1.0
2024-05-29,106261.33265760232,106498.4946395742,107176.67889958322,105189.10171863851,115465.0,12184466800.0,290462.0,-0.9225053050497848,42,price_up_oi_down,0.8129104865402534,0.0010156278117143813,1,0.5,12.57922803776778,-0.007743761925308235,-0.7713856244875528,12.564627388971706,0.012114498284651276,0.8129104865402534,0,1.0,1.0
2024-05-30,107360.86381460197,107309.425429094,109019.01547922188,106326.96418388496,163722.0,17504636000.0,290321.0,-0.572817339845857,42,price_up_oi_down,0.7858767677078552,0.007614481239986093,1,0.5,12.578742486356083,-0.0004855514116979265,-0.048543355068786376,12.564627388971706,0.012114498284651276,0.7858767677078552,0,1.0,1.0
2024-05-31,107415.06046271612,106385.67814739914,108479.57331975564,105692.24210558367,127926.0,13609549900.0,290748.0,-0.8210049408723694,42,price_up_oi_down,0.8677045561763309,-0.008608258575620087,0,0.4,12.580212191595429,0.0014697052393461973,0.14707857853879513,12.564627388971706,0.012114498284651276,0.8677045561763309,0,1.0,1.0
2024-06-03,105538.55901520638,104232.8337393877,105967.89000699564,102581.52712513915,178597.0,18520627200.0,294706.0,-0.5008463782353193,42,price_up_oi_down,1.370193899133831,-0.020236223949511745,0,0.4,12.593733528206348,0.013521336610919477,1.3613163289171393,12.5721495633723,0.010624908519671905,1.370193899133831,0,1.0,1.0
2024-06-04,104073.5865619386,103412.69271330288,104799.34987339372,103009.2855527396,102601.0,10573518950.0,298695.0,-1.0685753066008827,42,price_up_oi_down,1.7759307412233565,-0.007868355840112806,0,0.3,12.607178264860885,0.013444736654536271,1.3535523538712901,12.57898526206193,0.01070757965228708,1.7759307412233565,0,1.0,1.0
2024-06-05,103293.20404106656,101569.71591077892,103871.82714702576,100988.2331278831,158386.0,16032092200.0,302933.0,-0.6484765673101991,42,price_up_oi_down,2.6355813320982215,-0.01782157251850458,0,0.3,12.621266937928196,0.01408867306731132,1.418838614640383,12.579720114681605,0.010632549268113856,2.6355813320982215,0,1.0,1.0
2024-06-06,101854.4819833244,102776.45074497032,102932.73623506977,101058.13831856356,123616.0,12522344400.0,296589.0,-0.8751673555463821,42,price_up_oi_down,1.378865815962352,0.011880852706641631,1,0.4,12.60010262101239,-0.021164316915806225,-2.094192445194154,12.581016365222808,0.009336298726910108,1.378865815962352,0,1.0,1.0
2024-06-07,103524.9017051289,101793.61103041032,103980.75464113928,101531.75779083213,124830.0,12690450850.0,296018.0,-0.8634674516230092,42,price_up_oi_down,1.2399484771630187,-0.009562888263176417,0,0.3,12.598175542268105,-0.0019270787442842163,-0.1925223120210151,12.584396169271638,0.007495520925132837,1.2399484771630187,0,1.0,1.0
2024-06-11,101367.88475338146,98999.5912910619,101940.06773455068,98657.59988800951,144329.0,14335969350.0,301070.0,-0.7352473800619684,42,price_up_oi_down,1.6782494363771514,-0.027447889028258676,0,0.3,12.615098074833096,0.016922532564990433,1.7066529738057445,12.59035266394972,0.009945214708480421,1.6782494363771514,0,1.0,1.0
2024-06-12,99215.40800255188,100810.13358861522,100874.321949231,97266.90414610796,216374.0,21241878000.0,299277.0,-0.3243611740522253,42,price_up_oi_down,0.6588465505207003,0.01828838153715484,1,0.4,12.609124844914048,-0.005973229919048251,-0.5955425648521251,12.595954535237226,0.013483036632727874,0.6588465505207003,0,1.0,1.0
2024-06-13,100585.37226746247,99983.95861495976,101440.12585459382,98419.87096817304,186720.0,18533787600.0,293681.0,-0.4528839757112751,42,price_up_oi_down,-0.46221227467625176,-0.008195356401638265,0,0.3,12.590249423231658,-0.01887542168238987,-1.8698396468823097,12.599139081640248,0.0129723782333242,-0.46221227467625176,0,1.0,1.0
2024-06-14,99740.46534930164,99202.29528514858,100469.67169301271,98719.27748130551,119723.0,11796920950.0,293689.0,-0.897340643179363,42,price_up_oi_down,-0.6333759717852587,-0.00781788739553102,0,0.2,12.590276663301802,2.724007014442975e-05,0.0027240441158538076,12.599139081640248,0.009437710841194935,-0.6333759717852587,0,1.0,1.0
2024-06-17,98732.98736955838,98055.2021260008,99197.59315424607,97885.08390251844,131025.0,12818387050.0,295014.0,-0.811634668152631,42,price_up_oi_down,-0.33139191268689716,-0.011563171556167595,0,0.2,12.594778091822999,0.004501428521196615,0.45115751696538364,12.599139081640248,0.00887603837351758,-0.33139191268689716,0,1.0,1.0
2024-06-18,98664.62534356548,95666.7365480961,99093.4248653208,95608.16584864298,204462.0,19657315450.0,307187.0,-0.4070745435243151,42,price_up_oi_down,2.8791146387605875,-0.024358376976629237,0,0.2,12.635211961651901,0.0404338698289024,4.126244856176209,12.599139081640248,0.00845080077954119,2.8791146387605875,0,1.0,1.0
2024-06-19,96175.83179297597,96543.7685351904,97093.41816328133,95369.32901459734,141536.0,13496932400.0,302128.0,-0.7582966669533059,42,price_up_oi_down,0.9935207193961396,0.009167575050010868,1,0.3,12.618606047621359,-0.016605914030542124,-1.6468795880033915,12.603640442936637,0.010159991505048538,0.9935207193961396,0,1.0,1.0
2024-06-20,96783.99786075651,96998.08930509764,97477.56352124795,96086.99394829864,111314.0,10675498250.0,296646.0,-0.9801844721755484,42,price_up_oi_down,-0.2380299508989129,0.0047058528665333554,1,0.4,12.60029478769229,-0.018311259929069124,-1.8144627442673866,12.60461373296322,0.012238328264007947,-0.2380299508989129,0,1.0,1.0
2024-06-21,97305.5433015629,95060.393532734,98054.15890480723,94790.11415033384,180653.0,17251072500.0,297993.0,-0.5004919321428314,42,price_up_oi_down,0.3311278935984328,-0.019976638573454997,0,0.3,12.604825275278763,0.004530487586473342,0.45407657612115404,12.60019870435234,0.00942409080612272,0.3311278935984328,0,1.0,1.0
2024-06-24,94703.11204225777,91948.8888557649,95129.36846848056,91255.73343750206,217524.0,20037996500.0,301896.0,-0.3277733979358986,42,price_up_oi_down,1.0271218771320585,-0.032731872458508726,0,0.3,12.617837866186818,0.013012590908054733,1.3097623098528688,12.602560031485528,0.010032653923127022,1.0271218771320585,0,1.0,1.0
2024-06-25,92091.01051198169,93841.7255895294,94431.17491345956,89969.85777430602,287986.0,26178884600.0,304777.0,-0.0566684938044319,42,price_up_oi_down,1.221050007072109,0.020585748858082287,1,0.4,12.627335640629845,0.009497774443026685,0.9543021437845356,12.606975060096406,0.011246896807682205,1.221050007072109,0,1.0,1.0
2024-06-26,93692.77062668664,96328.86233091856,97665.1439409441,92832.2730560758,360723.0,34107342650.0,306583.0,0.1626218327139663,42,price_up_oi_down,1.4871624309521352,0.026503527356989354,1,0.4,12.63324379704635,0.00590815641650444,0.5925643995446261,12.606975060096406,0.01191397789918014,1.4871624309521352,0,1.0,1.0
2024-06-27,95890.84922328536,94033.78991117267,96165.39616060372,93792.88535645472,234833.0,22191374700.0,306775.0,-0.2672399566394095,42,price_up_oi_down,0.9338459203728903,-0.023825386952683325,0,0.4,12.633869858844749,0.0006260617983997463,0.0626257815991682,12.61133157073279,0.016278774403422958,0.9338459203728903,0,1.0,1.0
2024-06-28,93895.37990974648,93965.4685533976,95013.77288473464,92632.92408298304,276964.0,25779261400.0,306774.0,-0.1022237862968819,42,price_up_oi_down,0.6881157710358818,-0.0007265617799687707,0,0.4,12.6338665991214,-3.259723348136845e-06,-0.0003259718035275583,12.618221956904089,0.015334871041460474,0.6881157710358818,0,1.0,1.0
2024-07-01,93145.64399359944,95330.22169759596,95455.85493519442,91081.46253385497,236800.0,22037406000.0,310062.0,-0.2695563744720075,42,price_up_oi_down,1.3342470203821932,0.014523985940886552,1,0.5,12.644527556463995,0.010660957342594202,1.07179878346928,12.622970844125602,0.010897384857472936,1.3342470203821932,0,1.0,1.0
2024-07-02,95041.08984298188,93892.09412168562,96003.61315702436,93704.7276770334,170226.0,16121393650.0,314614.0,-0.6142195246580915,42,price_up_oi_down,2.3405471018050608,-0.015085746684533441,0,0.5,12.659101769569768,0.014574213105772671,1.468093478078547,12.630289718838096,0.008302957015271062,2.3405471018050608,0,1.0,1.0
2024-07-03,93757.71533401376,94441.91970724764,95272.04377138847,93122.43444835512,161258.0,15209492450.0,317538.0,-0.6775919293621054,42,price_up_oi_down,2.1274184830201714,0.00585593058398981,1,0.5,12.66835277519257,0.009251005622802566,0.9293928432937193,12.630289718838096,0.012067761934007493,2.1274184830201714,0,1.0,1.0
2024-07-04,94913.35376546184,93916.61552046314,95930.8972894446,93614.2502305245,168945.0,15994686950.0,321627.0,-0.6438192708368797,42,price_up_oi_down,2.405479290637163,-0.005562193022048301,0,0.4,12.681147767986786,0.012794992794216142,1.2877198949417412,12.633555198083876,0.013344845138588468,2.405479290637163,0,1.0,1.0
2024-07-05,93440.63143541804,93859.09037257273,95033.15435265128,92302.90522072314,177367.0,16618641650.0,313469.0,-0.5694794393326693,42,price_up_oi_down,1.0911017470872686,-0.000612512999660586,0,0.4,12.655455750593243,-0.025692017393543765,-2.5364785916604515,12.633868228983076,0.013344845138588468,1.0911017470872686,0,1.0,1.0
2024-07-08,94049.39821347616,93611.61847839072,95050.36861095158,93180.55850740592,151966.0,14269898200.0,318058.0,-0.7385769444715556,42,price_up_oi_down,1.4770775326309455,-0.002636632138663053,0,0.4,12.669989035068399,0.01453328447515645,1.4639406129473675,12.639198707654373,0.014060054981698933,1.4770775326309455,0,1.0,1.0
2024-07-09,93429.1597037242,94102.88008367294,94703.78630705392,92882.84436147496,151049.0,14177249700.0,313602.0,-0.7305203785205661,42,price_up_oi_down,0.2416334952733631,0.0052478700108749,1,0.4,12.655879944989074,-0.014109090079324815,-1.4010023329078525,12.64999165352862,0.016436455444744702,0.2416334952733631,0,1.0,1.0
2024-07-10,93959.2827906116,91838.23794473428,94335.56879739978,91692.9532101204,177429.0,16499475700.0,315132.0,-0.5744210697746172,42,price_up_oi_down,0.2537024483591094,-0.024065598597248217,0,0.3,12.660746877650885,0.004866932661810708,0.48787954158451274,12.655667847791157,0.013503057339327107,0.2537024483591094,0,1.0,1.0
2024-07-11,92216.14249352575,92544.64830948108,92907.27422392476,90536.40323623376,180824.0,16605845200.0,303605.0,-0.5182033319127824,42,price_up_oi_down,-1.9638725047480328,0.007691898065072866,1,0.4,12.623482793406207,-0.03726408424467742,-3.65783227345996,12.65749085727942,0.011680047851064579,-1.9638725047480328,0,1.0,1.0
2024-07-12,92557.16700963044,91385.49271301736,92956.48053337722,91107.19597493854,106884.0,9799789700.0,304447.0,-1.046752881933517,42,price_up_oi_down,-1.8039413674326323,-0.012525366054527143,0,0.4,12.626252295153387,0.0027695017471796035,0.27733403600069817,12.65749085727942,0.011680047851064579,-1.8039413674326323,0,1.0,1.0
2024-07-15,90937.16643154752,88166.13063927906,91488.23823217304,88165.26049096479,198670.0,17814281700.0,316153.0,-0.4645811168461631,42,price_up_oi_down,0.374819870385766,-0.035228371354830146,0,0.3,12.663981552608272,0.037729257454884646,3.8450042207673896,12.65749085727942,0.011680047851064579,0.374819870385766,0,1.0,1.0
2024-07-16,88069.54998593013,88992.0108321151,89463.31370147302,87290.44574345773,165092.0,14591270850.0,310558.0,-0.6318677851500201,42,price_up_oi_down,-1.4432584439567042,0.00936731811691982,1,0.4,12.646125958402708,-0.01785559420556382,-1.7697127656545963,12.659924323610326,0.006448512299663811,-1.4432584439567042,0,1.0,1.0
2024-07-17,89159.18213602736,87128.4008517974,89678.02674702364,87083.69638239619,141231.0,12444167450.0,315568.0,-0.8039773419566555,42,price_up_oi_down,0.23706165041065524,-0.020941317797992465,0,0.3,12.662129468643284,0.016003510240576446,1.613225226849746,12.65831341131998,0.01085749381050416,0.23706165041065524,0,1.0,1.0
2024-07-18,86828.56694272021,88207.13889411473,88992.02281914116,86723.54881580324,137208.0,11995409250.0,313613.0,-0.8266617190689088,42,price_up_oi_down,-0.1865445386483127,0.012381015051019073,1,0.4,12.655915020680826,-0.0062144479624581805,-0.619517821832305,12.65831341131998,0.008671882518354934,-0.1865445386483127,0,1.0,1.0
2024-07-19,87754.31858322593,89977.9163766626,90746.74313741496,87523.5855331201,263865.0,23488347450.0,313214.0,-0.1714490542709461,42,price_up_oi_down,-0.11830782651742984,0.02007521732082873,1,0.5,12.654641941972061,-0.0012730787087651407,-0.12722686878423595,12.65589748283495,0.007158027790827859,-0.11830782651742984,0,1.0,1.0
2024-07-22,89475.5503421435,89225.08093057314,89882.30375557704,88517.64343663905,121580.0,10802143300.0,311378.0,-0.9404351259002204,42,price_up_oi_down,-0.6722827804762828,-0.00836689130406143,0,0.5,12.648762887202933,-0.005879054769128089,-0.5861806943495695,12.65589748283495,0.007158027790827859,-0.6722827804762828,0,1.0,1.0
2024-07-23,89177.77695874985,88205.38816388269,90576.9364596226,87824.72749064643,165127.0,14688543350.0,305438.0,-0.6150319372196704,42,price_up_oi_down,-2.599633727401445,-0.011428319885569915,0,0.4,12.629502091007282,-0.019260796195650798,-1.9076492237730225,12.655260943480567,0.006683290720175705,-2.599633727401445,0,1.0,1.0
2024-07-24,88322.6893972853,87285.20844771303,88744.8632008035,86848.12012450647,153733.0,13425222000.0,304177.0,-0.6823924373464988,42,price_up_oi_down,-1.8246457550906088,-0.01043223929200332,0,0.4,12.625365047796357,-0.0041370432109246735,-0.4128497436467926,12.651702414587497,0.009735758559587637,-1.8246457550906088,0,1.0,1.0
2024-07-25,86719.2462453395,87413.79357554523,87679.9821318526,85405.24515136494,166688.0,14391223850.0,303123.0,-0.5980148621690559,42,price_up_oi_down,-1.1039309313236412,0.0014731605746147736,1,0.4,12.621893942713974,-0.003471105082383019,-0.34650877614010867,12.64744442280282,0.015611087822957614,-1.1039309313236412,0,1.0,1.0
2024-07-26,88107.66305011169,86317.62945678916,88595.79884740867,86255.14914541595,137722.0,11998371450.0,307284.0,-0.8025352408124257,42,price_up_oi_down,-0.5148733220335671,-0.012539944486092414,0,0.4,12.635527680378434,0.013633737664459744,1.3727100879840082,12.64744442280282,0.015611087822957614,-0.5148733220335671,0,1.0,1.0
2024-07-29,86434.18785202732,83851.54340221778,86910.7066739987,83704.51496428424,195932.0,16664897600.0,319327.0,-0.4884479958628619,42,price_up_oi_down,1.3451642610229977,-0.028569900147754956,0,0.4,12.673970935102826,0.03844325472439181,3.9191757462152976,12.64744442280282,0.013300894132425078,1.3451642610229977,0,1.0,1.0
2024-07-30,83970.3850653485,81552.9701772335,84424.81267387846,81135.42169726675,216880.0,17817914950.0,326462.0,-0.4089693508415307,42,price_up_oi_down,2.4657527827289933,-0.027412414032244148,0,0.3,12.696068835014078,0.022097899911251773,2.2343866945168323,12.64744442280282,0.013300894132425078,2.4657527827289933,0,1.0,1.0
2024-07-31,82299.66379591812,83106.77145835893,84436.42356627746,82235.29550274405,222958.0,18495608950.0,317487.0,-0.3534534596980052,42,price_up_oi_down,0.5796564684415394,0.01905266329048061,1,0.4,12.668192151594729,-0.02787668341934868,-2.749171419644536,12.651702414587497,0.019187528894638817,0.5796564684415394,0,1.0,1.0
2024-08-01,83610.21690344453,81290.29307634766,84273.26513031046,80891.25686559516,199562.0,16356483300.0,330187.0,-0.5035341956411428,42,price_up_oi_down,1.9424754317008168,-0.021857164586419064,0,0.3,12.707414439614402,0.039222288019672646,4.000163786233668,12.651702414587497,0.019345030293723475,1.9424754317008168,0,1.0,1.0
2024-08-02,80851.30605910599,81532.35371007798,82505.03955001412,80107.17064563448,204347.0,16537171350.0,321314.0,-0.4525993089496496,42,price_up_oi_down,0.8637013472173019,0.0029777310988776673,1,0.3,12.680174117139424,-0.02724032247497732,-2.687265095233815,12.651702414587497,0.02223442204777193,0.8637013472173019,0,1.0,1.0
2024-08-05,80933.65503195186,82017.50417081594,82866.19626127444,80565.33829739527,189745.0,15443937800.0,309292.0,-0.4886047490329692,42,price_up_oi_down,-0.42700665597444404,0.0059504042096358845,1,0.4,12.642041093482533,-0.03813302365689175,-3.7415114187368537,12.658477519398831,0.02596263370597285,-0.42700665597444404,0,1.0,1.0
2024-08-06,82454.51087518081,81851.07164513272,82767.14991525694,81421.9366997536,134209.0,10978513400.0,300146.0,-0.804870736566709,42,price_up_oi_down,-1.1471959690065212,-0.002029231776385143,0,0.4,12.61202430192119,-0.030016791561342515,-2.9570761610386964,12.655116622538632,0.02533601306607114,-1.1471959690065212,0,1.0,1.0
2024-08-07,82406.31430622391,80870.83524348213,82418.93959535267,80689.60593778032,113144.0,9148510550.0,303205.0,-0.9857478006792184,42,price_up_oi_down,-0.8110319734701082,-0.011975852996774727,0,0.4,12.622164423379553,0.010140121458363183,1.019170670273728,12.655116622538632,0.027404534671533476,-0.8110319734701082,0,1.0,1.0
2024-08-08,81093.3867088399,79120.8357783956,81166.4006128299,79048.05132546426,158736.0,12643944500.0,311853.0,-0.675289478027933,42,price_up_oi_down,-0.1123053535124005,-0.021639438492476404,0,0.3,12.650287201917617,0.028122778538063997,2.852195709173788,12.655116622538632,0.029004846879935542,-0.1123053535124005,0,1.0,1.0
2024-08-09,79672.73071274188,78185.68052222083,80376.28986392045,78146.42168440444,172012.0,13574842700.0,313737.0,-0.6009908135029438,42,price_up_oi_down,-0.0885093887330389,-0.011819329851292082,0,0.3,12.65631033430676,0.006023132389142205,0.6041307923924988,12.659239676756172,0.022323218380495113,-0.0885093887330389,0,1.0,1.0
2024-08-12,78382.42896973128,76617.80835070353,78618.10030660716,76532.01634708598,132336.0,10223935150.0,322871.0,-0.8919087196943979,42,price_up_oi_down,0.8050406916811452,-0.020053188269835487,0,0.3,12.685008141626085,0.028697807319325364,2.9113556896380732,12.662251242950745,0.019066511828445876,0.8050406916811452,0,1.0,1.0
2024-08-13,76741.35173991682,77594.22204229198,78338.2077715359,76065.99451595705,239136.0,18426032300.0,318642.0,-0.2870357877816833,42,price_up_oi_down,0.3005277534298612,0.01274395225610081,1,0.4,12.6718234945117,-0.013184647114384163,-1.309811039083586,12.662251242950745,0.021483524071776117,0.3005277534298612,0,1.0,1.0
2024-08-14,77339.23970164434,74068.38924703021,77679.34501222897,73410.42551165828,252459.0,18954259800.0,328393.0,-0.2629622025888128,42,price_up_oi_down,1.404948466424933,-0.04543937296439482,0,0.3,12.701966340864292,0.030142846352591235,3.060174113895764,12.662251242950745,0.019066511828445876,1.404948466424933,0,1.0,1.0
2024-08-15,74222.65168793529,73109.08419046688,74315.59467540646,72410.24584583874,245435.0,17911301350.0,327448.0,-0.288297117448879,42,price_up_oi_down,1.0994037433269783,-0.012951612237224297,0,0.3,12.69908454282483,-0.0028817980394624243,-0.28776496453937206,12.66406691440923,0.021483524071776117,1.0994037433269783,0,1.0,1.0
2024-08-16,73760.62221651252,73644.1083135831,74888.72172725183,73100.70895601388,209702.0,15434733800.0,324890.0,-0.4377991882034184,42,price_up_oi_down,0.8531796395248095,0.007318162018311591,1,0.3,12.691241942482378,-0.007842600342451433,-0.781192738999914,12.66406691440923,0.021483524071776117,0.8531796395248095,0,1.0,1.0
2024-08-19,73990.73844726014,74049.11801897691,74470.170118499,72458.27340945772,205287.0,15027761000.0,329769.0,-0.473983409294017,42,price_up_oi_down,1.1537643652989789,0.005499553388157663,1,0.3,12.70614768832827,0.014905745845892326,1.5017390501402161,12.66406691440923,0.024600424499922724,1.1537643652989789,0,1.0,1.0
2024-08-20,74076.6327131096,75685.96489642184,75756.6909227872,73805.96623200421,187805.0,13965110450.0,331875.0,-0.5693542015082973,42,price_up_oi_down,1.0074769319018115,0.02210488012869294,1,0.4,12.71251367097834,0.006365982650070379,0.6386288583826394,12.678415818068892,0.022828003278766218,1.0074769319018115,0,1.0,1.0
2024-08-21,76128.16814569516,78538.71756378718,79456.05635276271,74961.15669853939,365995.0,28206757450.0,331728.0,0.0983043160887171,42,price_up_oi_down,0.9410901976200534,0.037691964042070536,1,0.5,12.712070634999286,-0.0004430359790550398,-0.04429378531073391,12.688125042054232,0.017162096908284852,0.9410901976200534,0,1.0,1.0
2024-08-22,78132.92303615893,76187.72383019413,78654.50020353432,75742.55052825336,313111.0,24036050100.0,329435.0,-0.0508213056330445,42,price_up_oi_down,0.4822497754015149,-0.029934200691316915,0,0.5,12.70513434487592,-0.006936290123364941,-0.6912289586649689,12.695163242653603,0.013945919010175167,0.4822497754015149,0,1.0,1.0
2024-08-23,75974.85209072374,74170.68976556571,76299.85045753056,73944.48530079903,213821.0,15937921000.0,327981.0,-0.4278164634716551,42,price_up_oi_down,0.012015109636071651,-0.026474528483406923,0,0.5,12.700710958859188,-0.004423386016732422,-0.44136172537835305,12.700525441844562,0.010414346258453833,0.012015109636071651,0,1.0,1.0
2024-08-26,74796.73549977438,75149.43115224813,75776.00055145587,74161.98026904766,211963.0,15794638400.0,331899.0,-0.4484189746273911,42,price_up_oi_down,1.017892499596452,0.01319579728563891,1,0.6,12.712585984747818,0.011875025888629764,1.1945813934344907,12.70133864986174,0.007452872922946163,1.017892499596452,0,1.0,1.0
2024-08-27,75373.07933370295,76908.09248468594,77584.30744184683,75156.4134563049,258575.0,19644062550.0,334823.0,-0.25841624672186,42,price_up_oi_down,1.8497692181165515,0.023402190881190776,1,0.6,12.721357312967864,0.008771328220046115,0.8809909038592245,12.703550342870106,0.006493046087228116,1.8497692181165515,0,1.0,1.0
2024-08-28,76788.73688541452,76577.4677293547,77395.59863153507,75162.47890433241,232853.0,17653400100.0,341022.0,-0.3815396381552903,42,price_up_oi_down,3.538247006656626,-0.004298959246675893,0,0.6,12.739702270313611,0.018344957345746593,1.851425977307497,12.705641016602096,0.006493046087228116,3.538247006656626,0,1.0,1.0
2024-08-29,76739.71559338887,77635.60654948912,78799.7319926499,75559.44202118949,313388.0,24095044300.0,353310.0,-0.1199038190583069,42,price_up_oi_down,7.1948448099030236,0.013817887317378652,1,0.7,12.775101137503704,0.035398867190092886,3.6032865914808143,12.709109161663779,0.006186509796224371,7.1948448099030236,0,1.0,1.0
2024-08-30,77588.54158407993,79670.3611412982,80092.71174863387,77323.24500798497,340807.0,26784056300.0,353352.0,-0.0361483925808941,42,price_up_oi_down,5.232612832568164,0.026209038381274308,1,0.7,12.775220006213354,0.00011886870965049923,0.01188757748153968,12.712292152988812,0.008111484045971729,5.232612832568164,0,1.0,1.0
2024-09-02,79058.04680133151,76063.51256469205,79213.32054282501,75383.99879457394,365293.0,28139252750.0,353212.0,0.0336313280477047,42,price_up_oi_down,5.178234470861861,-0.045272150457674964,0,0.6,12.77482372221974,-0.0003962839936146878,-0.03962054834839579,12.712549827863079,0.008111484045971729,5.178234470861861,0,1.0,1.0
2024-09-03,76149.5324266099,75779.22014440736,76427.09852842719,74529.78674321329,248298.0,18637252200.0,358015.0,-0.3659452472550555,42,price_up_oi_down,3.4259142533936604,-0.003737566287684957,0,0.5,12.788330163946421,0.013506441726681473,1.3598065750880517,12.716971648857841,0.01404899699028661,3.4259142533936604,0,1.0,1.0
2024-09-04,75020.19960754935,74464.83057311413,75705.328529215,74131.60552590404,238662.0,17766341650.0,360539.0,-0.412551808923947,42,price_up_oi_down,1.5838034254312454,-0.017344986775906124,0,0.4,12.79535541293483,0.007025248988409061,0.7049983939220184,12.730529791640738,0.027607139773182965,1.5838034254312454,0,1.0,1.0
2024-09-05,74390.28905232956,71637.97283115204,74546.56218443596,71236.35976425537,306224.0,22260599550.0,374473.0,-0.2012028439343351,42,price_up_oi_down,1.5310497329608397,-0.037962320201433974,0,0.4,12.83327498321219,0.03791957027736004,3.8647691373195014,12.757262996266675,0.03348642548927838,1.5310497329608397,0,1.0,1.0
2024-09-06,72521.65745103333,71962.1838062655,73337.06360747563,70589.05010204753,310925.0,22157386650.0,372675.0,-0.1811550006166892,42,price_up_oi_down,1.2967810067769554,0.00452568606146353,1,0.5,12.82846200513863,-0.004812978073559293,-0.48014142541659144,12.774962429861722,0.027826571310609616,1.2967810067769554,0,1.0,1.0
2024-09-09,71125.82896424414,73952.7171518374,73958.42717632513,70970.38227071003,289253.0,20814402650.0,374473.0,-0.2582179665592307,42,price_up_oi_down,1.4086404326274835,0.027660824620480584,1,0.5,12.83327498321219,0.004812978073559293,0.48245790568197666,12.775160571858528,0.027826571310609616,1.4086404326274835,0,1.0,1.0
2024-09-10,73992.85160481762,72964.25940309594,74524.77627997407,72522.0441411659,258309.0,18913019750.0,384953.0,-0.3989647062132309,42,price_up_oi_down,1.9173469718460785,-0.013366077499383566,0,0.4,12.860876527895726,0.02760154468353626,2.79859963201603,12.781775085079888,0.027826571310609616,1.9173469718460785,0,1.0,1.0
2024-09-11,73924.95143279756,79206.53066241814,80011.9253279136,73635.21083113717,755012.0,58237724900.0,414889.0,0.5987226285877185,42,price_up_oi_down,3.6196190104272494,0.08555245143840007,1,0.5,12.935766293556869,0.07488976566114225,7.776533758666648,12.791842788440626,0.02681914145944564,3.6196190104272494,0,1.0,1.0
2024-09-12,80183.39763023442,77773.4806643206,81015.76667109539,76009.7279737171,520819.0,40506905400.0,413174.0,0.2315337608217665,42,price_up_oi_down,2.679628538180665,-0.018092573757652275,0,0.4,12.931624090724135,-0.004142202832733588,-0.41336357435355353,12.81190870903673,0.030133623956842825,2.679628538180665,0,1.0,1.0
2024-09-13,78497.21751651703,78366.63193556007,79078.63219692824,77093.45807146704,327914.0,25444202300.0,406456.0,-0.2147243031639237,42,price_up_oi_down,1.4580570233676542,0.007626651992079125,1,0.4,12.915230961029103,-0.01639312969503237,-1.625949357897638,12.83086849417541,0.03902570573478492,1.4580570233676542,0,1.0,1.0
2024-09-18,78349.65904335195,76354.11342567294,78519.25457275791,75567.34513404587,292634.0,22316521800.0,402572.0,-0.3189512814234624,42,price_up_oi_down,1.177883023463909,-0.02568080904053649,0,0.4,12.905629241830857,-0.009601719198245817,-0.955576987423068,12.83327498321219,0.04143219477156457,1.177883023463909,0,1.0,1.0
2024-09-19,76555.66711650696,76761.51736972705,77699.75317023916,74739.26549707602,325362.0,24646935550.0,403000.0,-0.2139981533294787,42,price_up_oi_down,0.7292845293135276,0.005335717039667953,1,0.5,12.90669184092882,0.001062599097963357,0.1063163856404481,12.84707575555396,0.055136914448013385,0.7292845293135276,0,1.0,1.0
2024-09-20,77165.06824219109,76442.39275010422,77445.60083579044,75418.91817568998,260126.0,19741876650.0,400723.0,-0.4321042865335623,42,price_up_oi_down,0.24377640411183452,-0.004157351633445994,0,0.5,12.90102569452773,-0.005666146401090089,-0.5650124069479845,12.883252884863293,0.04917455375597246,0.24377640411183452,0,1.0,1.0
2024-09-23,75881.68737655324,75969.96293712065,77716.2007939738,74467.66361356368,351083.0,26616508950.0,399861.0,-0.1300943239675029,42,price_up_oi_down,-0.09895351093810872,-0.006180207028944951,0,0.5,12.898872265698003,-0.002153428829727133,-0.21511118653024797,12.903327468179294,0.03036772396120835,-0.09895351093810872,0,1.0,1.0
2024-09-24,76024.00092201498,77762.78708639389,78393.32468735967,75632.5254402351,318261.0,24429429050.0,418907.0,-0.2747771373832664,42,price_up_oi_down,1.4119550723835592,0.02359911838784412,1,0.5,12.945404217227592,0.04653195152958922,4.763155196430713,12.903327468179294,0.02010005769732537,1.4119550723835592,0,1.0,1.0
2024-09-25,79032.34157136887,77032.46679007604,81451.56829979544,76802.89679738069,505973.0,39772713750.0,429465.0,0.1639430601809544,42,price_up_oi_down,2.5052698201960193,-0.009391642502556752,0,0.4,12.970295526981175,0.024891309753583002,2.5203684827420414,12.906160541379839,0.017266984496780324,2.5052698201960193,0,1.0,1.0
2024-09-26,77414.99955719833,78419.59841170204,78618.49403474909,76613.25458288855,302119.0,23324237500.0,425361.0,-0.342117240646403,42,price_up_oi_down,2.04836467103141,0.018007103750242504,1,0.5,12.96069349912524,-0.009602027855935447,-0.9556075582411339,12.910961400978962,0.016375912513066027,2.04836467103141,0,1.0,1.0
2024-09-27,79120.44494521753,78405.63276464526,80312.35838249355,77566.00907521916,443515.0,34952154350.0,428706.0,0.0339602537419138,42,price_up_oi_down,1.5295517356564412,-0.0001780887346994886,0,0.4,12.968526648289387,0.007833149164147457,0.7863908538864539,12.923427525876619,0.01988748769836768,1.5295517356564412,0,1.0,1.0
2024-09-30,80549.07836499106,81153.9695800031,82263.70973005208,79037.13232906592,535016.0,42975983100.0,439908.0,0.1957310388502066,42,price_up_oi_down,2.154957768092872,0.03505279810198947,1,0.5,12.9943208931228,0.025794244833413416,2.6129795244293152,12.923427525876619,0.022189261349931044,2.154957768092872,0,1.0,1.0
2024-10-08,83395.43564157592,78417.5237747879,86212.8022374793,78267.93922137775,624421.0,51146665450.0,444168.0,0.3406219511191629,42,price_up_oi_down,1.6648803141921182,-0.03371918612702696,0,0.4,13.003958148225694,0.00963725510289315,0.9683842985352076,12.930317589128347,0.029833902298754822,1.6648803141921182,0,1.0,1.0
2024-10-09,77972.62286198669,78291.12084694221,79512.74804443537,77502.19023399822,290908.0,22739375950.0,443950.0,-0.4227048774959197,42,price_up_oi_down,0.7761517434131106,-0.001611921950107842,0,0.4,13.003467222460474,-0.0004909257652201404,-0.049080528088374376,12.953048858176416,0.043814526096990214,0.7761517434131106,0,1.0,1.0
2024-10-10,78778.39010080679,75780.37389367344,79847.50880679657,75642.04968176212,359364.0,27933155350.0,452963.0,-0.2314746420555273,42,price_up_oi_down,1.1598722264905656,-0.032069370397407315,0,0.3,13.023565723425172,0.02009850096469812,2.030183579231837,12.964610073707313,0.03428398408432454,1.1598722264905656,0,1.0,1.0
2024-10-11,76720.11030353342,76262.85881030119,76877.87835701606,74868.83328663737,315191.0,23764209800.0,443793.0,-0.3421794332268595,42,price_up_oi_down,0.7710205827420685,0.006366884878460821,1,0.4,13.003113516485575,-0.020452206939596707,-2.0244479129642223,12.969411087635281,0.029482970156355925,0.7710205827420685,0,1.0,1.0
2024-10-14,76880.3556738338,75536.2676969018,77540.16963286296,75292.62021189029,311450.0,23459472750.0,466819.0,-0.4047027905402997,42,price_up_oi_down,2.251428927848453,-0.0095274570706394,0,0.4,13.05369688122259,0.0505833647370153,5.1884549778837386,12.982308210051988,0.02138686166761694,2.251428927848453,0,1.0,1.0
2024-10-15,75398.54648669052,76020.27350814737,76341.01103096882,75083.19907891088,220746.0,16606379750.0,454502.0,-0.7221895947732964,42,price_up_oi_down,0.71514213100032,0.006407595000426758,1,0.4,13.026957593030033,-0.026739288192556998,-2.638495862421897,12.998717204804187,0.026635098221998277,0.71514213100032,0,1.0,1.0
2024-10-16,76085.97811383277,73657.42126601438,76229.3934266591,73590.01837937185,269492.0,20038345900.0,462475.0,-0.5400537961301106,42,price_up_oi_down,1.260410556703071,-0.031081869784114202,0,0.4,13.04434778041959,0.017390187389557,1.7542277041685095,13.003290369473024,0.02197128875457821,1.260410556703071,0,1.0,1.0
2024-10-17,73927.89935632341,71155.55012631086,74341.14410944293,70935.60370916846,322160.0,23322364650.0,463539.0,-0.3638422073177604,42,price_up_oi_down,1.343822333600835,-0.033966314550545995,0,0.3,13.046645802843097,0.0022980224235062963,0.23006649008054936,13.003712685343084,0.021548972884518847,1.343822333600835,0,1.0,1.0
2024-10-18,71431.50426344814,73344.36546078001,74578.78606519614,70880.17704734378,469711.0,34020362400.0,459026.0,0.0230107586260123,42,price_up_oi_down,0.9548066514308353,0.030760992369305074,1,0.4,13.036862132318596,-0.009783670524500465,-0.9735966121513173,13.013761935825432,0.016318349953616362,0.9548066514308353,0,1.0,1.0
2024-10-21,74021.49090869451,71836.71817991731,74239.65422516788,71560.25517150975,328899.0,23904199000.0,468682.0,-0.3541737873422012,42,price_up_oi_down,1.024451830288401,-0.020555734191590957,0,0.3,13.057679779076905,0.020817646758308328,2.1035845464091096,13.025261658227603,0.021343827308701435,1.024451830288401,0,1.0,1.0
2024-10-22,71472.87677462265,73184.4530845545,73667.22635781417,70784.08409900717,349013.0,25337826450.0,473245.0,-0.3045040540009031,42,price_up_oi_down,1.3096707717835938,0.01876108679215749,1,0.4,13.067368503775398,0.0096887246984938,0.9735812341844285,13.031909862674315,0.01826147935852873,1.3096707717835938,0,1.0,1.0
2024-10-23,73121.84567279619,74712.96420826833,74744.1985005735,72903.5663360723,382262.0,28336376350.0,469913.0,-0.2064413338030406,42,price_up_oi_down,0.8659186066813831,0.020885735416343865,1,0.5,13.060302850168961,-0.007065653606437294,-0.7040750562606335,13.040604956369094,0.015343298141491601,0.8659186066813831,0,1.0,1.0
2024-10-24,74897.68875323425,73931.34627080701,75293.51019143296,72895.28866924481,316297.0,23347208400.0,463666.0,-0.3824828198396102,42,price_up_oi_down,0.071122818417679,-0.010461610588525017,0,0.5,13.046919744421915,-0.013383105747045931,-1.3293950156730183,13.045496791631344,0.013494522991589264,0.071122818417679,0,1.0,1.0
2024-10-25,74106.15419218659,74447.44709765095,75233.29915936294,73932.53032111838,311958.0,23275480600.0,458439.0,-0.3849586769521851,42,price_up_oi_down,-0.725775409662302,0.0069808119678151925,1,0.5,13.035582519297725,-0.011337225124190553,-1.1273200967939045,13.046782773632506,0.010408823379154164,-0.725775409662302,0,1.0,1.0
2024-10-28,74777.98119980838,76418.08107386471,77059.8477403956,74580.52515406138,393129.0,29951059800.0,438193.0,-0.1085216503091744,42,price_up_oi_down,-3.6526437340885582,0.02647013501522677,1,0.6,12.990414731575015,-0.04516778772270946,-4.41629093510808,13.046782773632506,0.010408823379154164,-3.6526437340885582,0,1.0,1.0
2024-10-29,76289.40040792884,74929.00073954444,76630.57659156309,74642.60753701889,295144.0,22426350050.0,434051.0,-0.3856986658835866,42,price_up_oi_down,-3.942412665789088,-0.01948596867907404,0,0.5,12.980917317699342,-0.009497413875672933,-0.9452455881310939,13.045496791631344,0.01104862988958999,-3.942412665789088,0,1.0,1.0
2024-10-30,74651.0851368988,73953.90311256953,74908.87328847671,73035.04447709055,294037.0,21702156250.0,419332.0,-0.3549573591766546,42,price_up_oi_down,-6.048493148926847,-0.013013621126009345,0,0.5,12.94641824791912,-0.03449906978022277,-3.3910761638610287,13.045496791631344,0.01104862988958999,-6.048493148926847,0,1.0,1.0
2024-10-31,74150.17123983375,75302.39799934936,75851.12672811061,73754.55504953131,363803.0,27021699400.0,402669.0,-0.1015023721726568,42,price_up_oi_down,-5.317080986520031,0.018234262561195758,1,0.6,12.905870163493985,-0.04054808442513469,-3.9737010292560715,13.041753967580846,0.017237347042087237,-5.317080986520031,0,1.0,1.0
2024-11-01,74985.53889437535,76922.33542754776,78308.10902175706,74671.14283866376,483463.0,37054646350.0,396330.0,0.1987275890706726,42,price_up_oi_down,-3.5716033376345444,0.02151242817277077,1,0.6,12.89000247654051,-0.015867686953475513,-1.5742458446018737,13.036222325808161,0.027613351164018418,-3.5716033376345444,0,1.0,1.0
2024-11-04,76710.91497819792,77707.3874380655,78011.67819032015,76491.02934730556,294041.0,22670008850.0,398203.0,-0.3032427121063368,42,price_up_oi_down,-1.7346175415775855,0.010205774514700838,1,0.7,12.894717204486415,0.004714727945906105,0.47258597633292876,13.01299862543637,0.045992689186562075,-1.7346175415775855,0,1.0,1.0
2024-11-05,77589.86944992865,77801.46195448568,78709.98410186476,77157.5042458877,361016.0,28076263300.0,397721.0,-0.0968284757600428,42,price_up_oi_down,-0.9148695712761432,0.0012106251351604591,1,0.7,12.89350603342254,-0.0012111710638755824,-0.12104378922311865,12.98566602463718,0.06794527265825856,-0.9148695712761432,0,1.0,1.0
2024-11-06,77722.20766636463,76414.65845473445,77985.46863988726,75340.83660513972,378536.0,28888491300.0,385293.0,-0.0176929031655618,42,price_up_oi_down,-0.988212745031216,-0.017824902834891687,0,0.6,12.861759362787653,-0.03174667063488634,-3.124803568330503,12.963667782809232,0.06955616385475416,-0.988212745031216,0,1.0,1.0
2024-11-07,76296.7624604886,77375.34409743991,77625.4142308843,75971.01318293717,236947.0,18123999250.0,390805.0,-0.5003722269204259,42,price_up_oi_down,-0.7445668742278403,0.0125720072841069,1,0.7,12.875963993337086,0.014204630549432551,1.4305995696779927,12.926144205706553,0.045457420579416485,-0.7445668742278403,0,1.0,1.0
2024-11-08,77808.34273046465,76955.62128058964,79387.25012219265,76912.59539601835,368838.0,28697624100.0,391023.0,-0.0584088585338813,42,price_up_oi_down,-0.5101173000114764,-0.005424503396349589,0,0.6,12.876521660766878,0.0005576674297920192,0.055782295518236324,12.9002936839902,0.031432005927829465,-0.5101173000114764,0,1.0,1.0
2024-11-11,76947.34613450676,81441.7980761562,81516.04890166089,76202.3217107396,477806.0,37681081050.0,451388.0,0.0568775122992608,42,price_up_oi_down,4.755007250531961,0.05829563482061206,1,0.6,13.020082559051202,0.14356089828432417,15.437710825194472,12.894111618954478,0.017868791902495573,4.755007250531961,0,1.0,1.0
2024-11-12,81419.6560578343,81585.02886396984,82934.28762389286,80685.20739074,587360.0,47916666300.0,466845.0,0.2296406229541261,42,price_up_oi_down,6.025944607445864,0.0017586889189222799,1,0.7,13.053752575776535,0.033670016725332985,3.4243267432896296,12.894111618954478,0.017868791902495573,6.025944607445864,0,1.0,1.0
2024-11-13,82283.03977642706,86234.36081249446,86713.05424087081,82027.40188260713,817469.0,68978278650.0,518502.0,0.455269096620352,42,price_up_oi_down,9.987348619997391,0.05698756270928884,1,0.8,13.158699163924897,0.104946588148362,11.065128682967584,12.894111618954478,0.017868791902495573,9.987348619997391,0,1.0,1.0
2024-11-14,86296.69271818794,81229.98394945613,87145.15420287669,80752.58817860842,1041289.0,87746392200.0,489080.0,0.7556885724856357,42,price_up_oi_down,7.782259824816475,-0.058032283371586724,0,0.7,13.100281354258126,-0.05841780966677135,-5.674423628067082,12.894111618954478,0.017868791902495573,7.782259824816475,0,1.0,1.0
2024-11-15,80992.59628323537,78861.7496137252,81540.07409750696,78433.88158369095,647976.0,51690830700.0,473756.0,0.3131612374052611,42,price_up_oi_down,4.656964400311834,-0.0291546818131162,0,0.6,13.068447700206226,-0.03183365405189953,-3.1332297374661477,12.894111618954478,0.02524994089210786,4.656964400311834,0,1.0,1.0
2024-11-18,78911.90419078518,81313.84528807279,81552.40318756997,78590.41592233254,483419.0,38537928900.0,477119.0,0.0131178367550321,42,price_up_oi_down,0.8998572840636423,0.03109359970274883,1,0.6,13.075521214647528,0.007073514441302109,0.7098590835788343,12.957399881768808,0.08853820370643817,0.8998572840636423,0,1.0,1.0
2024-11-19,81444.79114779763,82945.16938798178,83629.54749547043,80721.95666381992,657479.0,53976299050.0,495165.0,0.2835217840195448,42,price_up_oi_down,0.5517646994537393,0.02006207053829101,1,0.6,13.112646319340948,0.037125104693419786,3.7822849226293975,13.03691756741387,0.09257269167764193,0.5517646994537393,0,1.0,1.0
2024-11-20,82961.8327966506,83069.64961439381,83790.8277093809,81658.39105694258,617655.0,51060390600.0,499992.0,0.2113379508554131,42,price_up_oi_down,0.8925889961953476,0.0015007531762309956,1,0.7,13.122347377276327,0.009701057935378898,0.9748265729604411,13.061100137991382,0.046281880144873,0.8925889961953476,0,1.0,1.0
2024-11-21,83127.94807625911,82417.07326905093,84471.31886001874,82036.91388680751,493483.0,40981194050.0,496144.0,-0.0053777967116127,42,price_up_oi_down,0.6318780738436454,-0.007855773418716905,0,0.6,13.114621486152265,-0.007725891124062301,-0.7696123137969413,13.071984457426877,0.04551239088176029,0.6318780738436454,0,1.0,1.0
2024-11-22,81882.57543668564,80013.17702836446,82055.78956391949,79531.74481346169,465039.0,37305161200.0,487018.0,-0.0461798103470504,42,price_up_oi_down,0.1807334700771554,-0.029167454573871376,0,0.6,13.096056362367312,-0.018565123784952675,-1.839385339740185,13.087901284452826,0.030434455187864806,0.1807334700771554,0,1.0,1.0
2024-11-25,80992.19788090594,80946.69230163954,81698.25178855163,80217.8709945799,360712.0,29072210900.0,482934.0,-0.2918001423525226,42,price_up_oi_down,-0.30345442097147296,0.011667019207900697,1,0.6,13.087635277335067,-0.00842108503224459,-0.8385727016248512,13.098168858312718,0.023413081314399342,-0.30345442097147296,0,1.0,1.0
2024-11-26,80933.00320817121,79392.31455064192,81267.71992313626,78775.46763748767,394049.0,31275003750.0,482288.0,-0.2020661789383748,42,price_up_oi_down,-0.40959532647157154,-0.01920248631291066,0,0.5,13.086296724967934,-0.0013385523671338717,-0.13376569054994736,13.098168858312718,0.019550135752368192,-0.40959532647157154,0,1.0,1.0
2024-11-27,79618.78423123529,79372.12796872055,79973.9106951816,79091.95591188161,255163.0,20155993950.0,472131.0,-0.6153539328173045,42,price_up_oi_down,-1.4461096978905654,-0.00025426367823666585,0,0.4,13.065011768432814,-0.021284956535119193,-2.1060030521182105,13.098168858312718,0.015465044433888409,-1.4461096978905654,0,1.0,1.0
2024-11-28,79148.47925699748,79245.5717853403,79813.23725507078,77781.41279461562,369673.0,28953510450.0,468891.0,-0.2377515009660253,42,price_up_oi_down,-1.225260881594477,-0.001594466302202724,0,0.4,13.058125611035507,-0.0068861573973073575,-0.6862502144532767,13.09184581985119,0.018562552346709893,-1.225260881594477,0,1.0,1.0
2024-11-29,79236.59777760238,79659.99598412053,80611.99742106118,78778.80372378384,353805.0,28037669850.0,478102.0,-0.3010781849446262,42,price_up_oi_down,-0.31286357038653717,0.005229619642379557,1,0.5,13.077579377830713,0.019453766795205496,1.9644224350650275,13.0869660011515,0.02023626683198021,-0.31286357038653717,0,1.0,1.0
2024-12-02,79461.7959033618,79418.401502977,80378.89311953113,78981.79147965535,246458.0,19504818850.0,476654.0,-0.6595992672362233,42,price_up_oi_down,-0.5016363904135148,-0.0030328206543180913,0,0.4,13.074546139788326,-0.0030332380423860883,-0.3028642423584693,13.0869660011515,0.016699509611329155,-0.5016363904135148,0,1.0,1.0
2024-12-03,79749.15227497423,79033.94033072949,80386.04510777367,78660.35438077172,266109.0,20972816350.0,469689.0,-0.5681647742717948,42,price_up_oi_down,-1.0650837522447059,-0.004840958329199063,0,0.3,13.059826052537106,-0.014720087251220093,-1.4612276410140845,13.0869660011515,0.017187047040930103,-1.0650837522447059,0,1.0,1.0
2024-12-04,79242.49963806993,77482.60954650804,79994.3573074601,77443.62006384745,325860.0,25395776000.0,457340.0,-0.3389592554961398,42,price_up_oi_down,-2.1185815967432102,-0.019628665579998428,0,0.2,13.033182375753086,-0.026643676784020798,-2.62918654684281,13.081938051399323,0.015522296967248828,-2.1185815967432102,0,1.0,1.0
2024-12-05,77678.91888514484,77805.58865865498,78131.72903912343,77151.9898805175,210028.0,16160014000.0,448095.0,-0.7577644083435299,42,price_up_oi_down,-3.0706904109073325,0.004168407776109717,1,0.3,13.01276054248837,-0.020421833264714806,-2.021471990204138,13.07606275880952,0.013904612398980554,-3.0706904109073325,0,1.0,1.0
2024-12-06,77871.16389834971,78072.82889918346,78706.51321190072,77206.1162154237,240926.0,18619034850.0,441009.0,-0.6045754510038351,42,price_up_oi_down,-3.4936326026386766,0.0034347178028677483,1,0.4,12.996820562384004,-0.015939980104366924,-1.5813610953035906,13.069778954110571,0.014085556966213275,-3.4936326026386766,0,1.0,1.0
2024-12-09,77839.53711776475,78242.17250435396,78545.45830573882,76709.30474652123,243646.0,18768154700.0,431792.0,-0.5722276386500319,42,price_up_oi_down,-2.9966275956962884,0.002169046614016956,1,0.4,12.975699269795337,-0.021121292588667018,-2.0899800230834265,13.062418910484961,0.0195191409143618,-2.9966275956962884,0,1.0,1.0
2024-12-10,79612.14978907388,78292.41853809658,80250.57394787893,77919.35367427833,328380.0,25779484050.0,431889.0,-0.2739971363999046,42,price_up_oi_down,-2.5234932462190347,0.0006421860760552622,1,0.5,12.975923889765923,0.00022461997058620398,0.022464519954068507,13.058975831786306,0.02219850103881349,-2.5234932462190347,0,1.0,1.0
2024-12-11,78285.97115050399,78438.40527279452,78775.76621940547,78047.53341691893,177745.0,13823553600.0,429829.0,-0.8830375162830688,42,price_up_oi_down,-1.652719376952274,0.0018646343723167647,1,0.6,12.971142734157699,-0.004781155608224452,-0.47697440777608735,13.045653993394296,0.030408765415223193,-1.652719376952274,0,1.0,1.0
2024-12-12,78571.61384326659,78831.43105109982,79333.52255364072,77876.3219149124,190109.0,14835793050.0,422291.0,-0.7980970579720583,42,price_up_oi_down,-1.117769273528756,0.005010629384144538,1,0.7,12.95344992883133,-0.01769280532636941,-1.7537206656600635,13.022971459120729,0.04195108138559167,-1.117769273528756,1,0.0,0.0
2024-12-13,78608.67491569438,77574.58825446153,78728.88007914502,77521.86094618075,197179.0,15263549850.0,411237.0,-0.7350577450119276,42,price_up_oi_down,-1.674222783564699,-0.01594342231112844,0,0.6,12.926924969619833,-0.026524959211496224,-2.6176262340423473,13.004790552436187,0.031369550459669604,-1.674222783564699,0,1.0,1.0
2024-12-16,77354.24349669184,77589.47237802156,78045.43220042306,76547.67202836733,219614.0,16906847350.0,402940.0,-0.6069162076076109,42,price_up_oi_down,-1.8156652952340864,0.00019186854735475656,1,0.7,12.9065429464699,-0.020382023149933204,-2.0175713761165004,12.986372226074963,0.0296553068285208,-1.8156652952340864,1,0.0,0.0
2024-12-17,77635.952068452,76758.36463191843,77688.76195764658,76380.50760396289,186858.0,14307553500.0,391924.0,-0.7407189733354872,42,price_up_oi_down,-2.205937412485385,-0.0107116045596225,0,0.7,12.878823222424897,-0.02771972404500289,-2.7339057924256505,12.975811579780629,0.0296553068285208,-2.205937412485385,1,0.0,0.0
2024-12-18,76951.04864052814,76074.4258131385,77302.59696751938,76045.45509587313,218103.0,16617930220.0,389786.0,-0.5806304423030201,42,price_up_oi_down,-2.151603729974246,-0.008910283876677694,0,0.7,12.873353149556323,-0.0054700728685741495,-0.5455139261694053,12.973421001976519,0.031369550459668716,-2.151603729974246,1,0.0,0.0
2024-12-19,75825.16506425213,75646.59865128386,76044.67458828435,75338.10215585779,187038.0,14109307920.0,373837.0,-0.6925080687698434,42,price_up_oi_down,-2.522912355372382,-0.005623797449428203,0,0.6,12.831575152518655,-0.04177799703766816,-4.091732386488944,12.962296331494514,0.03494779638208545,-2.522912355372382,0,1.0,1.0
2024-12-20,75625.32430406852,76834.7565027762,76961.04441329479,75543.41284796575,206713.0,15814901480.0,367766.0,-0.5761155085611237,42,price_up_oi_down,-2.366413754650602,0.0157066923387994,1,0.6,12.815202145335057,-0.016373007183597466,-1.6239698050219742,12.940187449225581,0.03562413055504887,-2.366413754650602,0,1.0,1.0
2024-12-23,76868.31534754214,76341.99427686159,77300.41961699935,76266.6398938437,157470.0,12088808740.0,367281.0,-0.8468922587233039,42,price_up_oi_down,-1.418808704978802,-0.006413272434810269,0,0.5,12.813882501637758,-0.0013196436972986447,-0.13187733504460564,12.916733958044865,0.04889479230068794,-1.418808704978802,0,1.0,1.0
2024-12-24,76177.51070084762,77258.71487875807,77475.9821724141,76151.32352660704,162575.0,12547997780.0,370004.0,-0.8223743826354291,42,price_up_oi_down,-0.7904519242616986,0.0120080777372924,1,0.5,12.82126909537278,0.007386593735022373,0.7413941913684496,12.892683084447398,0.06093738815633731,-0.7904519242616986,0,1.0,1.0
2024-12-25,77176.25031500736,76704.42082085463,77270.8130035037,76390.49742553887,155796.0,11998214060.0,366959.0,-0.8567026660264337,42,price_up_oi_down,-0.8054214442802278,-0.007174518224556059,0,0.4,12.813005404174687,-0.008263691198093781,-0.8229640760640033,12.87608818599061,0.05282793712352607,-0.8054214442802278,0,1.0,1.0
2024-12-26,76773.43549556127,76699.10754414125,77058.37904676868,76505.99339244212,136157.0,10474996920.0,361340.0,-0.9760107116659128,42,price_up_oi_down,-0.9762841692189792,-6.926949785313052e-05,0,0.3,12.797574622327918,-0.015430781846768937,-1.531233734558879,12.852464151037488,0.03792182755107998,-0.9762841692189792,0,1.0,1.0
2024-12-27,76750.12042457204,75807.53043463978,77189.04693855719,75751.82361459768,170213.0,13066656960.0,365291.0,-0.7636437022623411,42,price_up_oi_down,-0.5736444518586373,-0.0116243478972472,0,0.3,12.808449575195446,0.010874952867528265,1.0934300105163386,12.826422123945719,0.021132110694416006,-0.5736444518586373,0,1.0,1.0
2024-12-30,75732.37380620094,77402.32441373424,77886.95325602473,75261.70285639727,357200.0,27513509840.0,374830.0,-0.0481767408481124,42,price_up_oi_down,0.9328739058691855,0.021037408420387482,1,0.3,12.834227868832594,0.025778293637147343,2.611342737707867,12.818235620353919,0.011562788661604095,0.9328739058691855,0,1.0,1.0
2024-12-31,77155.1411125896,76258.52010231103,77292.94957505257,75925.81015555093,225644.0,17283257660.0,376499.0,-0.5119568551259706,42,price_up_oi_down,1.192035301954782,-0.014777389698393262,0,0.3,12.838670670176061,0.004442801343467195,0.44526852172976916,12.818235620353919,0.011562788661604095,1.192035301954782,0,1.0,1.0
2025-01-02,76370.04461797375,77011.20558874552,77678.76073222524,76262.01699091216,214331.0,16567752380.0,363731.0,-0.528893034403922,42,price_up_oi_down,-0.8204961643843608,0.009870182183245424,1,0.4,12.804169862426637,-0.03450080774942421,-3.391244067049337,12.818235620353919,0.011562788661604095,-0.8204961643843608,0,1.0,1.0
2025-01-03,76743.82133618691,75787.7645076761,76969.85583202029,75451.23027638714,241316.0,18368537660.0,353761.0,-0.3825142659465788,42,price_up_oi_down,-3.0109277510489645,-0.015886533287153504,0,0.4,12.776376822862492,-0.027793039564144806,-2.741036645213102,12.814542323486407,0.008549616473072064,-3.0109277510489645,0,1.0,1.0
2025-01-06,76062.44215366362,77081.17974621737,78625.08336719964,76003.63701709149,364604.0,28357841220.0,344074.0,0.0579550825931468,42,price_up_oi_down,-5.114677762515895,0.017066280381053733,1,0.4,12.748612029500416,-0.027764793362075935,-2.7382894100818733,12.813443952906223,0.008549616473072064,-5.114677762515895,0,1.0,1.0
2025-01-07,77239.78080072583,78238.59709504947,79012.68401529927,76492.46946680314,315177.0,24668181640.0,369576.0,-0.1592220168160511,42,price_up_oi_down,0.5342638938191573,0.015015563496080242,1,0.5,12.820111681576359,0.07149965207594278,7.411777698983402,12.810727489685068,0.01184723652243136,0.5342638938191573,0,1.0,1.0
2025-01-08,78391.19160935872,76677.90832608871,78462.9389393391,76584.1896161782,244784.0,18988309060.0,360037.0,-0.3858306149216363,42,price_up_oi_down,-0.9544936419490528,-0.01994781127101153,0,0.4,12.793962082928797,-0.026149598647561945,-2.5810658700781475,12.810727489685068,0.01184723652243136,-0.9544936419490528,0,1.0,1.0
2025-01-09,76873.7258557935,77701.35477379091,78004.0892417687,76710.62322938269,193554.0,15014976460.0,358761.0,-0.6170998853201127,42,price_up_oi_down,-0.8201320253731824,0.013347344366121394,1,0.5,12.790411707606804,-0.0035503753219927603,-0.35440801917578924,12.806309718811042,0.013074799323780972,-0.8201320253731824,0,1.0,1.0
2025-01-10,77593.86113822047,77406.66711529455,77880.54600573082,76803.78312190284,167400.0,12990256880.0,356643.0,-0.7563491233906806,42,price_up_oi_down,-0.7440607934651329,-0.0037925678304358,0,0.5,12.784490560428193,-0.005921147178611363,-0.5903651734720627,12.800872242377277,0.014849986984777352,-0.7440607934651329,0,1.0,1.0
2025-01-13,78054.46672531203,78216.98265171045,78753.34599778778,77535.9869809462,234038.0,18369418940.0,358825.0,-0.4273513091216917,42,price_up_oi_down,-0.3209842242457238,0.010468291254666307,1,0.6,12.79059008343958,0.006099523011387831,0.6118162980907504,12.799065972677717,0.017810560574083034,-0.3209842242457238,0,1.0,1.0
2025-01-14,78326.29936888115,78628.28548595963,79418.73227209895,78029.5214201289,238176.0,18835140020.0,379157.0,-0.4649404711490107,42,price_up_oi_down,2.593292937636249,0.0052584850540788874,1,0.6,12.845705646308648,0.0551155628690676,5.6662718595416495,12.792276083184188,0.013896519782072403,2.593292937636249,0,1.0,1.0
2025-01-15,78474.71743738798,79763.03859380224,80828.6889164735,78140.39280828611,379981.0,30394575360.0,409729.0,-0.0753747140775239,42,price_up_oi_down,6.3570978511051335,0.014431868898441724,1,0.7,12.92325124453005,0.07754559822140195,8.063150620982773,12.792276083184188,0.013896519782072403,6.3570978511051335,0,1.0,1.0
2025-01-16,80020.56166859069,79447.37810758078,80453.88785028529,78885.63659611714,205773.0,16405723860.0,401317.0,-0.6679780192402538,42,price_up_oi_down,5.350237357216894,-0.003957478197752495,0,0.6,12.902506917680203,-0.020744326849847283,-2.053064342528721,12.792276083184188,0.013896519782072403,5.350237357216894,0,1.0,1.0
2025-01-17,80003.98963588163,80329.66888668691,80792.18741896632,79693.65648560072,280464.0,22583334620.0,412759.0,-0.3864185130490085,42,price_up_oi_down,4.267128514088394,0.0111053479689589,1,0.7,12.930619166511336,0.028112248831133613,2.851112711397663,12.792276083184188,0.02186742935693342,4.267128514088394,0,1.0,1.0
2025-01-20,80472.1532765247,80380.96737600217,81315.43929674051,79136.47732553637,284369.0,22845498760.0,416963.0,-0.3827247982638317,42,price_up_oi_down,2.9466634871559263,0.0006385995364630581,1,0.7,12.9407527678275,0.01013360131616281,1.0185120130632441,12.807036882252579,0.030607542940227717,2.9466634871559263,0,1.0,1.0
2025-01-21,80530.12651968842,78269.97830043916,80760.14653385538,77215.3983862042,366011.0,28952964760.0,405999.0,-0.1036873089499689,42,price_up_oi_down,1.2047912952460686,-0.026262299950787105,0,0.6,12.914105975526649,-0.02664679230085021,-2.6294899067782485,12.832908663942504,0.04545752992500596,1.2047912952460686,0,1.0,1.0
2025-01-22,78219.29972590032,78915.04334667012,79124.194192184,78196.16250582863,154161.0,12153465380.0,397147.0,-0.9463089783775692,42,price_up_oi_down,0.19666890957565478,0.00824153858526544,1,0.7,12.892061768211773,-0.022044207314875663,-2.1803009367018067,12.874106281994425,0.06157968517499235,0.19666890957565478,0,1.0,1.0
2025-01-23,78940.21197810049,79341.34431291292,79538.20817385727,78849.9847288937,149700.0,11877212800.0,393822.0,-0.9672657391407876,42,price_up_oi_down,-0.23939955050616155,0.005402024102934,1,0.7,12.883654309548508,-0.008407458663265643,-0.8372214822219171,12.897284342945987,0.03840162422343063,-0.23939955050616155,0,1.0,1.0
2025-01-24,79266.52208330779,79363.83698994215,79676.58008635836,78679.70377892141,122136.0,9676059120.0,383780.0,-1.144934293786955,42,price_up_oi_down,-0.8976174051922479,0.0002834925123089693,1,0.8,12.857824750723733,-0.02582955882477478,-2.5498829420398716,12.897284342945987,0.02965086257470606,-0.8976174051922479,0,1.0,1.0
2025-01-27,79325.25055254588,79427.6032237804,79848.11141665927,78483.52168014244,155418.0,12319425560.0,378934.0,-0.8912437860960658,42,price_up_oi_down,-1.1866828665415516,0.0008034671237775459,1,0.8,12.84511732641979,-0.012707424303942005,-1.2627025900254107,12.897284342945987,0.02965086257470606,-1.1866828665415516,1,0.0,0.0
2025-02-05,78749.01825110306,78024.63140996407,79128.77400503882,77759.43610729818,179637.0,14066712400.0,383719.0,-0.7589723658661379,42,price_up_oi_down,-0.9012333407795039,-0.01766352951458927,0,0.7,12.857665792861564,0.012548466441772987,1.2627528804487032,12.897284342945987,0.02965086257470606,-0.9012333407795039,0,1.0,1.0
2025-02-06,78073.48103343182,77450.23287346536,78286.77039537781,77147.87091688177,181324.0,14060054220.0,392359.0,-0.7718917507381416,42,price_up_oi_down,-0.39471522653263447,-0.007361759051198291,0,0.6,12.87993251599522,0.022266723133656185,2.251647690106595,12.897284342945987,0.02965086257470606,-0.39471522653263447,0,1.0,1.0
2025-02-07,77421.03422332511,77712.90959194045,78521.08277162263,77407.58345426305,176844.0,13793503120.0,381758.0,-0.7695189119831563,42,price_up_oi_down,-0.846471314207359,0.003391554921522877,1,0.7,12.85254217898442,-0.02739033701080018,-2.701862325064508,12.88785803888014,0.028140612401458043,-0.846471314207359,0,1.0,1.0
2025-02-10,77575.93787140951,78516.0869336697,79306.09364560668,77178.44357731102,229986.0,18017430180.0,380520.0,-0.5035203008329053,42,price_up_oi_down,-0.8213193203497219,0.0103351855688667,1,0.7,12.849294017320393,-0.0032481616640271938,-0.32428920939452377,12.881793412771863,0.0266894268488711,-0.8213193203497219,0,1.0,1.0
2025-02-11,78290.41200333367,77248.3300129702,78417.91135263603,77030.3607445504,197678.0,15317057740.0,385500.0,-0.6679017487356025,42,price_up_oi_down,-0.24718678885480108,-0.016146460810897434,0,0.6,12.862296471985522,0.013002454665128838,1.308735414695783,12.868878633359476,0.017960535207069306,-0.24718678885480108,0,1.0,1.0
2025-02-12,77236.37300711819,77472.97311735935,78004.82520305346,77217.48230862094,139024.0,10774196720.0,385602.0,-1.0201591693480812,42,price_up_oi_down,0.13119534418190487,0.0029080642177174987,1,0.7,12.862561028427068,0.00026455644154665947,0.02645914396883775,12.860060611354626,0.012854939484534533,0.13119534418190487,0,1.0,1.0
2025-02-13,77344.87033421267,77282.54287120473,77871.46519700857,77077.1714468108,151970.0,11772880860.0,388081.0,-0.9375309477764184,42,price_up_oi_down,0.6572447101634054,-0.0024580216621626905,0,0.6,12.868969359704069,0.0064083312770009115,0.6428908563752112,12.860060611354626,0.009142513202220037,0.6572447101634054,0,1.0,1.0
2025-02-14,77202.76522183692,76778.3945553336,77446.55345618456,76652.21513236273,174464.0,13424971920.0,393486.0,-0.813327072445674,42,price_up_oi_down,1.8673959736071153,-0.006523443680047203,0,0.5,12.882800768061824,0.013831408357754427,1.3927504825023584,12.860060611354626,0.008213590359824607,1.8673959736071153,0,1.0,1.0
2025-02-17,76676.16271003839,77152.29209240971,77462.76857889214,76421.39805333063,135248.0,10402651140.0,385111.0,-1.046421474235696,42,price_up_oi_down,0.10070007510456921,0.004869827498237944,1,0.5,12.861286883404405,-0.021513884657418103,-2.1284111760010993,12.860060611354626,0.008213590359824607,0.10070007510456921,0,1.0,1.0
2025-02-18,77366.48134224485,77069.38997247192,77567.1485621964,76820.34570188192,104685.0,8077432440.0,383245.0,-1.2977186302151789,42,price_up_oi_down,-0.44031541614047326,-0.00107452569054578,0,0.4,12.85642975033454,-0.004857133069865682,-0.4845356273906698,12.861791677694963,0.008213590359824607,-0.44031541614047326,0,1.0,1.0
2025-02-19,77236.44047485398,77313.01845608462,77786.73090790247,77164.10824326545,124315.0,9620825600.0,380254.0,-1.1180207834588871,42,price_up_oi_down,-1.4196964791484832,0.003161157545164439,1,0.5,12.848594729461345,-0.007835020873194765,-0.7804407102506183,12.861791677694963,0.006269804684764679,-1.4196964791484832,0,1.0,1.0
2025-02-20,77367.4042273861,77216.24467162298,77640.20331319433,77058.11055455798,123788.0,9564488040.0,375818.0,-1.1105345586309794,42,price_up_oi_down,-2.0473396337403247,-0.0012517139596175397,0,0.5,12.836860262632426,-0.01173446682891921,-1.1665886486401211,12.861791677694963,0.008213590359824607,-2.0473396337403247,0,1.0,1.0
2025-02-21,77070.95238095238,76708.1847371373,77289.03300241896,76693.70825339798,153242.0,11787085280.0,388682.0,-0.9307431574091918,42,price_up_oi_down,0.9903435308971096,-0.006579702712120938,0,0.4,12.870516807561213,0.03365654492878711,3.422933441187004,12.858858316869473,0.007940218717066294,0.9903435308971096,0,1.0,1.0
2025-02-24,76775.7944437266,76851.0123250986,76938.2202675575,76255.3797648275,127468.0,9748371900.0,388719.0,-1.1149913648430727,42,price_up_oi_down,0.7481976893716349,0.001861960212599767,1,0.4,12.870611996530684,9.518896947113831e-05,0.009519350008480032,12.861791677694963,0.007951405937677514,0.7481976893716349,0,1.0,1.0
2025-02-25,76849.13427766411,76777.67336116197,77402.822394632,76594.49790644321,146855.0,11278843280.0,375632.0,-0.9391642353095,42,price_up_oi_down,-2.403446692397422,-0.000954300557895027,0,0.4,12.83636521970529,-0.034246776825394676,-3.3666993380822463,12.862428750206295,0.007314333426346131,-2.403446692397422,0,1.0,1.0
2025-02-26,76686.40591797282,76178.82043329345,76910.80344256447,75951.75859341108,180640.0,13774805900.0,389482.0,-0.7683115507478833,42,price_up_oi_down,0.83128053778102,-0.007799831665274759,0,0.3,12.872572930131373,0.036207710426083395,3.6871193082592013,12.861923955915737,0.008640446130211643,0.83128053778102,0,1.0,1.0
2025-02-27,76179.22857282124,76335.32661723981,76650.81075956502,75798.80866536923,139951.0,10640417140.0,384946.0,-1.0118107033651984,42,price_up_oi_down,-0.3567978240803438,0.0020544579589993894,1,0.4,12.860858343692344,-0.011714586439028452,-1.1646237823571326,12.865128121554237,0.008071589898416498,-0.3567978240803438,0,1.0,1.0
2025-02-28,76135.5523369547,75445.06941462003,76270.54512101276,75362.96876669573,171538.0,12977188060.0,400492.0,-0.8478889748716509,42,price_up_oi_down,2.524661163403928,-0.01166245357256035,0,0.4,12.900449070259837,0.03959072656749285,4.038488515272354,12.861072613548375,0.010519849782653523,2.524661163403928,0,1.0,1.0
2025-03-03,75427.36374459333,75680.27852450938,76034.40592883104,75400.86641391892,117398.0,8874550540.0,391707.0,-1.2049442398578514,42,price_up_oi_down,1.1025886547741135,0.003117620696943435,1,0.4,12.878269390313747,-0.022179679946090047,-2.1935519311247043,12.861072613548375,0.010519849782653523,1.1025886547741135,0,1.0,1.0
2025-03-04,75618.51093281384,75527.12004578476,75798.80686890702,75428.94079490026,106412.0,8022973320.0,387902.0,-1.2934343778976378,42,price_up_oi_down,0.1742113430298837,-0.0020237568057446254,0,0.4,12.868508009382799,-0.009761380930948249,-0.9713893292692344,12.86568757562678,0.010919819989603674,0.1742113430298837,0,1.0,1.0
2025-03-05,75614.82092159297,75599.01703994264,75842.64075404595,75283.71944170527,124958.0,9426320880.0,379344.0,-1.1104657642890756,42,price_up_oi_down,-1.8063089497496772,0.0009519361272387616,1,0.4,12.846198724112867,-0.022309285269932033,-2.2062273460821347,12.869512408472005,0.008705523310701402,-1.8063089497496772,0,1.0,1.0
2025-03-06,75567.52695657678,77013.02660503009,77154.3251441109,75304.1068928145,179389.0,13644601100.0,371208.0,-0.7272059201552226,42,price_up_oi_down,-3.486111677094977,0.018704073418578382,1,0.5,12.824517831386085,-0.02168089272678131,-2.1447551562698175,12.869512408472005,0.008705523310701402,-3.486111677094977,0,1.0,1.0
2025-03-07,76954.9481552995,76397.8622895749,77216.96837294428,76286.04683912931,196432.0,15050215540.0,373886.0,-0.643634622676949,42,price_up_oi_down,-2.929166440774194,-0.007987795605152948,0,0.5,12.83170621709757,0.007188385711485168,0.7214284174910546,12.869512408472005,0.008705523310701402,-2.929166440774194,0,1.0,1.0
2025-03-10,76345.27868011624,76014.01416184894,76743.50831902046,75894.31619088254,126479.0,9638398840.0,372409.0,-1.0799164261910437,42,price_up_oi_down,-1.553596719563673,-0.005024330736782101,0,0.4,12.82774799165478,-0.003958225442790564,-0.3950401994190944,12.864683176537572,0.01603533310044014,-1.553596719563673,0,1.0,1.0
2025-03-11,75892.73900532552,76210.66910874125,76268.05393906267,75668.31321366817,99280.0,7520373920.0,372361.0,-1.3219196729214324,42,price_up_oi_down,-0.8552524687724071,0.002587088039760488,1,0.5,12.827619092799921,-0.00012889885485911634,-0.012889054775866438,12.853528533902605,0.020433356516901036,-0.8552524687724071,0,1.0,1.0
2025-03-12,76334.69850291287,75867.29421672014,76359.9212019891,75815.8124246273,89475.0,6795033740.0,372868.0,-1.4272652129593393,42,price_up_oi_down,-0.7112027683323433,-0.004505601329010234,0,0.5,12.828979748593566,0.0013606557936451935,0.1361581905731768,12.853528533902605,0.02328158660808821,-0.7112027683323433,0,1.0,1.0
2025-03-13,75914.48698677201,75593.69962979163,76108.29856339116,75562.64657783404,81039.0,6120706920.0,374924.0,-1.5317928184851757,42,price_up_oi_down,-0.2342106813756649,-0.0036062257096841632,0,0.4,12.834478617746218,0.005498869152651409,0.5514015683834694,12.838952470605218,0.012884008512214606,-0.2342106813756649,0,1.0,1.0
2025-03-14,75753.69724281371,75804.69022146142,76277.07319283935,75651.49086814382,113520.0,8604459300.0,373880.0,-1.1919558574625957,42,price_up_oi_down,-0.1346539604370243,0.0027911134486482414,1,0.5,12.83169016929652,-0.0027884484496976114,-0.2784564338372819,12.833092417421895,0.007023955328891773,-0.1346539604370243,0,1.0,1.0
2025-03-17,75987.99537730968,76478.7458593696,76742.5831207416,75889.00175093781,158446.0,12075385380.0,377358.0,-0.8677804977215231,42,price_up_oi_down,1.5543071027182804,0.008892004385730568,1,0.5,12.840949617965299,0.009259448668778703,0.9302449983952243,12.831698193197045,0.004014650969694777,1.5543071027182804,0,1.0,1.0
2025-03-18,76451.02078055336,75675.40676742094,76728.24898443455,75477.34041665797,159240.0,12086542180.0,382184.0,-0.8754896698987747,42,price_up_oi_down,3.6893154331966422,-0.010504082970004047,0,0.5,12.853657447013028,0.012707829047728936,1.278891662559034,12.831698193197045,0.004014650969694777,3.6893154331966422,0,1.0,1.0
2025-03-19,75761.9303551776,75471.09885655322,75824.96166423989,75440.2410873909,83269.0,6286759200.0,379904.0,-1.5178422581760698,42,price_up_oi_down,2.68403038024224,-0.0026997927014206224,0,0.4,12.847673868206888,-0.005983578806139533,-0.5965712850354188,12.831698193197045,0.004014650969694777,2.68403038024224,0,1.0,1.0
2025-03-20,75490.70314388724,73571.8434436724,75519.61182295007,73449.64372670057,292666.0,21633927000.0,395206.0,-0.3003751208846147,42,price_up_oi_down,9.318397392028727,-0.02516533403721466,0,0.3,12.887162426926837,0.03948855871994894,4.027859669811407,12.831698193197045,0.004014650969694777,9.318397392028727,0,1.0,1.0
2025-03-21,73715.65593795935,73544.80495589854,73962.06497107833,72738.33355036461,186859.0,13684959880.0,391937.0,-0.7407467908384623,42,price_up_oi_down,5.706801611498715,-0.0003675113536413255,0,0.3,12.878856391570961,-0.008306035355875707,-0.8271635552091761,12.833092417421895,0.005408875194544471,5.706801611498715,0,1.0,1.0
2025-03-24,73650.50405921988,74012.59724792495,74126.39557277827,73520.42016098768,113759.0,8385284480.0,382039.0,-1.2114405220558615,42,price_up_oi_down,1.053672985372771,0.006360643587360437,1,0.4,12.853277976618287,-0.025578414952674322,-2.5254058688004677,12.837714117855757,0.00996293827605399,1.053672985372771,0,1.0,1.0
2025-03-25,74003.81999124533,74047.76297333329,74749.29581661649,73857.17642751784,125262.0,9281619080.0,374287.0,-1.0946153390495554,42,price_up_oi_down,-0.6928878416218024,0.0004751316223985391,1,0.4,12.83277816179057,-0.020499814827717344,-2.0291122110569715,12.844311743086093,0.011227349564724598,-0.6928878416218024,0,1.0,1.0
2025-03-26,73967.39685531896,74670.51762388021,74928.28382802506,73901.73728632022,146732.0,10903319320.0,366463.0,-0.9152897676466436,42,price_up_oi_down,-2.0619114179404643,0.008410175075392878,1,0.5,12.81165284023301,-0.021125321557558863,-2.090374498713443,12.844311743086093,0.010683353317699762,-2.0619114179404643,0,1.0,1.0
2025-03-27,74602.22068235512,74610.73315759437,75201.77497998493,74244.87653076238,137766.0,10277355740.0,367970.0,-0.9824448193687818,42,price_up_oi_down,-1.8028157882686322,-0.0008006435228824493,0,0.5,12.81575669208886,0.004103851855848717,0.41122841869427607,12.844311743086093,0.010683353317699762,-1.8028157882686322,0,1.0,1.0
2025-03-28,74597.47761226511,74335.32282182087,74966.30174670949,74211.76619286955,125747.0,9349477360.0,367153.0,-1.0715067030750702,42,price_up_oi_down,-1.7188337498109005,-0.003691296467919325,0,0.4,12.81353393389363,-0.002222758195228991,-0.22202896975282993,12.844311743086093,0.012077577542548568,-1.7188337498109005,0,1.0,1.0
2025-03-31,74315.92844472342,74451.19477532287,74847.41169667887,73855.74134213901,116711.0,8654934820.0,362587.0,-1.1335636518657015,42,price_up_oi_down,-1.4567753917709605,0.0015587737982889482,1,0.4,12.801019724481474,-0.012514209412156418,-1.2436232306423212,12.844311743086093,0.020044316146378804,-1.4567753917709605,0,1.0,1.0
2025-04-01,74510.44592519483,74660.0485069908,75033.01867910108,74388.23060885565,104298.0,7776090120.0,355825.0,-1.2271868505892307,42,price_up_oi_down,-1.5301317673044257,0.0028052435195728975,1,0.5,12.782194315938826,-0.018825408542648248,-1.8649317267304788,12.840226014998729,0.025580702007483858,-1.5301317673044257,0,1.0,1.0
2025-04-02,74625.2922199377,73724.81222965005,74794.77948868794,73673.71038991716,154177.0,11419742360.0,366192.0,-0.8650564929507968,42,price_up_oi_down,-0.3861347785553461,-0.012526596165460258,0,0.5,12.81091306499812,0.02871874905929417,2.913510855055157,12.824267426939715,0.023327071862706994,-0.3861347785553461,0,1.0,1.0
2025-04-03,73393.00741524558,73560.76572671706,73971.98840515997,73166.56594223253,116774.0,8580024580.0,362218.0,-1.132005797640146,42,price_up_oi_down,-0.6220144460504159,-0.0022251193047734263,0,0.5,12.800001519497016,-0.010911545501103959,-1.0852230523878292,12.814645312991246,0.015879218654547778,-0.6220144460504159,0,1.0,1.0
2025-04-07,70416.39545076343,71403.0454593066,72338.53388043541,69682.90541161019,227727.0,16277198240.0,343692.0,-0.411598364356919,42,price_up_oi_down,-3.6336126336378527,-0.02933248785672693,0,0.5,12.747501186454143,-0.05250033304287349,-5.114599495331573,12.81259338706332,0.012082765074074686,-3.6336126336378527,0,1.0,1.0
2025-04-08,71671.49913183319,70668.94100891167,71899.2519781385,70296.72007080208,208458.0,14766282040.0,346849.0,-0.5091519446380757,42,price_up_oi_down,-3.421072604712317,-0.010281136409136749,0,0.4,12.756644805718619,0.009143619264476044,0.918554985277642,12.811282952615565,0.010772330626320326,-3.421072604712317,0,1.0,1.0
2025-04-09,70413.61236743267,70332.91160630052,70569.86832132547,68850.68372717785,206921.0,14420551260.0,334956.0,-0.4816621020059458,42,price_up_oi_down,-6.544614307144919,-0.004754980021120958,0,0.3,12.721754458897337,-0.03489034682128178,-3.428869623380848,12.805966394739798,0.008678918251447065,-6.544614307144919,0,1.0,1.0
2025-04-10,71421.86243742173,70997.73254985863,71829.10082496704,70678.12503950566,141869.0,10054311260.0,329983.0,-0.8441370413895702,42,price_up_oi_down,-4.471931173389646,0.009452487155366951,1,0.3,12.706796416964197,-0.014958041933139654,-1.4846726137163757,12.800510621989245,0.014134691001999933,-4.471931173389646,0,1.0,1.0
2025-04-11,70732.45302180742,70709.07060622497,70906.09751397185,70380.53120874285,105657.0,7440526880.0,326331.0,-1.1277142053090847,42,price_up_oi_down,-2.7335060148494295,-0.004065791022705545,0,0.3,12.695667482665758,-0.011128934298438864,-1.1067236797046909,12.79109791771792,0.023547395273324945,-2.7335060148494295,0,1.0,1.0
2025-04-14,71106.84516437567,71103.20749790172,71547.65615059546,70966.65946291089,134149.0,9530073060.0,321690.0,-0.8746372263984689,42,price_up_oi_down,-1.625486986043546,0.005574064095279718,1,0.4,12.6813436278823,-0.014323854783457435,-1.4221756437482913,12.769419560828723,0.03654683391107394,-1.625486986043546,0,1.0,1.0
2025-04-15,71089.52233918713,71087.33323015014,71149.58347080684,70737.40768743737,78441.0,5549689180.0,323050.0,-1.4154603601596374,42,price_up_oi_down,-0.9626251927512124,-0.00022325670402489894,0,0.3,12.68556238898631,0.004218761104009872,0.4227672604059096,12.75207299608638,0.04660255126640944,-0.9626251927512124,0,1.0,1.0
2025-04-16,71223.53226359247,70676.10144038187,71697.23665371239,70461.36981411908,126608.0,8973544160.0,324289.0,-0.9405393946605578,42,price_up_oi_down,-0.7052665852827918,-0.005784881371718842,0,0.2,12.689390372509532,0.0038279835232213344,0.38353196099678577,12.73462782267574,0.04326341663653377,-0.7052665852827918,0,1.0,1.0
2025-04-17,70859.49958684311,70755.53845674977,70972.3980365798,70492.66941447074,94761.0,6687724240.0,321270.0,-1.2209239588700518,42,price_up_oi_down,-0.7492399422770559,0.0011239586614000263,1,0.3,12.68003717006303,-0.009353202446501285,-0.9309597303638895,12.714275437930766,0.030822429496460302,-0.7492399422770559,0,1.0,1.0
2025-04-18,70731.95218028297,70544.51105069152,70984.62309328721,70128.45140243806,148232.0,10417509840.0,322559.0,-0.7775074512596174,42,price_up_oi_down,-0.5738513329586717,-0.0029824860450640145,0,0.3,12.684041344221868,0.004004174158836804,0.40122015749985973,12.701231949814979,0.020205415507517976,-0.5738513329586717,0,1.0,1.0
2025-04-21,70464.64845529868,69349.62691828462,70673.15817482024,68905.48375915596,267293.0,18492879420.0,347511.0,-0.2624508841821059,42,price_up_oi_down,3.761589185977962,-0.01693801707050313,0,0.3,12.758551598162244,0.07451025394037636,7.735639061381017,12.692528927587645,0.01183852861497936,3.761589185977962,0,1.0,1.0
2025-04-22,69065.6141849539,68216.3455374353,69282.50851351196,68149.95338900757,213834.0,14627664320.0,369384.0,-0.5466367402701339,42,price_up_oi_down,7.239319412075056,-0.0163415642045871,0,0.3,12.8195920323279,0.06104043416565652,6.2941892486857665,12.692528927587645,0.01183852861497936,7.239319412075056,0,1.0,1.0
2025-04-23,68485.45860189747,69295.07330352362,69435.6545872523,67884.01583937067,276027.0,18884749780.0,365876.0,-0.2817957911627661,42,price_up_oi_down,6.695655868137063,0.01581333267840246,1,0.4,12.81004975716435,-0.009542275163550329,-0.9496892123103007,12.692528927587645,0.01183852861497936,6.695655868137063,0,1.0,1.0
2025-04-24,69148.88287907757,68655.5618137744,69279.52368283193,68445.96554410779,137595.0,9431317420.0,364676.0,-0.9746947005064722,42,price_up_oi_down,6.508484776095261,-0.00922881612301718,0,0.3,12.806764567118337,-0.003285190046012687,-0.3279799713564624,12.692528927587645,0.01183852861497936,6.508484776095261,0,1.0,1.0
2025-04-25,68680.74868485426,68544.0040665526,69158.26438284446,68343.18025248885,151998.0,10425777800.0,362961.0,-0.8704280276114711,42,price_up_oi_down,6.2399142031932335,-0.0016248901658454384,0,0.3,12.802050669458582,-0.004713897659755162,-0.47028046814150404,12.692528927587645,0.01183852861497936,6.2399142031932335,0,1.0,1.0
2025-04-28,68446.5735113757,67343.98559387127,68526.39331927737,67225.33737914532,194204.0,13129976180.0,393166.0,-0.7053227615769886,42,price_up_oi_down,2.4625468651472033,-0.01750727126352547,0,0.2,12.881987193526577,0.07993652406799434,8.321830720104884,12.723970985335889,0.04328058636322307,2.4625468651472033,0,1.0,1.0
2025-04-29,67233.89235225631,66658.53716326776,67354.20820796849,66498.22931382443,171002.0,11400418300.0,394193.0,-0.835165384736747,42,price_up_oi_down,1.0805678973077617,-0.010178316958209477,0,0.2,12.88459591605958,0.0026087225330027053,0.2612128210474962,12.780301133810413,0.0651008299091842,1.0805678973077617,0,1.0,1.0
2025-04-30,66550.95586050305,66346.92568750643,67045.54769930872,66303.31935853907,155537.0,10338883440.0,388360.0,-0.9150490990642058,42,price_up_oi_down,0.7134251663613039,-0.004674742186407288,0,0.2,12.86968802348408,-0.014907892575498849,-1.4797320094471544,12.80440761828846,0.06171779768216634,0.7134251663613039,0,1.0,1.0
2025-05-06,66388.08651322301,65658.632313789,66622.88746331107,65532.99366411266,138106.0,9081327420.0,407535.0,-1.082105312314012,42,price_up_oi_down,1.328814240867397,-0.010374156248916355,0,0.1,12.91788209754531,0.048194074061228775,4.937429189412024,12.808407162141343,0.05556821266091827,1.328814240867397,0,1.0,1.0
2025-05-07,66054.00912214133,64611.30658092725,66385.72553242756,64316.80658244727,260648.0,16953976680.0,437294.0,-0.5174348997069816,42,price_up_oi_down,2.1064418501663438,-0.015951074458214087,0,0.1,12.988361016748915,0.07047891920360527,7.3021949035051215,12.814820894746125,0.05556821266091827,2.1064418501663438,0,1.0,1.0
2025-05-08,64477.1673809932,64672.97073347205,65156.93062235133,63468.75069804546,383717.0,24603022240.0,433977.0,-0.1230862355859813,42,price_up_oi_down,2.359017858791732,0.0009543864039889272,1,0.2,12.980746816286532,-0.007614200462382925,-0.7585285871747116,12.84464002790599,0.03891567447062094,2.359017858791732,0,1.0,1.0
2025-05-09,64523.26520561438,63483.57023953834,65262.188185702085,63299.979366737134,351602.0,22471511040.0,468568.0,-0.287181381145953,42,price_up_oi_down,2.0074300347863274,-0.018390998286369475,0,0.2,13.057436514205072,0.07668969791854074,7.970698908006613,12.875837608505329,0.061016713759203256,2.0074300347863274,0,1.0,1.0
2025-05-12,64148.61195259467,64477.49195645231,64880.910293964575,63028.583427415855,401236.0,25630974260.0,466523.0,-0.1507575395248552,42,price_up_oi_down,1.5291437653623499,0.015656361372929473,1,0.2,13.053062601376782,-0.0043739128282904716,-0.436436120264283,12.883291554793079,0.07488439265173508,1.5291437653623499,0,1.0,1.0
2025-05-13,64551.63457915147,63720.1247390084,64607.73683428545,63425.81654245273,274984.0,17476564700.0,484211.0,-0.5658078479753204,42,price_up_oi_down,1.5303831364179425,-0.011746226387890912,0,0.2,13.090276041113219,0.03721343973643698,3.7914529401551045,12.901239006802445,0.08331490971527789,1.5303831364179425,0,1.0,1.0
2025-05-14,64230.91712849433,65636.47412455792,66055.69847436062,64177.50635899843,473373.0,30752007640.0,465422.0,0.0169391403173036,42,price_up_oi_down,0.9306805948561826,0.030074476366747538,1,0.3,13.050699799897671,-0.03957624121554737,-3.8803331605436253,12.949314456915921,0.07347684841059277,0.9306805948561826,0,1.0,1.0
2025-05-15,65254.959912338745,64637.32099887484,65718.6763064096,64448.26144329048,279303.0,18074486420.0,480821.0,-0.5431978454398292,42,price_up_oi_down,0.9416397303973507,-0.015222528921754575,0,0.3,13.083250338453972,0.03255053855630052,3.3086102504823467,12.984553916517722,0.07069564127320493,0.9416397303973507,0,1.0,1.0
2025-05-16,64558.62151976491,62378.9077721526,64578.08244649942,62352.09492733205,404752.0,25469907180.0,550105.0,-0.3068346352292644,42,price_up_oi_down,2.610144008211365,-0.0349397715100469,0,0.3,13.21786444807874,0.13461410962476883,14.409520382845177,13.019530408323293,0.051251761083720204,2.610144008211365,0,1.0,1.0
2025-05-19,61731.87155646444,61767.72337741391,62636.673265167,61520.66886728718,292258.0,18035061980.0,566765.0,-0.6623077819321731,42,price_up_oi_down,2.591923907970239,-0.009797933573494455,0,0.3,13.247700034715614,0.02983558663687269,3.028512738477329,13.051881200637226,0.050957512182152165,2.591923907970239,0,1.0,1.0
2025-05-20,61756.622377240106,61410.48039010631,61883.55254759853,60836.55658716293,309261.0,18873133200.0,578509.0,-0.6262685234217008,42,price_up_oi_down,2.8188078277529263,-0.005783651521762634,0,0.3,13.268209382971083,0.02050934825546946,2.072111016029421,13.055249557790926,0.050957512182152165,2.8188078277529263,0,1.0,1.0
2025-05-21,61566.87232810599,61666.72993262753,62358.355222910126,61205.32245773379,336081.0,20628911900.0,571450.0,-0.530824788004879,42,price_up_oi_down,2.4565163074246494,0.004172733072488777,1,0.4,13.255932269325744,-0.012277113645339455,-1.2202057357793672,13.070343426329522,0.050957512182152165,2.4565163074246494,0,1.0,1.0
2025-05-22,61830.300659165616,62700.92719520752,63493.94020517032,61760.17130620985,532295.0,33121848700.0,555870.0,-0.0433366070271612,42,price_up_oi_down,1.343728949273632,0.016770749214525926,1,0.4,13.22828973294457,-0.02764253638117431,-2.7263977600840206,13.086763189783596,0.07103988169149478,1.343728949273632,0,1.0,1.0
2025-05-23,62683.265107054605,61600.95368648485,62800.444485683125,61454.99744817361,383881.0,23732166220.0,574843.0,-0.4037643513091751,42,price_up_oi_down,0.7641817945980212,-0.017543177715667824,0,0.4,13.261852239018069,0.03356250607349942,3.4132081242016943,13.15407024459598,0.09513176025527059,0.7641817945980212,0,1.0,1.0
2025-05-26,61614.17894835608,60674.24349891898,61831.869759069225,60486.673820250966,342290.0,20774388360.0,585095.0,-0.5361158962401528,42,price_up_oi_down,0.9075865569882723,-0.01504376364499671,0,0.3,13.279529506192045,0.01767726717397622,1.783443479350133,13.223077090511655,0.04195372048292079,0.9075865569882723,0,1.0,1.0
2025-05-27,60444.23532826279,61134.173435815785,61690.19015522628,60264.88155906682,550133.0,33518459780.0,567772.0,-0.0315598625094781,42,price_up_oi_down,0.28641048523108875,0.007580315968916951,1,0.4,13.249475208666645,-0.030054297525399676,-2.9607157811980533,13.23799488383009,0.02703592716448533,0.28641048523108875,0,1.0,1.0
2025-05-28,61167.25352311359,60571.9693710746,61401.123481781375,59782.82733246,541263.0,32643908700.0,569527.0,-0.0509008942681862,42,price_up_oi_down,0.13428597048402044,-0.009196232371268431,0,0.3,13.252561470754335,0.003086262087689917,0.3091029497757525,13.24858762169113,0.019959825013256882,0.13428597048402044,0,1.0,1.0
2025-05-29,60527.15494365494,59083.59433364111,60580.92172223748,58719.80932665604,551109.0,32628748020.0,594597.0,-0.0759512534123355,42,price_up_oi_down,2.1478238667685616,-0.024572010005410982,0,0.3,13.295639144124728,0.04307767337039259,4.401898417458594,13.251018339710491,0.014012471284084782,2.1478238667685616,0,1.0,1.0
2025-05-30,59052.37268910608,59882.27550588198,60431.181953418,59004.74011976452,599935.0,35877905280.0,573701.0,0.0447129613367358,42,price_up_oi_down,0.3513052580113623,0.01351781626098747,1,0.4,13.259863633659736,-0.035775510464992166,-3.5143130557334423,13.254246870040038,0.010783940954537385,0.3513052580113623,0,1.0,1.0
2025-06-03,59896.27720851694,59959.14172818432,60116.87124531274,58851.93008866981,448099.0,26708449660.0,585875.0,-0.2680922660979851,42,price_up_oi_down,1.6636209735804428,0.0012836222680747689,1,0.5,13.280861735225008,0.020998101565272265,2.1220112915961264,13.25789795149274,0.009310329801611061,1.6636209735804428,0,1.0,1.0
2025-06-04,60137.86549393974,61192.448698897606,61736.176426004095,59506.60070624293,630415.0,38130631600.0,578740.0,0.0855250060433742,42,price_up_oi_down,0.5312976744834348,0.02056912315897219,1,0.6,13.268608605615594,-0.01225312960941416,-1.2178365692340654,13.260857936338901,0.009839596628411051,0.5312976744834348,0,1.0,1.0
2025-06-05,60781.688455334246,60433.93792389253,60860.10848898528,60246.53277450303,375074.0,22659633280.0,578419.0,-0.4331751797082282,42,price_up_oi_down,0.49326641476550487,-0.012395496358339697,0,0.5,13.268053798526449,-0.0005548070891450152,-0.055465321215064645,13.260857936338901,0.009839596628411051,0.49326641476550487,0,1.0,1.0
2025-06-06,60959.95923740998,60787.0270155572,61504.06297213055,60549.24191779256,409342.0,24949778180.0,565526.0,-0.3232052790574816,42,price_up_oi_down,-0.9724913581280128,0.005842563033197079,1,0.5,13.245511550492896,-0.022542248033552426,-2.2290070001158457,13.264953018772259,0.01348401771885488,-0.9724913581280128,0,1.0,1.0
2025-06-09,60740.66539037554,60933.86127290809,61163.181038576295,60585.0618482116,255444.0,15527658160.0,563120.0,-0.790489541761335,42,price_up_oi_down,-1.1857591240030492,0.002415552537440524,1,0.6,13.241248028282014,-0.004263522210882442,-0.4254446303087356,13.264953018772259,0.01348401771885488,-1.1857591240030492,0,1.0,1.0
2025-06-10,60753.92859112164,60959.10759492531,61496.59056014706,60059.856654103045,356613.0,21675095080.0,555779.0,-0.4437195730424946,42,price_up_oi_down,-1.6083442070463547,0.000414323357978974,1,0.7,13.228126012201416,-0.013122016080597376,-1.3036297769569494,13.263958716093093,0.015027148762699838,-1.6083442070463547,1,0.0,0.0
2025-06-11,60941.984191544354,61764.79946001634,62183.68536170633,60758.15084283746,456772.0,28085374320.0,562980.0,-0.2090597430388667,42,price_up_oi_down,-0.8467232320551005,0.013216923555457338,1,0.7,13.24099938251215,0.01287337031073399,1.2956588859960094,13.256212552207035,0.012118649863985809,-0.8467232320551005,0,1.0,1.0
2025-06-12,61534.53163785065,60533.02846343082,61553.19936867782,60370.76090646241,372443.0,22664852660.0,578848.0,-0.4409559155426136,42,price_up_oi_down,0.620372874473879,-0.019942928777465063,0,0.7,13.268795200501362,0.027795817989211713,2.818572595829383,13.256212552207035,0.013680288666789941,0.620372874473879,0,1.0,1.0
2025-06-13,60503.73778128741,59913.17350047996,60834.372579779694,59839.70569122176,400281.0,24128244920.0,597958.0,-0.4013537169000297,42,price_up_oi_down,1.424039279874497,-0.010239946334839711,0,0.7,13.301275796352526,0.032480595851163585,3.301384819503528,13.263958716093093,0.0176750923660558,1.424039279874497,0,1.0,1.0
2025-06-16,60147.81502405804,59922.27735912502,60164.14799272439,59304.98569154286,363131.0,21651812260.0,615599.0,-0.527832126826487,42,price_up_oi_down,2.533566398684295,0.00015195086678199132,1,0.7,13.330351056514093,0.029075260161567584,2.950207205188349,13.263958716093093,0.0176750923660558,2.533566398684295,0,1.0,1.0
2025-06-17,59847.22265605341,59950.64910439944,60282.15323058447,59663.10696493429,271096.0,16245479120.0,612829.0,-0.8156129393737324,42,price_up_oi_down,1.554620421459866,0.000473475751002983,1,0.7,13.325841220048575,-0.004509836465517836,-0.4499682423136808,13.268331202071021,0.024951412683566154,1.554620421459866,0,1.0,1.0
2025-06-18,60052.532485657706,60025.524931649954,60648.84273468092,59816.310353379005,258610.0,15573484560.0,604974.0,-0.8498643465504205,42,price_up_oi_down,1.1058987000086289,0.0012489577405596641,1,0.7,13.312940760882906,-0.012900459165669176,-1.2817604910994262,13.268331202071021,0.02720749667393907,1.1058987000086289,0,1.0,1.0
2025-06-19,59829.85547635872,60143.416111062805,60368.64099789729,59673.97737070571,243745.0,14656086540.0,598148.0,-0.8977156181213714,42,price_up_oi_down,0.7423195516375724,0.0019640174666875065,1,0.8,13.301593493950561,-0.011347266932345335,-1.1283129522921986,13.268424499513905,0.03013820692018765,0.7423195516375724,0,1.0,1.0
2025-06-20,60111.32350067557,59074.355492316274,60461.95184059225,59046.68486598473,449957.0,26845120180.0,647277.0,-0.3636223100663722,42,price_up_oi_down,1.6036390373968514,-0.01777518950324286,0,0.7,13.380529611691596,0.07893611774103526,8.213519062171958,13.285035498426943,0.04016483477783961,1.6036390373968514,0,1.0,1.0
2025-06-23,59097.63428444405,59161.95331525076,59360.79758692445,58550.452894629256,357650.0,21088130680.0,656617.0,-0.6075460411313307,42,price_up_oi_down,2.047309954734878,0.0014828400954094434,1,0.7,13.394856174667861,0.014326562976265222,1.4429680028798186,13.301434645151543,0.030777928006365585,2.047309954734878,0,1.0,1.0
2025-06-24,59095.92865532267,60740.48313952015,61662.71435538631,58915.5744673052,860946.0,51928925400.0,631536.0,0.3098768373992623,42,price_up_oi_down,1.0660016062109636,0.02668150282087578,1,0.7,13.355910226273728,-0.03894594839413301,-3.819730527842091,13.307267127416733,0.030777928006365585,1.0660016062109636,0,1.0,1.0
2025-06-25,60756.77586602795,60930.93942786819,61349.16875270841,60419.280304339234,451997.0,27498975140.0,630554.0,-0.3329232554079251,42,price_up_oi_down,0.8632753684896389,0.0031355741427108175,1,0.7,13.354354077032125,-0.0015561492416029665,-0.1554939069189576,13.319390990465742,0.027317214960601355,0.8632753684896389,0,1.0,1.0
2025-06-26,60734.89556737842,61510.27137672392,61836.04557359052,60651.1600190814,491404.0,30118465480.0,619950.0,-0.232372229563762,42,price_up_oi_down,0.2352229500623342,0.009508009466054013,1,0.8,13.337394108607988,-0.016959968424137273,-1.6816957786327302,13.328096138281335,0.026661493129791936,0.2352229500623342,0,1.0,1.0
2025-06-27,62043.05249183832,63306.3318060167,63346.61832367585,61992.50325416088,791555.0,49654918480.0,615022.0,0.252341325695769,42,price_up_oi_down,-0.13999394087690373,0.029199357913618718,1,0.9,13.329413318506562,-0.007980790101425939,-0.7949028147432036,13.33387258256104,0.02148473269541107,-0.13999394087690373,0,1.0,1.0
2025-06-30,63593.14657631196,62290.83671838749,63693.434704508414,62219.03103417661,494672.0,31014505260.0,596987.0,-0.1880004209388695,42,price_up_oi_down,-1.1147332289193697,-0.01604097186898923,0,0.8,13.29965061659326,-0.029762701913302436,-2.932415425789592,13.33387258256104,0.020706658074609585,-1.1147332289193697,1,0.0,0.0
2025-07-01,62202.67207588062,62735.91978325273,62834.84666818072,61294.46618713047,484857.0,30047909900.0,592395.0,-0.2003196400137265,42,price_up_oi_down,-1.2874539873317885,0.007145241392043422,1,0.8,13.291928921097083,-0.007721695496176295,-0.7691959791418346,13.333403713557274,0.021728438095652614,-1.2874539873317885,1,0.0,0.0
2025-07-02,62767.420229152856,63902.8456296618,64277.44948011878,62536.13921230718,652707.0,41444149600.0,589634.0,0.1016263248388752,42,price_up_oi_down,-1.14606820813093,0.018600601544389583,1,0.8,13.287257284409014,-0.004671636688069469,-0.4660741566016924,13.333403713557274,0.027158366161583736,-1.14606820813093,1,0.0,0.0
2025-07-03,63957.49375798816,64016.21575214755,64463.43558679877,62985.59430409938,510281.0,32533772160.0,603359.0,-0.1675508217468001,42,price_up_oi_down,-0.4760301477206527,0.0017741013153431684,1,0.8,13.310267655105502,0.023010370696487925,2.3277151588952494,13.333403713557274,0.032781658285363946,-0.4760301477206527,0,1.0,1.0
2025-07-04,64080.57346484882,63281.473286125394,64490.34594699276,63121.77855150201,431146.0,27440038420.0,592838.0,-0.3184743946498274,42,price_up_oi_down,-0.9657433085019853,-0.011477442978930052,0,0.8,13.292676453473636,-0.017591201631866227,-1.7437379735778968,13.333403713557274,0.028444577707893437,-0.9657433085019853,0,1.0,1.0
2025-07-07,63268.713725728536,63640.78710775284,63818.13391166208,62839.559357284896,283996.0,18022569180.0,591177.0,-0.7331553113980166,42,price_up_oi_down,-0.7340570046144625,0.005678025541580256,1,0.8,13.28987074393513,-0.0028057095385065622,-0.2801777214012535,13.319840486806033,0.027537799520673367,-0.7340570046144625,0,1.0,1.0
2025-07-08,63806.82113369215,63852.96391279844,65065.893681049645,63397.31213833712,675144.0,43410099580.0,599714.0,0.1184731265457335,42,price_up_oi_down,-0.030895189564304693,0.0033339751861705125,1,0.8,13.304208153889947,0.014337409954817915,1.4440683585458247,13.30495913584938,0.01639512167730839,-0.030895189564304693,0,1.0,1.0
2025-07-09,63862.902638489926,64345.94835454461,64905.403401240925,63731.19708563919,416987.0,26870367220.0,585066.0,-0.3386696151280244,42,price_up_oi_down,-1.372851964343739,0.007720619553689412,1,0.8,13.279479940363059,-0.024728213526888254,-2.4424975905181445,13.301929385241603,0.011029552725497105,-1.372851964343739,1,0.0,0.0
2025-07-10,64521.04653055909,64200.907146477446,64903.402766490726,64072.62600378193,497318.0,32062315440.0,591900.0,-0.1741080411755667,42,price_up_oi_down,-0.4035240860294904,-0.002254084550405433,0,0.7,13.291092980678817,0.011613040315758383,1.168073345571341,13.296163535033447,0.008475434740466525,-0.4035240860294904,0,1.0,1.0
2025-07-11,64227.57360228138,64219.84222226659,64724.75152446344,63364.47972971871,502065.0,32180467300.0,600972.0,-0.1798187510502403,42,price_up_oi_down,1.52396496780592,0.0002949347077907394,1,0.7,13.30630362341374,0.015210642734922786,1.532691332995384,13.29230268728536,0.006196666092122882,1.52396496780592,0,1.0,1.0
2025-07-14,64233.664613097695,66395.69311537778,68162.7466752148,64223.80424477661,1230147.0,81767899580.0,635053.0,0.661180493443924,42,price_up_oi_down,7.527998051021204,0.033881286808219,1,0.8,13.361463738958784,0.05516011554504452,5.670979679585697,13.29230268728536,0.006196666092122882,7.527998051021204,0,1.0,1.0
2025-07-15,66185.49866969709,66527.51669513399,67189.24157002594,64774.58028298986,926362.0,61260212400.0,622936.0,0.3968213022006025,42,price_up_oi_down,3.9708458494300585,0.0019854236558256577,1,0.8,13.34219906376069,-0.019264675198094494,-1.9080297235034127,13.29230268728536,0.008475434740466525,3.9708458494300585,0,1.0,1.0
2025-07-16,66986.59009198898,66267.1792297835,67241.56963129068,65519.81906862397,572135.0,37919541460.0,619618.0,-0.0797281816024944,42,price_up_oi_down,2.6230581372414674,-0.0039132298676275434,0,0.7,13.336858438103524,-0.005340625657165532,-0.5326389869905523,13.298442303681792,0.009878289509720695,2.6230581372414674,0,1.0,1.0
2025-07-17,66621.68143265336,67713.29837987259,69545.88883539294,65821.75301150187,1041452.0,70734360600.0,637419.0,0.4909439621285955,42,price_up_oi_down,2.735878312131194,0.021822554798577087,1,0.7,13.365182489118533,0.028324051015008678,2.8728991088057487,13.305255888651843,0.014774026344869462,2.735878312131194,0,1.0,1.0
2025-07-18,68840.79723884205,69403.89210736599,70244.73478069773,67805.30716550355,1472768.0,102112268180.0,660768.0,0.8014961074766556,42,price_up_oi_down,3.1430233269042955,0.024966938074839407,1,0.8,13.4011580738662,0.03597558474766771,3.6630536585825046,13.305255888651843,0.020580546502748653,3.1430233269042955,0,1.0,1.0
2025-07-21,70523.87467307664,70810.99092904947,71228.7506761666,69499.26291057908,1040494.0,73621156080.0,677768.0,0.4286458328670136,42,price_up_oi_down,2.2768314313691405,0.020274062144911564,1,0.8,13.426560325473753,0.025402251607552273,2.5727638142282627,13.321581030758633,0.031099168451659942,2.2768314313691405,0,1.0,1.0
2025-07-22,71293.53954487006,72385.3095290136,73826.14784571785,70563.67402379832,1420852.0,102423624300.0,718301.0,0.6821232694115161,42,price_up_oi_down,2.8558712261543096,0.022232687035004917,1,0.8,13.484643980237895,0.05808365476414146,5.980364962642026,13.339528750932107,0.034272862280263716,2.8558712261543096,0,1.0,1.0
2025-07-23,73040.13831447142,69036.84822482467,74126.46628218604,67791.73285042058,1787568.0,127436387420.0,691312.0,0.9500200744023276,42,price_up_oi_down,1.344155684981495,-0.046258851774983234,0,0.7,13.446346520382438,-0.03829745985545685,-3.757338497370799,13.351831401359737,0.04742722522623044,1.344155684981495,0,1.0,1.0
2025-07-24,69652.86793294664,75713.29861715241,76708.09589931891,69114.32082061293,2394688.0,177743422860.0,816142.0,1.076419870527918,42,price_up_oi_down,3.5414688885528984,0.09670850515344043,1,0.8,13.612343638414432,0.1659971180319939,18.05696993542707,13.363323114038659,0.04742722522623044,3.5414688885528984,0,1.0,1.0
2025-07-25,76520.89836095861,79578.45873826499,79605.15016930061,75839.38362855108,1705026.0,134411257820.0,908178.0,0.6298952442370237,42,price_up_oi_down,5.0533166820946676,0.0510499501634043,1,0.8,13.719195673613324,0.10685203519889264,11.276959156617394,13.383170281492367,0.04485094368511433,5.0533166820946676,0,1.0,1.0
2025-07-28,73284.9724770642,71941.51540366371,77666.50960422396,71937.29283092872,1624234.0,121297924580.0,800394.0,0.7076874925821914,42,price_up_oi_down,1.9602814537848932,-0.09596746978625614,0,0.7,13.592859385411744,-0.12633628820158016,-11.868158004267936,13.413859199669977,0.061590120639555046,1.9602814537848932,0,1.0,1.0
2025-07-29,70448.1549874702,70689.18065640068,71414.90130421861,68481.57314161693,1304747.0,91480658800.0,721541.0,0.5923752285736149,42,price_up_oi_down,0.42941633351176317,-0.01740767817074995,0,0.6,13.48914448163835,-0.10371490377339398,-9.851773001796538,13.436453422928096,0.08276264648848475,0.42941633351176317,0,1.0,1.0
2025-07-30,72706.49436385809,70620.67479784404,73882.65080748836,68680.48926662018,1536939.0,109990705480.0,726914.0,0.7487398788718954,42,price_up_oi_down,0.2545426665093155,-0.0009691137727233512,0,0.6,13.496563455157942,0.007418973519591532,0.7446562288213165,13.465495250310166,0.08232496881779916,0.2545426665093155,0,1.0,1.0
2025-07-31,68916.51363397282,68703.83452237242,69195.7428036531,67062.43966866174,1139291.0,77542258760.0,699164.0,0.4882760824837865,42,price_up_oi_down,-0.2701620519565655,-0.027142763517322588,0,0.5,13.457640614583752,-0.038922840574189266,-3.8175079858140393,13.486894230938123,0.07303503126814626,-0.2701620519565655,0,1.0,1.0
2025-08-01,69212.76871595865,69249.5716319474,70145.92682055413,67959.69080846287,857282.0,59225872880.0,696107.0,0.2082635351630899,42,price_up_oi_down,-0.44977232858245025,0.007943328248982473,1,0.5,13.45325866313263,-0.004381951451122745,-0.4372364709852805,13.486894230938123,0.050440808010027816,-0.44977232858245025,0,1.0,1.0
2025-08-04,69435.88894851704,69151.97043703265,70721.34543972468,68181.723189445,670047.0,46596909140.0,701824.0,-0.0463348011631293,42,price_up_oi_down,-0.46290845709417805,-0.0014094122550459831,0,0.4,13.461437939323666,0.008179276191036422,0.8212817857024879,13.486894230938123,0.03709163918058955,-0.46290845709417805,0,1.0,1.0
2025-08-05,69109.94042916015,68017.81882734837,70003.68295155653,67333.05211345319,765248.0,52473315140.0,690060.0,0.1034214139645697,42,price_up_oi_down,-0.9086363527784337,-0.016400857452312234,0,0.3,13.444533829314683,-0.01690411000898351,-1.6762037205909075,13.486894230938123,0.03144459207993222,-0.9086363527784337,0,1.0,1.0
2025-08-06,68189.02470259498,69686.09121096708,69847.44809002569,67778.63427984946,662455.0,45480690860.0,713116.0,-0.0736914690032746,42,price_up_oi_down,0.055787259716164786,0.02452699031489569,1,0.4,13.477399379010512,0.032865549695829444,3.341158739819683,13.475291210481007,0.025488618723473522,0.055787259716164786,0,1.0,1.0
2025-08-07,69950.60819987133,72313.15902511151,73336.62308020334,69440.89525002838,1215220.0,86795145680.0,741254.0,0.4943370627548843,42,price_up_oi_down,0.7958116114672302,0.037698596211850566,1,0.4,13.516098625569564,0.03869924655905166,3.9457816119678135,13.483271930324431,0.027822291466240046,0.7958116114672302,0,1.0,1.0
2025-08-08,72819.25956218943,76863.44762238451,76917.25795242382,72621.125446164,1317026.0,98716380100.0,782023.0,0.5212472915084235,42,price_up_oi_down,2.09379163105095,0.06292476581880302,1,0.4,13.569639430859636,0.05354080529007277,5.500004047195617,13.483271930324431,0.027822291466240046,2.09379163105095,0,1.0,1.0
2025-08-12,88178.14649472827,81799.26768464812,88705.34389622566,81757.08888864973,2178400.0,185697027900.0,836361.0,0.9572856032996698,42,price_up_oi_down,3.722331713408171,0.06421543939210683,1,0.5,13.636815617042018,0.06717618618238141,6.948388986001786,13.483271930324431,0.027822291466240046,3.722331713408171,0,1.0,1.0
2025-08-13,82510.51339748122,84643.96629879496,87187.58117230286,81952.00091298737,1691567.0,143402301080.0,875577.0,0.6585274996485313,42,price_up_oi_down,4.833204551518361,0.03477657801428857,1,0.6,13.682638376583697,0.04582275954167869,4.688884345396316,13.483271930324431,0.027822291466240046,4.833204551518361,0,1.0,1.0
2025-08-14,84696.71945711668,84891.41961388514,86091.8907609468,82420.50457791153,1458233.0,123664446340.0,874921.0,0.5108471111894483,42,price_up_oi_down,4.169231393886623,0.0029234607723445105,1,0.7,13.681888875549465,-0.0007495010342317698,-0.07492202284907767,13.486981417084227,0.03153177822603581,4.169231393886623,0,1.0,1.0
2025-08-15,85039.3498946541,86463.14350119753,86544.14384335159,83722.32904240677,1184088.0,100787185140.0,894334.0,0.2806488298149075,42,price_up_oi_down,2.9188979743306724,0.01851452001228293,1,0.8,13.703834586173588,0.02194571062412365,2.2188288999806627,13.496749002290038,0.04785275606638173,2.9188979743306724,0,1.0,1.0
2025-08-18,87805.64694949798,88979.04766675524,89689.8041838904,87282.93579629758,1422254.0,126607810480.0,918292.0,0.437482793240315,42,price_up_oi_down,1.3772368135342328,0.029097995558337253,1,0.8,13.730270701813692,0.026436115640104063,2.6788649430749434,13.5428690282146,0.0917784769546941,1.3772368135342328,0,1.0,1.0
2025-08-19,89184.70459335823,87154.79860574917,89308.5983005562,86975.7264655335,980407.0,86194696480.0,901416.0,0.0840009313059253,42,price_up_oi_down,0.779590817173679,-0.020502007032467517,0,0.8,13.711722139247561,-0.018548562566131466,-1.8377596668596397,13.603227523950828,0.09386798030201238,0.779590817173679,0,1.0,1.0
2025-08-20,85445.58660606052,80716.02111876692,85578.50068109138,80716.02111876692,1204739.0,99683630140.0,841337.0,0.3590259318086079,42,price_up_oi_down,-0.18168301270364992,-0.0738774868393478,0,0.8,13.642747572127282,-0.06897456712027861,-6.664958243474784,13.659352246295741,0.06164417423488544,-0.18168301270364992,0,1.0,1.0
2025-08-21,81263.91041250077,82184.98949650266,83260.1388900442,81039.46886527499,1040960.0,85775094820.0,820203.0,0.23834677268924,42,price_up_oi_down,-0.6678280008715037,0.01819921692589732,1,0.8,13.617307149577885,-0.025440422549397823,-2.5119541872043127,13.662318223838373,0.045460138872202016,-0.6678280008715037,0,1.0,1.0
2025-08-22,82079.50838689908,78588.09935150472,82446.12858258061,77727.55882987713,1231366.0,97865195280.0,789520.0,0.4444542353827318,42,price_up_oi_down,-1.2961360211091149,-0.04376577970057427,0,0.7,13.579180444845889,-0.03812670473199553,-3.7409031666551407,13.662318223838373,0.043263718297851916,-1.2961360211091149,1,0.0,0.0
2025-08-25,80532.26826411807,78983.59533723166,81129.10986797146,78185.86500253821,831873.0,66112605340.0,788716.0,0.0532734781934639,42,price_up_oi_down,-1.3120202559226817,0.00503251750571021,1,0.7,13.578161585727797,-0.0010188591180924078,-0.1018340257371464,13.662318223838373,0.043263718297851916,-1.3120202559226817,1,0.0,0.0
2025-08-26,78848.71371952847,78653.43867358014,79691.57538735877,77490.93253712443,733657.0,57917825080.0,761026.0,-0.0366259059072908,42,price_up_oi_down,-1.8691956546353479,-0.004180066281382455,0,0.6,13.54242280183181,-0.035738783895986614,-3.510769402421121,13.662318223838373,0.043263718297851916,-1.8691956546353479,0,1.0,1.0
2025-08-27,78869.89357298189,78458.71875997793,80508.37472919338,78284.67817640954,912369.0,72886228500.0,757922.0,0.185464035533963,42,price_up_oi_down,-1.7714354159505494,-0.002475669428902094,0,0.5,13.538335756955027,-0.004087044876783352,-0.40787042755437986,13.662318223838373,0.047207494834838215,-1.7714354159505494,0,1.0,1.0
2025-08-28,77633.62577394769,77644.83883485758,77838.14621513945,75358.86778908485,1060665.0,81391838900.0,744733.0,0.3536255840085725,42,price_up_oi_down,-1.1726565141921919,-0.010373352228834842,0,0.4,13.520781043863172,-0.017554713091854524,-1.7401526806188894,13.630027360852583,0.06283650022289589,-1.1726565141921919,0,1.0,1.0
2025-08-29,77254.95649960819,76802.60049974476,78045.7066531312,76438.93837110873,643149.0,49876037100.0,744380.0,-0.1461752334552263,42,price_up_oi_down,-0.9084616033210218,-0.010847318994430255,0,0.3,13.520306936113643,-0.0004741077495289403,-0.04739953782092465,13.598243797211886,0.057864517818467576,-0.9084616033210218,0,1.0,1.0
2025-09-01,76396.30647882188,75324.13273249552,77055.91221534963,74640.24595871803,720923.0,54642391500.0,741853.0,-0.0286187748674866,42,price_up_oi_down,-0.8482478398614577,-0.019250230560280968,0,0.2,13.516906389314956,-0.0034005467986872873,-0.339477148768208,13.578671015286844,0.04911261487774432,-0.8482478398614577,0,1.0,1.0
2025-09-02,75023.2030120838,72551.315962281,75545.52391109131,72411.62031467521,831074.0,61588181900.0,761420.0,0.0875337292233694,42,price_up_oi_down,-0.29444428179055404,-0.03681179815321389,0,0.2,13.542940389987706,0.02603400067274997,2.6375845349416283,13.560292193779803,0.03974820379139565,-0.29444428179055404,0,1.0,1.0
2025-09-03,72866.68565085565,71909.32133259506,73215.36197435565,71831.82617881568,595454.0,43273868960.0,763953.0,-0.2491821291496102,42,price_up_oi_down,0.10029704084789096,-0.008848835078604345,0,0.2,13.54626154793172,0.0033211579440148853,0.3326679099577401,13.542681595909759,0.02407493319545928,0.10029704084789096,0,1.0,1.0
2025-09-04,71337.9024457974,73398.86931908745,74366.93175488852,71174.01827536702,947387.0,69388457820.0,777956.0,0.1970377013215178,42,price_up_oi_down,0.6624876832343134,0.020714254548487965,1,0.2,13.564425246291297,0.018163698359575875,1.8329661641488526,13.542681595909759,0.022137605921351167,0.6624876832343134,0,1.0,1.0
2025-09-05,73376.02846782154,74227.81051576181,75699.62651563594,72582.15726865128,1071588.0,79448983040.0,811867.0,0.2775604057567922,42,price_up_oi_down,1.9908301021374146,0.011293650765527463,1,0.3,13.60709181262481,0.042666566333513956,4.358986883576832,13.542681595909759,0.02182210121406225,1.9908301021374146,0,1.0,1.0
2025-09-08,74050.0392085257,74776.68653775219,76543.26510287877,73067.86963720394,1006332.0,75324013580.0,807874.0,0.2196612103287803,42,price_up_oi_down,1.8384374425278434,0.007394479483856298,1,0.3,13.602161384749174,-0.004930427875637022,-0.49182932672470203,13.542681595909759,0.02182210121406225,1.8384374425278434,0,1.0,1.0
2025-09-09,74742.83876475392,72925.30501241976,75194.95541658941,72597.14196793671,794938.0,59116508600.0,806377.0,-0.0142872508931811,42,price_up_oi_down,1.781110300009677,-0.024758806668943922,0,0.3,13.60030665406709,-0.0018547306820835274,-0.1853011732026011,13.542681595909759,0.02182210121406225,1.781110300009677,0,1.0,1.0
2025-09-10,69318.74672267797,70827.04237735186,71184.18032516653,68637.66990053587,1063402.0,74610858240.0,796180.0,0.2894031908943295,42,price_up_oi_down,1.205028433738169,-0.028772764607711387,0,0.3,13.587580569916105,-0.012726084150985528,-1.2645449957030097,13.544600968959713,0.024056978971305654,1.205028433738169,0,1.0,1.0
2025-09-11,71164.17365597397,71180.7106156905,71575.2232944231,70300.30500509261,564454.0,39926781980.0,778508.0,-0.3215203751665091,42,price_up_oi_down,0.1897744889658472,0.004993406846701021,1,0.4,13.565134546375516,-0.022446023540588556,-2.2195985832350495,13.555343397111509,0.034799407123101034,0.1897744889658472,0,1.0,1.0
2025-09-12,70723.93901884858,71280.28673054207,71695.27302363489,70533.8432333835,523111.0,37186284040.0,761900.0,-0.3760216348394565,42,price_up_oi_down,-0.4905232119299955,0.0013989199319626167,1,0.5,13.543570592461101,-0.02156395391441457,-2.133311411057992,13.564779896333405,0.02916371565819187,-0.4905232119299955,0,1.0,1.0
2025-09-15,71439.15090812596,72799.4565240237,73279.47950258698,70997.80577843661,646168.0,46720924920.0,761248.0,-0.1638996598709886,42,price_up_oi_down,-0.6667950571312358,0.021312621808389887,1,0.6,13.542714470744993,-0.0008561217161080492,-0.08557553484708214,13.564779896333405,0.02232008996419932,-0.6667950571312358,0,1.0,1.0
2025-09-16,74198.00746242359,73335.25232560298,75186.7049656234,72891.13041629724,671978.0,49511927580.0,754858.0,-0.1163040501976561,42,price_up_oi_down,-0.9369595338285223,0.0073598873832592115,1,0.7,13.534284931071802,-0.008429539673191044,-0.8394110723443204,13.564779896333405,0.0219524659670558,-0.9369595338285223,0,1.0,1.0
2025-09-17,73265.11661796016,73784.71070237238,74179.01713955746,72868.94045876228,456716.0,33556872440.0,750058.0,-0.4960887833572136,42,price_up_oi_down,-1.1086868261386826,0.006128817485673066,1,0.8,13.527905815855759,-0.006379115216043729,-0.6358811856005397,13.564779896333405,0.022433049585555587,-1.1086868261386826,1,0.0,0.0
2025-09-18,73376.43947006066,72980.54377817239,73876.43968177334,71823.46555123864,661600.0,48169792900.0,732100.0,-0.1012559729431154,42,price_up_oi_down,-1.54670984150617,-0.01089882872135639,0,0.7,13.503672395634734,-0.024233420221024815,-2.3942148473851788,13.564779896333405,0.02664781942215111,-1.54670984150617,1,0.0,0.0
2025-09-19,72846.77072511877,74015.0978697927,74078.20225021898,72668.7077971677,492310.0,36188074740.0,734905.0,-0.4006326397831954,42,price_up_oi_down,-1.0592075027145205,0.014175752030087585,1,0.7,13.507496518140572,0.00382412250583819,0.38314437918314237,13.55435256941831,0.029837377030172973,-1.0592075027145205,0,1.0,1.0
2025-09-22,74342.83375,73552.11577405642,74887.70581197525,73167.71919640193,534038.0,39424924800.0,724411.0,-0.3048919133975847,42,price_up_oi_down,-1.1708816297969296,-0.006255238580522571,0,0.6,13.493114189856778,-0.014382328283794266,-1.4279396656710852,13.543142531603047,0.028819014117472008,-1.1708816297969296,0,1.0,1.0
2025-09-23,73486.93146672803,73616.79634309075,74425.11662628764,72433.78092225184,670365.0,49253689460.0,704420.0,-0.0495524290097492,42,price_up_oi_down,-1.7171702197081287,0.000879384207424172,1,0.7,13.465130048159661,-0.02798414169711627,-2.7596212647240215,13.538499700908398,0.028819014117472008,-1.7171702197081287,1,0.0,0.0
2025-09-24,73787.78901126204,72877.51772622895,73835.2122112146,72830.99380229185,467625.0,34307366100.0,714619.0,-0.4240828408686841,42,price_up_oi_down,-1.3640182832561039,-0.010042254669931583,0,0.7,13.479504812519131,0.01437476435947005,1.4478578121007946,13.531095373463781,0.025510916576128473,-1.3640182832561039,0,1.0,1.0
2025-09-25,72981.5249512127,73966.6245575457,74396.25226619895,72792.31026181286,470404.0,34618955400.0,713068.0,-0.4159848875860876,42,price_up_oi_down,-1.0979206066586502,0.014944345873690201,1,0.7,13.47733206651785,-0.002172746001281922,-0.2170387297286358,13.517701166998165,0.024800140444107832,-1.0979206066586502,1,0.0,0.0
2025-09-26,73750.7980399463,72869.76578245863,74423.34872687813,72188.28967106793,633239.0,46378488660.0,695123.0,-0.0932408902989855,42,price_up_oi_down,-1.3342913758995771,-0.01482910409455973,0,0.6,13.451844087305362,-0.025487979212487133,-2.5165902831147724,13.505584456887654,0.027166017369163242,-1.3342913758995771,0,1.0,1.0
2025-09-29,72643.93976689041,73840.64439353479,74564.4334883514,72323.69926427922,657174.0,48424073600.0,695786.0,-0.0570933181877825,42,price_up_oi_down,-1.216203849529053,0.0133234764878285,1,0.6,13.452797420773209,0.0009533334678462069,0.09537880346364158,13.498393292745757,0.025286874668954518,-1.216203849529053,0,1.0,1.0
2025-09-30,73836.5524679153,72835.58795828783,73956.84572743287,72746.4707522058,432403.0,31629261540.0,676349.0,-0.4473511912483404,42,price_up_oi_down,-1.969193368766684,-0.013611154717048546,0,0.5,13.424464493991815,-0.028332926781393653,-2.793531344407596,13.486309501187954,0.02118323499045527,-1.969193368766684,0,1.0,1.0
2025-10-09,73359.53557739544,73428.63143671412,75023.67772874047,72675.29639939361,547026.0,40310546880.0,677908.0,-0.2145152522328398,42,price_up_oi_down,-1.369573553844941,0.00814222133781528,1,0.5,13.426766864500037,0.002302370508221685,0.2305022998481343,13.47841843951849,0.025437487430762573,-1.369573553844941,0,1.0,1.0
2025-10-10,73241.47073365533,72930.97172346618,73953.37703438438,72735.39369318754,445495.0,32601094140.0,681696.0,-0.4253977871644677,42,price_up_oi_down,-1.2712482500104036,-0.006777461373181803,0,0.5,13.432339089649929,0.005572225149892418,0.5587778872648164,13.471231057338755,0.02063505127570764,-1.2712482500104036,0,1.0,1.0
2025-10-13,72485.5632461628,72518.54041722041,73128.47540227865,72014.95473358425,434460.0,31460634540.0,682469.0,-0.4516132241533332,42,price_up_oi_down,-0.7290752456985361,-0.00565509133498987,0,0.4,13.433472383764254,0.0011332941143251674,0.11339365347609043,13.458963734466435,0.0235828614346012,-0.7290752456985361,0,1.0,1.0
2025-10-14,72587.02824994612,72817.30063893492,74436.75727402422,72543.75059932348,435820.0,31894815480.0,665639.0,-0.4235181674716767,42,price_up_oi_down,-1.3137531135888252,0.004119777094183652,1,0.5,13.40850276052259,-0.024969623241664962,-2.466046076818096,13.452320754039285,0.022496488433960238,-1.3137531135888252,0,1.0,1.0
2025-10-15,73067.43555965202,72976.96043622174,73865.9818364928,72832.54135014435,358650.0,26237018920.0,673419.0,-0.6300207387847092,42,price_up_oi_down,-0.8918737097745751,0.0021926080187797403,1,0.5,13.42012300033929,0.011620239816700462,1.1688017078326007,13.442658235534807,0.017042556288881627,-0.8918737097745751,0,1.0,1.0
2025-10-16,73095.43371227075,74995.10715339353,75053.88695063797,73031.24766298755,507153.0,37500137060.0,681313.0,-0.2952090855517831,42,price_up_oi_down,-0.04799687661563162,0.027654573513452352,1,0.6,13.431777097748071,0.011654097408781539,1.1722270978395732,13.432905736707092,0.015860543483036338,-0.04799687661563162,0,1.0,1.0
2025-10-17,75060.94155251276,75753.86116644893,76830.50495073886,74886.42864203273,755131.0,57266505700.0,705766.0,0.0676075063376109,42,price_up_oi_down,2.4163736191758893,0.010117380211264404,1,0.6,13.467039016776218,0.03526191902814624,3.589099283295538,13.432058093699,0.00976434653344782,2.4163736191758893,0,1.0,1.0
2025-10-20,76508.5044800564,75863.93064959011,76657.56991177541,75619.3038260488,400577.0,30467891720.0,706153.0,-0.5669259201909042,42,price_up_oi_down,2.454240890308722,0.0014529884212679534,1,0.7,13.467587206877338,0.0005481901011208379,0.054834038477435953,13.432058093699,0.00976434653344782,2.454240890308722,0,1.0,1.0
2025-10-21,75799.73084965374,75890.41507819353,76256.60988975276,75287.90779764816,347988.0,26357308660.0,701145.0,-0.7005467165842276,42,price_up_oi_down,1.9626057706914393,0.0003491043553458528,1,0.7,13.460469991987674,-0.007117214889664325,-0.7091947495798334,13.432058093699,0.00976434653344782,1.9626057706914393,0,1.0,1.0
2025-10-22,75987.18252116714,77060.78790431879,77385.851122628,75612.40556535861,563416.0,43192986220.0,743009.0,-0.2766899036545154,42,price_up_oi_down,5.968612974517485,0.015421879362754298,1,0.8,13.518463436681715,0.05799344469404133,5.970804897703075,13.432058093699,0.00976434653344782,5.968612974517485,0,1.0,1.0
2025-10-23,77168.343357716,79720.24378879322,79738.82389870785,77038.45516159448,699824.0,54853905300.0,815542.0,-0.1530240480222876,42,price_up_oi_down,6.482767340784262,0.03451114317409387,1,0.8,13.61160820186294,0.09314476518122383,9.762062101535873,13.432905736707092,0.018592856276152148,6.482767340784262,0,1.0,1.0
2025-10-24,79445.50729018818,79399.00301292715,80746.89789944637,78746.40648979953,864433.0,68979370980.0,812167.0,0.0623678166338737,42,price_up_oi_down,5.321476618045272,-0.004029601022259133,0,0.8,13.607461263022294,-0.004146938840644765,-0.41383521633466813,13.446971187875963,0.02034192395081469,5.321476618045272,0,1.0,1.0
2025-10-27,79849.18173558591,81770.0015767604,81917.71339149898,79464.7064607086,697443.0,56483493000.0,862528.0,-0.2124468222205771,42,price_up_oi_down,3.637331678960548,0.029861817829717863,1,0.9,13.66762289112883,0.06016162810653647,6.2008183046096566,13.463754504381946,0.037804455338265264,3.637331678960548,0,1.0,1.0
2025-10-28,81517.20006143051,81468.53358311905,83367.60776617832,81050.7707452753,937954.0,77075457040.0,862606.0,0.0837428673871411,42,price_up_oi_down,2.7489828779441035,-0.0036867798438081634,0,0.8,13.667713318886967,9.042775813661308e-05,0.009043184684953687,13.467313111826778,0.04917021817121281,2.7489828779441035,0,1.0,1.0
2025-10-29,82052.35734934374,82742.55279509487,83084.4122148352,81181.9337122539,834935.0,68745920580.0,875981.0,-0.0479905236940014,42,price_up_oi_down,1.9113362216495269,0.01563817532907974,1,0.8,13.683099680185592,0.015386361298624252,1.5505340792901112,13.493025321779527,0.06707527273584635,1.9113362216495269,0,1.0,1.0
2025-10-30,82898.36299823949,83298.19290610154,84825.80145309381,82125.81992434026,1037085.0,86676699720.0,912869.0,0.1275767848062199,42,price_up_oi_down,1.0972207300291492,0.006715288472941561,1,0.8,13.724347666259431,0.041247986073839726,4.211050239674141,13.562962349852004,0.09920784547005823,1.0972207300291492,0,1.0,1.0
2025-10-31,83648.61237951665,80702.71595711434,84346.29972383427,80201.29936025204,1119094.0,92101375820.0,883092.0,0.2368453229214352,42,price_up_oi_down,0.6690158066964531,-0.031158862616779248,0,0.7,13.691184664419145,-0.0331630018402862,-3.261913812387096,13.609534732442617,0.0823181217519382,0.6690158066964531,0,1.0,1.0
2025-11-03,81151.1231462815,82198.87581014527,82752.20293625066,81008.98268696341,745234.0,61183535140.0,904776.0,-0.1939891362290626,42,price_up_oi_down,1.0761273035041419,0.018539151195679615,1,0.7,13.715442678233309,0.024258013814163704,2.4554633039364893,13.639615546495886,0.04752662580648259,1.0761273035041419,0,1.0,1.0
2025-11-04,82519.24713724997,78692.84692417741,82807.97489575723,77659.92559185383,1232964.0,98034986460.0,826917.0,0.3994719784277493,42,price_up_oi_down,-0.5483581832138787,-0.0426530028715445,0,0.6,13.625459606212196,-0.08998307202111278,-8.605334359001592,13.667668105007898,0.0519172381851849,-0.5483581832138787,0,1.0,1.0
2025-11-05,78640.6837239459,79192.40572818888,79927.33356274104,78172.88566899083,657037.0,51938392260.0,827766.0,-0.2309901722587907,42,price_up_oi_down,-0.6173848893279873,0.006348211095893008,1,0.6,13.626485784730383,0.001026178518186427,0.10267052195098714,13.667668105007898,0.04499153601055639,-0.6173848893279873,0,1.0,1.0
2025-11-06,79512.30010349808,80510.1420147731,80919.95461318741,78748.63193195593,705444.0,56274716040.0,853714.0,-0.1907688512717061,42,price_up_oi_down,-0.16688743293235467,0.016639679960059217,1,0.6,13.6573515220674,0.030865737337016697,3.1347023192543677,13.667668105007898,0.041695409536608885,-0.16688743293235467,0,1.0,1.0
2025-11-07,79816.97242700114,82428.04396778831,82519.56510920623,79131.24424953933,1067704.0,86833850220.0,909484.0,0.1603884218280704,42,price_up_oi_down,1.104319572590663,0.023821867717775058,1,0.7,13.720632684702009,0.0632811626346097,6.532632708377761,13.667668105007898,0.03234943984438132,1.104319572590663,0,1.0,1.0
2025-11-10,82676.24205545326,87263.16601087779,87297.18637175424,82478.09376893354,1306577.0,111623894660.0,986598.0,0.2809033576792054,42,price_up_oi_down,2.940146235210665,0.05865870170325738,1,0.7,13.802017940615723,0.08138525591371426,8.478873734997073,13.67540649953628,0.029045578082954826,2.940146235210665,0,1.0,1.0
2025-11-11,87647.56146791585,86597.97612100946,88245.24309499348,85857.79435856937,1125244.0,97691480080.0,992253.0,0.1257770649202156,42,price_up_oi_down,2.570675422819001,-0.007622802612793245,0,0.7,13.807733394072336,0.005715453456613062,0.5731817822456131,13.68714217230237,0.03164058131730485,2.570675422819001,0,1.0,1.0
2025-11-12,86882.0017364286,86625.2703334333,88196.19575903086,85421.89596911056,1413311.0,122495650300.0,1003409.0,0.3425319760326358,42,price_up_oi_down,2.3276322205783737,0.0003151830290548663,1,0.7,13.818913760495752,0.011180366423415578,1.1243100298008901,13.703313671326228,0.033498072096016074,2.3276322205783737,0,1.0,1.0
2025-11-13,86435.64090827676,87885.28761296567,89815.72455717275,86300.67557563333,1389104.0,122735384160.0,1037262.0,0.292074385762664,42,price_up_oi_down,1.2500550686102139,0.014545608627625217,1,0.7,13.852095107180977,0.03318134668522532,3.373798720162924,13.71803768146766,0.07233320927416198,1.2500550686102139,0,1.0,1.0
2025-11-14,87640.59150818801,87524.8517046308,88414.31705904912,86789.63741368843,939478.0,82124244420.0,1024914.0,-0.0870395837451496,42,price_up_oi_down,0.9482359464056432,-0.004101208724743288,0,0.7,13.840119264595614,-0.011975842585362884,-1.190441759169858,13.71803768146766,0.08683798587636993,0.9482359464056432,0,1.0,1.0
2025-11-17,88075.61295069334,95362.68556890875,95363.03628799404,87872.3234839058,1850222.0,171736636900.0,1118668.0,0.5031669400595563,42,price_up_oi_down,1.6451383589603223,0.0895498102724952,1,0.7,13.927649249795527,0.08752998519991273,9.147499204811371,13.761325312658865,0.06819119988681788,1.6451383589603223,0,1.0,1.0
2025-11-18,95987.51633451723,93815.03801262262,97073.0766345479,93058.68765676089,1998474.0,189281684120.0,1022292.0,0.6703367240686223,42,price_up_oi_down,0.3353619121742204,-0.016229068498367805,0,0.7,13.837557723222947,-0.09009152657258035,-8.615245988979813,13.80487566734403,0.06573121123948411,0.3353619121742204,0,1.0,1.0
2025-11-19,93904.93402428048,99785.99208447618,100360.31266527312,93829.16801206728,2425955.0,238463478400.0,1093042.0,0.7972606264922603,42,price_up_oi_down,1.8753555503141224,0.06364602305069877,1,0.7,13.9044751927699,0.06691746954695255,6.920723237587789,13.813323577284045,0.03278360860425078,1.8753555503141224,0,1.0,1.0
2025-11-20,99712.76361093718,99487.06486152818,102960.57210973871,98277.25509880828,2503762.0,251179898600.0,1077295.0,0.8433411311226615,42,price_up_oi_down,1.6628346335468103,-0.002995683228713464,0,0.6,13.889963827638802,-0.01451136513109752,-1.4406582729666662,13.828235741859348,0.02503858328262698,1.6628346335468103,0,1.0,1.0
2025-11-21,95243.787035506,91473.83576451118,96545.82633711142,91466.69468483004,2106084.0,197017225480.0,998213.0,0.7466188975454795,42,price_up_oi_down,-0.49880625867631867,-0.08054543681804538,0,0.5,13.813721959375037,-0.07624186826376445,-7.340793376001942,13.83883849390928,0.03396282656525074,-0.49880625867631867,0,1.0,1.0
2025-11-24,91422.30929616808,91310.30934205856,93560.78229623068,90743.56703305389,971940.0,89390422140.0,977397.0,-0.0055988413035321,42,price_up_oi_down,-1.1082897362661,-0.0017876852007562283,0,0.4,13.792648194445771,-0.021073764929266048,-2.085326478416849,13.83883849390928,0.028110817185593717,-1.1082897362661,0,1.0,1.0
2025-11-25,91784.2692629965,96559.5923121724,96758.7893974076,91571.97955918236,1264789.0,119095703640.0,1033634.0,0.2018245616060854,42,price_up_oi_down,0.23400891299810428,0.05748839323771682,1,0.5,13.848591306206297,0.055943111760525355,5.753752057761541,13.83883849390928,0.028110817185593717,0.23400891299810428,0,1.0,1.0
2025-11-26,96939.3153038987,95686.16019824593,99060.80615547638,94666.29471466424,1354151.0,131201263500.0,1055255.0,0.2493922458071137,42,price_up_oi_down,0.5999216770350551,-0.009045524043874598,0,0.4,13.869293001847213,0.020701695640916284,2.0917462080387805,13.844355285400955,0.028037425465559984,0.5999216770350551,0,1.0,1.0
2025-11-27,95885.84905214592,95245.89217620356,97876.90625824616,94877.20522677424,1092456.0,105500093340.0,1066017.0,0.0244990994933621,42,price_up_oi_down,0.7063176570166061,-0.004601167202552658,0,0.3,13.879439831047934,0.010146829200721186,1.019848283116409,13.850343206693637,0.027785521236087796,0.7063176570166061,0,1.0,1.0
2025-11-28,94231.2558839615,95819.86815120305,96896.36948594336,93419.24025260718,841418.0,80778102080.0,1070772.0,-0.2410465987862632,42,price_up_oi_down,0.642191959449208,0.006026254381004126,1,0.4,13.883890441612563,0.004450610564628477,0.4460529241090416,13.858942154026755,0.026203052207927513,0.642191959449208,0,1.0,1.0
2025-12-01,96305.60685863173,96392.8420646492,97826.513392808,95312.46495751526,778250.0,75413399420.0,1078188.0,-0.3259893239733702,42,price_up_oi_down,0.39650722536716043,0.0059796984122542085,1,0.4,13.890792412277225,0.006901970664662471,0.6925844157300354,13.874366416447574,0.02794194328180133,0.39650722536716043,0,1.0,1.0
2025-12-02,96295.80925291964,96029.9968753506,96691.71560266276,94627.6404407954,600263.0,57689691460.0,1078521.0,-0.585978044618334,42,price_up_oi_down,0.5349370566088599,-0.003764233749382062,0,0.4,13.89110121610996,0.00030880383273412804,0.030885151754600493,13.874366416447574,0.02110055303546421,0.5349370566088599,0,1.0,1.0
2025-12-03,95825.3310298964,93184.9829012468,97012.8317608656,92123.7651278772,874952.0,82790143280.0,1062943.0,-0.1946277273691737,42,price_up_oi_down,-0.3162790121978804,-0.029626304974233242,0,0.3,13.87655203406136,-0.014549182048599008,-1.4443854129868372,13.881665136330248,0.01090410713137313,-0.3162790121978804,0,1.0,1.0
2025-12-04,93375.82543688171,93290.9207135939,94118.91389618372,91215.7044982764,878929.0,81820810260.0,1045917.0,-0.1739451707556575,42,price_up_oi_down,-0.9582483876808315,0.0011368549850931942,1,0.4,13.860404570554238,-0.016147463507122595,-1.6017792111147955,13.877995932554647,0.012382187403366274,-0.9582483876808315,0,1.0,1.0
2025-12-05,93034.53546790572,91762.80919857872,93458.76203456812,91699.91084232244,635658.0,59054278680.0,1052293.0,-0.5040661887699388,42,price_up_oi_down,-0.285901730030028,-0.016380066820291583,0,0.4,13.866482150611368,0.00607758005713066,0.6096086018297697,13.872922517954287,0.015193920861493737,-0.285901730030028,0,1.0,1.0
2025-12-08,91728.0864359336,94412.5482067781,95010.31294088792,90866.27026331754,797660.0,74711403600.0,1053690.0,-0.2783711266978205,42,price_up_oi_down,-0.29371903461983107,0.028875957823667253,1,0.5,13.867808847175308,0.0013266965639395778,0.13275770151468524,13.872922517954287,0.011742935529162501,-0.29371903461983107,0,1.0,1.0
2025-12-09,94169.64400943472,92396.22369720136,94346.34559332224,91932.0936839109,658380.0,61468541620.0,1022990.0,-0.4407027185020209,42,price_up_oi_down,-2.6757265326644157,-0.021356530968327125,0,0.4,13.838240269714921,-0.029568577460386436,-2.9135704049577438,13.872922517954287,0.008742618375961797,-2.6757265326644157,0,1.0,1.0
2025-12-10,92509.38216747611,95566.96369037496,96377.8973389726,92485.6714515118,786721.0,74649888500.0,1040523.0,-0.279605075583625,42,price_up_oi_down,-1.3646623486218608,0.034316770386251694,1,0.5,13.855234029328848,0.016993759613926684,1.7138974965541731,13.872922517954287,0.008742618375961797,-1.3646623486218608,0,1.0,1.0
2025-12-11,95648.02809816114,98510.09342365916,99134.08583303752,95109.51829529372,916030.0,89519434520.0,1063114.0,-0.1489085010122777,42,price_up_oi_down,0.26033513864255076,0.030796518165205677,1,0.6,13.876712895223942,0.0214788658950944,2.171119715758252,13.872180440618333,0.011742935529162501,0.26033513864255076,0,1.0,1.0
2025-12-12,99217.16743064365,97397.64133122387,101239.12585898608,97307.12771298915,933571.0,92904970440.0,1055570.0,-0.1228191664329722,42,price_up_oi_down,-0.14870568254183777,-0.01129277268727169,0,0.5,13.869591463351448,-0.00712143187249481,-0.709613456317959,13.872180440618333,0.011742935529162501,-0.14870568254183777,0,1.0,1.0
2025-12-15,97619.1259919536,100757.24435037804,100889.7477027956,97049.20803316263,850720.0,84432867100.0,1079143.0,-0.2378394368412476,42,price_up_oi_down,1.9006472026557004,0.03449367944885884,1,0.5,13.891677765579413,0.02208630222796515,2.2332010193545138,13.868700155263378,0.008154162334852444,1.9006472026557004,0,1.0,1.0
2025-12-16,101100.82794813174,100362.44145363112,101922.11573169942,99600.43815307198,747122.0,75366376300.0,1084952.0,-0.3730625336206029,42,price_up_oi_down,2.344718542110193,-0.003918357427223906,0,0.5,13.897046304346759,0.005368538767346109,0.5382975194204942,13.868700155263378,0.008154162334852444,2.344718542110193,0,1.0,1.0
2025-12-17,101295.32898209298,108400.26703020018,109587.2668483119,101193.02767984728,1496124.0,159942972260.0,1078305.0,0.3274873999941869,42,price_up_oi_down,1.8363887371795922,0.08008798371333614,1,0.6,13.890900921787912,-0.00614538255884689,-0.6126538316901908,13.868700155263378,0.008154162334852444,1.8363887371795922,0,1.0,1.0
2025-12-18,107477.65326172506,106093.20558115456,109766.5623877292,104632.588919606,1311248.0,140650578460.0,1066231.0,0.2068493552607957,42,price_up_oi_down,0.678182040451434,-0.02128280226840107,0,0.5,13.87964055816853,-0.011260363619381764,-1.1197203017699664,13.868700155263378,0.010880855321834915,0.678182040451434,0,1.0,1.0
2025-12-19,105974.6308897307,111306.9801743984,113395.26791912231,105640.0232253666,1201502.0,132184460240.0,1052074.0,0.132808986731991,42,price_up_oi_down,-0.3799749165361172,0.04914334112805774,1,0.6,13.86627401201122,-0.013366546157310921,-1.3277610574067733,13.873152179287695,0.012209385588271893,-0.3799749165361172,0,1.0,1.0
2025-12-22,109222.42648131136,114367.91199111343,116426.00999874924,108990.26848739096,1348497.0,153719491540.0,1078482.0,0.2234361420402812,42,price_up_oi_down,0.9812086968687102,0.027499908917833382,1,0.6,13.891065054825061,0.024791042813841813,2.510089594458087,13.873152179287695,0.012313454888346342,0.9812086968687102,0,1.0,1.0
2025-12-23,113910.09381126772,120307.89126146983,120413.14911482352,113729.33259349682,983944.0,115965242780.0,1084473.0,-0.0972804488277718,42,price_up_oi_down,0.9705803797483992,0.05193746363768481,1,0.7,13.89660471267359,0.005539657848528279,0.5555030125677485,13.878176726696235,0.012806261610251113,0.9705803797483992,0,1.0,1.0
2025-12-24,121896.86342590456,124702.76002600374,127879.23811572068,118201.52250483094,1341782.0,165156216120.0,1075229.0,0.2214649190915442,42,price_up_oi_down,0.18808605371870063,0.036530178681150494,1,0.7,13.888044220113482,-0.008560492560107491,-0.8523955875343048,13.885270739978221,0.009945908724823482,0.18808605371870063,0,1.0,1.0
2025-12-25,119346.05829343847,123776.4832185734,124737.15428842993,116316.19579867784,1532681.0,185602954340.0,1072674.0,0.3568638930981281,42,price_up_oi_down,-0.34925732313073354,-0.007427877356020018,0,0.6,13.885665154387425,-0.0023790657260569503,-0.23762379920919674,13.889472570950698,0.0073529375594763025,-0.34925732313073354,0,1.0,1.0
2025-12-26,125082.85493410258,130537.55436496645,131339.3934854317,124608.84961145816,730772.0,94597773880.0,1040008.0,-0.3528821748199254,42,price_up_oi_down,-4.2830792109584825,0.05462322866657843,1,0.7,13.854738963395661,-0.030926190991763747,-3.0452868252611287,13.889472570950698,0.005469779143082221,-4.2830792109584825,1,0.0,0.0
2025-12-29,129894.09173548224,119352.66209023353,134765.28588708013,117774.392540601,1160073.0,147343876560.0,945569.0,0.2044513504583084,42,price_up_oi_down,-16.022013250545143,-0.08568332943837276,0,0.6,13.759542141678647,-0.09519682171701405,-9.080603226128947,13.889472570950698,0.005469779143082221,-16.022013250545143,0,1.0,1.0
2025-12-30,117716.60495666892,121834.2382644608,124243.64990879135,116072.38905368248,762832.0,92155893780.0,945781.0,-0.2149732176400139,42,price_up_oi_down,-10.106006661990758,0.020791963335942576,1,0.7,13.759766320176427,0.0002241784977794481,0.02242036276567383,13.886854687250453,0.008482077252529585,-10.106006661990758,0,1.0,1.0
2025-12-31,123305.32261163506,121962.10617464282,124553.43911456253,117910.11908198302,684725.0,82909697340.0,914644.0,-0.2895176207278666,42,price_up_oi_down,-9.431667801655696,0.0010495236150651621,1,0.7,13.726290197511632,-0.03347612266479416,-3.2921997798644798,13.882652856277979,0.011182027471346778,-9.431667801655696,1,0.0,0.0
2026-01-05,124961.46400001748,130229.31378172876,130525.3864522402,123189.80880435582,589309.0,74757225040.0,957057.0,-0.4849122867235071,42,price_up_oi_down,-3.7632596121280693,0.06778505116374234,1,0.8,13.771618229789924,0.04532803227829163,4.637104709591933,13.872957285089875,0.018163045714699955,-3.7632596121280693,0,1.0,1.0
2026-01-06,132404.52118275614,138166.55286437558,138166.55286437558,132114.8643626361,535575.0,73066226880.0,996465.0,-0.6208730800024855,42,price_up_oi_down,-0.9822821315606594,0.06094817558472321,1,0.8,13.811969295087906,0.04035106529798149,4.117623088279987,13.86050648770344,0.03332839604588589,-0.9822821315606594,0,1.0,1.0
2026-01-07,143453.24648336467,142526.30217623973,147179.02169968942,138321.86876242165,737125.0,104620710600.0,964232.0,-0.2685744452353813,42,price_up_oi_down,-0.6128674671536025,0.03155430327731823,1,0.8,13.779087208538186,-0.03288208654971925,-3.234734787473703,13.833354129241783,0.05972341251756852,-0.6128674671536025,0,1.0,1.0
2026-01-08,141588.204143394,145184.63443672733,148776.7318751191,137239.57490175896,1144860.0,164726973720.0,989432.0,0.1459065966656745,42,price_up_oi_down,0.13260801071384362,0.01865152059582975,1,0.8,13.804886320086768,0.025799111548581166,2.6134789137883807,13.795528251813046,0.04759841085850702,0.13260801071384362,0,1.0,1.0
2026-01-09,142981.7139322871,143679.74584338462,147240.573449574,139564.8883535551,905641.0,129983523780.0,1001115.0,-0.1002266775556375,42,price_up_oi_down,0.5139782733416529,-0.010365343406905425,0,0.7,13.816624936813453,0.01173861672668508,1.1807784668375065,13.791986764312476,0.03233253338493913,0.5139782733416529,0,1.0,1.0
2026-01-13,167529.52447989667,167443.3787281536,174245.3442661524,162100.64820844898,1181972.0,198744669720.0,901351.0,0.2710447601278082,42,price_up_oi_down,-1.9060043868881338,0.16539306041557222,1,0.8,13.711650027876509,-0.10497490893694383,-9.965288703095998,13.791986764312476,0.02842930831851298,-1.9060043868881338,1,0.0,0.0
2026-01-14,169286.22532991966,162417.9492236421,173730.33239279574,155678.99591627813,1086844.0,180440296160.0,886318.0,0.2039575598740982,42,price_up_oi_down,-1.6420545799018658,-0.03001270962568392,0,0.7,13.694831081670662,-0.016818946205846785,-1.6678297355857685,13.775352719164054,0.03307508842328222,-1.6420545799018658,1,0.0,0.0
2026-01-15,164843.24689602604,163539.22487832644,165652.40719086834,156026.33602988205,651211.0,104820906280.0,874882.0,-0.2952553136831591,42,price_up_oi_down,-1.4391215006073421,0.006903643716990926,1,0.8,13.681844299102853,-0.012986782567809385,-1.2902818175868913,13.765692274983175,0.03929806128756752,-1.4391215006073421,1,0.0,0.0
2026-01-16,163259.50143627636,146675.0696779114,166082.76646742094,146667.58671908715,879068.0,134955608860.0,826015.0,0.0622493221676986,42,price_up_oi_down,-2.225088199370979,-0.10311994087633714,0,0.7,13.624368212144523,-0.05747608695832973,-5.585553251752873,13.765692274983175,0.04283954878813656,-2.225088199370979,1,0.0,0.0
2026-01-19,147848.58743901053,147638.95940083844,151447.76571205552,142576.95000708665,461663.0,68114153180.0,824352.0,-0.5797624354746617,42,price_up_oi_down,-1.5517919179370663,0.00657159887528036,1,0.7,13.622352902140321,-0.0020153100042019645,-0.2013280630496772,13.748954213650778,0.05502761920805277,-1.5517919179370663,1,0.0,0.0
2026-01-20,149784.71908237043,160827.26077906342,160945.70356553965,149430.5962560442,614256.0,95626796320.0,832076.0,-0.3035120034398991,42,price_up_oi_down,-1.205501601607679,0.08932805698270241,1,0.7,13.631679061785386,0.009326159645064891,0.9369783781685515,13.741634128833216,0.06152101049195746,-1.205501601607679,0,1.0,1.0
2026-01-21,160784.93201680097,167131.02281302467,169253.4073182845,158625.4844528606,492964.0,81233648700.0,848112.0,-0.542576553478346,42,price_up_oi_down,-0.4575038179808181,0.03919585525131253,1,0.7,13.650767981524542,0.01908891973915594,1.9272278013066968,13.703240554773586,0.07735949819683174,-0.4575038179808181,0,1.0,1.0
2026-01-22,165802.19210941365,169161.99374638853,174292.69963255274,163343.16106023866,598961.0,101430017740.0,858384.0,-0.3598550643321824,42,price_up_oi_down,-0.2855110525383951,0.012151968552457149,1,0.7,13.662806830795928,0.012038849271386098,1.2111607900843202,13.688337690386756,0.06031405342180207,-0.2855110525383951,0,1.0,1.0
2026-01-23,174027.3386399998,182015.7536821401,182435.0616783925,172886.18933524424,446404.0,79242603580.0,859215.0,-0.6547948101023359,42,price_up_oi_down,-0.14424336960106426,0.07598491629876514,1,0.7,13.663774460684905,0.0009676298889775836,0.09680981938149369,13.67232556494939,0.03998548304556149,-0.14424336960106426,0,1.0,1.0
2026-01-26,189012.67495352027,166009.76492428427,189805.9036851058,163906.17968304048,813960.0,144252262980.0,805315.0,0.0106777195191791,42,price_up_oi_down,-1.3735431265059468,-0.08793738143022267,0,0.7,13.598988784208947,-0.06478567647595845,-6.273167949814629,13.663290645740418,0.031576009942638095,-1.3735431265059468,1,0.0,0.0
2026-01-27,166771.38958332816,179713.01714470427,180577.384689,164696.24224795157,508892.0,88110626940.0,804330.0,-0.4577738194390783,42,price_up_oi_down,-1.3840372183358876,0.08254485648280951,1,0.7,13.597764911711657,-0.0012238724972899462,-0.12231238707840486,13.656787406160234,0.028763769195279565,-1.3840372183358876,1,0.0,0.0
2026-01-28,181681.2570152848,166500.5262425135,182807.94406337017,164450.48044351736,633772.0,108079812700.0,782909.0,-0.2113272012620097,42,price_up_oi_down,-2.1533875353183363,-0.07351994369752368,0,0.7,13.570771748550968,-0.02699316316068945,-2.66321037385151,13.641223521654965,0.022067124085451972,-2.1533875353183363,1,0.0,0.0
2026-01-29,169078.1713269379,165121.7396866089,173909.5462173779,158884.62115414251,677465.0,112858343260.0,770794.0,-0.1290632614867201,42,price_up_oi_down,-1.6573385744251043,-0.008280974162786503,0,0.6,13.555176431371658,-0.015595317179309731,-1.5474339929672398,13.628023636964954,0.02964678900465234,-1.6573385744251043,0,1.0,1.0
2026-01-30,162177.9665723384,148314.44471031165,165436.7114079239,148234.0419816623,761224.0,117181276660.0,723001.0,0.0515170588057652,42,price_up_oi_down,-3.3644875898626676,-0.10178729347326687,0,0.6,13.49116588426581,-0.0640105471058483,-6.200489365511452,13.623360557142423,0.02650153490644236,-3.3644875898626676,0,1.0,1.0
2026-02-02,146611.9975591876,133342.39018163507,152923.71124070973,133279.75999786763,870563.0,123220088300.0,683128.0,0.2424578782854278,42,price_up_oi_down,-2.9718334770118795,-0.10094805369713022,0,0.5,13.434437529486097,-0.05672835477971283,-5.514930131493578,13.610670843174635,0.03999811648678708,-2.9718334770118795,0,1.0,1.0
2026-02-03,140083.5003928415,148148.53656549432,151731.06539756153,137654.8810307466,791263.0,115021061760.0,687342.0,0.1407984180765988,42,price_up_oi_down,-2.226715984816405,0.1110385554338027,1,0.5,13.4405872639288,0.006149734442702837,0.616868288227046,13.598376847960303,0.04779577507644195,-2.226715984816405,0,1.0,1.0
2026-02-04,149852.4826789671,147213.1328400901,152235.86704221772,145874.2966882114,396616.0,58978507460.0,688369.0,-0.5513564731785336,42,price_up_oi_down,-1.3224727989279856,-0.006313958592433888,0,0.4,13.442080310347388,0.001493046418588051,0.14941615673125241,13.584268330131312,0.07251907602892249,-1.3224727989279856,0,1.0,1.0
2026-02-05,146079.26498018863,132814.57151833372,147103.08571048957,132350.24869672625,698763.0,95464292220.0,642968.0,0.0832166726666991,42,price_up_oi_down,-1.486385329008006,-0.09780758716273497,0,0.3,13.373850235262845,-0.06823007508454282,-6.595445175479975,13.562974089961312,0.08582047326505915,-1.486385329008006,0,1.0,1.0
2026-02-06,128872.18888818256,132968.39444268707,138472.1392905837,124326.09498077138,780535.0,103187676500.0,638582.0,0.2007294887742793,42,price_up_oi_down,-1.3425964417113194,0.0011581780718399326,1,0.3,13.367005372207252,-0.006844863055592398,-0.6821490338554503,13.523171157818734,0.07845423693077969,-1.3425964417113194,0,1.0,1.0
2026-02-09,137671.6131462591,137044.41469712753,140451.77236548223,135080.8982642363,397732.0,54585040800.0,644017.0,-0.4819467116344778,42,price_up_oi_down,-0.67805873531573,0.03065405332992377,1,0.4,13.37548040225361,0.00847503004635719,0.8511044783597876,13.466623097306599,0.09066309805440653,-0.67805873531573,0,1.0,1.0
2026-02-10,136286.6540049033,137370.01178127245,140917.14186807943,133164.57548955714,358144.0,49286272680.0,643394.0,-0.5858221491400354,42,price_up_oi_down,-0.6760361494441776,0.002375850813508107,1,0.4,13.374512568285079,-0.0009678339685308401,-0.09673657682943704,13.441333787138094,0.0666684683798664,-0.6760361494441776,0,1.0,1.0
2026-02-11,137789.5558698112,150305.970077088,150442.2455473616,137788.78216959556,430482.0,62068460300.0,657690.0,-0.4238281845442276,42,price_up_oi_down,-0.44260602536722,0.09416872087346717,1,0.5,13.396488974673321,0.02197640638824261,2.2219666331984245,13.437512396707447,0.06251591143810309,-0.44260602536722,0,1.0,1.0
2026-02-12,149868.37963609432,149360.96852418713,152375.48914805488,146659.14019162883,380835.0,56894279700.0,654026.0,-0.540780895560369,42,price_up_oi_down,-0.40937488203138495,-0.006287185747952617,0,0.5,13.390902385000794,-0.005586589672526898,-0.5571013699464222,13.415463252079709,0.040466766810364874,-0.40937488203138495,0,1.0,1.0
2026-02-13,143198.076486226,152753.48003580244,153089.02055302792,142458.40507370504,368356.0,54683264240.0,641298.0,-0.5544443856328745,42,price_up_oi_down,-0.6506706055665069,0.022713507719829273,1,0.6,13.37124952646688,-0.019652858533914852,-1.946100002140605,13.393695679837059,0.0232678761020102,-0.6506706055665069,0,1.0,1.0
2026-02-24,159276.3508291665,164441.36907815718,165922.183969908,157494.00578616775,293988.0,47334809600.0,674410.0,-0.830299284393825,42,price_up_oi_down,2.052491387484979,0.0765147153414465,1,0.7,13.421593513555104,0.050343987088224296,5.16327822634719,13.383191393627202,0.012619724103220875,2.052491387484979,0,1.0,1.0
2026-02-25,164771.61681544766,166719.06548834938,171527.6011697946,164231.5750142474,414106.0,69555274220.0,697605.0,-0.5215310602999198,42,price_up_oi_down,3.859802990056354,0.013851115585820972,1,0.7,13.455408318982414,0.03381480542731019,3.4393025014457734,13.383191393627202,0.012619724103220875,3.859802990056354,0,1.0,1.0
2026-02-26,185715.14689842824,173825.49544508551,187330.43087909432,171291.77446296302,533300.0,94539711960.0,700562.0,-0.2727987524623073,42,price_up_oi_down,4.085876180874956,0.04262517868559401,1,0.8,13.459638149051,0.004229830068586793,0.42387884261145814,13.383191393627202,0.012619724103220875,4.085876180874956,0,1.0,1.0
2026-02-27,173579.22646686368,176159.30346692898,177021.516112161,168423.840914602,366879.0,63732728580.0,711725.0,-0.662659507429595,42,price_up_oi_down,4.93081088326631,0.013426154867947737,1,0.9,13.475446879830738,0.01580873077973699,1.593434985054798,13.383191393627202,0.012619724103220875,4.93081088326631,0,1.0,1.0
2026-03-02,178253.9286523041,172306.22544204665,179245.2808772253,169942.87373975292,296037.0,51372492620.0,707561.0,-0.871339398369802,42,price_up_oi_down,2.0832872677640593,-0.021872691075925377,0,0.8,13.46957912386415,-0.005867755966587396,-0.5850574308896683,13.393695679837059,0.024568230499992794,2.0832872677640593,0,1.0,1.0
2026-03-03,170437.26325620883,151111.41966204415,170696.74635237182,151102.2323009018,581706.0,91716559800.0,646830.0,-0.1061183433578977,42,price_up_oi_down,-0.5447090645287818,-0.12300661642159383,0,0.7,13.379838787798708,-0.08974033606544296,-8.583146894755378,13.409041244114213,0.03616019673823434,-0.5447090645287818,0,1.0,1.0
2026-03-04,149758.67677938045,153158.99257623355,155373.21249173625,146040.9119029409,395579.0,59839809900.0,637547.0,-0.4772774853887859,42,price_up_oi_down,-0.8143455192778775,0.013550087205644212,1,0.7,13.365383278787323,-0.014455509011384038,-1.4351529768254712,13.409041244114213,0.03616019673823434,-0.8143455192778775,0,1.0,1.0
2026-03-05,156216.6102573956,155753.50580089225,160902.90755044247,149068.68268861662,385826.0,60011531640.0,628524.0,-0.4879877228265748,42,price_up_oi_down,-0.9591428705862001,0.016939999284516727,1,0.7,13.351129492440885,-0.014253786346438702,-1.415268207677145,13.409041244114213,0.040724841487111973,-0.9591428705862001,0,1.0,1.0
2026-03-06,154927.31991833428,156224.18158616606,160675.9840093019,151360.2072328128,289829.0,45348979280.0,628484.0,-0.774019476374786,42,price_up_oi_down,-0.8268769772524764,0.003021927390035817,1,0.8,13.351065849250048,-6.364319083651537e-05,-0.006364116565160671,13.40624794927795,0.045012520097545305,-0.8268769772524764,0,1.0,1.0
2026-03-09,149591.16569525393,161052.2058880024,164966.5509483187,142154.9490176933,511798.0,80087531180.0,624728.0,-0.1993863390678192,42,price_up_oi_down,-0.7564059287349122,0.030904462118583442,1,0.8,13.345071633991534,-0.0059942152585144015,-0.5976285792479108,13.400716150676907,0.04961847983144008,-0.7564059287349122,0,1.0,1.0
2026-03-10,160928.49066619054,162775.55999529533,166456.0313688956,159491.53860823432,288901.0,47217621240.0,629166.0,-0.7783110639803302,42,price_up_oi_down,-0.6278774531654049,0.010700593002068937,1,0.8,13.352150411833996,0.007078777842462358,0.7103891613629898,13.400716150676907,0.052171234866182914,-0.6278774531654049,0,1.0,1.0
2026-03-11,163146.78709587298,155068.5139548409,166943.14634073238,154997.39712019634,344842.0,55081265780.0,625876.0,-0.5960659272958511,42,price_up_oi_down,-0.7064036218059773,-0.04734768561494862,0,0.7,13.346907547394101,-0.0052428644398947455,-0.5229144613662307,13.372611033293015,0.024542291672224437,-0.7064036218059773,0,1.0,1.0
2026-03-12,155924.10426182527,156904.13267108024,159365.41006135978,152840.81831153805,274541.0,42869667520.0,622924.0,-0.819323908703489,42,price_up_oi_down,-0.8756034962717869,0.011837468931790385,1,0.7,13.342179799958979,-0.004727747435122609,-0.4716589228537349,13.35876684531066,0.012777254617842182,-0.8756034962717869,0,1.0,1.0
2026-03-13,156381.79463058806,151920.0499496449,162673.48434004476,149911.8657299485,357448.0,56023244360.0,616621.0,-0.5452646755990004,42,price_up_oi_down,-1.6521004384881635,-0.031765146249420506,0,0.6,13.332009851590207,-0.010169948368771387,-1.01184093083585,13.35163995213744,0.008014235162183247,-1.6521004384881635,0,1.0,1.0
2026-03-16,151490.81645475328,159427.7361593808,159668.77716736504,149150.3891590934,303557.0,46963168740.0,618343.0,-0.7114739179125248,42,price_up_oi_down,-1.4713117571977827,0.049418666016923796,1,0.7,13.334798598656542,0.002788747066334807,0.27926392386885546,13.351097670845466,0.007471953870209269,-1.4713117571977827,0,1.0,1.0
2026-03-17,159687.86880114616,155185.8311259772,160339.31538322533,154172.083730815,228181.0,35835292780.0,620652.0,-1.0006313647212044,42,price_up_oi_down,-1.3161335738429192,-0.026607070611370576,0,0.7,13.338525817367001,0.0037272187104591126,0.37341734280169625,13.348986698322076,0.005360981346819393,-1.3161335738429192,0,1.0,1.0
2026-03-18,155011.86747899678,149994.04411610722,156486.50645170605,149522.86849893213,270448.0,41152950360.0,620771.0,-0.8308824106525322,42,price_up_oi_down,-0.8680747010450979,-0.0334552901653461,0,0.6,13.338717532842491,0.00019171547548957335,0.01917338540757818,13.345989590692817,0.005650361444623719,-0.8680747010450979,0,1.0,1.0
2026-03-19,147464.04049447447,142430.6882440164,149893.15344970583,139935.99507667744,398468.0,57855559440.0,595501.0,-0.4017758741783431,42,price_up_oi_down,-4.998681331806692,-0.05042437462540972,0,0.5,13.297158347037207,-0.041559185805283505,-4.070744284124029,13.343625716975257,0.0062700159415234324,-4.998681331806692,0,1.0,1.0
2026-03-20,144162.219686469,143660.4268451198,150772.4305419667,143431.96904873938,340930.0,50249847420.0,596235.0,-0.5589577070347908,42,price_up_oi_down,-4.685472221283305,0.008633944104774471,1,0.5,13.298390163635535,0.0012318165983273843,0.12325755960100881,13.340448666400736,0.006054474368779594,-4.685472221283305,0,1.0,1.0
2026-03-23,141537.9306622685,148815.72265010673,149245.78876989603,139985.10435523014,307973.0,44377186220.0,594527.0,-0.6577540146224342,42,price_up_oi_down,-4.451265436759792,0.03588528809360181,1,0.5,13.295521410397916,-0.0028687532376192593,-0.2864642297081055,13.338621675104747,0.006530891200663191,-4.451265436759792,0,1.0,1.0
2026-03-24,151664.1965311115,152727.3263218168,154407.7316207157,150024.87258602862,310003.0,47253613660.0,593785.0,-0.6499353261282232,42,price_up_oi_down,-3.627677088352794,0.02628488174537158,1,0.5,13.294272579962081,-0.0012488304358342361,-0.12480509716121801,13.336662208011772,0.007881465664768328,-3.627677088352794,0,1.0,1.0
2026-03-25,156569.4466419088,158945.7324509358,161239.94664621435,154469.19860358298,332725.0,52646176840.0,595801.0,-0.5825903957207291,42,price_up_oi_down,-2.16418272593922,0.04071574012901902,1,0.6,13.297661997675487,0.003389417713405507,0.33951682848174514,13.333404225123374,0.011139448553166176,-2.16418272593922,0,1.0,1.0
2026-03-26,159733.27686372347,157454.56882734704,162278.96627191833,155345.86062828792,376997.0,59846180600.0,608944.0,-0.4794890796022106,42,price_up_oi_down,0.14705160081317736,-0.009381589556354042,0,0.5,13.319481588441015,0.021819590765527863,2.2059378886573278,13.315200007612871,0.019638594129313347,0.14705160081317736,0,1.0,1.0
2026-03-27,156598.25564027982,168724.35994949972,170621.2081408003,156356.11914681754,492105.0,80958616920.0,643957.0,-0.2689398453319991,42,price_up_oi_down,3.1926210111564326,0.07157487525503492,1,0.6,13.375387232670928,0.055905644229913065,5.749789800047411,13.308935876038275,0.014038880858276315,3.1926210111564326,0,1.0,1.0
2026-03-30,169696.46016140867,172017.1987204765,173718.36349713017,168477.77743779297,312665.0,53550594240.0,656807.0,-0.7422578859823927,42,price_up_oi_down,4.141896481326985,0.019516083936915507,1,0.6,13.395145494798033,0.019758262127105297,1.9954748531346045,13.308935876038275,0.014038880858276315,4.141896481326985,0,1.0,1.0
2026-03-31,170060.6132286076,157514.20618042158,172350.57774880054,157386.54038812095,495446.0,80843893120.0,637141.0,-0.2515326141525883,42,price_up_oi_down,2.681380997291342,-0.08431129356792932,0,0.6,13.36474626013848,-0.030399234659553187,-2.9941824615145607,13.308935876038275,0.014038880858276315,2.681380997291342,0,1.0,1.0
2026-04-01,160921.0658526414,158636.02933433265,163638.74428842083,154462.48114040072,376936.0,60048397280.0,632433.0,-0.5174988743733379,42,price_up_oi_down,2.3250497265425563,0.007122044297554364,1,0.7,13.3573295651192,-0.007416695019280439,-0.7389259206362353,13.308935876038275,0.014038880858276315,2.3250497265425563,0,1.0,1.0
2026-04-02,158806.12338358673,159586.32301378658,162996.28811345517,155630.84601356223,344114.0,54875769980.0,629162.0,-0.6034157773860938,42,price_up_oi_down,2.0759145398228447,0.005990402580306364,1,0.8,13.352144054191156,-0.005185510928043868,-0.5172089375475419,13.308935876038275,0.014038880858276315,2.0759145398228447,0,1.0,1.0
2026-04-03,160584.66022744038,157304.77507906873,162275.11786499372,156753.96734346784,236790.0,37574705040.0,623508.0,-0.9681879234432618,42,price_up_oi_down,0.13037685983846395,-0.014296638280968166,0,0.7,13.34311687481382,-0.00902717937733577,-0.89865567214793,13.335812821316086,0.03778674066057519,0.13037685983846395,0,1.0,1.0
2026-04-07,157959.5501557473,160101.29900385477,164685.84820173986,155974.04713307845,301691.0,48536934600.0,630129.0,-0.7365212455673245,42,price_up_oi_down,0.14596906861466696,0.01777774338624094,1,0.7,13.353679839311619,0.010562964497799143,1.0618949556379986,13.347630464502487,0.027952822114956533,0.14596906861466696,0,1.0,1.0
2026-04-08,160044.03966719308,158974.50245753967,163738.15751146045,156652.59340593935,373332.0,59518001360.0,628881.0,-0.5214739454266376,42,price_up_oi_down,-0.047756239617889704,-0.007038022510285624,0,0.6,13.351697328594856,-0.0019825107167630307,-0.19805468404083815,13.352911946751387,0.017154799653316566,-0.047756239617889704,0,1.0,1.0
2026-04-09,158571.9411654249,152942.5090462755,159027.98044576278,152039.57604787394,392723.0,60746406860.0,627330.0,-0.4683681892158458,42,price_up_oi_down,-0.22976058382284478,-0.03794315011537941,0,0.5,13.349227996948954,-0.0024693316459014625,-0.2466285354463249,13.352911946751387,0.010814692662330039,-0.22976058382284478,0,1.0,1.0
2026-04-10,155232.32212888284,156580.24321692667,157863.1662904343,153194.708031876,324678.0,50466820180.0,615171.0,-0.639066355975902,42,price_up_oi_down,-2.207354090045502,0.02378497772356103,1,0.6,13.329655556920745,-0.01957244002820957,-1.938214336951738,13.352911946751387,0.007106345152689819,-2.207354090045502,0,1.0,1.0
2026-04-13,154303.892335648,165253.6425236836,165390.58274667565,153719.00941008504,397002.0,63745428340.0,644328.0,-0.4842665947589002,42,price_up_oi_down,2.187883041597341,0.05539267999948616,1,0.6,13.375963192198913,0.04630763527816839,4.73965775369769,13.352911946751387,0.007106345152689819,2.187883041597341,0,1.0,1.0
2026-04-14,165983.1761545691,165726.01561415734,167081.4200408998,163216.73165876398,276982.0,45800074500.0,655687.0,-0.8617310188065685,42,price_up_oi_down,3.8465625957540412,0.002858473091786884,1,0.6,13.393438819915167,0.017475627716253328,1.7629219900423099,13.352911946751387,0.007106345152689819,3.8465625957540412,0,1.0,1.0
2026-04-15,167077.78175155286,167597.8893141183,170808.32832713582,164276.77295724204,329817.0,55403032760.0,668920.0,-0.7071265163241406,42,price_up_oi_down,5.743030154116383,0.011294990065525035,1,0.7,13.41341975049506,0.019980930579892586,2.0181885564301894,13.352911946751387,0.007106345152689819,5.743030154116383,0,1.0,1.0
2026-04-16,169629.33685383084,174808.15542584294,174935.78738880777,168213.98640022162,369147.0,63430620540.0,715428.0,-0.6616860263078379,42,price_up_oi_down,12.12280805183242,0.04302122264923569,1,0.7,13.480636243984394,0.0672164934893349,6.952699874424395,13.352911946751387,0.007106345152689819,12.12280805183242,0,1.0,1.0
2026-04-17,176081.26271729355,176407.07757473504,176871.40194916277,172658.4679381805,283560.0,49558346840.0,726667.0,-0.9410445848436996,42,price_up_oi_down,5.885736775319104,0.009146725134173694,1,0.7,13.496223604812654,0.015587360828259733,1.570947740373696,13.352911946751387,0.016423158692546735,5.885736775319104,0,1.0,1.0
2026-04-20,176018.37904311743,179142.06795832145,180299.912828801,173714.6767278717,282626.0,50471755940.0,747723.0,-0.9729081196838788,42,price_up_oi_down,4.28822160467497,0.015503858582021524,1,0.8,13.524787867515299,0.028564262702644783,2.8976133497186085,13.364821515755267,0.0251609725506734,4.28822160467497,0,1.0,1.0
2026-04-21,179671.46512674808,173314.40311129903,179882.41679590603,168779.77690634457,422101.0,73533806760.0,718928.0,-0.5325165917322422,42,price_up_oi_down,1.9860515306587687,-0.032530967814763945,0,0.7,13.485516492606873,-0.03927137490842547,-3.8510250453710704,13.384701006057039,0.034238343285133865,1.9860515306587687,0,1.0,1.0
2026-04-22,172811.93867514384,174334.01330315473,175443.89901861927,171204.05253402764,244314.0,42414421380.0,721483.0,-1.082854532700782,42,price_up_oi_down,0.9026744342151368,0.00588300899147387,1,0.8,13.489064094894912,0.0035476022880391866,0.35539024770214755,13.403429285205114,0.06398750827026412,0.9026744342151368,0,1.0,1.0
2026-04-23,174861.7085481412,177035.88377416777,177828.43740772433,171469.10507122605,295453.0,51762398940.0,725140.0,-0.8978549679183783,42,price_up_oi_down,0.6180512672737686,0.015498240531609087,1,0.9,13.494120018643017,0.005055923748104263,0.5068726498059561,13.447027997239726,0.05139239244874361,0.6180512672737686,0,1.0,1.0
2026-04-24,177148.59241122703,177063.7011234587,178971.0913872364,173703.23181841988,308174.0,54544212040.0,739235.0,-0.8749513091686485,42,price_up_oi_down,0.7449514758734552,0.0001571283103622978,1,0.9,13.513371146673556,0.019251128030539633,1.9437625837769756,13.483076368295634,0.027429367868341714,0.7449514758734552,0,1.0,1.0
