date,open,close,high,low,volume,total_turnover,open_interest,speculation,threshold,realtime_trend,realtime_position,realtime_segment_id,trend,segment_id,is_reversal_window,reversal_segment_id,reversal_trend,is_uptrend_reversal_window,is_downtrend_reversal_window,factor_id,factor_name,factor_value,daily_return,price_ma_5,price_ma_5_prev,price_ma_5_change,volume_ma_5,volume_ma_5_prev,volume_ma_5_change,oi_change_5,oi_change_5_rate,is_price_ma_5_up,is_volume_ma_5_up,is_oi_down_5,price_volume_oi_short_score,signal,position_scale,is_effective_signal
2023-07-21,235420.71047957373,214134.19913419912,236919.3605683836,213488.42216731375,65439.0,14410336300.0,8085.0,2.091107917975069,0.02,no_trend,0.0,,no_trend,,0,,,0,0,51,price_volume_up_oi_down_short_5d,0.0,,,,,,,,,,0,0,0,0.0,0,1.0,0
2023-07-24,210553.2268650186,201296.54778235024,210904.59418070444,200627.7813712807,53983.0,11106616100.0,13122.0,1.4143789712621873,0.02,down_trend,-1.0,1.0,up_trend,1.0,0,,,0,0,51,price_volume_up_oi_down_short_5d,0.0,-0.05995142954163735,,,,,,,,,0,0,0,0.0,0,1.0,0
2023-07-25,201523.5243597752,216694.29427430092,217194.2201056821,201036.35618363527,74253.0,16208692800.0,15020.0,1.598095534571003,0.02,up_trend,1.0,2.0,up_trend,1.0,0,,,0,0,51,price_volume_up_oi_down_short_5d,0.0,0.07649284928919564,,,,,,,,,0,0,0,0.0,0,1.0,0
2023-07-26,217897.3795039775,219563.98194099808,231886.6405570061,215883.7459283388,109938.0,25102283650.0,14508.0,2.025216349105437,0.02,up_trend,1.0,2.0,up_trend,1.0,0,,,0,0,51,price_volume_up_oi_down_short_5d,0.0,0.013243023662933062,,,,,,,,,0,0,0,0.0,0,1.0,0
2023-07-27,224212.93941660432,217538.3747103608,225160.7397837765,216059.4902350215,48989.0,11093785100.0,15105.0,1.176569968274467,0.02,up_trend,1.0,2.0,up_trend,1.0,0,,,0,0,51,price_volume_up_oi_down_short_5d,0.0,-0.00922558979269017,213845.4795684418,,,70520.4,,,,,0,0,0,0.0,0,1.0,0
2023-07-28,216775.42920556173,220461.82341001357,223050.7575281323,215085.87048762976,46087.0,10413366450.0,14780.0,1.137255999052689,0.02,up_trend,1.0,2.0,up_trend,1.0,0,,,0,0,51,price_volume_up_oi_down_short_5d,0.0,0.013438772370829577,215111.00442360473,,,66650.0,,,6695.0,0.8280766852195424,0,0,0,0.0,0,1.0,0
2023-07-31,221490.2407221665,220703.6020638504,225488.57428381089,220546.55594969363,36088.0,8271107700.0,15505.0,0.8447978475536825,0.02,up_trend,1.0,2.0,up_trend,1.0,1,1.0,up_trend,1,0,51,price_volume_up_oi_down_short_5d,0.0,0.0010966917087824601,218992.41527990476,,,63071.0,,,2383.0,0.18160341411370218,0,0,0,0.0,0,1.0,0
2023-08-01,221431.6312827727,221433.656545037,222372.0691414721,219016.3320117662,22147.0,5036496500.0,15676.0,0.3455711668003232,0.02,up_trend,1.0,2.0,up_trend,1.0,1,1.0,up_trend,1,0,51,price_volume_up_oi_down_short_5d,0.0,0.0033078503221499744,219940.287734052,,,52649.8,,,656.0,0.04367509986684421,0,0,0,0.0,0,1.0,0
2023-08-02,221531.3974879472,221913.28229665072,223201.0974371987,221412.91994504805,16943.0,3865140400.0,15675.0,0.0777876826569847,0.02,up_trend,1.0,2.0,up_trend,1.0,1,1.0,up_trend,1,0,51,price_volume_up_oi_down_short_5d,0.0,0.002166002039153403,220410.1478051825,,,34050.8,,,1167.0,0.0804383788254756,0,0,0,0.0,0,1.0,0
2023-08-03,219951.91062587276,223249.91373998765,223650.94779554263,218380.141551352,21446.0,4863001100.0,16230.0,0.278676766271454,0.02,up_trend,1.0,2.0,down_trend,2.0,1,1.0,up_trend,1,0,51,price_volume_up_oi_down_short_5d,0.03603992966425751,0.006023215147393124,221552.45561110787,213845.4795684418,0.03603992966425751,28542.2,70520.4,-0.5952632146159125,1125.0,0.07447864945382324,1,0,0,0.03603992966425751,0,1.0,0
2023-08-04,224539.9914795204,222707.8457608564,226063.2341306068,222392.58829134653,13859.0,3167882600.0,16442.0,-0.1709041956432761,0.02,up_trend,1.0,2.0,down_trend,2.0,1,1.0,up_trend,1,0,51,price_volume_up_oi_down_short_5d,0.03203302256030738,-0.0024280769925070222,222001.66008127644,215111.00442360473,0.03203302256030738,22096.6,66650.0,-0.6684681170292573,1662.0,0.11244925575101489,1,0,0,0.03203302256030738,0,1.0,0
2023-08-07,221536.71889177908,213933.16142895515,222592.38278895983,213691.6035455278,33521.0,7419631950.0,18615.0,0.5882044007797698,0.02,down_trend,-1.0,3.0,down_trend,2.0,1,1.0,up_trend,1,0,51,price_volume_up_oi_down_short_5d,0.007558054795080871,-0.03939997848716792,220647.57195429737,218992.41527990476,0.007558054795080871,21583.2,63071.0,-0.6577951832062279,3110.0,0.20058045791680104,1,0,0,0.007558054795080871,0,1.0,0
2023-08-08,213715.68585718848,211639.1597789407,215440.4469625433,211233.17535545025,31800.0,6910652350.0,20447.0,0.4416301173252139,0.02,down_trend,-1.0,3.0,down_trend,2.0,0,,,0,0,51,price_volume_up_oi_down_short_5d,0.0,-0.010722982985395091,218688.6726010781,219940.287734052,-0.005690704262819368,23513.8,52649.8,-0.5533924155457381,4771.0,0.304350599642766,0,0,0,0.0,0,1.0,0
2023-08-09,212008.11296035716,212657.0317916213,212967.01628825272,210115.7397790577,27109.0,5848135400.0,20194.0,0.2944802454904577,0.02,down_trend,-1.0,3.0,down_trend,2.0,0,,,0,0,51,price_volume_up_oi_down_short_5d,0.0,0.004809469163191693,216837.42250007222,220410.1478051825,-0.016209441083756992,25547.0,34050.8,-0.24973862581789563,4519.0,0.2882934609250399,0,0,0,0.0,0,1.0,0
2023-08-10,212438.06638306292,206395.3513174404,213774.85902255643,206058.0403470176,33810.0,7225699650.0,23910.0,0.3464598352495612,0.02,down_trend,-1.0,3.0,down_trend,2.0,0,,,0,0,51,price_volume_up_oi_down_short_5d,0.0,-0.02944497259943235,213466.5100155628,221552.45561110787,-0.03649675456424817,28019.8,28542.2,-0.018302723686331124,7680.0,0.4731977818853974,0,0,0,0.0,0,1.0,0
2023-08-11,205989.2162957437,204917.29295378117,207536.06028642133,201759.6668937574,54389.0,11286591550.0,25574.0,0.7545857171442018,0.02,down_trend,-1.0,3.0,down_trend,2.0,0,,,0,0,51,price_volume_up_oi_down_short_5d,0.6349031072653715,-0.007161296774489512,209908.39945414773,222001.66008127644,-0.05447373962294366,36125.8,22096.6,0.6349031072653715,9132.0,0.555406884807201,0,1,0,0.6349031072653715,0,1.0,0
2023-08-14,203604.56147745124,193643.2345381271,203820.76516341625,193614.2972741408,54541.0,10955650500.0,31513.0,0.5485525533084864,0.02,down_trend,-1.0,3.0,down_trend,2.0,0,,,0,0,51,price_volume_up_oi_down_short_5d,0.8685737054746285,-0.05501760370315323,205850.41407598212,220647.57195429737,-0.06706240973900301,40329.8,21583.2,0.8685737054746285,12898.0,0.6928820843405855,0,1,0,0.8685737054746285,0,1.0,0
2023-08-15,193145.9369895716,189680.8139697453,194448.04466641537,189053.5795148248,86930.0,16815971400.0,35763.0,0.8881893576869988,0.02,down_trend,-1.0,3.0,down_trend,2.0,0,,,0,0,51,price_volume_up_oi_down_short_5d,1.184070630863578,-0.020462478732256484,201458.74491414306,218688.6726010781,-0.0787874720807561,51355.8,23513.8,1.184070630863578,15316.0,0.749058541595344,0,1,0,1.184070630863578,0,1.0,0
2023-08-16,189012.4814493322,191747.30923578836,195997.35098396087,187185.7054853975,81487.0,15980989350.0,34637.0,0.8555210234584508,0.02,down_trend,-1.0,3.0,down_trend,2.0,0,,,0,0,51,price_volume_up_oi_down_short_5d,1.4359572552550204,0.010894592989107776,197276.80040297646,216837.42250007222,-0.09020870047046081,62231.4,25547.0,1.4359572552550204,14443.0,0.7152124393384174,0,1,0,1.4359572552550204,0,1.0,0
2023-08-17,191672.6065578457,189797.6065547304,194125.068112158,188373.1489812119,72090.0,13960673750.0,37164.0,0.6625747876374212,0.02,down_trend,-1.0,3.0,down_trend,2.0,0,,,0,0,51,price_volume_up_oi_down_short_5d,1.4942148052448623,-0.010168083655664018,193957.25145043447,213466.5100155628,-0.09139259626114649,69887.4,28019.8,1.4942148052448623,13254.0,0.5543287327478043,0,1,0,1.4942148052448623,0,1.0,0
2023-08-18,190896.2310327949,191523.40382269217,193375.585044504,190560.69762424837,44755.0,8756758650.0,34426.0,0.2623910774735881,0.02,down_trend,-1.0,3.0,down_trend,2.0,0,,,0,0,51,price_volume_up_oi_down_short_5d,0.8812206234879227,0.009092829458121399,191278.47362421665,209908.39945414773,-0.08875264581301612,67960.6,36125.8,0.8812206234879227,8852.0,0.34613279111597717,0,1,0,0.8812206234879227,0,1.0,0
2023-08-21,193690.5635572176,197116.13041744623,199491.0705461733,191875.51058837163,62490.0,12435880500.0,32603.0,0.6506022352624492,0.04,down_trend,-1.0,3.0,down_trend,2.0,0,,,0,0,51,price_volume_up_oi_down_short_5d,0.7245411581510444,0.02920126983505189,191973.05280008048,205850.41407598212,-0.06741478436268444,69550.4,40329.8,0.7245411581510444,1090.0,0.03458889981912227,0,1,0,0.7245411581510444,0,1.0,0
2023-08-22,197312.7926191132,194571.815011419,200328.136276799,193275.62923666372,57805.0,11527571750.0,32402.0,0.5788551278390585,0.04,down_trend,-1.0,3.0,down_trend,2.0,0,,,0,0,51,price_volume_up_oi_down_short_5d,0.3348406295946148,-0.012907697612767444,192951.25300841522,201458.74491414306,-0.04222944955481345,63725.4,51355.8,0.24086081805755133,-3361.0,-0.09397981153706345,0,1,1,0.3348406295946148,0,1.0,0
2023-08-23,194557.7436274961,196128.50058430465,196390.6815590188,192090.3564733628,42217.0,8361624400.0,33373.0,0.2350757936929626,0.04,down_trend,-1.0,3.0,down_trend,2.0,0,,,0,0,51,price_volume_up_oi_down_short_5d,0.036492767849409594,0.00800057075478433,193827.4912781185,197276.80040297646,-0.017484616122179886,55871.4,62231.4,-0.10219921133061449,-1264.0,-0.036492767849409594,0,0,1,0.036492767849409594,0,1.0,0
2023-08-24,197183.17595923255,195419.81314730016,199271.6426858513,193597.96966368848,38394.0,7649422600.0,32539.0,0.1654618274742042,0.04,down_trend,-1.0,3.0,down_trend,2.0,0,,,0,0,51,price_volume_up_oi_down_short_5d,0.12957674336865654,-0.003613383240544721,194951.93259663245,193957.25145043447,0.005128352452716367,49132.2,69887.4,-0.296980571605182,-4625.0,-0.12444839091594016,1,0,1,0.12957674336865654,0,1.0,0
2023-08-25,195890.9368479195,190778.92248989124,196830.8779305266,190743.4050914061,39471.0,7765552450.0,35118.0,0.1168524055146719,0.04,down_trend,-1.0,3.0,down_trend,2.0,0,,,0,0,51,price_volume_up_oi_down_short_5d,0.018426342698551146,-0.023748311814784095,194803.03633007227,191278.47362421665,0.018426342698551146,48075.4,67960.6,-0.29259894703695966,692.0,0.02010108638819497,1,0,0,0.018426342698551146,0,1.0,0
2023-08-28,192089.34118450247,182823.25598746547,193930.8910691679,180566.2123813612,87989.0,16630150950.0,40209.0,0.7831209555005861,0.04,down_trend,-1.0,3.0,down_trend,2.0,0,,,0,0,51,price_volume_up_oi_down_short_5d,0.0,-0.04170097198681533,191944.4614440761,191973.05280008048,-0.00014893421543993313,53175.2,69550.4,-0.23544364949734287,7606.0,0.23329141490046928,0,0,0,0.0,0,1.0,0
2023-08-29,182575.4776284975,183944.18517804652,186637.9377385496,178290.49707959627,83976.0,15490366500.0,41506.0,0.704693048634028,0.04,down_trend,-1.0,3.0,down_trend,2.0,0,,,0,0,51,price_volume_up_oi_down_short_5d,0.0,0.006131217741018213,189818.9354774016,192951.25300841522,-0.01623372474744711,58409.4,63725.4,-0.08342042576429498,9104.0,0.28097031047466203,0,0,0,0.0,0,1.0,0
2023-08-30,185547.23854006163,183383.0947994899,186357.2368421052,182307.0392071593,65100.0,12081029200.0,42342.0,0.4301450479677753,0.04,down_trend,-1.0,3.0,down_trend,2.0,0,,,0,0,51,price_volume_up_oi_down_short_5d,0.12733885315205984,-0.003050329522586104,187269.85432043864,193827.4912781185,-0.033832336756969505,62986.0,55871.4,0.12733885315205984,8969.0,0.26875018727714023,0,1,0,0.12733885315205984,0,1.0,0
2023-08-31,183930.2542910141,184364.5029335453,184445.8657260217,179155.2336764675,83801.0,15406036100.0,42781.0,0.6723508618009333,0.04,down_trend,-1.0,3.0,down_trend,2.0,0,,,0,0,51,price_volume_up_oi_down_short_5d,0.4668058829036761,0.005351682689881843,185058.79227768767,194951.93259663245,-0.05074656192003135,72067.4,49132.2,0.4668058829036761,10242.0,0.3147607486400934,0,1,0,0.4668058829036761,0,1.0,0
2023-09-01,185445.62961066765,184103.68802188992,187957.24538540025,182974.90492105568,79436.0,14897708600.0,42394.0,0.627944823211373,0.04,down_trend,-1.0,3.0,down_trend,2.0,0,,,0,0,51,price_volume_up_oi_down_short_5d,0.6653090769915588,-0.0014146698930943558,183723.7453840874,194803.03633007227,-0.056874323700028095,80060.4,48075.4,0.6653090769915588,7276.0,0.20718719744860187,0,1,0,0.6653090769915588,0,1.0,0
2023-09-04,185547.80203033783,187126.3395181521,188928.1771968046,184634.9978189498,68690.0,13008244300.0,42254.0,0.4859046043477473,0.04,down_trend,-1.0,3.0,down_trend,2.0,0,,,0,0,51,price_volume_up_oi_down_short_5d,0.4330101250206866,0.016418201768466423,184584.36209022475,191944.4614440761,-0.038344942586404085,76200.6,53175.2,0.4330101250206866,2045.0,0.05085926036459499,0,1,0,0.4330101250206866,0,1.0,0
2023-09-05,188310.9369101548,187481.0988396477,190878.90534361565,186092.07441270992,68568.0,13063682000.0,42918.0,0.4685346352422799,0.04,down_trend,-1.0,3.0,down_trend,2.0,0,,,0,0,51,price_volume_up_oi_down_short_5d,0.25183617705369343,0.0018958278263183637,185291.74482254498,189818.9354774016,-0.023850047643932726,73119.0,58409.4,0.25183617705369343,1412.0,0.03401917795017588,0,1,0,0.25183617705369343,0,1.0,0
2023-09-06,187975.35199832992,187410.7465832597,189345.8439854302,186605.4023335112,46941.0,8938236200.0,44121.0,0.0619556344017436,0.04,down_trend,-1.0,3.0,down_trend,2.0,0,,,0,0,51,price_volume_up_oi_down_short_5d,0.10321658781316478,-0.0003752498615776645,186097.27517929894,187269.85432043864,-0.006261440985228073,69487.2,62986.0,0.10321658781316478,1779.0,0.04201502054697463,0,1,0,0.10321658781316478,0,1.0,0
2023-09-07,186668.02229234297,181934.7677695439,186746.07727406867,180758.89795171167,65120.0,12056042100.0,47905.0,0.3070118385914482,0.04,down_trend,-1.0,3.0,down_trend,2.0,0,,,0,0,51,price_volume_up_oi_down_short_5d,0.0029857315181323063,-0.029219129177755154,185611.32814649865,185058.79227768767,0.0029857315181323063,65751.0,72067.4,-0.08764573163455314,5124.0,0.11977279633482153,1,0,0,0.0029857315181323063,0,1.0,0
2023-09-08,180584.0095588844,173951.38707074328,181376.37590002484,173781.73535016677,121405.0,21665988550.0,55765.0,0.7779856314922208,0.04,down_trend,-1.0,3.0,down_trend,2.0,0,,,0,0,51,price_volume_up_oi_down_short_5d,0.0,-0.04388045669705709,183580.86795626936,183723.7453840874,-0.0007776753490374988,74144.8,80060.4,-0.07388921364369894,13371.0,0.31539840543473135,0,0,0,0.0,0,1.0,0
2023-09-11,174214.05721262863,175933.38619402982,176802.6652717581,168965.78405721264,91036.0,16014004050.0,58960.0,0.434395784800586,0.04,down_trend,-1.0,3.0,down_trend,2.0,0,,,0,0,51,price_volume_up_oi_down_short_5d,0.031671666627296924,0.011393982863042718,181342.2772914449,184584.36209022475,-0.017564244132420748,78614.0,76200.6,0.031671666627296924,16706.0,0.3953708524636721,0,1,0,0.031671666627296924,0,1.0,0
2023-09-12,175915.66888645367,175115.808687838,179027.35781022132,174440.05599369082,91501.0,16377373400.0,62317.0,0.3841156394189933,0.04,down_trend,-1.0,3.0,down_trend,2.0,0,,,0,0,51,price_volume_up_oi_down_short_5d,0.13787934736525398,-0.00464708560369631,178869.21926108297,185291.74482254498,-0.03466169292977894,83200.6,73119.0,0.13787934736525398,19399.0,0.4520014912158069,0,1,0,0.13787934736525398,0,1.0,0
2023-09-13,174546.2790066712,173532.41662518663,176526.35466436908,172485.55229761303,78004.0,13750588150.0,64288.0,0.1933871187934704,0.04,down_trend,-1.0,3.0,down_trend,2.0,0,,,0,0,51,price_volume_up_oi_down_short_5d,0.2867578489275724,-0.009041970993458048,176093.5532694683,186097.27517929894,-0.05375533790160203,89413.2,69487.2,0.2867578489275724,20167.0,0.4570839282881168,0,1,0,0.2867578489275724,0,1.0,0
2023-09-14,172707.59015913607,166974.9207180873,173516.72777409764,166920.31271543997,136502.0,23386435550.0,72526.0,0.6323941482710722,0.04,down_trend,-1.0,3.0,down_trend,2.0,0,,,0,0,51,price_volume_up_oi_down_short_5d,0.5770041520281062,-0.03778830511686415,173101.58385917702,185611.32814649865,-0.06739752585277548,103689.6,65751.0,0.5770041520281062,24621.0,0.5139547020144035,0,1,0,0.5770041520281062,0,1.0,0
2023-09-15,168178.49686416905,167419.08418504574,169127.87472860594,165308.013251758,122691.0,20659815050.0,74360.0,0.5007508365401547,0.04,down_trend,-1.0,3.0,down_trend,2.0,0,,,0,0,51,price_volume_up_oi_down_short_5d,0.4019432246091432,0.0026600609543534492,171795.1232820375,183580.86795626936,-0.0641991989984454,103946.8,74144.8,0.4019432246091432,18595.0,0.3334528826324756,0,1,0,0.4019432246091432,0,1.0,0
2023-09-18,166982.34919656377,164878.8172660036,168151.51913177304,164252.0264681555,86675.0,14596788300.0,78420.0,0.1000864947069014,0.04,down_trend,-1.0,3.0,down_trend,2.0,0,,,0,0,51,price_volume_up_oi_down_short_5d,0.31114814155239534,-0.01517310246563297,169584.20949643225,181342.2772914449,-0.06483908755659673,103074.6,78614.0,0.31114814155239534,19460.0,0.33005427408412485,0,1,0,0.31114814155239534,0,1.0,0
2023-09-19,164211.38011918348,157557.17446305772,164882.5384217759,157162.47422565508,138511.0,22512971100.0,89721.0,0.4342448894794879,0.04,down_trend,-1.0,3.0,down_trend,2.0,0,,,0,0,51,price_volume_up_oi_down_short_5d,0.35187246245820347,-0.044406206475472665,166072.48265147622,178869.21926108297,-0.07154241888274937,112476.6,83200.6,0.35187246245820347,27404.0,0.4397515926633182,0,1,0,0.35187246245820347,0,1.0,0
2023-09-20,156974.80828432398,152200.22593190565,157737.60454725535,151647.32568919248,218409.0,33976114350.0,98481.0,0.7965058156421968,0.04,down_trend,-1.0,3.0,down_trend,2.0,0,,,0,0,51,price_volume_up_oi_down_short_5d,0.5720005547279374,-0.034000029191994074,161806.04451282002,176093.5532694683,-0.08113589902286045,140557.6,89413.2,0.5720005547279374,34193.0,0.531872200099552,0,1,0,0.5720005547279374,0,1.0,0
2023-09-21,151772.8509232696,157066.76293912297,157680.2861874399,151353.6930785082,232964.0,36472466500.0,95389.0,0.892920667367586,0.04,down_trend,-1.0,3.0,down_trend,2.0,0,,,0,0,51,price_volume_up_oi_down_short_5d,0.5416203746566675,0.031974571505528626,159824.41295702715,173101.58385917702,-0.07670161419754085,159850.0,103689.6,0.5416203746566675,22863.0,0.3152386730276039,0,1,0,0.5416203746566675,0,1.0,0
2023-09-22,157009.49992723946,152456.84817710766,158841.53992200329,151514.37516587865,271244.0,42708139850.0,96303.0,1.0355193138275331,0.04,down_trend,-1.0,3.0,down_trend,2.0,1,2.0,down_trend,0,1,51,price_volume_up_oi_down_short_5d,0.8236309342856154,-0.029350033551032384,156831.96575543954,171795.1232820375,-0.08709884914505295,189560.6,103946.8,0.8236309342856154,21943.0,0.29509144701452394,0,1,0,0.8236309342856154,0,1.0,0
2023-09-25,152346.27160213934,151866.87342410494,155426.2457617904,150549.0723229267,225759.0,35214011400.0,99150.0,0.8228342036462523,0.04,down_trend,-1.0,3.0,down_trend,2.0,1,2.0,down_trend,0,1,51,price_volume_up_oi_down_short_5d,1.1089327535590727,-0.0038697819091561003,154229.5769870598,169584.20949643225,-0.09054281972930678,217377.4,103074.6,1.1089327535590727,20730.0,0.26434583014537105,0,1,0,1.1089327535590727,0,1.0,0
2023-09-26,151215.47692985792,144355.1337711975,151748.0626289744,144233.909885339,297437.0,45048459750.0,107796.0,1.014961885819421,0.04,down_trend,-1.0,3.0,down_trend,2.0,1,2.0,down_trend,0,1,51,price_volume_up_oi_down_short_5d,1.215239436469452,-0.04946266083933981,151589.16884868772,166072.48265147622,-0.0872107983908661,249162.6,112476.6,1.215239436469452,18075.0,0.20145785267663088,0,1,0,1.215239436469452,0,1.0,0
2023-09-27,144180.6283420003,140785.90414311024,145976.34328702634,140323.49327687922,359610.0,52713771200.0,106659.0,1.215383281344587,0.04,down_trend,-1.0,3.0,up_trend,3.0,1,2.0,down_trend,0,1,51,price_volume_up_oi_down_short_5d,0.9735880521579763,-0.024725339063759733,149306.30449092865,161806.04451282002,-0.07725137870792587,277402.8,140557.6,0.9735880521579763,8178.0,0.08304139884850885,0,1,0,0.9735880521579763,0,1.0,0
2023-09-28,142111.29202125155,143446.1425217841,145073.65260635564,141883.50404287502,229660.0,33785788900.0,100532.0,0.8261238695697705,0.04,down_trend,-1.0,3.0,up_trend,3.0,1,2.0,down_trend,0,1,51,price_volume_up_oi_down_short_5d,0.7312605567719737,0.018895630175942202,146582.1804074609,159824.41295702715,-0.08285487995583485,276742.0,159850.0,0.7312605567719737,5143.0,0.05391606998710543,0,1,0,0.7312605567719737,0,1.0,0
2023-10-09,142622.09037149654,144995.4945334111,146292.24506525323,141502.7830156082,126601.0,18776329750.0,106282.0,0.174944469642449,0.04,down_trend,-1.0,3.0,up_trend,3.0,1,2.0,down_trend,0,1,51,price_volume_up_oi_down_short_5d,0.307304365991667,0.010800931864666463,145089.90967872157,156831.96575543954,-0.07487029841243131,247813.4,189560.6,0.307304365991667,9979.0,0.10362086331682295,0,1,0,0.307304365991667,0,1.0,0
2023-10-10,145440.99928102564,145276.11008979706,147913.63684563997,144536.37170042112,204816.0,30915498200.0,113144.0,0.5934506713955551,0.04,down_trend,-1.0,3.0,up_trend,3.0,1,3.0,up_trend,1,0,51,price_volume_up_oi_down_short_5d,0.12074576289899497,0.0019353398344477135,143771.75701186,154229.5769870598,-0.06780683821804956,243624.8,217377.4,0.12074576289899497,13994.0,0.1411396873424105,0,1,0,0.12074576289899497,0,1.0,0
2023-10-11,146020.77058642116,148356.2540127733,148590.77291172507,145631.75838216505,164711.0,25109956400.0,118372.0,0.3303602150568635,0.04,up_trend,1.0,4.0,up_trend,3.0,1,3.0,up_trend,1,0,51,price_volume_up_oi_down_short_5d,0.0,0.021201998876982486,144571.98106017517,151589.16884868772,-0.046290825669193625,217079.6,249162.6,-0.1287633055683317,10576.0,0.09811124717058146,0,0,0,0.0,0,1.0,0
2023-10-12,149216.11493185945,157649.97815621665,157668.78951368414,148696.9710138813,268692.0,42283646000.0,119027.0,0.8142153840651848,0.04,up_trend,1.0,4.0,up_trend,3.0,1,3.0,up_trend,1,0,51,price_volume_up_oi_down_short_5d,0.0,0.06264464012850546,147944.79586279643,149306.30449092865,-0.009118895767827095,198896.0,277402.8,-0.2830065161562897,12368.0,0.11595833450529257,0,0,0,0.0,0,1.0,0
2023-10-13,159370.05782139994,159604.77838890062,163084.90456708398,156959.41530599742,353656.0,57898923250.0,108907.0,1.1778303822365563,0.04,up_trend,1.0,4.0,down_trend,4.0,1,3.0,up_trend,1,0,51,price_volume_up_oi_down_short_5d,0.03134311835168324,0.012399622604114535,151176.52303621973,146582.1804074609,0.03134311835168324,223695.2,276742.0,-0.19168322842214047,8375.0,0.08330680778259658,1,0,0,0.03134311835168324,0,1.0,0
2023-10-16,160433.52449509362,156717.2664438177,163506.50323077888,154093.8079201695,437823.0,72263163400.0,114876.0,1.3379614333609042,0.04,up_trend,1.0,4.0,down_trend,4.0,1,3.0,up_trend,1,0,51,price_volume_up_oi_down_short_5d,0.21195901137224538,-0.018091638447359504,153520.87741830107,145089.90967872157,0.05810857390599056,285939.6,247813.4,0.15385043746625482,8594.0,0.08086035264673228,1,1,0,0.21195901137224538,0,1.0,0
2023-10-17,156602.9712412974,157225.7441294602,159987.87518911972,154292.7897637863,347794.0,56986900450.0,120006.0,1.0640686089454428,0.04,up_trend,1.0,4.0,down_trend,4.0,1,3.0,up_trend,1,0,51,price_volume_up_oi_down_short_5d,0.375496730607372,0.0032445543313810443,155910.80422623368,143771.75701186,0.08443276667594946,314535.2,243624.8,0.29106396393142253,6862.0,0.060648377289118295,1,1,0,0.375496730607372,0,1.0,0
2023-10-18,158134.20468107678,153207.98823114813,159382.66344080793,153115.15977281856,308940.0,50637905900.0,122017.0,0.9289867039980632,0.04,down_trend,-1.0,5.0,down_trend,4.0,0,,,0,0,51,price_volume_up_oi_down_short_5d,0.6669628326890167,-0.025554058723384565,156881.15106990866,144571.98106017517,0.08514215492841637,343381.0,217079.6,0.5818206777606003,3645.0,0.03079275504342243,1,1,0,0.6669628326890167,0,1.0,0
2023-10-19,152331.37561592323,146620.07736703512,153933.62401821022,144904.68608234668,385719.0,60891405300.0,128737.0,1.0973375615124814,0.04,down_trend,-1.0,5.0,down_trend,4.0,0,,,0,0,51,price_volume_up_oi_down_short_5d,0.8896039712802701,-0.04299978702268248,154675.17091207235,147944.79586279643,0.04549247582535898,366786.4,198896.0,0.8441114954549112,9710.0,0.0815781293320003,1,1,0,0.8896039712802701,0,1.0,0
2023-10-20,145138.43534829994,141762.22849393392,148632.48958033923,139450.3785621648,463799.0,69944514400.0,136415.0,1.2237495586798215,0.04,down_trend,-1.0,5.0,down_trend,4.0,0,,,0,0,51,price_volume_up_oi_down_short_5d,0.7381463705971338,-0.03313222145518657,151106.66093307902,151176.52303621973,-0.00046212270091683383,388815.0,223695.2,0.7381463705971338,27508.0,0.25258247862855465,0,1,0,0.7381463705971338,0,1.0,0
2023-10-23,141641.6698585686,141845.8572222496,142792.76093073745,139015.62225518006,451066.0,65915909750.0,142151.0,1.1547237973645903,0.04,down_trend,-1.0,5.0,down_trend,4.0,0,,,0,0,51,price_volume_up_oi_down_short_5d,0.3690429727117195,0.0005899225005427944,148132.3790887654,153520.87741830107,-0.03509944979570134,391463.6,285939.6,0.3690429727117195,27275.0,0.23742992444026603,0,1,0,0.3690429727117195,0,1.0,0
2023-10-24,142054.04704036537,144547.43179243224,144804.76409682093,141745.26444446004,325462.0,48720076100.0,142103.0,0.828693564588757,0.04,down_trend,-1.0,5.0,down_trend,4.0,0,,,0,0,51,price_volume_up_oi_down_short_5d,0.23037803082135166,0.019045847535396954,145596.7166213598,155910.80422623368,-0.0661537707797829,386997.2,314535.2,0.23037803082135166,22097.0,0.1841324600436645,0,1,0,0.23037803082135166,0,1.0,0
2023-10-25,145871.47786709727,141611.4743999891,147155.30431181518,141460.8012170385,417831.0,63135410150.0,146914.0,1.045229662984907,0.04,down_trend,-1.0,5.0,down_trend,4.0,0,,,0,0,51,price_volume_up_oi_down_short_5d,0.19044268611251058,-0.020311377075582615,143277.413855128,156881.15106990866,-0.08671364993184327,408775.4,343381.0,0.19044268611251058,24897.0,0.20404533794471263,0,1,0,0.19044268611251058,0,1.0,0
2023-10-26,141441.79213243217,140808.58170937747,143235.1883647108,139256.82695870043,428696.0,63144333050.0,155074.0,1.016845620680504,0.04,down_trend,-1.0,5.0,down_trend,4.0,0,,,0,0,51,price_volume_up_oi_down_short_5d,0.13791241987161995,-0.005669686683324904,142115.11472359643,154675.17091207235,-0.08120279495676708,417370.8,366786.4,0.13791241987161995,26337.0,0.20457987991020452,0,1,0,0.13791241987161995,0,1.0,0
2023-10-27,140935.74322248675,142256.96517097135,143287.8115431767,139159.69578263556,441480.0,65652588600.0,157541.0,1.0304469770553892,0.04,down_trend,-1.0,5.0,down_trend,4.0,0,,,0,0,51,price_volume_up_oi_down_short_5d,0.0619626300425653,0.010286187418486081,142214.06205900395,151106.66093307902,-0.0588498138941298,412907.0,388815.0,0.0619626300425653,21126.0,0.15486566726533005,0,1,0,0.0619626300425653,0,1.0,0
2023-10-30,142694.66909670806,145151.50205200096,145745.1618348578,141460.09802808374,373255.0,56508504050.0,157651.0,0.8618781030406721,0.04,down_trend,-1.0,5.0,down_trend,4.0,0,,,0,0,51,price_volume_up_oi_down_short_5d,0.015023619054236548,0.020347241891114587,142875.19102495423,148132.3790887654,-0.03548979700556143,397344.8,391463.6,0.015023619054236548,15500.0,0.10903897967654114,0,1,0,0.015023619054236548,0,1.0,0
2023-10-31,144333.45004297036,141472.84801844467,145724.91019151366,140932.88357145432,455376.0,69008567850.0,160480.0,1.0429541271050051,0.04,down_trend,-1.0,5.0,down_trend,4.0,0,,,0,0,51,price_volume_up_oi_down_short_5d,0.09387768180234879,-0.025343547821078727,142260.2742701567,145596.7166213598,-0.022915642801752956,423327.6,386997.2,0.09387768180234879,18377.0,0.1293216891972724,0,1,0,0.09387768180234879,0,1.0,0
2023-11-01,141261.03520349308,140968.30176748667,143687.91138930997,140692.27210141782,412098.0,62240372450.0,166055.0,0.9089421263603804,0.04,down_trend,-1.0,5.0,down_trend,4.0,0,,,0,0,51,price_volume_up_oi_down_short_5d,0.03279453704895152,-0.0035663822282860913,142131.6397436562,143277.413855128,-0.00799689274563753,422181.0,408775.4,0.03279453704895152,19141.0,0.13028710674272023,0,1,0,0.03279453704895152,0,1.0,0
2023-11-02,140766.9670966233,139460.8904642823,142301.67609377927,139270.0871459695,303836.0,45557764500.0,169552.0,0.5833284177212471,0.04,down_trend,-1.0,5.0,down_trend,4.0,0,,,0,0,51,price_volume_up_oi_down_short_5d,0.0,-0.010693264260859814,141862.1014946372,142115.11472359643,-0.0017803400394906799,397209.0,417370.8,-0.04830668556592843,14478.0,0.09336187884493855,0,0,0,0.0,0,1.0,0
2023-11-03,140077.81029654376,139792.89015969163,141729.759411832,139214.62710351142,290964.0,43368758350.0,176966.0,0.4972419244517814,0.04,down_trend,-1.0,5.0,down_trend,4.0,0,,,0,0,51,price_volume_up_oi_down_short_5d,0.0,0.0023805935434948466,141369.28649238124,142214.06205900395,-0.0059401690268309215,367105.8,412907.0,-0.11092376733743925,19425.0,0.12330123586875798,0,0,0,0.0,0,1.0,0
2023-11-06,139141.50472100117,137673.10349068398,140509.91114959517,137552.00053292885,317821.0,46329013050.0,195148.0,0.4877300861672962,0.04,down_trend,-1.0,5.0,down_trend,4.0,0,,,0,0,51,price_volume_up_oi_down_short_5d,0.0,-0.015163765958240982,139873.60678011784,142875.19102495423,-0.02100843556746068,356019.0,397344.8,-0.10400488442279854,37497.0,0.2378481582736551,0,0,0,0.0,0,1.0,0
2023-11-07,137192.0435655644,134064.895158069,137989.8875158748,133209.39380551552,429355.0,60244678200.0,207789.0,0.725760940812266,0.04,down_trend,-1.0,5.0,down_trend,4.0,0,,,0,0,51,price_volume_up_oi_down_short_5d,0.0,-0.02620852033642962,138392.0162080427,142260.2742701567,-0.027191414342193965,350814.8,423327.6,-0.17129239860571344,47309.0,0.2947968594217348,0,0,0,0.0,0,1.0,0
2023-11-08,133610.52239984306,135846.2033121477,136628.5174837909,131136.56267281107,658495.0,92805982050.0,200293.0,1.1901756336576224,0.04,down_trend,-1.0,5.0,down_trend,4.0,0,,,0,0,51,price_volume_up_oi_down_short_5d,0.0,0.013286909686375692,137367.5965169749,142131.6397436562,-0.033518527157454625,400094.2,422181.0,-0.052315949794045635,34238.0,0.20618469784107676,0,0,0,0.0,0,1.0,0
2023-11-09,135803.34499007935,135284.71439327145,136855.17330713317,134301.72871450026,360549.0,51432634350.0,201886.0,0.5799246881619707,0.04,down_trend,-1.0,5.0,down_trend,4.0,0,,,0,0,51,price_volume_up_oi_down_short_5d,0.03581943007333677,-0.004133269132196915,136532.36130277274,141862.1014946372,-0.03756986633999593,411436.8,397209.0,0.03581943007333677,32334.0,0.19070255732754554,0,1,0,0.03581943007333677,0,1.0,0
2023-11-10,135735.41107514998,139399.19152847852,140598.2286540114,134813.23366583054,456149.0,65714809700.0,193637.0,0.8568342382430861,0.04,down_trend,-1.0,5.0,down_trend,4.0,0,,,0,0,51,price_volume_up_oi_down_short_5d,0.21075123302328658,0.030413466544685352,136453.62157653013,141369.28649238124,-0.03477180254507428,444473.8,367105.8,0.21075123302328658,16671.0,0.09420453646463163,0,1,0,0.21075123302328658,0,1.0,0
2023-11-13,140198.57453422566,133822.71001129967,141719.09176146373,133756.49034368532,450479.0,65086778700.0,193811.0,0.8434280036976943,0.04,down_trend,-1.0,5.0,down_trend,4.0,0,,,0,0,51,price_volume_up_oi_down_short_5d,0.3298294783772023,-0.040003686219655,135683.54288065326,139873.60678011784,-0.02995607245655285,471005.4,356019.0,0.3229782680137858,-1337.0,-0.0068512103634164835,0,1,1,0.3298294783772023,0,1.0,0
2023-11-14,133493.96312892076,134542.8126142225,136804.47506659693,132904.4045576751,423584.0,59571140400.0,196984.0,0.7656293343658661,0.04,down_trend,-1.0,5.0,down_trend,4.0,0,,,0,0,51,price_volume_up_oi_down_short_5d,0.3913139420770616,0.005381019431320855,135779.12637188396,138392.0162080427,-0.018880350960642334,469851.2,350814.8,0.33931407682914183,-10805.0,-0.05199986524791977,0,1,1,0.3913139420770616,0,1.0,0
2023-11-15,135990.06781863593,135348.50198664705,136754.31208085569,134679.0677392781,326842.0,45800524050.0,208643.0,0.448852216230571,0.04,down_trend,-1.0,5.0,down_trend,4.0,0,,,0,0,51,price_volume_up_oi_down_short_5d,0.00856398318196061,0.005988349409155935,135679.58610678386,137367.5965169749,-0.012288272147081392,403520.6,400094.2,0.00856398318196061,8350.0,0.041688925723814614,0,1,0,0.00856398318196061,0,1.0,0
2023-11-16,135303.5868738713,134609.8775773196,136017.58446682114,134393.7981637601,274014.0,38208403750.0,217280.0,0.2319923556029504,0.04,down_trend,-1.0,5.0,down_trend,4.0,0,,,0,0,51,price_volume_up_oi_down_short_5d,0.0,-0.005457204169133201,135544.61874359348,136532.36130277274,-0.00723449407711374,386213.6,411436.8,-0.06130516278563325,15394.0,0.07625095350841564,0,0,0,0.0,0,1.0,0
2023-11-17,133762.79942532445,132873.24343116445,134517.12097349545,132052.15319156775,308863.0,42317524400.0,218608.0,0.3456176412901895,0.04,down_trend,-1.0,5.0,down_trend,4.0,0,,,0,0,51,price_volume_up_oi_down_short_5d,0.0,-0.012901238582269992,134239.42912413066,136453.62157653013,-0.0162267034529211,356756.4,444473.8,-0.19735111495885693,24971.0,0.12895779215749056,0,0,0,0.0,0,1.0,0
2023-11-20,132731.82577511464,130451.21280959838,135304.18576619934,130139.88695080596,333700.0,45022643900.0,226705.0,0.3865927729070039,0.04,down_trend,-1.0,5.0,down_trend,4.0,0,,,0,0,51,price_volume_up_oi_down_short_5d,0.0,-0.018228128997399007,133565.12968379038,135683.54288065326,-0.01561289712729741,333400.6,471005.4,-0.29215121525146004,32894.0,0.1697220488001197,0,0,0,0.0,0,1.0,0
2023-11-21,131006.93618742743,127152.50080318702,131469.18950293734,126354.58695177289,427778.0,56326036200.0,233445.0,0.6056578661009121,0.04,down_trend,-1.0,5.0,down_trend,4.0,0,,,0,0,51,price_volume_up_oi_down_short_5d,0.0,-0.02528694011627186,132087.0673215833,135779.12637188396,-0.02719165418835079,334239.4,469851.2,-0.2886271227997289,36461.0,0.1850962514722008,0,0,0,0.0,0,1.0,0
2023-11-22,127097.60678220524,120061.07353298634,127540.60239833516,119750.9504768252,698710.0,87397241400.0,238614.0,1.0743885942000646,0.04,down_trend,-1.0,5.0,down_trend,4.0,0,,,0,0,51,price_volume_up_oi_down_short_5d,0.012619925723742487,-0.055771040486078616,129029.58163085114,135679.58610678386,-0.04901256457768788,408613.0,403520.6,0.012619925723742487,29971.0,0.1436472826790259,0,1,0,0.012619925723742487,0,1.0,0
2023-11-23,119709.45016250224,119365.8717677746,120959.92410999251,115996.06696568435,738900.0,89301026350.0,238458.0,1.1309693996026733,0.04,down_trend,-1.0,5.0,down_trend,4.0,0,,,0,0,51,price_volume_up_oi_down_short_5d,0.29873779690823943,-0.005790401041356086,125980.78046894216,135544.61874359348,-0.07055859807125953,501590.2,386213.6,0.29873779690823943,21178.0,0.09746870397643594,0,1,0,0.29873779690823943,0,1.0,0
2023-11-24,119807.63965909756,119482.67885226436,122878.69956760884,118532.01825251324,828813.0,102701023100.0,249256.0,1.201514075941524,0.04,down_trend,-1.0,5.0,down_trend,4.0,0,,,0,0,51,price_volume_up_oi_down_short_5d,0.6974613489765003,0.000978563493567064,123302.66755316216,134239.42912413066,-0.08147205066594354,605580.2,356756.4,0.6974613489765003,30648.0,0.14019615018663545,0,1,0,0.6974613489765003,0,1.0,0
2023-11-27,119016.59447536772,112159.48302925436,119255.80973463703,112020.54506274564,769509.0,89635026900.0,273942.0,1.0328362439681429,0.04,down_trend,-1.0,5.0,down_trend,4.0,0,,,0,0,51,price_volume_up_oi_down_short_5d,1.0778066986082209,-0.061290857330582926,119644.32159709334,133565.12968379038,-0.10422486856901914,692742.0,333400.6,1.0778066986082209,47237.0,0.20836329150217242,0,1,0,1.0778066986082209,0,1.0,0
2023-11-28,110690.6815246072,111092.3585328962,114012.84067256114,109263.85727740756,787827.0,88838963700.0,276354.0,1.0475958700346195,0.04,down_trend,-1.0,5.0,down_trend,4.0,0,,,0,0,51,price_volume_up_oi_down_short_5d,1.2880360603806733,-0.009514349277803147,116432.29314303517,132087.0673215833,-0.11851859910277618,764751.8,334239.4,1.2880360603806733,42909.0,0.18380774914862172,0,1,0,1.2880360603806733,0,1.0,0
2023-11-29,111474.49124340437,110509.74250070576,114902.09324844624,108676.26723603514,1067886.0,120029585650.0,315263.0,1.2200290611416147,0.04,down_trend,-1.0,5.0,down_trend,4.0,0,,,0,0,51,price_volume_up_oi_down_short_5d,1.0522768487542002,-0.0052444294088681565,114522.02693657906,129029.58163085114,-0.11243588106623226,838587.0,408613.0,1.0522768487542002,76649.0,0.32122591298079745,0,1,0,1.0522768487542002,0,1.0,0
2023-11-30,110726.40226646671,106840.2284561332,111735.6908895819,106814.20630742217,812131.0,88572872400.0,328597.0,0.9048295812780548,0.04,down_trend,-1.0,5.0,down_trend,4.0,1,4.0,down_trend,0,1,51,price_volume_up_oi_down_short_5d,0.7010563603515378,-0.03320534426681088,112016.8982742508,125980.78046894216,-0.11084136915736809,853233.2,501590.2,0.7010563603515378,90139.0,0.3780078672135135,0,1,0,0.7010563603515378,0,1.0,0
2023-12-01,106833.25105686624,103008.64174088642,107247.97081685532,101791.47752546276,1143458.0,118743348200.0,331785.0,1.2373251146707174,0.04,down_trend,-1.0,5.0,down_trend,4.0,1,4.0,down_trend,0,1,51,price_volume_up_oi_down_short_5d,0.5128668341534284,-0.035862771641488655,108722.09085197518,123302.66755316216,-0.1182502940976563,916162.2,605580.2,0.5128668341534284,82529.0,0.33110135764033766,0,1,0,0.5128668341534284,0,1.0,0
2023-12-04,102804.565662141,96704.46664097524,103934.07980908731,96699.38168918368,1245916.0,124877673400.0,368476.0,1.2182507007370564,0.04,down_trend,-1.0,5.0,down_trend,4.0,1,4.0,down_trend,0,1,51,price_volume_up_oi_down_short_5d,0.4600581457454578,-0.0612004487523391,105631.08757431938,119644.32159709334,-0.11712410447663402,1011443.6,692742.0,0.4600581457454578,94534.0,0.3450876462900906,0,1,0,0.4600581457454578,0,1.0,0
2023-12-05,95753.96487306576,91488.87545841128,96397.56559201202,91488.76072926956,677173.0,63442341150.0,389661.0,0.5526496490566544,0.04,down_trend,-1.0,5.0,up_trend,5.0,1,4.0,down_trend,0,1,51,price_volume_up_oi_down_short_5d,0.29363906041149557,-0.05393330177733524,101710.39095942238,116432.29314303517,-0.12644174383413698,989312.8,764751.8,0.29363906041149557,113307.0,0.4100067304978397,0,1,0,0.29363906041149557,0,1.0,0
2023-12-06,88514.9581104296,92685.57123121686,92978.61417035192,85303.32683720482,1518548.0,135562131300.0,388713.0,1.362668612012835,0.04,down_trend,-1.0,5.0,up_trend,5.0,1,4.0,down_trend,0,1,51,price_volume_up_oi_down_short_5d,0.28721909593160877,0.013080232616364151,98145.5567055246,114522.02693657906,-0.14299843156045033,1079445.2,838587.0,0.28721909593160877,73450.0,0.2329800832955342,0,1,0,0.28721909593160877,0,1.0,0
2023-12-07,93682.81970505732,95331.93392971825,95331.93392971825,91263.35842922635,533651.0,49656167450.0,418857.0,0.242212494358547,0.04,up_trend,1.0,6.0,up_trend,5.0,1,5.0,up_trend,1,0,51,price_volume_up_oi_down_short_5d,0.1998468882832971,0.02855204605579509,95843.89780024161,112016.8982742508,-0.14438000625952752,1023749.2,853233.2,0.1998468882832971,90260.0,0.27468297032535294,0,1,0,0.1998468882832971,0,1.0,0
2023-12-11,113682.55448707944,97124.60930398648,113897.78987183016,96300.91758131496,1345262.0,139211334700.0,308040.0,1.474114423933736,0.04,up_trend,1.0,6.0,up_trend,5.0,1,5.0,up_trend,1,0,51,price_volume_up_oi_down_short_5d,0.23305390112451688,0.01880456317596413,94667.09131286162,108722.09085197518,-0.1292745515559428,1064110.0,916162.2,0.16148647040884256,-23745.0,-0.07156743071567431,0,1,1,0.23305390112451688,0,1.0,0
2023-12-12,96374.01904584012,93946.71264616384,97418.86663471408,93118.08617905992,824677.0,77952011500.0,323695.0,0.9351900801091856,0.04,up_trend,1.0,6.0,up_trend,5.0,1,5.0,up_trend,1,0,51,price_volume_up_oi_down_short_5d,0.12153030319478067,-0.03271978832755218,94115.54051389934,105631.08757431938,-0.10901664770153952,979862.2,1011443.6,-0.03122408407151922,-44781.0,-0.12153030319478067,0,0,1,0.12153030319478067,0,1.0,0
2023-12-13,92811.3279349734,105012.27001922044,105206.2561054408,89797.50155962983,956548.0,90545706100.0,323614.0,1.083779523043371,0.04,up_trend,1.0,6.0,down_trend,6.0,1,5.0,up_trend,1,0,51,price_volume_up_oi_down_short_5d,0.2164245220116493,0.11778546647750576,96820.21942606117,101710.39095942238,-0.0480793701335015,1035737.2,989312.8,0.046925906548464624,-66047.0,-0.16949861546318468,0,1,1,0.2164245220116493,0,1.0,0
2023-12-14,104107.585604222,102057.15752276892,105141.47707261008,92997.86370138676,1141109.0,114881497350.0,307327.0,1.3118435482351096,0.04,up_trend,1.0,6.0,down_trend,6.0,1,5.0,up_trend,1,0,51,price_volume_up_oi_down_short_5d,0.21496651072765965,-0.028140640097682357,98694.53668437157,98145.5567055246,0.005593528604602271,960249.4,1079445.2,-0.11042320629152824,-81386.0,-0.20937298212305738,1,0,1,0.21496651072765965,0,1.0,0
2023-12-15,101507.10419639751,103836.16664647858,107194.5513846772,100131.39740134776,646474.0,67820160000.0,305461.0,0.7497108699645427,0.04,up_trend,1.0,6.0,down_trend,6.0,1,5.0,up_trend,1,0,51,price_volume_up_oi_down_short_5d,0.3182157669856124,0.017431497867386403,100395.38322772365,95843.89780024161,0.047488525946307814,982814.0,1023749.2,-0.039985574591901996,-113396.0,-0.27072724103930457,1,0,1,0.3182157669856124,0,1.0,0
2023-12-18,103800.93654378197,102275.61099355902,107335.12660760766,99667.46863686116,569721.0,59290835650.0,300576.0,0.6394461335009323,0.04,up_trend,1.0,6.0,down_trend,6.0,1,6.0,down_trend,0,1,51,price_volume_up_oi_down_short_5d,0.09562282295305961,-0.015029018340330658,101425.58356563815,94667.09131286162,0.0713922035529817,827705.8,1064110.0,-0.22216143067915906,-7464.0,-0.024230619400077914,1,0,1,0.09562282295305961,0,1.0,0
2023-12-19,101723.92662138106,101423.8115274905,103350.357934707,100274.79636388956,298219.0,30470722050.0,295884.0,0.0078606303055067,0.04,up_trend,1.0,6.0,down_trend,6.0,1,6.0,down_trend,0,1,51,price_volume_up_oi_down_short_5d,0.17947743530591698,-0.008328471057700848,102921.00334190349,94115.54051389934,0.09356013661424734,722414.2,979862.2,-0.2627389851348486,-27811.0,-0.08591729869166963,1,0,1,0.17947743530591698,0,1.0,0
2023-12-20,101388.28076643612,100354.27599033044,102954.49723716373,99966.1815520751,196646.0,20000387050.0,294119.0,-0.4025792893853374,0.04,down_trend,-1.0,7.0,down_trend,6.0,1,6.0,down_trend,0,1,51,price_volume_up_oi_down_short_5d,0.14453205471521946,-0.010545211435582513,101989.4045361255,96820.21942606117,0.0533895207086561,570433.8,1035737.2,-0.4492485159362818,-29495.0,-0.09114253400656337,1,0,1,0.14453205471521946,0,1.0,0
2023-12-21,99598.42637405902,97269.5430794462,101283.21083218134,95080.95180991782,383406.0,37478460300.0,288409.0,0.2847148683600652,0.04,down_trend,-1.0,7.0,up_trend,7.0,1,6.0,down_trend,0,1,51,price_volume_up_oi_down_short_5d,0.08523920056795906,-0.030738430230730418,101031.88164746095,98694.53668437157,0.02368261751472911,418893.2,960249.4,-0.563766246560529,-18918.0,-0.061556583053229946,1,0,1,0.08523920056795906,0,1.0,0
2023-12-22,96812.32289349158,100221.330413198,102848.68915489792,95830.57252670804,381515.0,38277073350.0,289256.0,0.2768380592709572,0.04,down_trend,-1.0,7.0,up_trend,7.0,1,6.0,down_trend,0,1,51,price_volume_up_oi_down_short_5d,0.05305096231597487,0.030346470645399082,100308.91440080483,100395.38322772365,-0.000861282901054139,365901.4,982814.0,-0.6277002566101011,-16205.0,-0.05305096231597487,0,0,1,0.05305096231597487,0,1.0,0
2023-12-25,99974.75419007915,102100.52780946268,103087.86945357508,99542.12942017522,189634.0,19333367850.0,292814.0,-0.4344416965130948,0.04,up_trend,1.0,8.0,up_trend,7.0,1,6.0,down_trend,0,1,51,price_volume_up_oi_down_short_5d,0.02582375173001171,0.018750473462256334,100273.89776398557,101425.58356563815,-0.011354983241553263,289884.0,827705.8,-0.6497741105595732,-7762.0,-0.02582375173001171,0,0,1,0.02582375173001171,0,1.0,0
2023-12-26,102232.5694818798,106402.42521607364,107313.86509376472,101912.21144463628,324872.0,34370484200.0,285088.0,0.1306333540598918,0.04,up_trend,1.0,8.0,up_trend,7.0,0,,,0,0,51,price_volume_up_oi_down_short_5d,0.036487272039042326,0.042133938961011363,101269.6205017022,102921.00334190349,-0.016045149061707065,295214.6,722414.2,-0.5913499485475231,-10796.0,-0.036487272039042326,0,0,1,0.036487272039042326,0,1.0,0
2023-12-27,106446.81022800092,105131.18246910564,108667.19131939267,102963.27323485343,320828.0,33952738950.0,278206.0,0.142543307504434,0.04,up_trend,1.0,8.0,up_trend,7.0,1,7.0,up_trend,1,0,51,price_volume_up_oi_down_short_5d,0.05641396815156738,-0.011947497854362443,102225.00179745724,101989.4045361255,0.0023100170297425393,320051.0,570433.8,-0.43893401828573275,-15913.0,-0.05410395112182484,1,0,1,0.05641396815156738,0,1.0,0
2023-12-28,104913.56086110733,105819.35906042664,106674.47564560152,103861.88366437687,178958.0,18952421550.0,280042.0,-0.4477884504826653,0.04,up_trend,1.0,8.0,up_trend,7.0,1,7.0,up_trend,1,0,51,price_volume_up_oi_down_short_5d,0.05774521304144391,0.006545884628694543,103934.96499365331,101031.88164746095,0.028734329192465546,279161.4,418893.2,-0.33357380831199934,-8367.0,-0.02901088384897836,1,0,1,0.05774521304144391,0,1.0,0
2023-12-29,105486.59941592408,106610.13450262693,107906.8103080974,103377.58071118918,251377.0,26635537600.0,275608.0,-0.0920257619925673,0.04,up_trend,1.0,8.0,up_trend,7.0,1,7.0,up_trend,1,0,51,price_volume_up_oi_down_short_5d,0.09607021289969767,0.007472880664007198,105212.7258115391,100308.91440080483,0.04888709483127385,253133.8,365901.4,-0.3081912230999937,-13648.0,-0.04718311806842382,1,0,1,0.09607021289969767,0,1.0,0
2024-01-02,105890.95024626184,107455.72087803832,109119.37784522002,104775.67519243814,173730.0,18740324750.0,270011.0,-0.4409603290034258,0.04,up_trend,1.0,8.0,down_trend,8.0,1,7.0,up_trend,1,0,51,price_volume_up_oi_down_short_5d,0.13780988214854784,0.007931575917771383,106283.76442525424,100273.89776398557,0.059934507337234155,249953.0,289884.0,-0.1377482027293676,-22803.0,-0.07787537481131367,1,0,1,0.13780988214854784,0,1.0,0
2024-01-03,107219.59890071276,105957.35096608776,108109.60405156536,105301.70565641815,149565.0,16073111050.0,262088.0,-0.5609492442804844,0.04,up_trend,1.0,8.0,down_trend,8.0,1,8.0,down_trend,0,1,51,price_volume_up_oi_down_short_5d,0.1293106693547889,-0.013944068307458535,106194.74957525704,101269.6205017022,0.04863382571352726,214891.6,295214.6,-0.2720834267681882,-23000.0,-0.08067684364126164,1,0,1,0.1293106693547889,0,1.0,0
2024-01-04,106069.26632389375,100109.5650870054,106605.44148820784,99986.66335145311,230260.0,23867687250.0,263432.0,-0.1345861649153924,0.04,down_trend,-1.0,9.0,down_trend,8.0,1,8.0,down_trend,0,1,51,price_volume_up_oi_down_short_5d,0.08211333081467778,-0.055189996972970556,105190.42609883701,102225.00179745724,0.029008796764369738,196778.0,320051.0,-0.38516673905096377,-14774.0,-0.053104534050308044,1,0,1,0.08211333081467778,0,1.0,0
2024-01-05,99747.0446927797,98254.22684832136,99784.81281541057,97195.43705769852,210708.0,20778400550.0,263577.0,-0.2238722566420936,0.04,down_trend,-1.0,9.0,down_trend,8.0,1,8.0,down_trend,0,1,51,price_volume_up_oi_down_short_5d,0.05879475221573907,-0.018533076605332988,103677.39965641596,103934.96499365331,-0.0024781394524265865,203128.0,279161.4,-0.27236358608317635,-16465.0,-0.05879475221573907,0,0,1,0.05879475221573907,0,1.0,0
2024-01-08,97656.07072602538,96598.67900900664,99949.53394441336,95770.83169906492,187772.0,18369414600.0,269911.0,-0.3628638141522091,0.04,down_trend,-1.0,9.0,down_trend,8.0,1,8.0,down_trend,0,1,51,price_volume_up_oi_down_short_5d,0.02067066268032858,-0.016849634793528523,101675.10855769188,105212.7258115391,-0.03362347307856961,190407.0,253133.8,-0.2478009653392791,-5697.0,-0.02067066268032858,0,0,1,0.02067066268032858,0,1.0,0
2024-01-09,96493.5794462182,98314.87303704405,99755.38845372168,94987.8450030772,238896.0,23369222350.0,275159.0,-0.1413208016177373,0.04,down_trend,-1.0,9.0,no_trend,,1,8.0,down_trend,0,1,51,price_volume_up_oi_down_short_5d,0.0,0.017766226677669028,99846.93898949304,106283.76442525424,-0.06056264068712025,203440.2,249953.0,-0.18608618420263,5148.0,0.019065889908188926,0,0,0,0.0,0,1.0,0
2024-01-10,97911.5630270388,97384.13773810714,99065.39260497688,96718.89657017653,122094.0,11989314800.0,269889.0,-0.7932195234978155,0.04,down_trend,-1.0,9.0,no_trend,,1,8.0,down_trend,0,1,51,price_volume_up_oi_down_short_5d,0.0,-0.009466881969996677,98132.29634389692,106194.74957525704,-0.07592139219318472,197946.0,214891.6,-0.07885650253430099,7801.0,0.029764811818931047,0,0,0,0.0,0,1.0,0
2024-01-11,97805.67516483192,103962.28880612228,104269.08716646046,97740.24206111889,246323.0,25027531800.0,269835.0,-0.0911669782616943,0.04,up_trend,1.0,10.0,down_trend,9.0,0,,,0,0,51,price_volume_up_oi_down_short_5d,0.022261634938865127,0.06754848603481611,98902.84108772028,105190.42609883701,-0.059773358130605025,201158.6,196778.0,0.022261634938865127,6403.0,0.024306082784172005,0,1,0,0.022261634938865127,0,1.0,0
2024-01-12,103846.89781360188,102264.76779132622,104568.83261096056,101793.32941025028,162505.0,16805754400.0,267518.0,-0.4984780832646374,0.04,up_trend,1.0,10.0,down_trend,9.0,0,,,0,0,51,price_volume_up_oi_down_short_5d,0.0,-0.016328238193771827,99704.94927632125,103677.39965641596,-0.03831549009966784,191518.0,203128.0,-0.05715607892560359,3941.0,0.014951987464763618,0,0,0,0.0,0,1.0,0
2024-01-15,101294.2365776522,101447.52508323544,102729.32459395452,100275.48646307044,118292.0,12025493100.0,266413.0,-0.8118915922597303,0.04,up_trend,1.0,10.0,down_trend,9.0,0,,,0,0,51,price_volume_up_oi_down_short_5d,0.012959827498694013,-0.007991439532316624,100674.71849116703,101675.10855769188,-0.009839085305300865,177622.0,190407.0,-0.06714564065396755,-3498.0,-0.012959827498694013,0,0,1,0.012959827498694013,0,1.0,0
2024-01-16,101579.75003092283,103497.49364289662,103886.8199088974,101527.49228802856,124842.0,12881265600.0,271350.0,-0.7763605627289141,0.04,up_trend,1.0,10.0,down_trend,9.0,0,,,0,0,51,price_volume_up_oi_down_short_5d,0.032514520566045486,0.020207181574703137,101711.24261233753,99846.93898949304,0.018671615191334867,154811.2,203440.2,-0.23903338671511332,-3809.0,-0.013842905374710621,1,0,1,0.032514520566045486,0,1.0,0
2024-01-17,104056.3259702937,101351.72794076486,105337.80626521788,100547.2404674886,150083.0,15523963550.0,267949.0,-0.5796081894971861,0.04,up_trend,1.0,10.0,down_trend,9.0,0,,,0,0,51,price_volume_up_oi_down_short_5d,0.05174497299231631,-0.020732537828746067,102504.76065286908,98132.29634389692,0.044556832682781655,160409.0,197946.0,-0.18963252604245606,-1940.0,-0.007188140309534661,1,0,1,0.05174497299231631,0,1.0,0
2024-01-18,101760.24061985649,101852.01863061228,102875.97142182506,99905.85315708948,142542.0,14490331000.0,265155.0,-0.620677867531516,0.04,up_trend,1.0,10.0,down_trend,9.0,0,,,0,0,51,price_volume_up_oi_down_short_5d,0.049495339734563215,0.004936183131873273,102082.70661776708,98902.84108772028,0.03215140733142796,139652.8,201158.6,-0.30575774538100786,-4680.0,-0.01734393240313525,1,0,1,0.049495339734563215,0,1.0,0
2024-01-19,102156.78425642804,100996.20266321952,102599.35774453673,100837.6428584642,98178.0,10001272100.0,264567.0,-0.991312369674998,0.04,up_trend,1.0,10.0,down_trend,9.0,0,,,0,0,51,price_volume_up_oi_down_short_5d,0.03233433212100081,-0.008402543011901908,101828.99359214575,99704.94927632125,0.021303298695212636,126787.4,191518.0,-0.3379870299397446,-2951.0,-0.011031033425788171,1,0,1,0.03233433212100081,0,1.0,0
2024-01-22,100516.26264763444,99453.21248901093,101398.6954394943,98249.96207078351,130055.0,13015836600.0,258211.0,-0.6858196422318403,0.04,down_trend,-1.0,11.0,down_trend,9.0,0,,,0,0,51,price_volume_up_oi_down_short_5d,0.038290284260733054,-0.015277704839595119,101430.13107330084,100674.71849116703,0.007503498330617031,129140.0,177622.0,-0.27295042280798554,-8202.0,-0.030786785930116023,1,0,1,0.038290284260733054,0,1.0,0
2024-01-23,100179.50080309132,101644.81940883136,102234.19497011372,99816.1927651947,110929.0,11215152450.0,254276.0,-0.8295299342379175,0.04,down_trend,-1.0,11.0,down_trend,9.0,0,,,0,0,51,price_volume_up_oi_down_short_5d,0.06292242491247467,0.022036562369089907,101059.5962264878,101711.24261233753,-0.006406827496281964,126357.4,154811.2,-0.1837967795611688,-17074.0,-0.06292242491247467,0,0,1,0.06292242491247467,0,1.0,0
2024-01-24,102067.72187687752,101961.77233558672,102643.82659974133,101203.55976990622,84764.0,8657506000.0,256351.0,-1.1066766747804968,0.04,down_trend,-1.0,11.0,down_trend,9.0,0,,,0,0,51,price_volume_up_oi_down_short_5d,0.04328435635139523,0.003118239853233673,101181.60510545217,102504.76065286908,-0.012908235080883346,113293.6,160409.0,-0.2937204271580771,-11598.0,-0.04328435635139523,0,0,1,0.04328435635139523,0,1.0,0
2024-01-25,102480.65426710324,101013.6392979782,102984.05467280804,100172.2089519048,102530.0,10396365700.0,257143.0,-0.919476911702344,0.04,down_trend,-1.0,11.0,down_trend,9.0,0,,,0,0,51,price_volume_up_oi_down_short_5d,0.03021628858592144,-0.009298906991219602,101013.92923892534,102082.70661776708,-0.01046972023227799,105291.2,139652.8,-0.24605020450717774,-8012.0,-0.03021628858592144,0,0,1,0.03021628858592144,0,1.0,0
2024-01-26,101189.7938648972,100360.66791803535,102131.42832981622,100302.69513530424,92426.0,9369073450.0,255720.0,-1.0176747715509158,0.04,down_trend,-1.0,11.0,down_trend,9.0,0,,,0,0,51,price_volume_up_oi_down_short_5d,0.03343954461440769,-0.0064641902269916285,100886.82228988851,101828.99359214575,-0.009252485652867182,104140.8,126787.4,-0.1786186955486112,-8847.0,-0.03343954461440769,0,0,1,0.03343954461440769,0,1.0,0
2024-01-29,100840.81167002956,101632.47352707006,102375.11927923375,99516.848021372,87604.0,8884262550.0,251200.0,-1.053422775593723,0.04,down_trend,-1.0,11.0,down_trend,9.0,0,,,0,0,51,price_volume_up_oi_down_short_5d,0.02715221272525183,0.012672350985880154,101322.67449750034,101430.13107330084,-0.0010594147386326913,95650.6,129140.0,-0.25932631252903826,-7011.0,-0.02715221272525183,0,0,1,0.02715221272525183,0,1.0,0
2024-01-30,102112.59551711644,100777.94687642498,102617.84492679176,100670.57107780204,64661.0,6550881500.0,245616.0,-1.33461110304124,0.04,down_trend,-1.0,11.0,down_trend,9.0,0,,,0,0,51,price_volume_up_oi_down_short_5d,0.034945113174256935,-0.008408008001669631,101149.29999101906,101059.5962264878,0.0008876323266739927,86397.0,126357.4,-0.31624898897888054,-8660.0,-0.03405748084758294,1,0,1,0.034945113174256935,0,1.0,0
2024-01-31,100860.50960205254,99057.40505351692,101589.92647710872,98609.46661523356,121791.0,12165891950.0,252537.0,-0.729251311713666,0.04,down_trend,-1.0,11.0,down_trend,9.0,0,,,0,0,51,price_volume_up_oi_down_short_5d,0.014878038314654517,-0.01707260245158393,100568.42653460511,101181.60510545217,-0.006060178331901311,93802.4,113293.6,-0.17204149219373388,-3814.0,-0.014878038314654517,0,0,1,0.014878038314654517,0,1.0,0
2024-02-01,98901.27719101078,99478.11953502726,99769.58706650574,97954.61787157255,71860.0,7133945650.0,243025.0,-1.21844453702176,0.04,down_trend,-1.0,11.0,down_trend,9.0,0,,,0,0,51,price_volume_up_oi_down_short_5d,0.05490330283149843,0.0042471785050601785,100261.32258201492,101013.92923892534,-0.007450523532554598,87668.4,105291.2,-0.16737201209597763,-14118.0,-0.05490330283149843,0,0,1,0.05490330283149843,0,1.0,0
2024-02-02,99425.86215410952,99888.188827397,101239.79689755592,99166.16829753884,84998.0,8526935600.0,232551.0,-1.006481829009635,0.04,down_trend,-1.0,11.0,down_trend,9.0,0,,,0,0,51,price_volume_up_oi_down_short_5d,0.0906030032848428,0.004122205911073262,100166.82676388725,100886.82228988851,-0.007136665717673463,86182.8,104140.8,-0.17243962020648962,-23169.0,-0.0906030032848428,0,0,1,0.0906030032848428,0,1.0,0
2024-02-05,100058.98359360915,100295.93340060544,100988.8532434695,99398.30164262104,55372.0,5568904800.0,227930.0,-1.4149645134455575,0.04,down_trend,-1.0,11.0,down_trend,9.0,0,,,0,0,51,price_volume_up_oi_down_short_5d,0.09263535031847134,0.0040820098751916944,99899.51873859433,101322.67449750034,-0.014045777669845494,79736.4,95650.6,-0.16637846495474162,-23270.0,-0.09263535031847134,0,0,1,0.09263535031847134,0,1.0,0
2024-02-06,100276.69521065992,97201.50715948458,100437.51956644698,96372.026645473,137716.0,13532660250.0,235841.0,-0.5379642555442696,0.04,down_trend,-1.0,11.0,down_trend,9.0,0,,,0,0,51,price_volume_up_oi_down_short_5d,0.13181960961945854,-0.030852958202811642,99184.23079520624,101149.29999101906,-0.019427412705646963,94347.4,86397.0,0.09202171371691148,-9775.0,-0.039797895902547065,0,1,1,0.13181960961945854,0,1.0,0
2024-02-07,97231.6471490429,97543.72551494786,98246.4742854716,97076.67184971146,52366.0,5102744850.0,229732.0,-1.4786558863706138,0.04,down_trend,-1.0,11.0,down_trend,9.0,1,9.0,down_trend,0,1,51,price_volume_up_oi_down_short_5d,0.09030359907657096,0.0035207103826258024,98881.49488749243,100568.42653460511,-0.016773968781665483,80462.4,93802.4,-0.14221384527474779,-22805.0,-0.09030359907657096,0,0,1,0.09030359907657096,0,1.0,0
2024-02-08,97642.9170391366,96269.82138578496,98701.12286056906,95753.79596779692,67737.0,6569337800.0,229545.0,-1.2204665292818089,0.04,down_trend,-1.0,11.0,down_trend,9.0,1,9.0,down_trend,0,1,51,price_volume_up_oi_down_short_5d,0.05546754449130748,-0.01305982647718007,98239.83525764398,100261.32258201492,-0.020162184901534097,79637.8,87668.4,-0.09160199113933865,-13480.0,-0.05546754449130748,0,0,1,0.05546754449130748,0,1.0,0
2024-02-19,96901.48204942778,94775.3944510556,97976.71587953664,94542.04045550144,77626.0,7444912900.0,240334.0,-1.1301271999197662,0.04,down_trend,-1.0,11.0,down_trend,9.0,1,9.0,down_trend,0,1,51,price_volume_up_oi_down_short_5d,0.0,-0.015523316790426955,97217.2763823757,100166.82676388725,-0.02944637937332506,78163.4,86182.8,-0.09305104962939248,7783.0,0.033467927465373186,0,0,0,0.0,0,1.0,0
2024-02-20,95091.74397799942,92872.2501205509,95465.2328370554,92519.06206200592,119167.0,11159590000.0,265448.0,-0.8008930939608706,0.04,down_trend,-1.0,11.0,up_trend,10.0,1,9.0,down_trend,0,1,51,price_volume_up_oi_down_short_5d,0.1402872464771423,-0.020080574093390147,95732.53972636478,99899.51873859433,-0.04171170256718881,90922.4,79736.4,0.1402872464771423,37518.0,0.16460316763918748,0,1,0,0.1402872464771423,0,1.0,0
2024-02-21,92911.53662219513,96882.24540344122,102980.2748701558,92803.40653630212,358141.0,34944178150.0,257584.0,0.3295808831089428,0.04,up_trend,1.0,12.0,up_trend,10.0,1,9.0,down_trend,0,1,51,price_volume_up_oi_down_short_5d,0.43096047161871986,0.04317753987531514,95668.68737515612,99184.23079520624,-0.035444580170298945,135007.4,94347.4,0.43096047161871986,21743.0,0.09219346932891227,0,1,0,0.43096047161871986,0,1.0,0
2024-02-22,96902.298157363,97588.7803097096,98331.35751395037,96559.25356594546,129183.0,12606765250.0,257467.0,-0.689661552807524,0.04,up_trend,1.0,12.0,up_trend,10.0,1,9.0,down_trend,0,1,51,price_volume_up_oi_down_short_5d,0.8688331444252222,0.007292718116990393,95677.69833410846,98881.49488749243,-0.03240036527592205,150370.8,80462.4,0.8688331444252222,27735.0,0.12072763045635784,0,1,0,0.8688331444252222,0,1.0,0
2024-02-23,98070.58195046092,101658.06928507565,102776.3119745387,98036.23132201182,231990.0,23278646200.0,269553.0,-0.1500707642072351,0.04,up_trend,1.0,12.0,up_trend,10.0,0,,,0,0,51,price_volume_up_oi_down_short_5d,1.300683846113278,0.041698328050126854,96755.3479139666,98239.83525764398,-0.015110849278036298,183221.4,79637.8,1.300683846113278,40008.0,0.17429262236162843,0,1,0,1.300683846113278,0,1.0,0
2024-02-26,102190.39737429938,102185.20105934492,104501.05174481487,101155.2954227838,239044.0,24649873600.0,277530.0,-0.1492814000458186,0.04,up_trend,1.0,12.0,up_trend,10.0,0,,,0,0,51,price_volume_up_oi_down_short_5d,1.7676011261194728,0.005185341193044479,98237.30923562446,97217.2763823757,0.010492300249564268,215505.0,78163.4,1.7571088258699086,37196.0,0.15476794793911805,1,1,0,1.7676011261194728,0,1.0,0
2024-02-27,102346.662710452,106374.06782688409,107363.25867710052,100913.4371534728,282267.0,29470601250.0,296726.0,-0.0499557225524479,0.04,up_trend,1.0,12.0,up_trend,10.0,1,10.0,up_trend,1,0,51,price_volume_up_oi_down_short_5d,1.7833470956803534,0.04099289059583522,100937.67277689111,95732.53972636478,0.05437161769033105,248125.0,90922.4,1.7289754779900224,31278.0,0.11783098761339321,1,1,0,1.7833470956803534,0,1.0,0
2024-02-28,107405.47657794577,107854.74760428791,112064.30122381318,106989.07020431236,422725.0,46132674000.0,295528.0,0.3579582624141482,0.04,up_trend,1.0,12.0,up_trend,10.0,1,10.0,up_trend,1,0,51,price_volume_up_oi_down_short_5d,1.0115508601005865,0.013919555843380227,103132.17321706042,95668.68737515612,0.07801388360892747,261041.8,135007.4,0.933536976491659,37944.0,0.14730728616684266,1,1,0,1.0115508601005865,0,1.0,0
2024-02-29,108415.87492604744,118891.28502033616,119539.811749125,108301.34408782877,654445.0,75321185950.0,321349.0,0.7112597882648249,0.04,up_trend,1.0,12.0,up_trend,10.0,1,10.0,up_trend,1,0,51,price_volume_up_oi_down_short_5d,1.557051719015178,0.10232778492552397,107392.67415918576,95677.69833410846,0.12244207405751295,366094.2,150370.8,1.434609644957665,63882.0,0.24811723444169545,1,1,0,1.557051719015178,0,1.0,0
2024-03-01,119310.06225360549,119227.0197740562,120709.3788023941,116217.86889561667,483932.0,57424889200.0,314503.0,0.430950785932679,0.04,up_trend,1.0,12.0,up_trend,10.0,1,10.0,up_trend,1,0,51,price_volume_up_oi_down_short_5d,1.4193677943611955,0.002823880267276202,110906.46425698185,96755.3479139666,0.14625668397780145,416482.6,183221.4,1.273111110383394,44950.0,0.16675755788286534,1,1,0,1.4193677943611955,0,1.0,0
2024-03-04,120420.1949097333,117242.80186002524,124649.61164416786,115107.1129952574,726842.0,87314720800.0,317200.0,0.8291766326536015,0.04,up_trend,1.0,12.0,no_trend,,1,10.0,up_trend,1,0,51,price_volume_up_oi_down_short_5d,1.5449116577966984,-0.016642351019015678,113917.98441711793,98237.30923562446,0.15962036525128154,514042.2,215505.0,1.3852912925454168,39670.0,0.14293950203581596,1,1,0,1.5449116577966984,0,1.0,0
2024-03-05,117728.73695916464,111502.8476740102,118676.7480753506,111428.07444069588,507688.0,58564908350.0,310341.0,0.4921953927460059,0.04,down_trend,-1.0,13.0,up_trend,11.0,1,10.0,up_trend,1,0,51,price_volume_up_oi_down_short_5d,1.3921657115219044,-0.048957838732546666,114943.74038654314,100937.67277689111,0.13875956542618662,559126.4,248125.0,1.2534061460957178,13615.0,0.04588408161064416,1,1,0,1.3921657115219044,0,1.0,0
2024-03-06,110902.99517866454,113936.33605473912,115016.57796345912,109397.02554195104,540495.0,60900379600.0,321525.0,0.5194100851905226,0.04,down_trend,-1.0,13.0,up_trend,11.0,0,,,0,0,51,price_volume_up_oi_down_short_5d,1.358456688337026,0.021824450509492443,116160.0580766334,103132.17321706042,0.1263222179188781,582680.4,261041.8,1.2321344704181478,25997.0,0.08796797596166861,1,1,0,1.358456688337026,0,1.0,0
2024-03-07,114847.02884517376,112809.94403840862,116301.27176360486,111697.45524650515,398666.0,45479209000.0,327010.0,0.1981332221308482,0.04,down_trend,-1.0,13.0,up_trend,11.0,1,11.0,up_trend,1,0,51,price_volume_up_oi_down_short_5d,0.5221924612110209,-0.009886152700130157,114943.78988024787,107392.67415918576,0.07031313616298696,531524.6,366094.2,0.45187932504803396,5661.0,0.017616361028041164,1,1,0,0.5221924612110209,0,1.0,0
2024-03-08,113118.1348530849,113270.65580490432,113924.4315130082,111031.43901810543,335561.0,37814000400.0,326896.0,0.0261616805691762,0.04,down_trend,-1.0,13.0,up_trend,11.0,1,11.0,up_trend,1,0,51,price_volume_up_oi_down_short_5d,0.2306350088051501,0.004083964143611674,113752.5170864175,110906.46425698185,0.025661739813840345,501850.4,416482.6,0.20497326899130974,12393.0,0.03940502952277085,1,1,0,0.2306350088051501,0,1.0,0
2024-03-11,112646.48559758916,116149.7887487403,116859.44989498518,111325.11220571812,387121.0,44546543300.0,340353.0,0.1287539913492486,0.04,up_trend,1.0,14.0,up_trend,11.0,1,11.0,up_trend,1,0,51,price_volume_up_oi_down_short_5d,0.0,0.02541817139996927,113533.91446416052,113917.98441711793,-0.003371460221338829,433906.2,514042.2,-0.1558938157217442,23153.0,0.07299180327868852,0,0,0,0.0,0,1.0,0
2024-03-12,117507.8117878828,119641.97952520676,119789.6043783468,116458.25435454564,391735.0,46362502300.0,338758.0,0.1452996026262555,0.04,up_trend,1.0,14.0,up_trend,11.0,1,11.0,up_trend,1,0,51,price_volume_up_oi_down_short_5d,0.0018965839037738963,0.030066268859265,115161.74083439982,114943.74038654314,0.0018965839037738963,410715.6,559126.4,-0.2654333617586292,28417.0,0.09156701821544688,1,0,0,0.0018965839037738963,0,1.0,0
2024-03-13,120809.06997180838,118621.2365854309,121688.52218904228,118459.58573024748,363500.0,43815866400.0,337413.0,0.0744715976691694,0.04,up_trend,1.0,14.0,no_trend,,1,11.0,up_trend,1,0,51,price_volume_up_oi_down_short_5d,0.0,-0.008531645362494178,116098.72094053819,116160.0580766334,-0.0005280398194597025,375316.6,582680.4,-0.3558791406060682,15888.0,0.04941450898063914,0,0,0,0.0,0,1.0,0
2024-03-14,119063.43874511568,112022.82809349798,119557.89269496982,111108.5205078125,460171.0,53282027700.0,317440.0,0.3713093354391957,0.04,down_trend,-1.0,15.0,up_trend,12.0,1,11.0,up_trend,1,0,51,price_volume_up_oi_down_short_5d,0.03794338335012622,-0.055625861623696315,115941.29775155606,114943.78988024787,0.008678223263278717,387617.6,531524.6,-0.2707438188185458,-9570.0,-0.029265160086847496,1,0,1,0.03794338335012622,0,1.0,0
2024-03-15,112211.73262493896,114879.9057833913,114994.03140340562,112007.51214032718,352446.0,40016953800.0,312896.0,0.1190265520717665,0.04,down_trend,-1.0,15.0,up_trend,12.0,0,,,0,0,51,price_volume_up_oi_down_short_5d,0.06489806644642315,0.025504423861792747,116263.14774725346,113752.5170864175,0.022070989945028208,390994.6,501850.4,-0.22089411505898982,-14000.0,-0.04282707650139494,1,0,1,0.06489806644642315,0,1.0,0
2024-03-18,114609.46833683056,116635.82843141958,118747.38625318356,114400.13345791536,364134.0,42631829800.0,312633.0,0.1524919531264966,0.04,up_trend,1.0,16.0,up_trend,12.0,1,12.0,up_trend,1,0,51,price_volume_up_oi_down_short_5d,0.10633997984604114,0.015284854527467306,116360.35568378931,113533.91446416052,0.024895127002082074,386397.2,433906.2,-0.10949140620714803,-27720.0,-0.08144485284395907,1,0,1,0.10633997984604114,0,1.0,0
2024-03-19,116169.98489729843,114777.5935745528,117971.37646006324,113977.33442942858,288701.0,33484865250.0,307963.0,-0.0645880954211273,0.04,up_trend,1.0,16.0,up_trend,12.0,1,12.0,up_trend,1,0,51,price_volume_up_oi_down_short_5d,0.09286578151823262,-0.01593193859774744,115387.47849365852,115161.74083439982,0.001960179288912567,365790.4,410715.6,-0.10938274562738781,-30795.0,-0.09090560222932005,1,0,1,0.09286578151823262,0,1.0,0
2024-03-20,114501.6078507516,116981.30857925958,117425.67667831692,113601.35177040154,268478.0,31082371150.0,308663.0,-0.1394810929511999,0.04,up_trend,1.0,16.0,up_trend,12.0,1,12.0,up_trend,1,0,51,price_volume_up_oi_down_short_5d,0.08520714969488431,0.019199871125328727,115059.49289242426,116098.72094053819,-0.008951244593350727,346786.0,375316.6,-0.07601742102534226,-28750.0,-0.08520714969488431,0,0,1,0.08520714969488431,0,1.0,0
2024-03-21,117675.71199235116,117150.57303903022,118571.51669153594,116154.63598413496,248587.0,29202190750.0,314551.0,-0.2353533402864061,0.04,up_trend,1.0,16.0,down_trend,13.0,1,12.0,up_trend,1,0,51,price_volume_up_oi_down_short_5d,0.010340733400000142,0.0014469359406759086,116085.04188153069,115941.29775155606,0.0012398009403227217,304469.2,387617.6,-0.2145114153743276,-2889.0,-0.00910093245967742,1,0,1,0.010340733400000142,0,1.0,0
2024-03-22,116963.02400726952,114214.21441320475,117176.15238706478,112942.49893062405,267596.0,30763664650.0,305345.0,-0.1319639044237925,0.04,up_trend,1.0,16.0,down_trend,13.0,1,12.0,up_trend,1,0,51,price_volume_up_oi_down_short_5d,0.02413261914501943,-0.025064825119098466,115951.90360749338,116263.14774725346,-0.002677066170930553,287499.2,390994.6,-0.2646977733196314,-7551.0,-0.02413261914501943,0,0,1,0.02413261914501943,0,1.0,0
2024-03-25,114464.60487335938,107366.8720415848,114626.23109218969,107216.41337631203,351151.0,39054999850.0,309921.0,0.1248989040942082,0.04,down_trend,-1.0,17.0,down_trend,13.0,1,12.0,up_trend,1,0,51,price_volume_up_oi_down_short_5d,0.008674708044256364,-0.05995175300026678,114098.11232952643,116360.35568378931,-0.019441701952257362,284902.6,386397.2,-0.2626690876641964,-2712.0,-0.008674708044256364,0,0,1,0.008674708044256364,0,1.0,0
2024-03-26,107862.97124992336,108390.37476156023,109546.4163844751,106523.13848059376,283914.0,30622940400.0,304060.0,-0.0685536749511882,0.04,down_trend,-1.0,17.0,down_trend,13.0,1,13.0,down_trend,0,1,51,price_volume_up_oi_down_short_5d,0.012673600400048057,0.009532760902068782,112820.66856692792,115387.47849365852,-0.022245134049546533,283945.2,365790.4,-0.22374890100997735,-3903.0,-0.012673600400048057,0,0,1,0.012673600400048057,0,1.0,0
2024-03-27,109103.8172594825,108335.4070444004,109275.31192922284,105860.69789019712,304726.0,32778072550.0,305065.0,-0.001111856471884,0.04,down_trend,-1.0,17.0,down_trend,13.0,1,13.0,down_trend,0,1,51,price_volume_up_oi_down_short_5d,0.011656725943828706,-0.0005071272913369507,111091.48825995608,115059.49289242426,-0.03448654720022182,291194.8,346786.0,-0.16030404918306973,-3598.0,-0.011656725943828706,0,0,1,0.011656725943828706,0,1.0,0
2024-03-28,108667.74806412128,108491.2733317798,109498.7737586278,107029.60943014902,215002.0,23297028400.0,304681.0,-0.3486179972212963,0.04,down_trend,-1.0,17.0,down_trend,13.0,1,13.0,down_trend,0,1,51,price_volume_up_oi_down_short_5d,0.03137805951975991,0.0014387381894038764,109359.62831850602,116085.04188153069,-0.05793522967315823,284477.8,304469.2,-0.06565984342587039,-9870.0,-0.03137805951975991,0,0,1,0.03137805951975991,0,1.0,0
2024-03-29,108858.86511579149,107153.30544336088,109604.32159212945,106007.5250383172,219235.0,23663972800.0,301064.0,-0.3171786528716252,0.04,down_trend,-1.0,17.0,up_trend,14.0,1,13.0,down_trend,0,1,51,price_volume_up_oi_down_short_5d,0.014020206651492574,-0.012332493179679549,107947.44652453721,115951.90360749338,-0.06903256293274762,274805.6,287499.2,-0.0441517750310263,-4281.0,-0.014020206651492574,0,0,1,0.014020206651492574,0,1.0,0
2024-04-01,107161.3252114611,112500.4832019566,112779.7337105524,106129.63580633469,290367.0,31873655700.0,302565.0,-0.0411504902915018,0.04,up_trend,1.0,18.0,up_trend,14.0,1,13.0,down_trend,0,1,51,price_volume_up_oi_down_short_5d,0.023735080875448903,0.04990212608440836,108974.16875661157,114098.11232952643,-0.044908223881183984,262648.8,284902.6,-0.0781102032764881,-7356.0,-0.023735080875448903,0,0,1,0.023735080875448903,0,1.0,0
2024-04-02,112602.20253256556,111077.01530350235,112822.76649586884,110561.17744483174,194841.0,21740788350.0,292090.0,-0.4048781326150782,0.04,up_trend,1.0,18.0,up_trend,14.0,1,13.0,down_trend,0,1,51,price_volume_up_oi_down_short_5d,0.0393672301519437,-0.012652993640026255,109511.49686500002,112820.66856692792,-0.029331254139526974,244834.2,283945.2,-0.1377413669961669,-11970.0,-0.0393672301519437,0,0,1,0.0393672301519437,0,1.0,0
2024-04-03,111866.4205296426,111881.5949465638,113642.182949925,110801.46353067724,209956.0,23589275250.0,282580.0,-0.2970637113828967,0.04,up_trend,1.0,18.0,up_trend,14.0,1,14.0,up_trend,1,0,51,price_volume_up_oi_down_short_5d,0.07370560372379657,0.007243439525837392,110220.7344454327,111091.48825995608,-0.007838168595651562,225880.2,291194.8,-0.22429864819014622,-22485.0,-0.07370560372379657,0,0,1,0.07370560372379657,0,1.0,0
2024-04-08,112591.78466701997,113498.56208411224,115266.59998687133,112164.38390715396,189158.0,21499654800.0,282979.0,-0.4027900452829815,0.04,up_trend,1.0,18.0,up_trend,14.0,1,14.0,up_trend,1,0,51,price_volume_up_oi_down_short_5d,0.08826014554935738,0.01445248557924761,111222.19219589917,109359.62831850602,0.017031549082889175,220711.4,284477.8,-0.2241524646211409,-21702.0,-0.0712285964664682,1,0,1,0.08826014554935738,0,1.0,0
2024-04-09,113815.89919049044,114128.18511694236,114760.58293032234,112084.19622720676,171698.0,19513641100.0,283302.0,-0.5007763468536857,0.04,up_trend,1.0,18.0,up_trend,14.0,1,14.0,up_trend,1,0,51,price_volume_up_oi_down_short_5d,0.10225663569790827,0.00554740977567203,112617.16813061546,107947.44652453721,0.043259213222952786,211204.0,274805.6,-0.23144215401723978,-17762.0,-0.05899742247495549,1,0,1,0.10225663569790827,0,1.0,0
2024-04-10,114811.06757251995,115969.12561345406,117252.9303388686,114642.78112930965,196149.0,22770372100.0,282621.0,-0.3652322029649591,0.04,up_trend,1.0,18.0,down_trend,15.0,1,14.0,up_trend,1,0,51,price_volume_up_oi_down_short_5d,0.1057123397421352,0.01613046325607792,113310.89661291495,108974.16875661157,0.039795925087432904,192360.4,262648.8,-0.2676136346330157,-19944.0,-0.0659164146547023,1,0,1,0.1057123397421352,0,1.0,0
2024-04-11,115617.53235837955,112618.51625147591,115703.9005303949,108571.58506882974,211087.0,23806354900.0,276098.0,-0.268485504388131,0.04,up_trend,1.0,18.0,down_trend,15.0,1,14.0,up_trend,1,0,51,price_volume_up_oi_down_short_5d,0.09225955139029805,-0.028892253384287248,113619.19680250967,109511.49686500002,0.03750930317913026,195609.6,244834.2,-0.2010527940949426,-15992.0,-0.05475024821116779,1,0,1,0.09225955139029805,0,1.0,0
2024-04-12,111446.38132746854,112326.96831629968,113452.48547924764,110579.1135112808,141616.0,15918747000.0,271717.0,-0.6516419142583596,0.04,up_trend,1.0,18.0,down_trend,15.0,1,14.0,up_trend,1,0,51,price_volume_up_oi_down_short_5d,0.07008359911689148,-0.002588809947781656,113708.27147645685,110220.7344454327,0.031641388061615094,181941.6,225880.2,-0.194521697784932,-10863.0,-0.038442211055276385,1,0,1,0.07008359911689148,0,1.0,0
2024-04-15,113492.94853625944,111994.24171471068,114072.5014447835,111691.21482074032,114618.0,12887195700.0,271626.0,-0.8628212601064965,0.04,up_trend,1.0,18.0,down_trend,15.0,0,,,0,0,51,price_volume_up_oi_down_short_5d,0.059766879720164576,-0.0029621257172373072,113407.40740257656,111222.19219589917,0.019647294874646004,167033.6,220711.4,-0.2432035680984308,-11353.0,-0.04011958484551857,1,0,1,0.059766879720164576,0,1.0,0
2024-04-16,111542.55499029584,108422.30803054072,111906.8730518144,107150.293341955,189137.0,20646250550.0,268363.0,-0.34986892145068,0.04,down_trend,-1.0,19.0,down_trend,15.0,1,15.0,down_trend,0,1,51,price_volume_up_oi_down_short_5d,0.052731713860121,-0.03189390480690024,112266.23198529621,112617.16813061546,-0.003116186911326313,170521.4,211204.0,-0.19262229882009818,-14939.0,-0.052731713860121,0,0,1,0.052731713860121,0,1.0,0
2024-04-17,108626.63500067031,109690.96668846378,110230.28121898732,108334.65825302013,105630.0,11545719750.0,263032.0,-0.9123332759449364,0.04,down_trend,-1.0,19.0,down_trend,15.0,1,15.0,down_trend,0,1,51,price_volume_up_oi_down_short_5d,0.06931190534319813,0.011701085145371604,111010.60020029815,113310.89661291495,-0.02030075201394721,152417.6,192360.4,-0.20764564848066436,-19589.0,-0.06931190534319813,0,0,1,0.06931190534319813,0,1.0,0
2024-04-18,109961.63267709209,108732.46567048231,112098.9220854639,108583.99042710144,145279.0,16001045500.0,262602.0,-0.5919835464165415,0.04,down_trend,-1.0,19.0,down_trend,15.0,1,15.0,down_trend,0,1,51,price_volume_up_oi_down_short_5d,0.04888119435852487,-0.00873819464736536,110233.39008409945,113619.19680250967,-0.02979960089222733,139256.0,195609.6,-0.2880921999738254,-13496.0,-0.04888119435852487,0,0,1,0.04888119435852487,0,1.0,0
2024-04-19,108502.29160486502,107978.62317880044,110785.44395978808,106466.75370715576,183740.0,19886701150.0,264043.0,-0.362590253827565,0.04,down_trend,-1.0,19.0,up_trend,16.0,1,15.0,down_trend,0,1,51,price_volume_up_oi_down_short_5d,0.028242620078979232,-0.006933002825176615,109363.72105659959,113708.27147645685,-0.038207866177587535,147680.8,181941.6,-0.1883065774951963,-7674.0,-0.028242620078979232,0,0,1,0.028242620078979232,0,1.0,0
2024-04-22,108885.70142111808,108951.95362671532,110587.14026430927,108055.49939171388,153670.0,16777675950.0,266274.0,-0.5497184077390225,0.04,down_trend,-1.0,19.0,up_trend,16.0,1,15.0,down_trend,0,1,51,price_volume_up_oi_down_short_5d,0.019703562987342892,0.009014103155428721,108755.26343900051,113407.40740257656,-0.0410215176426858,155491.2,167033.6,-0.06910226445457679,-5352.0,-0.019703562987342892,0,0,1,0.019703562987342892,0,1.0,0
2024-04-23,109253.476525989,109475.849038121,110871.80903107209,107542.47195044332,156706.0,17099540100.0,265418.0,-0.5269345033989934,0.04,down_trend,-1.0,19.0,up_trend,16.0,1,15.0,down_trend,0,1,51,price_volume_up_oi_down_short_5d,0.010973942011380109,0.0048084994712496165,108965.97164051658,112266.23198529621,-0.029396732093153966,149005.0,170521.4,-0.12618005716584546,-2945.0,-0.010973942011380109,0,0,1,0.010973942011380109,0,1.0,0
2024-04-24,110012.53579914192,110654.33733416622,112298.312709888,109638.2487417129,195371.0,21616883650.0,268944.0,-0.3196028644074781,0.04,down_trend,-1.0,19.0,up_trend,16.0,1,16.0,up_trend,1,0,51,price_volume_up_oi_down_short_5d,0.09536693925111006,0.010764824446667376,109158.64576965706,111010.60020029815,-0.01668268099892789,166953.2,152417.6,0.09536693925111006,5912.0,0.02247635268712552,0,1,0,0.09536693925111006,0,1.0,0
2024-04-25,110795.79801787336,109968.80324208087,112897.68177105926,108804.65377906871,172538.0,19142989750.0,266002.0,-0.4328863254841859,0.04,down_trend,-1.0,19.0,up_trend,16.0,1,16.0,up_trend,1,0,51,price_volume_up_oi_down_short_5d,0.23804360314815876,-0.006195275382790411,109405.91328397677,110233.39008409945,-0.007506589423507459,172405.0,139256.0,0.23804360314815876,3400.0,0.012947349982102193,0,1,0,0.23804360314815876,0,1.0,0
2024-04-26,110161.21719455309,110328.255441008,111070.18634352676,109224.51698045492,106644.0,11709355350.0,261900.0,-0.8984665669693278,0.04,down_trend,-1.0,19.0,up_trend,16.0,1,16.0,up_trend,1,0,51,price_volume_up_oi_down_short_5d,0.07580632662280354,0.0032686742815219993,109875.83973641829,109363.72105659959,0.004682710819190694,156985.8,147680.8,0.06300751350209377,-2143.0,-0.00811610230151907,1,1,1,0.07580632662280354,1,-1.0,1
2024-04-29,110022.24727589048,115988.79717510032,117202.94439725316,109803.69319048928,316938.0,36140303900.0,289851.0,0.0893391733119337,0.04,up_trend,1.0,20.0,down_trend,17.0,1,16.0,up_trend,1,0,51,price_volume_up_oi_down_short_5d,0.2428593470365814,0.05130636491500562,111283.20844609528,108755.26343900051,0.02324434631628347,189639.4,155491.2,0.21961500072029794,23577.0,0.08854413123324095,1,1,0,0.2428593470365814,0,-1.0,0
2024-04-30,116209.49391119456,111891.1974591796,117228.68398979784,111025.19832363048,263989.0,29930444750.0,276761.0,-0.0472468822514201,0.04,up_trend,1.0,20.0,down_trend,17.0,1,16.0,up_trend,1,0,51,price_volume_up_oi_down_short_5d,0.44240304553196164,-0.03532754727799148,111766.27813030701,108965.97164051658,0.025698908086909444,211096.0,149005.0,0.4167041374450522,11343.0,0.0427363630198404,1,1,0,0.44240304553196164,0,-1.0,0
2024-05-06,112558.68449525732,112887.53718943716,113401.03635445592,111367.18985734948,127555.0,14303701700.0,281666.0,-0.7921743276892471,0.04,up_trend,1.0,20.0,down_trend,17.0,1,16.0,up_trend,1,0,51,price_volume_up_oi_down_short_5d,0.2111428296431319,0.008904540776061065,112212.91810136121,109158.64576965706,0.027980122968447096,197532.8,166953.2,0.18316270667468482,12722.0,0.047303527871973346,1,1,0,0.2111428296431319,0,-1.0,0
2024-05-07,113336.86950141432,114318.34383848505,115545.7823202726,112970.19044394308,164516.0,18758519250.0,287478.0,-0.5581385056570991,0.04,up_trend,1.0,20.0,down_trend,17.0,0,,,0,0,51,price_volume_up_oi_down_short_5d,0.17005066946391323,0.012674620110161738,113082.82622064203,109405.91328397677,0.03360799088730593,195928.4,172405.0,0.1364426785766073,21476.0,0.08073623506590176,1,1,0,0.17005066946391323,0,-1.0,0
2024-05-08,114402.62654410844,112538.33345414254,114791.1904365789,111913.52591131664,128730.0,14509048250.0,289713.0,-0.8111735901045476,0.04,up_trend,1.0,20.0,down_trend,17.0,0,,,0,0,51,price_volume_up_oi_down_short_5d,0.30941228301356727,-0.015570645310059694,113524.84182326894,109875.83973641829,0.03321023161783576,200345.6,156985.8,0.2762020513957315,27813.0,0.10619702176403208,1,1,0,0.30941228301356727,0,1.0,0
2024-05-09,112954.55063609374,112270.01049632629,113937.18479255593,110679.07659555745,149845.0,16787686900.0,293436.0,-0.6720581310624723,0.04,up_trend,1.0,20.0,down_trend,17.0,0,,,0,0,51,price_volume_up_oi_down_short_5d,0.013460036445160695,-0.002384280534290961,112781.08448751413,111283.20844609528,0.013460036445160695,166927.0,189639.4,-0.11976625110604655,3585.0,0.012368423776354057,1,0,0,0.013460036445160695,0,1.0,0
2024-05-10,112406.33111582728,109118.61716716952,112994.91157943272,107862.32238097726,229342.0,25155168050.0,298966.0,-0.2651155153015043,0.04,down_trend,-1.0,21.0,down_trend,17.0,1,17.0,down_trend,0,1,51,price_volume_up_oi_down_short_5d,0.004118328949528571,-0.028069769613675133,112226.56842911211,111766.27813030701,0.004118328949528571,159997.6,211096.0,-0.24206237920187967,22205.0,0.08023168004162436,1,0,0,0.004118328949528571,0,1.0,0
2024-05-13,108462.4105757916,107885.71704728328,109295.71310772588,106760.4280804778,147177.0,15823412900.0,302623.0,-0.7208518623105886,0.04,down_trend,-1.0,21.0,down_trend,17.0,1,17.0,down_trend,0,1,51,price_volume_up_oi_down_short_5d,0.0,-0.011298714663854681,111226.20440068134,112212.91810136121,-0.00879322735185073,163922.0,197532.8,-0.17015300750052642,20957.0,0.07440372639935243,0,0,0,0.0,0,1.0,0
2024-05-14,107759.88963517376,106029.6258325672,109674.97649968066,105062.07239650538,246187.0,26260994350.0,302378.0,-0.2055864805793865,0.04,down_trend,-1.0,21.0,down_trend,17.0,1,17.0,down_trend,0,1,51,price_volume_up_oi_down_short_5d,0.0,-0.017204234865516144,109568.46079949776,113082.82622064203,-0.031077799685402363,180256.2,195928.4,-0.07998942470820969,14900.0,0.05183005308232282,0,0,0,0.0,0,1.0,0
2024-05-15,105907.30922286578,103961.9134405348,106782.06945780088,102693.17970167336,211536.0,22021008300.0,303976.0,-0.3625535541535523,0.04,down_trend,-1.0,21.0,up_trend,18.0,1,17.0,down_trend,0,1,51,price_volume_up_oi_down_short_5d,0.0,-0.019501270289282613,107853.17679677621,113524.84182326894,-0.04995968226339531,196817.4,200345.6,-0.01761056893687718,14263.0,0.04923148081031918,0,0,0,0.0,0,1.0,0
2024-05-16,104632.07462127612,105075.7146305242,105877.07871424452,104176.4875858286,114509.0,11943265050.0,298301.0,-0.9574496213195955,0.04,down_trend,-1.0,21.0,up_trend,18.0,1,17.0,down_trend,0,1,51,price_volume_up_oi_down_short_5d,0.13672563455881925,0.01071355031019583,106414.3176236158,112781.08448751413,-0.056452435200720075,189750.2,166927.0,0.13672563455881925,4865.0,0.016579424474161317,0,1,0,0.13672563455881925,0,1.0,0
2024-05-17,105705.11878055987,107457.99077577224,108237.92284231549,105595.50962140696,164003.0,17432102700.0,285986.0,-0.5560581382329437,0.04,down_trend,-1.0,21.0,up_trend,18.0,1,17.0,down_trend,0,1,51,price_volume_up_oi_down_short_5d,0.14769787243242358,0.022671995652133292,106082.19234533634,112226.56842911211,-0.05474974571335012,176682.4,159997.6,0.10428156422346335,-12980.0,-0.04341630820896022,0,1,1,0.14769787243242358,0,1.0,0
2024-05-20,108360.0470525537,107028.24148611155,109396.00686839664,106586.10302324452,144655.0,15505217050.0,285093.0,-0.6784638458096975,0.04,down_trend,-1.0,21.0,up_trend,18.0,0,,,0,0,51,price_volume_up_oi_down_short_5d,0.13269412685070872,-0.003999230644070262,105910.69723310201,111226.20440068134,-0.04779006166955713,176178.0,163922.0,0.07476726735886574,-17530.0,-0.05792685949184299,0,1,1,0.13269412685070872,0,1.0,0
2024-05-21,107288.68315355608,107784.02408189964,110317.5741583449,106908.19578597735,216645.0,23336365150.0,282785.0,-0.2664268223760658,0.04,down_trend,-1.0,21.0,up_trend,18.0,1,18.0,up_trend,1,0,51,price_volume_up_oi_down_short_5d,0.0647963806890713,0.0070615249329883945,106261.5768829685,109568.46079949776,-0.0301809835823158,170269.6,180256.2,-0.05540225523449405,-19593.0,-0.0647963806890713,0,0,1,0.0647963806890713,0,1.0,0
2024-05-22,108035.25704791736,107605.50174858124,108990.46655412606,106958.03619279624,107426.0,11529194900.0,286518.0,-0.9809991229685386,0.04,down_trend,-1.0,21.0,up_trend,18.0,1,18.0,up_trend,1,0,51,price_volume_up_oi_down_short_5d,0.05743216569729189,-0.0016562967920250582,106990.29454457779,107853.17679677621,-0.008000526992582913,149447.6,196817.4,-0.24067892371304567,-17458.0,-0.05743216569729189,0,0,1,0.05743216569729189,0,1.0,0
2024-05-23,106690.81250830556,107398.06329002036,107730.8135515502,104860.10127503025,147474.0,15612800950.0,282825.0,-0.6511764427566882,0.04,down_trend,-1.0,21.0,up_trend,18.0,1,18.0,up_trend,1,0,51,price_volume_up_oi_down_short_5d,0.06165780141527856,-0.0019277681455874829,107454.764276477,106414.3176236158,0.00977731827911743,156040.6,189750.2,-0.17765251367323986,-15476.0,-0.05188048313616113,1,0,1,0.06165780141527856,0,1.0,0
2024-05-24,107616.91013104268,108631.95809717664,109005.71945569852,107045.1815124692,149784.0,16127909250.0,284945.0,-0.6431019228891484,0.04,up_trend,1.0,22.0,down_trend,19.0,1,18.0,up_trend,1,0,51,price_volume_up_oi_down_short_5d,0.01879211389707735,0.011488985642359673,107689.5577407579,106082.19234533634,0.01515207557352305,153196.8,176682.4,-0.13292552059514706,-1041.0,-0.0036400383235543,1,0,1,0.01879211389707735,0,1.0,0
2024-05-27,108816.04008401888,107409.3226333718,109644.18764221948,106775.03836829487,123486.0,13287398900.0,291216.0,-0.8579374705496736,0.04,up_trend,1.0,22.0,down_trend,19.0,1,18.0,up_trend,1,0,51,price_volume_up_oi_down_short_5d,0.01751548035818362,-0.011254841440960894,107765.77397020995,105910.69723310201,0.01751548035818362,148963.0,176178.0,-0.15447445197470744,6123.0,0.021477202176132,1,0,0,0.01751548035818362,0,1.0,0
2024-05-28,108350.36915969764,106390.44154823724,108903.37456139448,106103.75736396422,138938.0,14852977250.0,292720.0,-0.7451887302525706,0.04,up_trend,1.0,22.0,down_trend,19.0,1,18.0,up_trend,1,0,51,price_volume_up_oi_down_short_5d,0.01153267828745519,-0.009485965092735804,107487.05746347745,106261.5768829685,0.01153267828745519,133421.6,170269.6,-0.21640974078755104,9935.0,0.03513269798610252,1,0,0,0.01153267828745519,0,1.0,0
2024-05-29,106261.33265760232,106498.4946395742,107176.67889958322,105189.10171863851,115465.0,12184466800.0,290462.0,-0.9225053050497848,0.04,up_trend,1.0,22.0,down_trend,19.0,0,,,0,0,51,price_volume_up_oi_down_short_5d,0.002573705383935865,0.0010156278117143813,107265.65604167606,106990.29454457779,0.002573705383935865,135029.4,149447.6,-0.09647662458279693,3944.0,0.013765278272220245,1,0,0,0.002573705383935865,0,1.0,0
2024-05-30,107360.86381460197,107309.425429094,109019.01547922188,106326.96418388496,163722.0,17504636000.0,290321.0,-0.572817339845857,0.04,up_trend,1.0,22.0,down_trend,19.0,0,,,0,0,51,price_volume_up_oi_down_short_5d,0.0,0.007614481239986093,107247.92846949077,107454.764276477,-0.001924863996295656,138279.0,156040.6,-0.11382678610566743,7496.0,0.02650402192168302,0,0,0,0.0,0,1.0,0
2024-05-31,107415.06046271612,106385.67814739914,108479.57331975564,105692.24210558367,127926.0,13609549900.0,290748.0,-0.8210049408723694,0.04,up_trend,1.0,22.0,down_trend,19.0,0,,,0,0,51,price_volume_up_oi_down_short_5d,0.0,-0.008608258575620087,106798.67247953526,107689.5577407579,-0.008272717243089311,133907.4,153196.8,-0.1259125516982078,5803.0,0.020365333660881925,0,0,0,0.0,0,1.0,0
2024-06-03,105538.55901520638,104232.8337393877,105967.89000699564,102581.52712513915,178597.0,18520627200.0,294706.0,-0.5008463782353193,0.0396366856511353,down_trend,-1.0,23.0,down_trend,19.0,0,,,0,0,51,price_volume_up_oi_down_short_5d,0.0,-0.020236223949511745,106163.37470073847,107765.77397020995,-0.014869278161677157,144929.6,148963.0,-0.027076522357900923,3490.0,0.011984231635624416,0,0,0,0.0,0,1.0,0
2024-06-04,104073.5865619386,103412.69271330288,104799.34987339372,103009.2855527396,102601.0,10573518950.0,298695.0,-1.0685753066008827,0.04,down_trend,-1.0,23.0,down_trend,19.0,0,,,0,0,51,price_volume_up_oi_down_short_5d,0.03178345934991045,-0.007868355840112806,105567.82493375157,107487.05746347745,-0.017855475580192626,137662.2,133421.6,0.03178345934991045,5975.0,0.020411997813610278,0,1,0,0.03178345934991045,0,1.0,0
2024-06-05,103293.20404106656,101569.71591077892,103871.82714702576,100988.2331278831,158386.0,16032092200.0,302933.0,-0.6484765673101991,0.04,down_trend,-1.0,23.0,down_trend,19.0,0,,,0,0,51,price_volume_up_oi_down_short_5d,0.08307079791512062,-0.01782157251850458,104582.06918799253,107265.65604167606,-0.025018136771017163,146246.4,135029.4,0.08307079791512062,12471.0,0.04293504830235969,0,1,0,0.08307079791512062,0,1.0,0
2024-06-06,101854.4819833244,102776.45074497032,102932.73623506977,101058.13831856356,123616.0,12522344400.0,296589.0,-0.8751673555463821,0.04,down_trend,-1.0,23.0,down_trend,19.0,0,,,0,0,51,price_volume_up_oi_down_short_5d,0.0,0.011880852706641631,103675.4742511678,107247.92846949077,-0.033310239827515464,138225.2,138279.0,-0.0003890684774983111,6268.0,0.021589895322763425,0,0,0,0.0,0,1.0,0
2024-06-07,103524.9017051289,101793.61103041032,103980.75464113928,101531.75779083213,124830.0,12690450850.0,296018.0,-0.8634674516230092,0.04,down_trend,-1.0,23.0,down_trend,19.0,0,,,0,0,51,price_volume_up_oi_down_short_5d,0.02762057959455566,-0.009562888263176417,102757.06082777002,106798.67247953526,-0.037843276118808444,137606.0,133907.4,0.02762057959455566,5270.0,0.01812566208537978,0,1,0,0.02762057959455566,0,1.0,0
2024-06-11,101367.88475338146,98999.5912910619,101940.06773455068,98657.59988800951,144329.0,14335969350.0,301070.0,-0.7352473800619684,0.039149531310611,down_trend,-1.0,23.0,down_trend,19.0,0,,,0,0,51,price_volume_up_oi_down_short_5d,0.0,-0.027447889028258676,101710.41233810487,106163.37470073847,-0.04194443116739599,130752.4,144929.6,-0.0978212870248728,6364.0,0.021594402557124727,0,0,0,0.0,0,1.0,0
2024-06-12,99215.40800255188,100810.13358861522,100874.321949231,97266.90414610796,216374.0,21241878000.0,299277.0,-0.3243611740522253,0.04,down_trend,-1.0,23.0,down_trend,19.0,0,,,0,0,51,price_volume_up_oi_down_short_5d,0.1150991339670584,0.01828838153715484,101189.90051316733,105567.82493375157,-0.04147025311293073,153507.0,137662.2,0.1150991339670584,582.0,0.0019484758700346507,0,1,0,0.1150991339670584,0,1.0,0
2024-06-13,100585.37226746247,99983.95861495976,101440.12585459382,98419.87096817304,186720.0,18533787600.0,293681.0,-0.4528839757112751,0.04,down_trend,-1.0,23.0,down_trend,19.0,0,,,0,0,51,price_volume_up_oi_down_short_5d,0.11893606134663529,-0.008195356401638265,100872.7490540035,104582.06918799253,-0.03546803159269396,159173.8,146246.4,0.08839465450089712,-9252.0,-0.030541406845738167,0,1,1,0.11893606134663529,0,1.0,0
2024-06-14,99740.46534930164,99202.29528514858,100469.67169301271,98719.27748130551,119723.0,11796920950.0,293689.0,-0.897340643179363,0.04,down_trend,-1.0,23.0,down_trend,19.0,0,,,0,0,51,price_volume_up_oi_down_short_5d,0.15569913437262062,-0.00781788739553102,100157.91796203915,103675.4742511678,-0.0339285285602543,158395.2,138225.2,0.14592129365701756,-2900.0,-0.009777840715603073,0,1,1,0.15569913437262062,0,1.0,0
2024-06-17,98732.98736955838,98055.2021260008,99197.59315424607,97885.08390251844,131025.0,12818387050.0,295014.0,-0.811634668152631,0.04,down_trend,-1.0,23.0,down_trend,19.0,0,,,0,0,51,price_volume_up_oi_down_short_5d,0.16347336812551355,-0.011563171556167595,99410.23618115726,102757.06082777002,-0.03257026446311395,159634.2,137606.0,0.1600816824847755,-1004.0,-0.003391685640738063,0,1,1,0.16347336812551355,0,1.0,0
2024-06-18,98664.62534356548,95666.7365480961,99093.4248653208,95608.16584864298,204462.0,19657315450.0,307187.0,-0.4070745435243151,0.036966331556781,down_trend,-1.0,23.0,down_trend,19.0,0,,,0,0,51,price_volume_up_oi_down_short_5d,0.31286920928411255,-0.024358376976629237,98743.66523256409,101710.41233810487,-0.029168568264955508,171660.8,130752.4,0.31286920928411255,6117.0,0.020317534128275815,0,1,0,0.31286920928411255,0,1.0,0
2024-06-19,96175.83179297597,96543.7685351904,97093.41816328133,95369.32901459734,141536.0,13496932400.0,302128.0,-0.7582966669533059,0.04,down_trend,-1.0,23.0,down_trend,19.0,1,19.0,down_trend,0,1,51,price_volume_up_oi_down_short_5d,0.020756056727054828,0.009167575050010868,97890.39222187913,101189.90051316733,-0.03260709097009995,156693.2,153507.0,0.020756056727054828,2851.0,0.009526291696321468,0,1,0,0.020756056727054828,0,1.0,0
2024-06-20,96783.99786075651,96998.08930509764,97477.56352124795,96086.99394829864,111314.0,10675498250.0,296646.0,-0.9801844721755484,0.04,down_trend,-1.0,23.0,down_trend,19.0,1,19.0,down_trend,0,1,51,price_volume_up_oi_down_short_5d,0.0,0.0047058528665333554,97293.2183599067,100872.7490540035,-0.035485606644669265,141612.0,159173.8,-0.11033097155436378,2965.0,0.010095988504533832,0,0,0,0.0,0,1.0,0
2024-06-21,97305.5433015629,95060.393532734,98054.15890480723,94790.11415033384,180653.0,17251072500.0,297993.0,-0.5004919321428314,0.04,down_trend,-1.0,23.0,down_trend,19.0,1,19.0,down_trend,0,1,51,price_volume_up_oi_down_short_5d,0.0,-0.019976638573454997,96464.83800942378,100157.91796203915,-0.03687257111330011,153798.0,158395.2,-0.02902360677596294,4304.0,0.014654958135987387,0,0,0,0.0,0,1.0,0
2024-06-24,94703.11204225777,91948.8888557649,95129.36846848056,91255.73343750206,217524.0,20037996500.0,301896.0,-0.3277733979358986,0.04,down_trend,-1.0,23.0,down_trend,19.0,1,19.0,down_trend,0,1,51,price_volume_up_oi_down_short_5d,0.07181167945214728,-0.032731872458508726,95243.57535537661,99410.23618115726,-0.041913800689374336,171097.8,159634.2,0.07181167945214728,6882.0,0.02332770648172629,0,1,0,0.07181167945214728,0,1.0,0
2024-06-25,92091.01051198169,93841.7255895294,94431.17491345956,89969.85777430602,287986.0,26178884600.0,304777.0,-0.0566684938044319,0.04,down_trend,-1.0,23.0,no_trend,,1,19.0,down_trend,0,1,51,price_volume_up_oi_down_short_5d,0.101878500553562,0.020585748858082287,94878.57316366327,98743.66523256409,-0.03914268383493402,187802.6,171660.8,0.09403311647155332,-2410.0,-0.007845384082008678,0,1,1,0.101878500553562,0,1.0,0
2024-06-26,93692.77062668664,96328.86233091856,97665.1439409441,92832.2730560758,360723.0,34107342650.0,306583.0,0.1626218327139663,0.04,up_trend,1.0,24.0,down_trend,20.0,1,19.0,down_trend,0,1,51,price_volume_up_oi_down_short_5d,0.47830282360689536,0.026503527356989354,94835.5919228089,97890.39222187913,-0.03120633424520547,231640.0,156693.2,0.47830282360689536,4455.0,0.014745405920669386,0,1,0,0.47830282360689536,0,1.0,0
2024-06-27,95890.84922328536,94033.78991117267,96165.39616060372,93792.88535645472,234833.0,22191374700.0,306775.0,-0.2672399566394095,0.04,up_trend,1.0,24.0,down_trend,20.0,0,,,0,0,51,price_volume_up_oi_down_short_5d,0.8101841651837414,-0.023825386952683325,94242.7320440239,97293.2183599067,-0.031353534884604795,256343.8,141612.0,0.8101841651837414,10129.0,0.03414507527490679,0,1,0,0.8101841651837414,0,1.0,0
2024-06-28,93895.37990974648,93965.4685533976,95013.77288473464,92632.92408298304,276964.0,25779261400.0,306774.0,-0.1022237862968819,0.04,up_trend,1.0,24.0,down_trend,20.0,0,,,0,0,51,price_volume_up_oi_down_short_5d,0.7919998959674379,-0.0007265617799687707,94023.74704815661,96464.83800942378,-0.025305500031303607,275606.0,153798.0,0.7919998959674379,8781.0,0.029467135134046772,0,1,0,0.7919998959674379,0,1.0,0
2024-07-01,93145.64399359944,95330.22169759596,95455.85493519442,91081.46253385497,236800.0,22037406000.0,310062.0,-0.2695563744720075,0.04,up_trend,1.0,24.0,down_trend,20.0,0,,,0,0,51,price_volume_up_oi_down_short_5d,0.633341866464677,0.014523985940886552,94700.01361652285,95243.57535537661,-0.005707069866136449,279461.2,171097.8,0.633341866464677,8166.0,0.027049050003974878,0,1,0,0.633341866464677,0,1.0,0
2024-07-02,95041.08984298188,93892.09412168562,96003.61315702436,93704.7276770334,170226.0,16121393650.0,314614.0,-0.6142195246580915,0.04,up_trend,1.0,24.0,down_trend,20.0,0,,,0,0,51,price_volume_up_oi_down_short_5d,0.3626499313641025,-0.015085746684533441,94710.08732295409,94878.57316366327,-0.001775804958813465,255909.2,187802.6,0.3626499313641025,9837.0,0.03227605757652316,0,1,0,0.3626499313641025,0,1.0,0
2024-07-03,93757.71533401376,94441.91970724764,95272.04377138847,93122.43444835512,161258.0,15209492450.0,317538.0,-0.6775919293621054,0.04,up_trend,1.0,24.0,down_trend,20.0,0,,,0,0,51,price_volume_up_oi_down_short_5d,0.0,0.00585593058398981,94332.6987982199,94835.5919228089,-0.005302788904384403,216016.2,231640.0,-0.06744862718010702,10955.0,0.03573257486553397,0,0,0,0.0,0,1.0,0
2024-07-04,94913.35376546184,93916.61552046314,95930.8972894446,93614.2502305245,168945.0,15994686950.0,321627.0,-0.6438192708368797,0.04,up_trend,1.0,24.0,down_trend,20.0,0,,,0,0,51,price_volume_up_oi_down_short_5d,0.0007059629385850474,-0.005562193022048301,94309.26392007798,94242.7320440239,0.0007059629385850474,202838.6,256343.8,-0.20872437718407855,14852.0,0.04841333224676066,1,0,0,0.0007059629385850474,0,1.0,0
2024-07-05,93440.63143541804,93859.09037257273,95033.15435265128,92302.90522072314,177367.0,16618641650.0,313469.0,-0.5694794393326693,0.04,up_trend,1.0,24.0,down_trend,20.0,0,,,0,0,51,price_volume_up_oi_down_short_5d,0.0028103669982550983,-0.000612512999660586,94287.98828391303,94023.74704815661,0.0028103669982550983,182919.2,275606.0,-0.3363018221664259,6695.0,0.021823883379947454,1,0,0,0.0028103669982550983,0,1.0,0
2024-07-08,94049.39821347616,93611.61847839072,95050.36861095158,93180.55850740592,151966.0,14269898200.0,318058.0,-0.7385769444715556,0.04,up_trend,1.0,24.0,down_trend,20.0,0,,,0,0,51,price_volume_up_oi_down_short_5d,0.0,-0.002636632138663053,93944.26764007196,94700.01361652285,-0.00798042099034102,165952.4,279461.2,-0.40617015886284036,7996.0,0.025788390708954983,0,0,0,0.0,0,1.0,0
2024-07-09,93429.1597037242,94102.88008367294,94703.78630705392,92882.84436147496,151049.0,14177249700.0,313602.0,-0.7305203785205661,0.04,up_trend,1.0,24.0,down_trend,20.0,0,,,0,0,51,price_volume_up_oi_down_short_5d,0.003216640073232596,0.0052478700108749,93986.42483246943,94710.08732295409,-0.007640817477203021,162117.0,255909.2,-0.3665057762675199,-1012.0,-0.003216640073232596,0,0,1,0.003216640073232596,0,1.0,0
2024-07-10,93959.2827906116,91838.23794473428,94335.56879739978,91692.9532101204,177429.0,16499475700.0,315132.0,-0.5744210697746172,0.04,down_trend,-1.0,25.0,down_trend,20.0,0,,,0,0,51,price_volume_up_oi_down_short_5d,0.007577045896869036,-0.024065598597248217,93465.68847996676,94332.6987982199,-0.009190983924966534,165351.2,216016.2,-0.23454259449059833,-2406.0,-0.007577045896869036,0,0,1,0.007577045896869036,0,1.0,0
2024-07-11,92216.14249352575,92544.64830948108,92907.27422392476,90536.40323623376,180824.0,16605845200.0,303605.0,-0.5182033319127824,0.04,down_trend,-1.0,25.0,down_trend,20.0,0,,,0,0,51,price_volume_up_oi_down_short_5d,0.056033852879266974,0.007691898065072866,93191.29503777035,94309.26392007798,-0.011854284890348121,167727.0,202838.6,-0.1731011750229,-18022.0,-0.056033852879266974,0,0,1,0.056033852879266974,0,1.0,0
2024-07-12,92557.16700963044,91385.49271301736,92956.48053337722,91107.19597493854,106884.0,9799789700.0,304447.0,-1.046752881933517,0.04,down_trend,-1.0,25.0,down_trend,20.0,0,,,0,0,51,price_volume_up_oi_down_short_5d,0.02878115539335628,-0.012525366054527143,92696.57550585928,94287.98828391303,-0.016878213301802614,153630.4,182919.2,-0.16011878468744678,-9022.0,-0.02878115539335628,0,0,1,0.02878115539335628,0,1.0,0
2024-07-15,90937.16643154752,88166.13063927906,91488.23823217304,88165.26049096479,198670.0,17814281700.0,316153.0,-0.4645811168461631,0.04,down_trend,-1.0,25.0,down_trend,20.0,0,,,0,0,51,price_volume_up_oi_down_short_5d,0.005989473618019355,-0.035228371354830146,91607.47793803694,93944.26764007196,-0.024874212772491355,162971.2,165952.4,-0.017964187321183545,-1905.0,-0.005989473618019355,0,0,1,0.005989473618019355,0,1.0,0
2024-07-16,88069.54998593013,88992.0108321151,89463.31370147302,87290.44574345773,165092.0,14591270850.0,310558.0,-0.6318677851500201,0.04,down_trend,-1.0,25.0,down_trend,20.0,0,,,0,0,51,price_volume_up_oi_down_short_5d,0.032300129721751586,0.00936731811691982,90585.30408772538,93986.42483246943,-0.03618736164085978,165779.8,162117.0,0.022593558972840544,-3044.0,-0.00970657074891104,0,1,1,0.032300129721751586,0,1.0,0
2024-07-17,89159.18213602736,87128.4008517974,89678.02674702364,87083.69638239619,141231.0,12444167450.0,315568.0,-0.8039773419566555,0.04,down_trend,-1.0,25.0,down_trend,20.0,0,,,0,0,51,price_volume_up_oi_down_short_5d,0.0,-0.020941317797992465,89643.33666913799,93465.68847996676,-0.0408957754764524,158540.2,165351.2,-0.04119111321841029,436.0,0.0013835472119619716,0,0,0,0.0,0,1.0,0
2024-07-18,86828.56694272021,88207.13889411473,88992.02281914116,86723.54881580324,137208.0,11995409250.0,313613.0,-0.8266617190689088,0.04,down_trend,-1.0,25.0,down_trend,20.0,0,,,0,0,51,price_volume_up_oi_down_short_5d,0.0,0.012381015051019073,88775.83478606473,93191.29503777035,-0.04738060834883817,149817.0,167727.0,-0.10678066143196985,10008.0,0.03296388399400537,0,0,0,0.0,0,1.0,0
2024-07-19,87754.31858322593,89977.9163766626,90746.74313741496,87523.5855331201,263865.0,23488347450.0,313214.0,-0.1714490542709461,0.04,down_trend,-1.0,25.0,down_trend,20.0,0,,,0,0,51,price_volume_up_oi_down_short_5d,0.1795399868775973,0.02007521732082873,88494.31951879377,92696.57550585928,-0.04533345448991144,181213.2,153630.4,0.1795399868775973,8767.0,0.02879647360624345,0,1,0,0.1795399868775973,0,1.0,0
2024-07-22,89475.5503421435,89225.08093057314,89882.30375557704,88517.64343663905,121580.0,10802143300.0,311378.0,-0.9404351259002204,0.04,down_trend,-1.0,25.0,down_trend,20.0,0,,,0,0,51,price_volume_up_oi_down_short_5d,0.03243166179546923,-0.00836689130406143,88706.1095770526,91607.47793803694,-0.031671741502880546,165795.2,162971.2,0.017328215046584994,-4775.0,-0.015103446748884242,0,1,1,0.03243166179546923,0,1.0,0
2024-07-23,89177.77695874985,88205.38816388269,90576.9364596226,87824.72749064643,165127.0,14688543350.0,305438.0,-0.6150319372196704,0.04,down_trend,-1.0,25.0,down_trend,20.0,0,,,0,0,51,price_volume_up_oi_down_short_5d,0.01662157241130654,-0.011428319885569915,88548.78504340611,90585.30408772538,-0.022481781838995074,165802.2,165779.8,0.00013511899519746962,-5120.0,-0.01648645341610907,0,1,1,0.01662157241130654,0,1.0,0
2024-07-24,88322.6893972853,87285.20844771303,88744.8632008035,86848.12012450647,153733.0,13425222000.0,304177.0,-0.6823924373464988,0.04,down_trend,-1.0,25.0,down_trend,20.0,0,,,0,0,51,price_volume_up_oi_down_short_5d,0.09767362733353263,-0.01043223929200332,88580.14656258925,89643.33666913799,-0.011860224597315505,168302.6,158540.2,0.061576811433314615,-11391.0,-0.03609681590021802,0,1,1,0.09767362733353263,0,1.0,0
2024-07-25,86719.2462453395,87413.79357554523,87679.9821318526,85405.24515136494,166688.0,14391223850.0,303123.0,-0.5980148621690559,0.04,down_trend,-1.0,25.0,down_trend,20.0,0,,,0,0,51,price_volume_up_oi_down_short_5d,0.19619141441592053,0.0014731605746147736,88421.47749887533,88775.83478606473,-0.00399159622709655,174198.6,149817.0,0.16274254590600545,-10490.0,-0.03344886850991509,0,1,1,0.19619141441592053,0,1.0,0
2024-07-26,88107.66305011169,86317.62945678916,88595.79884740867,86255.14914541595,137722.0,11998371450.0,307284.0,-0.8025352408124257,0.04,down_trend,-1.0,25.0,down_trend,20.0,0,,,0,0,51,price_volume_up_oi_down_short_5d,0.018932742470004534,-0.012539944486092414,87689.42011490064,88494.31951879377,-0.009095492323913379,148970.0,181213.2,-0.1779296430944325,-5930.0,-0.018932742470004534,0,0,1,0.018932742470004534,0,1.0,0
2024-07-29,86434.18785202732,83851.54340221778,86910.7066739987,83704.51496428424,195932.0,16664897600.0,319327.0,-0.4884479958628619,0.04,down_trend,-1.0,25.0,down_trend,20.0,0,,,0,0,51,price_volume_up_oi_down_short_5d,0.0,-0.028569900147754956,86614.71260922958,88706.1095770526,-0.023576695875793918,163840.4,165795.2,-0.011790449904460543,7949.0,0.025528457373353287,0,0,0,0.0,0,1.0,0
2024-07-30,83970.3850653485,81552.9701772335,84424.81267387846,81135.42169726675,216880.0,17817914950.0,326462.0,-0.4089693508415307,0.04,down_trend,-1.0,25.0,down_trend,20.0,0,,,0,0,51,price_volume_up_oi_down_short_5d,0.05059522732508981,-0.027412414032244148,85284.22901189973,88548.78504340611,-0.036867315908469145,174191.0,165802.2,0.05059522732508981,21024.0,0.06883229984481302,0,1,0,0.05059522732508981,0,1.0,0
2024-07-31,82299.66379591812,83106.77145835893,84436.42356627746,82235.29550274405,222958.0,18495608950.0,317487.0,-0.3534534596980052,0.04,down_trend,-1.0,25.0,down_trend,20.0,0,,,0,0,51,price_volume_up_oi_down_short_5d,0.11724952555694323,0.01905266329048061,84448.54161402892,88580.14656258925,-0.04664256166748393,188036.0,168302.6,0.11724952555694323,13310.0,0.04375741755622549,0,1,0,0.11724952555694323,0,1.0,0
2024-08-01,83610.21690344453,81290.29307634766,84273.26513031046,80891.25686559516,199562.0,16356483300.0,330187.0,-0.5035341956411428,0.04,down_trend,-1.0,25.0,down_trend,20.0,0,,,0,0,51,price_volume_up_oi_down_short_5d,0.11717774999339814,-0.021857164586419064,83223.84151418941,88421.47749887533,-0.05878250546935315,194610.8,174198.6,0.11717774999339814,27064.0,0.08928388805864286,0,1,0,0.11717774999339814,0,1.0,0
2024-08-02,80851.30605910599,81532.35371007798,82505.03955001412,80107.17064563448,204347.0,16537171350.0,321314.0,-0.4525993089496496,0.04,down_trend,-1.0,25.0,down_trend,20.0,0,,,0,0,51,price_volume_up_oi_down_short_5d,0.39582332013156996,0.0029777310988776673,82266.78636484718,87689.42011490064,-0.06183908780498382,207935.8,148970.0,0.39582332013156996,14030.0,0.045658088283151745,0,1,0,0.39582332013156996,0,1.0,0
2024-08-05,80933.65503195186,82017.50417081594,82866.19626127444,80565.33829739527,189745.0,15443937800.0,309292.0,-0.4886047490329692,0.04,down_trend,-1.0,25.0,down_trend,20.0,0,,,0,0,51,price_volume_up_oi_down_short_5d,0.29300930070846387,0.0059504042096358845,81899.9785185668,86614.71260922958,-0.054433409159177715,206698.4,163840.4,0.2615838340238428,-10035.0,-0.031425466684621095,0,1,1,0.29300930070846387,0,1.0,0
2024-08-06,82454.51087518081,81851.07164513272,82767.14991525694,81421.9366997536,134209.0,10978513400.0,300146.0,-0.804870736566709,0.04,down_trend,-1.0,25.0,down_trend,20.0,0,,,0,0,51,price_volume_up_oi_down_short_5d,0.17230902963811817,-0.002029231776385143,81959.59881214665,85284.22901189973,-0.03898294254719936,190164.2,174191.0,0.09169934152740389,-26316.0,-0.08060968811071427,0,1,1,0.17230902963811817,0,1.0,0
2024-08-07,82406.31430622391,80870.83524348213,82418.93959535267,80689.60593778032,113144.0,9148510550.0,303205.0,-0.9857478006792184,0.04,down_trend,-1.0,25.0,down_trend,20.0,0,,,0,0,51,price_volume_up_oi_down_short_5d,0.044984519051173746,-0.011975852996774727,81512.41156917128,84448.54161402892,-0.03476827413168582,168201.4,188036.0,-0.10548299261843475,-14282.0,-0.044984519051173746,0,0,1,0.044984519051173746,0,1.0,0
2024-08-08,81093.3867088399,79120.8357783956,81166.4006128299,79048.05132546426,158736.0,12643944500.0,311853.0,-0.675289478027933,0.04,down_trend,-1.0,25.0,down_trend,20.0,0,,,0,0,51,price_volume_up_oi_down_short_5d,0.05552611096136432,-0.021639438492476404,81078.52010958087,83223.84151418941,-0.0257777262569977,160036.2,194610.8,-0.1776602326284049,-18334.0,-0.05552611096136432,0,0,1,0.05552611096136432,0,1.0,0
2024-08-09,79672.73071274188,78185.68052222083,80376.28986392045,78146.42168440444,172012.0,13574842700.0,313737.0,-0.6009908135029438,0.04,down_trend,-1.0,25.0,down_trend,20.0,0,,,0,0,51,price_volume_up_oi_down_short_5d,0.023581294310238584,-0.011819329851292082,80409.18547200944,82266.78636484718,-0.02258020490309931,153569.2,207935.8,-0.26145858481319706,-7577.0,-0.023581294310238584,0,0,1,0.023581294310238584,0,1.0,0
2024-08-12,78382.42896973128,76617.80835070353,78618.10030660716,76532.01634708598,132336.0,10223935150.0,322871.0,-0.8919087196943979,0.04,down_trend,-1.0,25.0,down_trend,20.0,1,20.0,down_trend,0,1,51,price_volume_up_oi_down_short_5d,0.0,-0.020053188269835487,79329.24630798696,81899.9785185668,-0.03138867991274319,142087.4,206698.4,-0.3125858739109737,13579.0,0.04390349572572197,0,0,0,0.0,0,1.0,0
2024-08-13,76741.35173991682,77594.22204229198,78338.2077715359,76065.99451595705,239136.0,18426032300.0,318642.0,-0.2870357877816833,0.04,down_trend,-1.0,25.0,down_trend,20.0,1,20.0,down_trend,0,1,51,price_volume_up_oi_down_short_5d,0.0,0.01274395225610081,78477.8763874188,81959.59881214665,-0.04248095982885469,163072.8,190164.2,-0.1424631975945,18496.0,0.06162334330625762,0,0,0,0.0,0,1.0,0
2024-08-14,77339.23970164434,74068.38924703021,77679.34501222897,73410.42551165828,252459.0,18954259800.0,328393.0,-0.2629622025888128,0.04,down_trend,-1.0,25.0,down_trend,20.0,1,20.0,down_trend,0,1,51,price_volume_up_oi_down_short_5d,0.13516177629912707,-0.04543937296439482,77117.38718812843,81512.41156917128,-0.053918468322008084,190935.8,168201.4,0.13516177629912707,25188.0,0.08307250869873518,0,1,0,0.13516177629912707,0,1.0,0
2024-08-15,74222.65168793529,73109.08419046688,74315.59467540646,72410.24584583874,245435.0,17911301350.0,327448.0,-0.288297117448879,0.04,down_trend,-1.0,25.0,up_trend,21.0,1,20.0,down_trend,0,1,51,price_volume_up_oi_down_short_5d,0.30142805190325683,-0.012951612237224297,75915.03687054268,81078.52010958087,-0.06368497145803276,208275.6,160036.2,0.30142805190325683,15595.0,0.05000753560170978,0,1,0,0.30142805190325683,0,1.0,0
2024-08-16,73760.62221651252,73644.1083135831,74888.72172725183,73100.70895601388,209702.0,15434733800.0,324890.0,-0.4377991882034184,0.04,down_trend,-1.0,25.0,up_trend,21.0,1,21.0,up_trend,1,0,51,price_volume_up_oi_down_short_5d,0.4053182539207081,0.007318162018311591,75006.72242881515,80409.18547200944,-0.06718713803008114,215813.6,153569.2,0.4053182539207081,11153.0,0.03554888330034392,0,1,0,0.4053182539207081,0,1.0,0
2024-08-19,73990.73844726014,74049.11801897691,74470.170118499,72458.27340945772,205287.0,15027761000.0,329769.0,-0.473983409294017,0.04,down_trend,-1.0,25.0,up_trend,21.0,1,21.0,up_trend,1,0,51,price_volume_up_oi_down_short_5d,0.6215639106634367,0.005499553388157663,74492.98436246981,79329.24630798696,-0.06096442573954253,230403.8,142087.4,0.6215639106634367,6898.0,0.021364569750767334,0,1,0,0.6215639106634367,0,1.0,0
2024-08-20,74076.6327131096,75685.96489642184,75756.6909227872,73805.96623200421,187805.0,13965110450.0,331875.0,-0.5693542015082973,0.04,down_trend,-1.0,25.0,up_trend,21.0,1,21.0,up_trend,1,0,51,price_volume_up_oi_down_short_5d,0.3499345077781213,0.02210488012869294,74111.3329332958,78477.8763874188,-0.055640438492077116,220137.6,163072.8,0.3499345077781213,13233.0,0.041529365243753176,0,1,0,0.3499345077781213,0,1.0,0
2024-08-21,76128.16814569516,78538.71756378718,79456.05635276271,74961.15669853939,365995.0,28206757450.0,331728.0,0.0983043160887171,0.04,up_trend,1.0,26.0,up_trend,21.0,1,21.0,up_trend,1,0,51,price_volume_up_oi_down_short_5d,0.2718662503312632,0.037691964042070536,75005.39859664717,77117.38718812843,-0.02738667203971845,242844.8,190935.8,0.2718662503312632,3335.0,0.010155514886127292,0,1,0,0.2718662503312632,0,1.0,0
2024-08-22,78132.92303615893,76187.72383019413,78654.50020353432,75742.55052825336,313111.0,24036050100.0,329435.0,-0.0508213056330445,0.04,up_trend,1.0,26.0,no_trend,,1,21.0,up_trend,1,0,51,price_volume_up_oi_down_short_5d,0.2309651250554554,-0.029934200691316915,75621.12652459263,75915.03687054268,-0.0038715695607347556,256380.0,208275.6,0.2309651250554554,1987.0,0.006068139063301654,0,1,0,0.2309651250554554,0,1.0,0
2024-08-23,75974.85209072374,74170.68976556571,76299.85045753056,73944.48530079903,213821.0,15937921000.0,327981.0,-0.4278164634716551,0.04,down_trend,-1.0,27.0,up_trend,22.0,1,21.0,up_trend,1,0,51,price_volume_up_oi_down_short_5d,0.20138221295853964,-0.026474528483406923,75726.44281498916,75006.72242881515,0.009595411756020411,257203.8,215813.6,0.19178680120251923,3091.0,0.009513989350241621,1,1,0,0.20138221295853964,0,1.0,0
2024-08-26,74796.73549977438,75149.43115224813,75776.00055145587,74161.98026904766,211963.0,15794638400.0,331899.0,-0.4484189746273911,0.04,down_trend,-1.0,27.0,up_trend,22.0,0,,,0,0,51,price_volume_up_oi_down_short_5d,0.14162475683546827,0.01319579728563891,75946.5054416434,74492.98436246981,0.019512187511524726,258539.0,230403.8,0.12211256932394354,2130.0,0.006459066801306369,1,1,0,0.14162475683546827,0,1.0,0
2024-08-27,75373.07933370295,76908.09248468594,77584.30744184683,75156.4134563049,258575.0,19644062550.0,334823.0,-0.25841624672186,0.04,down_trend,-1.0,27.0,up_trend,22.0,1,22.0,up_trend,1,0,51,price_volume_up_oi_down_short_5d,0.2667993206036958,0.023402190881190776,76190.93095929622,74111.3329332958,0.028060459091623358,272693.0,220137.6,0.23873886151207246,2948.0,0.008882862523540489,1,1,0,0.2667993206036958,0,1.0,0
2024-08-28,76788.73688541452,76577.4677293547,77395.59863153507,75162.47890433241,232853.0,17653400100.0,341022.0,-0.3815396381552903,0.04,down_trend,-1.0,27.0,up_trend,22.0,1,22.0,up_trend,1,0,51,price_volume_up_oi_down_short_5d,0.02383501116437925,-0.004298959246675893,75798.68099240972,75005.39859664717,0.01057633731177865,246064.6,242844.8,0.0132586738526006,9294.0,0.02801692953262914,1,1,0,0.02383501116437925,0,1.0,0
2024-08-29,76739.71559338887,77635.60654948912,78799.7319926499,75559.44202118949,313388.0,24095044300.0,353310.0,-0.1199038190583069,0.04,up_trend,1.0,28.0,up_trend,22.0,1,22.0,up_trend,1,0,51,price_volume_up_oi_down_short_5d,0.006177255393361225,0.013817887317378652,76088.25753626872,75621.12652459263,0.006177255393361225,246120.0,256380.0,-0.04001872220922065,23875.0,0.07247256666717258,1,0,0,0.006177255393361225,0,1.0,0
2024-08-30,77588.54158407993,79670.3611412982,80092.71174863387,77323.24500798497,340807.0,26784056300.0,353352.0,-0.0361483925808941,0.04,up_trend,1.0,28.0,down_trend,23.0,1,22.0,up_trend,1,0,51,price_volume_up_oi_down_short_5d,0.07495305258648588,0.026209038381274308,77188.19181141522,75726.44281498916,0.019303019422123535,271517.2,257203.8,0.055650033164362345,25371.0,0.07735509069122906,1,1,0,0.07495305258648588,0,1.0,0
2024-09-02,79058.04680133151,76063.51256469205,79213.32054282501,75383.99879457394,365293.0,28139252750.0,353212.0,0.0336313280477047,0.04,down_trend,-1.0,29.0,down_trend,23.0,1,23.0,down_trend,0,1,51,price_volume_up_oi_down_short_5d,0.18756755337612185,-0.045272150457674964,77371.008093904,75946.5054416434,0.018756658308066276,302183.2,258539.0,0.16881089506805558,21313.0,0.06421531851557251,1,1,0,0.18756755337612185,0,1.0,0
2024-09-03,76149.5324266099,75779.22014440736,76427.09852842719,74529.78674321329,248298.0,18637252200.0,358015.0,-0.3659452472550555,0.04,down_trend,-1.0,29.0,down_trend,23.0,1,23.0,down_trend,0,1,51,price_volume_up_oi_down_short_5d,0.11313205733952336,-0.003737566287684957,77145.23362584828,76190.93095929622,0.01252514773788338,300127.8,272693.0,0.10060690960163998,23192.0,0.06926644824280291,1,1,0,0.11313205733952336,0,1.0,0
2024-09-04,75020.19960754935,74464.83057311413,75705.328529215,74131.60552590404,238662.0,17766341650.0,360539.0,-0.412551808923947,0.04,down_trend,-1.0,29.0,down_trend,23.0,1,23.0,down_trend,0,1,51,price_volume_up_oi_down_short_5d,0.23662345169204269,-0.017344986775906124,76722.70619460018,75798.68099240972,0.01219051822660333,301289.6,246064.6,0.22443293346543935,19517.0,0.057230911788682254,1,1,0,0.23662345169204269,0,1.0,0
2024-09-05,74390.28905232956,71637.97283115204,74546.56218443596,71236.35976425537,306224.0,22260599550.0,374473.0,-0.2012028439343351,0.04,down_trend,-1.0,29.0,up_trend,24.0,1,23.0,down_trend,0,1,51,price_volume_up_oi_down_short_5d,0.21833577116853564,-0.037962320201433974,75523.17945093274,76088.25753626872,-0.007426613562107387,299856.8,246120.0,0.21833577116853564,21163.0,0.05989923862896607,0,1,0,0.21833577116853564,0,1.0,0
2024-09-06,72521.65745103333,71962.1838062655,73337.06360747563,70589.05010204753,310925.0,22157386650.0,372675.0,-0.1811550006166892,0.04,down_trend,-1.0,29.0,up_trend,24.0,1,24.0,up_trend,1,0,51,price_volume_up_oi_down_short_5d,0.08236384287993537,0.00452568606146353,73981.54398392621,77188.19181141522,-0.04154324323755931,293880.4,271517.2,0.08236384287993537,19323.0,0.05468484683828024,0,1,0,0.08236384287993537,0,1.0,0
2024-09-09,71125.82896424414,73952.7171518374,73958.42717632513,70970.38227071003,289253.0,20814402650.0,374473.0,-0.2582179665592307,0.04,down_trend,-1.0,29.0,up_trend,24.0,1,24.0,up_trend,1,0,51,price_volume_up_oi_down_short_5d,0.0,0.027660824620480584,73559.38490135528,77371.008093904,-0.04926423070412389,278672.4,302183.2,-0.07780313399288907,21261.0,0.06019331166551533,0,0,0,0.0,0,1.0,0
2024-09-10,73992.85160481762,72964.25940309594,74524.77627997407,72522.0441411659,258309.0,18913019750.0,384953.0,-0.3989647062132309,0.04,down_trend,-1.0,29.0,up_trend,24.0,1,24.0,up_trend,1,0,51,price_volume_up_oi_down_short_5d,0.0,-0.013366077499383566,72996.392753093,77145.23362584828,-0.053779613823934036,280674.6,300127.8,-0.0648163882186189,26938.0,0.07524265743055458,0,0,0,0.0,0,1.0,0
2024-09-11,73924.95143279756,79206.53066241814,80011.9253279136,73635.21083113717,755012.0,58237724900.0,414889.0,0.5987226285877185,0.04,up_trend,1.0,30.0,down_trend,25.0,1,24.0,up_trend,1,0,51,price_volume_up_oi_down_short_5d,0.27433738170849575,0.08555245143840007,73944.73277095381,76722.70619460018,-0.03620796973193685,383944.6,301289.6,0.27433738170849575,54350.0,0.15074652118078766,0,1,0,0.27433738170849575,0,1.0,0
2024-09-12,80183.39763023442,77773.4806643206,81015.76667109539,76009.7279737171,520819.0,40506905400.0,413174.0,0.2315337608217665,0.04,up_trend,1.0,30.0,down_trend,25.0,1,24.0,up_trend,1,0,51,price_volume_up_oi_down_short_5d,0.423558178437174,-0.018092573757652275,75171.83433758751,75523.17945093274,-0.004652149391744076,426863.6,299856.8,0.423558178437174,38701.0,0.10334790492238426,0,1,0,0.423558178437174,0,1.0,0
2024-09-13,78497.21751651703,78366.63193556007,79078.63219692824,77093.45807146704,327914.0,25444202300.0,406456.0,-0.2147243031639237,0.04,up_trend,1.0,30.0,down_trend,25.0,1,24.0,up_trend,1,0,51,price_volume_up_oi_down_short_5d,0.49747239207032745,0.007626651992079125,76452.72396344642,73981.54398392621,0.033402654857502156,430261.4,293880.4,0.4640697372128253,33781.0,0.09064466358086805,1,1,0,0.49747239207032745,0,1.0,0
2024-09-18,78349.65904335195,76354.11342567294,78519.25457275791,75567.34513404587,292634.0,22316521800.0,402572.0,-0.3189512814234624,0.04,up_trend,1.0,30.0,down_trend,25.0,1,25.0,down_trend,0,1,51,price_volume_up_oi_down_short_5d,0.5922574924355788,-0.02568080904053649,76933.00321821353,73559.38490135528,0.0458625139590596,430937.6,278672.4,0.5463949784765192,28099.0,0.07503611742368609,1,1,0,0.5922574924355788,0,1.0,0
2024-09-19,76555.66711650696,76761.51736972705,77699.75317023916,74739.26549707602,325362.0,24646935550.0,403000.0,-0.2139981533294787,0.04,up_trend,1.0,30.0,down_trend,25.0,1,25.0,down_trend,0,1,51,price_volume_up_oi_down_short_5d,0.6474764080568902,0.005335717039667953,77692.45481153976,72996.392753093,0.06433279620173815,444348.2,280674.6,0.5831436118551521,18047.0,0.046881047816226915,1,1,0,0.6474764080568902,0,1.0,0
2024-09-20,77165.06824219109,76442.39275010422,77445.60083579044,75418.91817568998,260126.0,19741876650.0,400723.0,-0.4321042865335623,0.04,up_trend,1.0,30.0,down_trend,25.0,1,25.0,down_trend,0,1,51,price_volume_up_oi_down_short_5d,0.07735059068442784,-0.004157351633445994,77139.62722907697,73944.73277095381,0.04320651841449541,345371.0,383944.6,-0.1004665777302246,-14166.0,-0.03414407226993244,1,0,1,0.07735059068442784,0,1.0,0
2024-09-23,75881.68737655324,75969.96293712065,77716.2007939738,74467.66361356368,351083.0,26616508950.0,399861.0,-0.1300943239675029,0.04,down_trend,-1.0,31.0,up_trend,26.0,1,25.0,down_trend,0,1,51,price_volume_up_oi_down_short_5d,0.053600168036089135,-0.006180207028944951,76778.92368363698,75171.83433758751,0.02137887628007351,311423.8,426863.6,-0.270437207576378,-13313.0,-0.032221291756015624,1,0,1,0.053600168036089135,0,1.0,0
2024-09-24,76024.00092201498,77762.78708639389,78393.32468735967,75632.5254402351,318261.0,24429429050.0,418907.0,-0.2747771373832664,0.04,down_trend,-1.0,31.0,up_trend,26.0,1,25.0,down_trend,0,1,51,price_volume_up_oi_down_short_5d,0.00268702983631508,0.02359911838784412,76658.15471380376,76452.72396344642,0.00268702983631508,309493.2,430261.4,-0.2806856483058904,12451.0,0.030633082055622256,1,0,0,0.00268702983631508,0,1.0,0
2024-09-25,79032.34157136887,77032.46679007604,81451.56829979544,76802.89679738069,505973.0,39772713750.0,429465.0,0.1639430601809544,0.04,down_trend,-1.0,31.0,up_trend,26.0,1,26.0,up_trend,1,0,51,price_volume_up_oi_down_short_5d,0.0,-0.009391642502556752,76793.82538668437,76933.00321821353,-0.0018090783630841933,352161.0,430937.6,-0.18280280021979978,26893.0,0.06680295698657632,0,0,0,0.0,0,1.0,0
2024-09-26,77414.99955719833,78419.59841170204,78618.49403474909,76613.25458288855,302119.0,23324237500.0,425361.0,-0.342117240646403,0.04,down_trend,-1.0,31.0,up_trend,26.0,1,26.0,up_trend,1,0,51,price_volume_up_oi_down_short_5d,0.0,0.018007103750242504,77125.44159507936,77692.45481153976,-0.007298176094909348,347512.4,444348.2,-0.2179277422525847,22361.0,0.0554863523573201,0,0,0,0.0,0,1.0,0
2024-09-27,79120.44494521753,78405.63276464526,80312.35838249355,77566.00907521916,443515.0,34952154350.0,428706.0,0.0339602537419138,0.04,down_trend,-1.0,31.0,up_trend,26.0,1,26.0,up_trend,1,0,51,price_volume_up_oi_down_short_5d,0.11730475021323783,-0.0001780887346994886,77518.08959798758,77139.62722907697,0.004906199089953045,384190.2,345371.0,0.11239855112328478,27983.0,0.06983127996146965,1,1,0,0.11730475021323783,0,1.0,0
2024-09-30,80549.07836499106,81153.9695800031,82263.70973005208,79037.13232906592,535016.0,42975983100.0,439908.0,0.1957310388502066,0.04,up_trend,1.0,32.0,down_trend,27.0,1,26.0,up_trend,1,0,51,price_volume_up_oi_down_short_5d,0.37491199906895734,0.03505279810198947,78554.89092656407,76778.92368363698,0.023130921322169762,420976.8,311423.8,0.3517810777467876,40047.0,0.10015230292526653,1,1,0,0.37491199906895734,0,1.0,0
2024-10-08,83395.43564157592,78417.5237747879,86212.8022374793,78267.93922137775,624421.0,51146665450.0,444168.0,0.3406219511191629,0.04,up_trend,1.0,32.0,down_trend,27.0,1,26.0,up_trend,1,0,51,price_volume_up_oi_down_short_5d,0.5845104169820536,-0.03371918612702696,78685.83826424286,76658.15471380376,0.02645098304295579,482208.8,309493.2,0.5580594339390978,25261.0,0.06030216730682467,1,1,0,0.5845104169820536,0,1.0,0
2024-10-09,77972.62286198669,78291.12084694221,79512.74804443537,77502.19023399822,290908.0,22739375950.0,443950.0,-0.4227048774959197,0.04,up_trend,1.0,32.0,down_trend,27.0,1,26.0,up_trend,1,0,51,price_volume_up_oi_down_short_5d,0.2750604874883349,-0.001611921950107842,78937.5690756161,76793.82538668437,0.027915573656309256,439195.8,352161.0,0.24714491383202564,14485.0,0.03372801043158348,1,1,0,0.2750604874883349,0,1.0,0
2024-10-10,78778.39010080679,75780.37389367344,79847.50880679657,75642.04968176212,359364.0,27933155350.0,452963.0,-0.2314746420555273,0.04,down_trend,-1.0,33.0,down_trend,27.0,0,,,0,0,51,price_volume_up_oi_down_short_5d,0.31342516175198987,-0.032069370397407315,78409.72417201039,77125.44159507936,0.016651866755897693,450644.8,347512.4,0.2967732949960922,27602.0,0.06489076337510961,1,1,0,0.31342516175198987,0,1.0,0
2024-10-11,76720.11030353342,76262.85881030119,76877.87835701606,74868.83328663737,315191.0,23764209800.0,443793.0,-0.3421794332268595,0.04,down_trend,-1.0,33.0,down_trend,27.0,0,,,0,0,51,price_volume_up_oi_down_short_5d,0.1121446783831841,0.006366884878460821,77981.16938114158,77518.08959798758,0.005973828632201306,424980.0,384190.2,0.10617084975098279,15087.0,0.03519194972778548,1,1,0,0.1121446783831841,0,1.0,0
2024-10-14,76880.3556738338,75536.2676969018,77540.16963286296,75292.62021189029,311450.0,23459472750.0,466819.0,-0.4047027905402997,0.04,down_trend,-1.0,33.0,down_trend,27.0,1,27.0,down_trend,0,1,51,price_volume_up_oi_down_short_5d,0.0,-0.0095274570706394,76857.62900452132,78554.89092656407,-0.021606062996502695,380266.8,420976.8,-0.09670366633030614,26911.0,0.061174154595960976,0,0,0,0.0,0,1.0,0
2024-10-15,75398.54648669052,76020.27350814737,76341.01103096882,75083.19907891088,220746.0,16606379750.0,454502.0,-0.7221895947732964,0.04,down_trend,-1.0,33.0,down_trend,27.0,1,27.0,down_trend,0,1,51,price_volume_up_oi_down_short_5d,0.0,0.006407595000426758,76378.1789511932,78685.83826424286,-0.02932750497364056,299531.8,482208.8,-0.3788338163882534,10334.0,0.02326597143423209,0,0,0,0.0,0,1.0,0
2024-10-16,76085.97811383277,73657.42126601438,76229.3934266591,73590.01837937185,269492.0,20038345900.0,462475.0,-0.5400537961301106,0.04,down_trend,-1.0,33.0,down_trend,27.0,1,27.0,down_trend,0,1,51,price_volume_up_oi_down_short_5d,0.0,-0.031081869784114202,75451.43903500764,78937.5690756161,-0.0441631289312826,295248.6,439195.8,-0.3277517681180012,18525.0,0.04172767203513909,0,0,0,0.0,0,1.0,0
2024-10-17,73927.89935632341,71155.55012631086,74341.14410944293,70935.60370916846,322160.0,23322364650.0,463539.0,-0.3638422073177604,0.04,down_trend,-1.0,33.0,up_trend,28.0,1,27.0,down_trend,0,1,51,price_volume_up_oi_down_short_5d,0.0,-0.033966314550545995,74526.47428153512,78409.72417201039,-0.04952510586514036,287807.8,450644.8,-0.3613422367239121,10576.0,0.0233484854171312,0,0,0,0.0,0,1.0,0
2024-10-18,71431.50426344814,73344.36546078001,74578.78606519614,70880.17704734378,469711.0,34020362400.0,459026.0,0.0230107586260123,0.04,down_trend,-1.0,33.0,up_trend,28.0,1,27.0,down_trend,0,1,51,price_volume_up_oi_down_short_5d,0.0,0.030760992369305074,73942.77561163089,77981.16938114158,-0.05178678136734005,318711.8,424980.0,-0.25005459080427317,15233.0,0.034324561225616446,0,0,0,0.0,0,1.0,0
2024-10-21,74021.49090869451,71836.71817991731,74239.65422516788,71560.25517150975,328899.0,23904199000.0,468682.0,-0.3541737873422012,0.04,down_trend,-1.0,33.0,up_trend,28.0,1,27.0,down_trend,0,1,51,price_volume_up_oi_down_short_5d,0.0,-0.020555734191590957,73202.86570823399,76857.62900452132,-0.047552381508832786,322201.6,380266.8,-0.152695949265095,1863.0,0.003990840132899475,0,0,0,0.0,0,1.0,0
2024-10-22,71472.87677462265,73184.4530845545,73667.22635781417,70784.08409900717,349013.0,25337826450.0,473245.0,-0.3045040540009031,0.04,down_trend,-1.0,33.0,up_trend,28.0,0,,,0,0,51,price_volume_up_oi_down_short_5d,0.16132911430439112,0.01876108679215749,72635.70162351542,76378.1789511932,-0.04899930031153643,347855.0,299531.8,0.16132911430439112,18743.0,0.04123854240465388,0,1,0,0.16132911430439112,0,1.0,0
2024-10-23,73121.84567279619,74712.96420826833,74744.1985005735,72903.5663360723,382262.0,28336376350.0,469913.0,-0.2064413338030406,0.04,up_trend,1.0,34.0,up_trend,28.0,0,,,0,0,51,price_volume_up_oi_down_short_5d,0.2545664907471197,0.020885735416343865,72846.81021196619,75451.43903500764,-0.034520598365698096,370409.0,295248.6,0.2545664907471197,7438.0,0.01608303151521704,0,1,0,0.2545664907471197,0,1.0,0
2024-10-24,74897.68875323425,73931.34627080701,75293.51019143296,72895.28866924481,316297.0,23347208400.0,463666.0,-0.3824828198396102,0.04,up_trend,1.0,34.0,up_trend,28.0,0,,,0,0,51,price_volume_up_oi_down_short_5d,0.2829270089274858,-0.010461610588525017,73401.96944086543,74526.47428153512,-0.015088662807550723,369236.4,287807.8,0.2829270089274858,127.0,0.00027397910423934127,0,1,0,0.2829270089274858,0,1.0,0
2024-10-25,74106.15419218659,74447.44709765095,75233.29915936294,73932.53032111838,311958.0,23275480600.0,458439.0,-0.3849586769521851,0.04,up_trend,1.0,34.0,up_trend,28.0,0,,,0,0,51,price_volume_up_oi_down_short_5d,0.06081220384555761,0.0069808119678151925,73622.58576823962,73942.77561163089,-0.004330238359904204,337685.8,318711.8,0.059533409180331676,-587.0,-0.0012787946652259349,0,1,1,0.06081220384555761,0,1.0,0
2024-10-28,74777.98119980838,76418.08107386471,77059.8477403956,74580.52515406138,393129.0,29951059800.0,438193.0,-0.1085216503091744,0.04,up_trend,1.0,34.0,up_trend,28.0,0,,,0,0,51,price_volume_up_oi_down_short_5d,0.17123012570417057,0.02647013501522677,74538.8583470291,73202.86570823399,0.01825055106612905,350531.8,322201.6,0.08792693766883852,-30489.0,-0.06505263696920299,1,1,1,0.17123012570417057,1,-1.0,0
2024-10-29,76289.40040792884,74929.00073954444,76630.57659156309,74642.60753701889,295144.0,22426350050.0,434051.0,-0.3856986658835866,0.04,up_trend,1.0,34.0,up_trend,28.0,0,,,0,0,51,price_volume_up_oi_down_short_5d,0.11382463055201006,-0.01948596867907404,74887.7678780271,72635.70162351542,0.03100494941433296,339758.0,347855.0,-0.02327694010435377,-39194.0,-0.0828196811376771,1,0,1,0.11382463055201006,0,-1.0,0
2024-10-30,74651.0851368988,73953.90311256953,74908.87328847671,73035.04447709055,294037.0,21702156250.0,419332.0,-0.3549573591766546,0.04,up_trend,1.0,34.0,up_trend,28.0,0,,,0,0,51,price_volume_up_oi_down_short_5d,0.1335721987783276,-0.013013621126009345,74735.95565888732,72846.81021196619,0.02593312516257318,322113.0,370409.0,-0.13038560078183847,-50581.0,-0.10763907361575441,1,0,1,0.1335721987783276,0,-1.0,0
2024-10-31,74150.17123983375,75302.39799934936,75851.12672811061,73754.55504953131,363803.0,27021699400.0,402669.0,-0.1015023721726568,0.04,up_trend,1.0,34.0,up_trend,28.0,0,,,0,0,51,price_volume_up_oi_down_short_5d,0.15346319480309206,0.018234262561195758,75010.1660045958,73401.96944086543,0.02190944706226139,331614.2,369236.4,-0.10189190448178997,-60997.0,-0.13155374774083067,1,0,1,0.15346319480309206,0,-1.0,0
2024-11-01,74985.53889437535,76922.33542754776,78308.10902175706,74671.14283866376,483463.0,37054646350.0,396330.0,0.1987275890706726,0.04,up_trend,1.0,34.0,up_trend,28.0,0,,,0,0,51,price_volume_up_oi_down_short_5d,0.24464634201770064,0.02151242817277077,75505.14367057515,73622.58576823962,0.025570385537146745,365915.2,337685.8,0.0835966451654171,-62109.0,-0.1354793113151368,1,1,1,0.24464634201770064,1,-1.0,0
2024-11-04,76710.91497819792,77707.3874380655,78011.67819032015,76491.02934730556,294041.0,22670008850.0,398203.0,-0.3032427121063368,0.04,up_trend,1.0,34.0,up_trend,28.0,0,,,0,0,51,price_volume_up_oi_down_short_5d,0.10768408853844688,0.010205774514700838,75763.00494341532,74538.8583470291,0.016422931924808593,346097.6,350531.8,-0.012649922203919917,-39990.0,-0.09126115661363829,1,0,1,0.10768408853844688,0,-1.0,0
2024-11-05,77589.86944992865,77801.46195448568,78709.98410186476,77157.5042458877,361016.0,28076263300.0,397721.0,-0.0968284757600428,0.04,up_trend,1.0,34.0,up_trend,28.0,0,,,0,0,51,price_volume_up_oi_down_short_5d,0.16049353258269827,0.0012106251351604591,76337.49718640358,74887.7678780271,0.019358693007617944,359272.0,339758.0,0.05743499785141193,-36330.0,-0.08369984172366841,1,1,1,0.16049353258269827,1,-1.0,0
2024-11-06,77722.20766636463,76414.65845473445,77985.46863988726,75340.83660513972,378536.0,28888491300.0,385293.0,-0.0176929031655618,0.04,up_trend,1.0,34.0,up_trend,28.0,0,,,0,0,51,price_volume_up_oi_down_short_5d,0.2770144496791282,-0.017824902834891687,76829.64825483656,74735.95565888732,0.028014528983951736,376171.8,322113.0,0.16782557673859788,-34039.0,-0.08117434395657856,1,1,1,0.2770144496791282,1,-1.0,0
2024-11-07,76296.7624604886,77375.34409743991,77625.4142308843,75971.01318293717,236947.0,18123999250.0,390805.0,-0.5003722269204259,0.04,up_trend,1.0,34.0,up_trend,28.0,0,,,0,0,51,price_volume_up_oi_down_short_5d,0.11710458271745705,0.0125720072841069,77244.23747445465,75010.1660045958,0.029783582530959585,350800.6,331614.2,0.05785759475921104,-11864.0,-0.02946340542728643,1,1,1,0.11710458271745705,1,-1.0,0
2024-11-08,77808.34273046465,76955.62128058964,79387.25012219265,76912.59539601835,368838.0,28697624100.0,391023.0,-0.0584088585338813,0.04,up_trend,1.0,34.0,up_trend,28.0,1,28.0,up_trend,1,0,51,price_volume_up_oi_down_short_5d,0.036511310798110125,-0.005424503396349589,77250.89464506305,75505.14367057515,0.023120954277029204,327875.6,365915.2,-0.10395741964258398,-5307.0,-0.013390356521080917,1,0,1,0.036511310798110125,0,-1.0,0
2024-11-11,76947.34613450676,81441.7980761562,81516.04890166089,76202.3217107396,477806.0,37681081050.0,451388.0,0.0568775122992608,0.04,up_trend,1.0,34.0,up_trend,28.0,1,28.0,up_trend,1,0,51,price_volume_up_oi_down_short_5d,0.08303957433919806,0.05829563482061206,77997.77677268119,75763.00494341532,0.029496874245351634,364628.6,346097.6,0.05354270009384643,53185.0,0.13356252966451784,1,1,0,0.08303957433919806,0,-1.0,0
2024-11-12,81419.6560578343,81585.02886396984,82934.28762389286,80685.20739074,587360.0,47916666300.0,466845.0,0.2296406229541261,0.04,up_trend,1.0,34.0,up_trend,28.0,1,28.0,up_trend,1,0,51,price_volume_up_oi_down_short_5d,0.17257300083123628,0.0017586889189222799,78754.49015457802,76337.49718640358,0.031661936233939425,409897.4,359272.0,0.14091106459729685,69124.0,0.17380022679214827,1,1,0,0.17257300083123628,0,-1.0,0
2024-11-13,82283.03977642706,86234.36081249446,86713.05424087081,82027.40188260713,817469.0,68978278650.0,518502.0,0.455269096620352,0.04,up_trend,1.0,34.0,up_trend,28.0,1,28.0,up_trend,1,0,51,price_volume_up_oi_down_short_5d,0.37363879780181897,0.05698756270928884,80718.43062613001,76829.64825483656,0.05061564720945655,497684.0,376171.8,0.3230231505923624,133209.0,0.34573428533609485,1,1,0,0.37363879780181897,0,-1.0,0
2024-11-14,86296.69271818794,81229.98394945613,87145.15420287669,80752.58817860842,1041289.0,87746392200.0,489080.0,0.7556885724856357,0.04,down_trend,-1.0,35.0,no_trend,,1,28.0,up_trend,1,0,51,price_volume_up_oi_down_short_5d,0.9322412561578914,-0.058032283371586724,81489.35859653326,77244.23747445465,0.054957123804639796,658552.4,350800.6,0.8772841323532516,98275.0,0.2514681234886964,1,1,0,0.9322412561578914,0,1.0,0
2024-11-15,80992.59628323537,78861.7496137252,81540.07409750696,78433.88158369095,647976.0,51690830700.0,473756.0,0.3131612374052611,0.04,down_trend,-1.0,35.0,no_trend,,1,28.0,up_trend,1,0,51,price_volume_up_oi_down_short_5d,1.2386152747919688,-0.0291546818131162,81870.58426316037,77250.89464506305,0.05980111478738137,714380.0,327875.6,1.1788141600045874,82733.0,0.21158090444807595,1,1,0,1.2386152747919688,0,1.0,0
2024-11-18,78911.90419078518,81313.84528807279,81552.40318756997,78590.41592233254,483419.0,38537928900.0,477119.0,0.0131178367550321,0.04,down_trend,-1.0,35.0,no_trend,,0,,,0,0,51,price_volume_up_oi_down_short_5d,1.0116024806423556,0.03109359970274883,81844.99370554369,77997.77677268119,0.04932469990875421,715502.6,364628.6,0.9622777807336014,25731.0,0.057004173792834546,1,1,0,1.0116024806423556,0,1.0,0
2024-11-19,81444.79114779763,82945.16938798178,83629.54749547043,80721.95666381992,657479.0,53976299050.0,495165.0,0.2835217840195448,0.04,up_trend,1.0,36.0,no_trend,,0,,,0,0,51,price_volume_up_oi_down_short_5d,0.8224744417556413,0.02006207053829101,82117.02181034608,78754.49015457802,0.042696380221218355,729526.4,409897.4,0.779778061534423,28320.0,0.060662532532210905,1,1,0,0.8224744417556413,0,1.0,0
2024-11-20,82961.8327966506,83069.64961439381,83790.8277093809,81658.39105694258,617655.0,51060390600.0,499992.0,0.2113379508554131,0.04,up_trend,1.0,36.0,down_trend,29.0,0,,,0,0,51,price_volume_up_oi_down_short_5d,0.43072946808116885,0.0015007531762309956,81484.07957072594,80718.43062613001,0.00948542902354288,689563.6,497684.0,0.38554504464680406,-18510.0,-0.035698994410821944,1,1,1,0.43072946808116885,1,-1.0,0
2024-11-21,83127.94807625911,82417.07326905093,84471.31886001874,82036.91388680751,493483.0,40981194050.0,496144.0,-0.0053777967116127,0.04,up_trend,1.0,36.0,down_trend,29.0,0,,,0,0,51,price_volume_up_oi_down_short_5d,0.002848701255104835,-0.007855773418716905,81721.4974346449,81489.35859653326,0.002848701255104835,580002.4,658552.4,-0.11927676522020114,7064.0,0.014443444835200785,1,0,0,0.002848701255104835,0,-1.0,0
2024-11-22,81882.57543668564,80013.17702836446,82055.78956391949,79531.74481346169,465039.0,37305161200.0,487018.0,-0.0461798103470504,0.04,up_trend,1.0,36.0,down_trend,29.0,0,,,0,0,51,price_volume_up_oi_down_short_5d,0.0009917927805593862,-0.029167454573871376,81951.78291757275,81870.58426316037,0.0009917927805593862,543415.0,714380.0,-0.23931940983790134,13262.0,0.027993313013449962,1,0,0,0.0009917927805593862,0,-1.0,0
2024-11-25,80992.19788090594,80946.69230163954,81698.25178855163,80217.8709945799,360712.0,29072210900.0,482934.0,-0.2918001423525226,0.04,up_trend,1.0,36.0,down_trend,29.0,0,,,0,0,51,price_volume_up_oi_down_short_5d,0.0004075828371670198,0.011667019207900697,81878.35232028611,81844.99370554369,0.0004075828371670198,518873.6,715502.6,-0.2748124185712253,5815.0,0.012187735135259756,1,0,0,0.0004075828371670198,0,-1.0,0
2024-11-26,80933.00320817121,79392.31455064192,81267.71992313626,78775.46763748767,394049.0,31275003750.0,482288.0,-0.2020661789383748,0.04,down_trend,-1.0,37.0,down_trend,29.0,0,,,0,0,51,price_volume_up_oi_down_short_5d,0.026005472923167024,-0.01920248631291066,81167.78135281813,82117.02181034608,-0.011559606481105433,466187.6,729526.4,-0.36097226913241254,-12877.0,-0.026005472923167024,0,0,1,0.026005472923167024,0,-1.0,0
2024-11-27,79618.78423123529,79372.12796872055,79973.9106951816,79091.95591188161,255163.0,20155993950.0,472131.0,-0.6153539328173045,0.04,down_trend,-1.0,37.0,down_trend,29.0,0,,,0,0,51,price_volume_up_oi_down_short_5d,0.05572289156626506,-0.00025426367823666585,80428.27702368348,81484.07957072594,-0.01295716356624066,393689.2,689563.6,-0.42907485255892275,-27861.0,-0.05572289156626506,0,0,1,0.05572289156626506,0,1.0,0
2024-11-28,79148.47925699748,79245.5717853403,79813.23725507078,77781.41279461562,369673.0,28953510450.0,468891.0,-0.2377515009660253,0.04,down_trend,-1.0,37.0,down_trend,29.0,0,,,0,0,51,price_volume_up_oi_down_short_5d,0.05492961720790738,-0.001594466302202724,79793.97672694136,81721.4974346449,-0.023586458498818352,368927.2,580002.4,-0.3639212527396438,-27253.0,-0.05492961720790738,0,0,1,0.05492961720790738,0,1.0,0
2024-11-29,79236.59777760238,79659.99598412053,80611.99742106118,78778.80372378384,353805.0,28037669850.0,478102.0,-0.3010781849446262,0.04,down_trend,-1.0,37.0,down_trend,29.0,0,,,0,0,51,price_volume_up_oi_down_short_5d,0.018307331556533846,0.005229619642379557,79723.34051809258,81951.78291757275,-0.0271921161461679,346680.4,543415.0,-0.3620338047348711,-8916.0,-0.018307331556533846,0,0,1,0.018307331556533846,0,1.0,0
2024-12-02,79461.7959033618,79418.401502977,80378.89311953113,78981.79147965535,246458.0,19504818850.0,476654.0,-0.6595992672362233,0.04,down_trend,-1.0,37.0,down_trend,29.0,0,,,0,0,51,price_volume_up_oi_down_short_5d,0.013003847316610551,-0.0030328206543180913,79417.68235836006,81878.35232028611,-0.030052753776731667,323829.6,518873.6,-0.3758988701679947,-6280.0,-0.013003847316610551,0,0,1,0.013003847316610551,0,1.0,0
2024-12-03,79749.15227497423,79033.94033072949,80386.04510777367,78660.35438077172,266109.0,20972816350.0,469689.0,-0.5681647742717948,0.04,down_trend,-1.0,37.0,down_trend,29.0,0,,,0,0,51,price_volume_up_oi_down_short_5d,0.02612339514978602,-0.004840958329199063,79346.00751437758,81167.78135281813,-0.02244454398133311,298241.6,466187.6,-0.3602541122929911,-12599.0,-0.02612339514978602,0,0,1,0.02612339514978602,0,1.0,0
2024-12-04,79242.49963806993,77482.60954650804,79994.3573074601,77443.62006384745,325860.0,25395776000.0,457340.0,-0.3389592554961398,0.04,down_trend,-1.0,37.0,down_trend,29.0,0,,,0,0,51,price_volume_up_oi_down_short_5d,0.0313281695122752,-0.019628665579998428,78968.10382993508,80428.27702368348,-0.018154972949606107,312381.0,393689.2,-0.20652890655877787,-14791.0,-0.0313281695122752,0,0,1,0.0313281695122752,0,1.0,0
2024-12-05,77678.91888514484,77805.58865865498,78131.72903912343,77151.9898805175,210028.0,16160014000.0,448095.0,-0.7577644083435299,0.04,down_trend,-1.0,37.0,down_trend,29.0,0,,,0,0,51,price_volume_up_oi_down_short_5d,0.0443514590811084,0.004168407776109717,78680.107204598,79793.97672694136,-0.013959318334954895,280452.0,368927.2,-0.23981750329062212,-20796.0,-0.0443514590811084,0,0,1,0.0443514590811084,0,1.0,0
2024-12-06,77871.16389834971,78072.82889918346,78706.51321190072,77206.1162154237,240926.0,18619034850.0,441009.0,-0.6045754510038351,0.04,down_trend,-1.0,37.0,down_trend,29.0,0,,,0,0,51,price_volume_up_oi_down_short_5d,0.07758386285771655,0.0034347178028677483,78362.67378761058,79723.34051809258,-0.017067357208560674,257876.2,346680.4,-0.2561558138273753,-37093.0,-0.07758386285771655,0,0,1,0.07758386285771655,0,1.0,0
2024-12-09,77839.53711776475,78242.17250435396,78545.45830573882,76709.30474652123,243646.0,18768154700.0,431792.0,-0.5722276386500319,0.04,down_trend,-1.0,37.0,down_trend,29.0,0,,,0,0,51,price_volume_up_oi_down_short_5d,0.0941185849693908,0.002169046614016956,78127.42798788598,79417.68235836006,-0.01624643696666961,257313.8,323829.6,-0.20540370614668946,-44862.0,-0.0941185849693908,0,0,1,0.0941185849693908,0,1.0,0
2024-12-10,79612.14978907388,78292.41853809658,80250.57394787893,77919.35367427833,328380.0,25779484050.0,431889.0,-0.2739971363999046,0.04,down_trend,-1.0,37.0,down_trend,29.0,0,,,0,0,51,price_volume_up_oi_down_short_5d,0.08047878489809214,0.0006421860760552622,77979.1236293594,79346.00751437758,-0.017226876661317836,269768.0,298241.6,-0.09547159081764578,-37800.0,-0.08047878489809214,0,0,1,0.08047878489809214,0,1.0,0
2024-12-11,78285.97115050399,78438.40527279452,78775.76621940547,78047.53341691893,177745.0,13823553600.0,429829.0,-0.8830375162830688,0.04,down_trend,-1.0,37.0,down_trend,29.0,0,,,0,0,51,price_volume_up_oi_down_short_5d,0.0601543709275375,0.0018646343723167647,78170.2827746167,78968.10382993508,-0.010103079808482573,240145.0,312381.0,-0.23124325743243024,-27511.0,-0.0601543709275375,0,0,1,0.0601543709275375,0,1.0,0
2024-12-12,78571.61384326659,78831.43105109982,79333.52255364072,77876.3219149124,190109.0,14835793050.0,422291.0,-0.7980970579720583,0.04,down_trend,-1.0,37.0,down_trend,29.0,0,,,0,0,51,price_volume_up_oi_down_short_5d,0.0575860029681206,0.005010629384144538,78375.45125310567,78680.107204598,-0.003872083583975172,236161.2,280452.0,-0.1579264900945616,-25804.0,-0.0575860029681206,0,0,1,0.0575860029681206,0,1.0,0
2024-12-13,78608.67491569438,77574.58825446153,78728.88007914502,77521.86094618075,197179.0,15263549850.0,411237.0,-0.7350577450119276,0.04,down_trend,-1.0,37.0,down_trend,29.0,0,,,0,0,51,price_volume_up_oi_down_short_5d,0.06750882635048264,-0.01594342231112844,78275.80312416128,78362.67378761058,-0.0011085719673724626,227411.8,257876.2,-0.11813575661499598,-29772.0,-0.06750882635048264,0,0,1,0.06750882635048264,0,1.0,0
2024-12-16,77354.24349669184,77589.47237802156,78045.43220042306,76547.67202836733,219614.0,16906847350.0,402940.0,-0.6069162076076109,0.04,down_trend,-1.0,37.0,down_trend,29.0,1,29.0,down_trend,0,1,51,price_volume_up_oi_down_short_5d,0.06704749157519652,0.00019186854735475656,78145.26309889481,78127.42798788598,0.00022828232629890088,222605.4,257313.8,-0.1348874409378743,-28852.0,-0.06681920924889762,1,0,1,0.06704749157519652,0,1.0,0
2024-12-17,77635.952068452,76758.36463191843,77688.76195764658,76380.50760396289,186858.0,14307553500.0,391924.0,-0.7407189733354872,0.0393440121516553,down_trend,-1.0,37.0,down_trend,29.0,1,29.0,down_trend,0,1,51,price_volume_up_oi_down_short_5d,0.09253535051830447,-0.0107116045596225,77838.45231765918,77979.1236293594,-0.001803961177722968,194301.0,269768.0,-0.27974778328044836,-39965.0,-0.09253535051830447,0,0,1,0.09253535051830447,0,1.0,0
2024-12-18,76951.04864052814,76074.4258131385,77302.59696751938,76045.45509587313,218103.0,16617930220.0,389786.0,-0.5806304423030201,0.0384902084792388,down_trend,-1.0,37.0,down_trend,29.0,1,29.0,down_trend,0,1,51,price_volume_up_oi_down_short_5d,0.09316030328339875,-0.008910283876677694,77365.65642572797,78170.2827746167,-0.010293251096566425,202372.6,240145.0,-0.15728997064273664,-40043.0,-0.09316030328339875,0,0,1,0.09316030328339875,0,1.0,0
2024-12-19,75825.16506425213,75646.59865128386,76044.67458828435,75338.10215585779,187038.0,14109307920.0,373837.0,-0.6925080687698434,0.0384902084792388,down_trend,-1.0,37.0,up_trend,30.0,1,29.0,down_trend,0,1,51,price_volume_up_oi_down_short_5d,0.11474078301455631,-0.005623797449428203,76728.68994576478,78375.45125310567,-0.02101118757227738,201758.4,236161.2,-0.1456750727892644,-48454.0,-0.11474078301455631,0,0,1,0.11474078301455631,0,1.0,0
2024-12-20,75625.32430406852,76834.7565027762,76961.04441329479,75543.41284796575,206713.0,15814901480.0,367766.0,-0.5761155085611237,0.0384902084792388,down_trend,-1.0,37.0,up_trend,30.0,1,29.0,down_trend,0,1,51,price_volume_up_oi_down_short_5d,0.1057079007968641,0.0157066923387994,76580.72359542771,78275.80312416128,-0.02165521733510445,203665.2,227411.8,-0.10442114261441127,-43471.0,-0.1057079007968641,0,0,1,0.1057079007968641,0,1.0,0
2024-12-23,76868.31534754214,76341.99427686159,77300.41961699935,76266.6398938437,157470.0,12088808740.0,367281.0,-0.8468922587233039,0.0325386574226133,down_trend,-1.0,37.0,up_trend,30.0,1,29.0,down_trend,0,1,51,price_volume_up_oi_down_short_5d,0.08849704670670572,-0.006413272434810269,76331.22797519571,78145.26309889481,-0.023213628718651735,191236.4,222605.4,-0.14091751592728663,-35659.0,-0.08849704670670572,0,0,1,0.08849704670670572,0,1.0,0
2024-12-24,76177.51070084762,77258.71487875807,77475.9821724141,76151.32352660704,162575.0,12547997780.0,370004.0,-0.8223743826354291,0.0325386574226133,down_trend,-1.0,37.0,up_trend,30.0,0,,,0,0,51,price_volume_up_oi_down_short_5d,0.05592921076535247,0.0120080777372924,76431.29802456364,77838.45231765918,-0.018077881191071565,186379.8,194301.0,-0.040767674896166284,-21920.0,-0.05592921076535247,0,0,1,0.05592921076535247,0,1.0,0
2024-12-25,77176.25031500736,76704.42082085463,77270.8130035037,76390.49742553887,155796.0,11998214060.0,366959.0,-0.8567026660264337,0.0314607306720646,down_trend,-1.0,37.0,up_trend,30.0,0,,,0,0,51,price_volume_up_oi_down_short_5d,0.058562903747184356,-0.007174518224556059,76557.29702610688,77365.65642572797,-0.010448556077296667,173918.4,202372.6,-0.1406030262990149,-22827.0,-0.058562903747184356,0,0,1,0.058562903747184356,0,1.0,0
2024-12-26,76773.43549556127,76699.10754414125,77058.37904676868,76505.99339244212,136157.0,10474996920.0,361340.0,-0.9760107116659128,0.0314607306720646,down_trend,-1.0,37.0,up_trend,30.0,0,,,0,0,51,price_volume_up_oi_down_short_5d,0.03393871103113269,-6.926949785313052e-05,76767.79880467834,76728.68994576478,0.0005097032015171088,163742.2,201758.4,-0.1884243729133458,-12497.0,-0.03342900782961558,1,0,1,0.03393871103113269,0,1.0,0
2024-12-27,76750.12042457204,75807.53043463978,77189.04693855719,75751.82361459768,170213.0,13066656960.0,365291.0,-0.7636437022623411,0.0314607306720646,down_trend,-1.0,37.0,up_trend,30.0,0,,,0,0,51,price_volume_up_oi_down_short_5d,0.006729822767738181,-0.0116243478972472,76562.35359105107,76580.72359542771,-0.00023987765476973788,156442.2,203665.2,-0.2318658268570183,-2475.0,-0.006729822767738181,0,0,1,0.006729822767738181,0,1.0,0
2024-12-30,75732.37380620094,77402.32441373424,77886.95325602473,75261.70285639727,357200.0,27513509840.0,374830.0,-0.0481767408481124,0.0314607306720646,down_trend,-1.0,37.0,up_trend,30.0,0,,,0,0,51,price_volume_up_oi_down_short_5d,0.032745596233053176,0.021037408420387482,76774.41961842559,76331.22797519571,0.005806164200239161,196388.2,191236.4,0.026939432032814015,7549.0,0.02055374495277458,1,1,0,0.032745596233053176,0,1.0,0
2024-12-31,77155.1411125896,76258.52010231103,77292.94957505257,75925.81015555093,225644.0,17283257660.0,376499.0,-0.5119568551259706,0.0326238932760308,down_trend,-1.0,37.0,up_trend,30.0,0,,,0,0,51,price_volume_up_oi_down_short_5d,0.12324892991392611,-0.014777389698393262,76574.38066313618,76431.29802456364,0.0018720425044536082,209002.0,186379.8,0.1213768874094725,6495.0,0.017553864282548296,1,1,0,0.12324892991392611,0,1.0,0
2025-01-02,76370.04461797375,77011.20558874552,77678.76073222524,76262.01699091216,214331.0,16567752380.0,363731.0,-0.528893034403922,0.0326238932760308,down_trend,-1.0,37.0,up_trend,30.0,0,,,0,0,51,price_volume_up_oi_down_short_5d,0.27885888648792134,0.009870182183245424,76635.73761671437,76557.29702610688,0.0010245997919797745,220709.0,173918.4,0.26903766363995985,-3228.0,-0.008796623055981731,1,1,1,0.27885888648792134,1,-1.0,0
2025-01-03,76743.82133618691,75787.7645076761,76969.85583202029,75451.23027638714,241316.0,18368537660.0,353761.0,-0.3825142659465788,0.0314607306720646,down_trend,-1.0,37.0,up_trend,30.0,0,,,0,0,51,price_volume_up_oi_down_short_5d,0.49732472376843856,-0.015886533287153504,76453.46900942133,76767.79880467834,-0.00409455266597869,241740.8,163742.2,0.47635001850469805,-7579.0,-0.020974705263740522,0,1,1,0.49732472376843856,0,-1.0,0
2025-01-06,76062.44215366362,77081.17974621737,78625.08336719964,76003.63701709149,364604.0,28357841220.0,344074.0,0.0579550825931468,0.0317844443791019,down_trend,-1.0,37.0,up_trend,30.0,0,,,0,0,51,price_volume_up_oi_down_short_5d,0.853742519559888,0.017066280381053733,76708.19887173685,76562.35359105107,0.0019049215945581288,280619.0,156442.2,0.7937551376802421,-21217.0,-0.05808246028508778,1,1,1,0.853742519559888,1,-1.0,0
2025-01-07,77239.78080072583,78238.59709504947,79012.68401529927,76492.46946680314,315177.0,24668181640.0,369576.0,-0.1592220168160511,0.0321114162362419,up_trend,1.0,38.0,up_trend,30.0,0,,,0,0,51,price_volume_up_oi_down_short_5d,0.4014366492476686,0.015015563496080242,76875.4534079999,76774.41961842559,0.001315982459736631,272214.4,196388.2,0.3861036457383895,-5254.0,-0.01401702104954246,1,1,1,0.4014366492476686,1,-1.0,0
2025-01-08,78391.19160935872,76677.90832608871,78462.9389393391,76584.1896161782,244784.0,18988309060.0,360037.0,-0.3858306149216363,0.0321114162362419,up_trend,1.0,38.0,up_trend,30.0,0,,,0,0,51,price_volume_up_oi_down_short_5d,0.36951542567615503,-0.01994781127101153,76959.33105275544,76574.38066313618,0.005027143364211062,276042.4,209002.0,0.3207643945990948,-16462.0,-0.04372388771284917,1,1,1,0.36951542567615503,1,-1.0,0
2025-01-09,76873.7258557935,77701.35477379091,78004.0892417687,76710.62322938269,193554.0,15014976460.0,358761.0,-0.6170998853201127,0.034708866940099,up_trend,1.0,38.0,up_trend,30.0,0,,,0,0,51,price_volume_up_oi_down_short_5d,0.2515675339116323,0.013347344366121394,77097.36088976452,76635.73761671437,0.006023603183137771,271887.0,220709.0,0.23187998676990973,-4970.0,-0.013663943958584779,1,1,1,0.2515675339116323,1,-1.0,0
2025-01-10,77593.86113822047,77406.66711529455,77880.54600573082,76803.78312190284,167400.0,12990256880.0,356643.0,-0.7563491233906806,0.034708866940099,up_trend,1.0,38.0,up_trend,30.0,0,,,0,0,51,price_volume_up_oi_down_short_5d,0.07620855054759268,-0.0037925678304358,77421.1414112882,76453.46900942133,0.012657011047433775,257103.8,241740.8,0.0635515395001589,2882.0,0.008146743140142639,1,1,0,0.07620855054759268,0,-1.0,0
2025-01-13,78054.46672531203,78216.98265171045,78753.34599778778,77535.9869809462,234038.0,18369418940.0,358825.0,-0.4273513091216917,0.034708866940099,up_trend,1.0,38.0,up_trend,30.0,0,,,0,0,51,price_volume_up_oi_down_short_5d,0.012255575472732927,0.010468291254666307,77648.30199238683,76708.19887173685,0.012255575472732927,230990.6,280619.0,-0.1768533135675061,14751.0,0.042871591576230696,1,0,0,0.012255575472732927,0,-1.0,0
2025-01-14,78326.29936888115,78628.28548595963,79418.73227209895,78029.5214201289,238176.0,18835140020.0,379157.0,-0.4649404711490107,0.034708866940099,up_trend,1.0,38.0,up_trend,30.0,0,,,0,0,51,price_volume_up_oi_down_short_5d,0.011067073101391323,0.0052584850540788874,77726.23967056884,76875.4534079999,0.011067073101391323,215590.4,272214.4,-0.20801250778797897,9581.0,0.025924302443881636,1,0,0,0.011067073101391323,0,-1.0,0
2025-01-15,78474.71743738798,79763.03859380224,80828.6889164735,78140.39280828611,379981.0,30394575360.0,409729.0,-0.0753747140775239,0.034708866940099,up_trend,1.0,38.0,up_trend,30.0,1,30.0,up_trend,1,0,51,price_volume_up_oi_down_short_5d,0.01798267542642007,0.014431868898441724,78343.26572411155,76959.33105275544,0.01798267542642007,242629.8,276042.4,-0.12104155013867446,49692.0,0.13801914803200782,1,0,0,0.01798267542642007,0,-1.0,0
2025-01-16,80020.56166859069,79447.37810758078,80453.88785028529,78885.63659611714,205773.0,16405723860.0,401317.0,-0.6679780192402538,0.034708866940099,up_trend,1.0,38.0,up_trend,30.0,1,30.0,up_trend,1,0,51,price_volume_up_oi_down_short_5d,0.020689547381339324,-0.003957478197752495,78692.47039086952,77097.36088976452,0.020689547381339324,245073.6,271887.0,-0.09861964713281623,42556.0,0.11861935940640148,1,0,0,0.020689547381339324,0,1.0,0
2025-01-17,80003.98963588163,80329.66888668691,80792.18741896632,79693.65648560072,280464.0,22583334620.0,412759.0,-0.3864185130490085,0.034708866940099,up_trend,1.0,38.0,up_trend,30.0,1,30.0,up_trend,1,0,51,price_volume_up_oi_down_short_5d,0.06513267479892182,0.0111053479689589,79277.070745148,77421.1414112882,0.02397186737406054,267686.4,257103.8,0.04116080742486128,56116.0,0.15734502009011814,1,1,0,0.06513267479892182,0,1.0,0
2025-01-20,80472.1532765247,80380.96737600217,81315.43929674051,79136.47732553637,284369.0,22845498760.0,416963.0,-0.3827247982638317,0.034708866940099,up_trend,1.0,38.0,down_trend,31.0,1,30.0,up_trend,1,0,51,price_volume_up_oi_down_short_5d,0.22899118053556555,0.0006385995364630581,79709.86769000634,77648.30199238683,0.02655004223816304,277752.6,230990.6,0.2024411382974025,58138.0,0.1620232703964328,1,1,0,0.22899118053556555,0,1.0,0
2025-01-21,80530.12651968842,78269.97830043916,80760.14653385538,77215.3983862042,366011.0,28952964760.0,405999.0,-0.1036873089499689,0.034708866940099,up_trend,1.0,38.0,down_trend,31.0,1,30.0,up_trend,1,0,51,price_volume_up_oi_down_short_5d,0.4315240821577151,-0.026262299950787105,79638.20625290225,77726.23967056884,0.02459872741093605,303319.6,215590.4,0.40692535474677904,26842.0,0.07079389276737605,1,1,0,0.4315240821577151,0,1.0,0
2025-01-22,78219.29972590032,78915.04334667012,79124.194192184,78196.16250582863,154161.0,12153465380.0,397147.0,-0.9463089783775692,0.04,up_trend,1.0,38.0,down_trend,31.0,1,30.0,up_trend,1,0,51,price_volume_up_oi_down_short_5d,0.10906200885023364,0.00824153858526544,79468.60720347583,78343.26572411155,0.014364240103638348,258155.6,242629.8,0.06398966656198057,-12582.0,-0.03070810218461471,1,1,1,0.10906200885023364,1,-1.0,1
2025-01-23,78940.21197810049,79341.34431291292,79538.20817385727,78849.9847288937,149700.0,11877212800.0,393822.0,-0.9672657391407876,0.04,up_trend,1.0,38.0,down_trend,31.0,0,,,0,0,51,price_volume_up_oi_down_short_5d,0.035889182727872115,0.005402024102934,79447.40044454226,78692.47039086952,0.00959342170760391,246941.0,245073.6,0.007619751780689521,-7495.0,-0.018676009239578687,1,1,1,0.035889182727872115,1,-1.0,0
2025-01-24,79266.52208330779,79363.83698994215,79676.58008635836,78679.70377892141,122136.0,9676059120.0,383780.0,-1.144934293786955,0.04,up_trend,1.0,38.0,down_trend,31.0,0,,,0,0,51,price_volume_up_oi_down_short_5d,0.07020803907364831,0.0002834925123089693,79254.2340651933,79277.070745148,-0.0002880616014194759,215275.4,267686.4,-0.19579253932960372,-28979.0,-0.07020803907364831,0,0,1,0.07020803907364831,0,-1.0,0
2025-01-27,79325.25055254588,79427.6032237804,79848.11141665927,78483.52168014244,155418.0,12319425560.0,378934.0,-0.8912437860960658,0.04,up_trend,1.0,38.0,down_trend,31.0,0,,,0,0,51,price_volume_up_oi_down_short_5d,0.09120473519233122,0.0008034671237775459,79063.56123474895,79709.86769000634,-0.008108236457886164,189485.2,277752.6,-0.31779144461653996,-38029.0,-0.09120473519233122,0,0,1,0.09120473519233122,0,-1.0,0
2025-02-05,78749.01825110306,78024.63140996407,79128.77400503882,77759.43610729818,179637.0,14066712400.0,383719.0,-0.7589723658661379,0.04,up_trend,1.0,38.0,down_trend,31.0,0,,,0,0,51,price_volume_up_oi_down_short_5d,0.05487698245562181,-0.01766352951458927,79014.49185665393,79638.20625290225,-0.00783184887750521,152210.4,303319.6,-0.49818475298002496,-22280.0,-0.05487698245562181,0,0,1,0.05487698245562181,0,-1.0,0
2025-02-06,78073.48103343182,77450.23287346536,78286.77039537781,77147.87091688177,181324.0,14060054220.0,392359.0,-0.7718917507381416,0.035783915380463,down_trend,-1.0,39.0,down_trend,31.0,0,,,0,0,51,price_volume_up_oi_down_short_5d,0.012055989343996052,-0.007361759051198291,78721.52976201297,79468.60720347583,-0.009400912734634947,157643.0,258155.6,-0.38934890430422586,-4788.0,-0.012055989343996052,0,0,1,0.012055989343996052,0,-1.0,0
2025-02-07,77421.03422332511,77712.90959194045,78521.08277162263,77407.58345426305,176844.0,13793503120.0,381758.0,-0.7695189119831563,0.035783915380463,down_trend,-1.0,39.0,down_trend,31.0,0,,,0,0,51,price_volume_up_oi_down_short_5d,0.03063312867234436,0.003391554921522877,78395.84281781848,79447.40044454226,-0.013235897220549186,163071.8,246941.0,-0.3396325438060104,-12064.0,-0.03063312867234436,0,0,1,0.03063312867234436,0,1.0,0
2025-02-10,77575.93787140951,78516.0869336697,79306.09364560668,77178.44357731102,229986.0,18017430180.0,380520.0,-0.5035203008329053,0.035783915380463,down_trend,-1.0,39.0,down_trend,31.0,0,,,0,0,51,price_volume_up_oi_down_short_5d,0.008494449945281151,0.0103351855688667,78226.292806564,79254.2340651933,-0.012970174663270773,184641.8,215275.4,-0.14229958462508951,-3260.0,-0.008494449945281151,0,0,1,0.008494449945281151,0,1.0,0
2025-02-11,78290.41200333367,77248.3300129702,78417.91135263603,77030.3607445504,197678.0,15317057740.0,385500.0,-0.6679017487356025,0.035783915380463,down_trend,-1.0,39.0,down_trend,31.0,0,,,0,0,51,price_volume_up_oi_down_short_5d,0.01904423142282341,-0.016146460810897434,77790.43816440194,79063.56123474895,-0.016102526251846383,193093.8,189485.2,0.01904423142282341,6566.0,0.01732755572210464,0,1,0,0.01904423142282341,0,1.0,0
2025-02-12,77236.37300711819,77472.97311735935,78004.82520305346,77217.48230862094,139024.0,10774196720.0,385602.0,-1.0201591693480812,0.035783915380463,down_trend,-1.0,39.0,down_trend,31.0,0,,,0,0,51,price_volume_up_oi_down_short_5d,0.21523365026305696,0.0029080642177174987,77680.106505881,79014.49185665393,-0.0168878558783081,184971.2,152210.4,0.21523365026305696,1883.0,0.004907236806100297,0,1,0,0.21523365026305696,0,1.0,0
2025-02-13,77344.87033421267,77282.54287120473,77871.46519700857,77077.1714468108,151970.0,11772880860.0,388081.0,-0.9375309477764184,0.035783915380463,down_trend,-1.0,39.0,down_trend,31.0,0,,,0,0,51,price_volume_up_oi_down_short_5d,0.14701715746316107,-0.0024580216621626905,77646.56850542888,78721.52976201297,-0.013655238405984593,179100.4,157643.0,0.1361138775587878,-4278.0,-0.010903279904373292,0,1,1,0.14701715746316107,0,1.0,0
2025-02-14,77202.76522183692,76778.3945553336,77446.55345618456,76652.21513236273,174464.0,13424971920.0,393486.0,-0.813327072445674,0.0325963353625332,down_trend,-1.0,39.0,down_trend,31.0,0,,,0,0,51,price_volume_up_oi_down_short_5d,0.09537271312391238,-0.006523443680047203,77459.66549810751,78395.84281781848,-0.01194167045166572,178624.4,163071.8,0.09537271312391238,11728.0,0.03072103269610591,0,1,0,0.09537271312391238,0,1.0,0
2025-02-17,76676.16271003839,77152.29209240971,77462.76857889214,76421.39805333063,135248.0,10402651140.0,385111.0,-1.046421474235696,0.0325963353625332,down_trend,-1.0,39.0,down_trend,31.0,0,,,0,0,51,price_volume_up_oi_down_short_5d,0.0,0.004869827498237944,77186.90652985552,78226.292806564,-0.013286917216934313,159676.8,184641.8,-0.13520773735957947,4591.0,0.012065068853148323,0,0,0,0.0,0,1.0,0
2025-02-18,77366.48134224485,77069.38997247192,77567.1485621964,76820.34570188192,104685.0,8077432440.0,383245.0,-1.2977186302151789,0.0325963353625332,down_trend,-1.0,39.0,down_trend,31.0,0,,,0,0,51,price_volume_up_oi_down_short_5d,0.0058495460440985735,-0.00107452569054578,77151.11852175587,77790.43816440194,-0.008218486201285291,141078.2,193093.8,-0.2693799593772559,-2255.0,-0.0058495460440985735,0,0,1,0.0058495460440985735,0,1.0,0
2025-02-19,77236.44047485398,77313.01845608462,77786.73090790247,77164.10824326545,124315.0,9620825600.0,380254.0,-1.1180207834588871,0.0325963353625332,down_trend,-1.0,39.0,down_trend,31.0,0,,,0,0,51,price_volume_up_oi_down_short_5d,0.013869222670006898,0.003161157545164439,77119.12758950092,77680.106505881,-0.0072216548304759876,138136.4,184971.2,-0.253200498239726,-5348.0,-0.013869222670006898,0,0,1,0.013869222670006898,0,1.0,0
2025-02-20,77367.4042273861,77216.24467162298,77640.20331319433,77058.11055455798,123788.0,9564488040.0,375818.0,-1.1105345586309794,0.0325963353625332,down_trend,-1.0,39.0,down_trend,31.0,0,,,0,0,51,price_volume_up_oi_down_short_5d,0.03159907338931821,-0.0012517139596175397,77105.86794958457,77646.56850542888,-0.006963611737800135,132500.0,179100.4,-0.2601914903595972,-12263.0,-0.03159907338931821,0,0,1,0.03159907338931821,0,1.0,0
2025-02-21,77070.95238095238,76708.1847371373,77289.03300241896,76693.70825339798,153242.0,11787085280.0,388682.0,-0.9307431574091918,0.0325963353625332,down_trend,-1.0,39.0,down_trend,31.0,0,,,0,0,51,price_volume_up_oi_down_short_5d,0.012208820644190644,-0.006579702712120938,77091.82598594531,77459.66549810751,-0.004748787769696561,128255.6,178624.4,-0.2819816329683962,-4804.0,-0.012208820644190644,0,0,1,0.012208820644190644,0,1.0,0
2025-02-24,76775.7944437266,76851.0123250986,76938.2202675575,76255.3797648275,127468.0,9748371900.0,388719.0,-1.1149913648430727,0.0325963353625332,down_trend,-1.0,39.0,down_trend,31.0,0,,,0,0,51,price_volume_up_oi_down_short_5d,0.0,0.001861960212599767,77031.57003248308,77186.90652985552,-0.0020124721193789386,126699.6,159676.8,-0.20652467985330358,3608.0,0.009368727457797882,0,0,0,0.0,0,1.0,0
2025-02-25,76849.13427766411,76777.67336116197,77402.822394632,76594.49790644321,146855.0,11278843280.0,375632.0,-0.9391642353095,0.0325963353625332,down_trend,-1.0,39.0,down_trend,31.0,0,,,0,0,51,price_volume_up_oi_down_short_5d,0.019864577489595428,-0.000954300557895027,76973.22671022109,77151.11852175587,-0.0023057580362183527,135133.6,141078.2,-0.04213691413698217,-7613.0,-0.019864577489595428,0,0,1,0.019864577489595428,0,1.0,0
2025-02-26,76686.40591797282,76178.82043329345,76910.80344256447,75951.75859341108,180640.0,13774805900.0,389482.0,-0.7683115507478833,0.0325963353625332,down_trend,-1.0,39.0,down_trend,31.0,0,,,0,0,51,price_volume_up_oi_down_short_5d,0.05981189606794457,-0.007799831665274759,76746.38710566287,77119.12758950092,-0.004833307837999845,146398.6,138136.4,0.05981189606794457,9228.0,0.024267989291368402,0,1,0,0.05981189606794457,0,1.0,0
2025-02-27,76179.22857282124,76335.32661723981,76650.81075956502,75798.80866536923,139951.0,10640417140.0,384946.0,-1.0118107033651984,0.0218326261861395,down_trend,-1.0,39.0,down_trend,31.0,0,,,0,0,51,price_volume_up_oi_down_short_5d,0.1292920754716982,0.0020544579589993894,76570.20349478623,77105.86794958457,-0.006947129564102483,149631.2,132500.0,0.1292920754716982,9128.0,0.024288352340760686,0,1,0,0.1292920754716982,0,1.0,0
2025-02-28,76135.5523369547,75445.06941462003,76270.54512101276,75362.96876669573,171538.0,12977188060.0,400492.0,-0.8478889748716509,0.0218326261861395,down_trend,-1.0,39.0,down_trend,31.0,0,,,0,0,51,price_volume_up_oi_down_short_5d,0.19519459579152865,-0.01166245357256035,76317.58043028277,77091.82598594531,-0.01004316016335749,153290.4,128255.6,0.19519459579152865,11810.0,0.03038473610818098,0,1,0,0.19519459579152865,0,1.0,0
2025-03-03,75427.36374459333,75680.27852450938,76034.40592883104,75400.86641391892,117398.0,8874550540.0,391707.0,-1.2049442398578514,0.0242217085927881,down_trend,-1.0,39.0,down_trend,31.0,0,,,0,0,51,price_volume_up_oi_down_short_5d,0.19397693441810393,0.003117620696943435,76083.43367016493,77031.57003248308,-0.012308412796446122,151276.4,126699.6,0.19397693441810393,2988.0,0.007686786599059989,0,1,0,0.19397693441810393,0,1.0,0
2025-03-04,75618.51093281384,75527.12004578476,75798.80686890702,75428.94079490026,106412.0,8022973320.0,387902.0,-1.2934343778976378,0.0242217085927881,down_trend,-1.0,39.0,down_trend,31.0,0,,,0,0,51,price_volume_up_oi_down_short_5d,0.05960175707596016,-0.0020237568057446254,75833.3230070895,76973.22671022109,-0.014809093393251649,143187.8,135133.6,0.05960175707596016,12270.0,0.032664948673169485,0,1,0,0.05960175707596016,0,1.0,0
2025-03-05,75614.82092159297,75599.01703994264,75842.64075404595,75283.71944170527,124958.0,9426320880.0,379344.0,-1.1104657642890756,0.0242217085927881,down_trend,-1.0,39.0,down_trend,31.0,0,,,0,0,51,price_volume_up_oi_down_short_5d,0.026029444236190632,0.0009519361272387616,75717.36232841932,76746.38710566287,-0.013408120122017086,132051.4,146398.6,-0.09800093716743197,-10138.0,-0.026029444236190632,0,0,1,0.026029444236190632,0,1.0,0
2025-03-06,75567.52695657678,77013.02660503009,77154.3251441109,75304.1068928145,179389.0,13644601100.0,371208.0,-0.7272059201552226,0.0209358247384721,down_trend,-1.0,39.0,down_trend,31.0,0,,,0,0,51,price_volume_up_oi_down_short_5d,0.03568812248990767,0.018704073418578382,75852.90232597738,76570.20349478623,-0.009367889023015108,139939.0,149631.2,-0.0647739241548555,-13738.0,-0.03568812248990767,0,0,1,0.03568812248990767,0,1.0,0
2025-03-07,76954.9481552995,76397.8622895749,77216.96837294428,76286.04683912931,196432.0,15050215540.0,373886.0,-0.643634622676949,0.0242217085927881,down_trend,-1.0,39.0,down_trend,31.0,0,,,0,0,51,price_volume_up_oi_down_short_5d,0.06643328705691999,-0.007987795605152948,76043.46090096835,76317.58043028277,-0.003591826781836227,144917.8,153290.4,-0.05461920642127627,-26606.0,-0.06643328705691999,0,0,1,0.06643328705691999,0,1.0,0
2025-03-10,76345.27868011624,76014.01416184894,76743.50831902046,75894.31619088254,126479.0,9638398840.0,372409.0,-1.0799164261910437,0.0242217085927881,down_trend,-1.0,39.0,down_trend,31.0,0,,,0,0,51,price_volume_up_oi_down_short_5d,0.04961832382838243,-0.005024330736782101,76110.20802843626,76083.43367016493,0.0003519078593035019,146734.0,151276.4,-0.030027155590693577,-19298.0,-0.04926641596907893,1,0,1,0.04961832382838243,0,1.0,0
2025-03-11,75892.73900532552,76210.66910874125,76268.05393906267,75668.31321366817,99280.0,7520373920.0,372361.0,-1.3219196729214324,0.0242217085927881,down_trend,-1.0,39.0,down_trend,31.0,0,,,0,0,51,price_volume_up_oi_down_short_5d,0.060322575472082036,0.002587088039760488,76246.91784102756,75833.3230070895,0.005453998552844785,145307.6,143187.8,0.014804333888781107,-15541.0,-0.040064243030456144,1,1,1,0.060322575472082036,1,-1.0,0
2025-03-12,76334.69850291287,75867.29421672014,76359.9212019891,75815.8124246273,89475.0,6795033740.0,372868.0,-1.4272652129593393,0.02,down_trend,-1.0,39.0,down_trend,31.0,0,,,0,0,51,price_volume_up_oi_down_short_5d,0.07141952221271873,-0.004505601329010234,76300.57327638307,75717.36232841932,0.007702473118835318,138211.0,132051.4,0.04664547289918941,-6476.0,-0.017071576194694,1,1,1,0.07141952221271873,1,-1.0,0
2025-03-13,75914.48698677201,75593.69962979163,76108.29856339116,75562.64657783404,81039.0,6120706920.0,374924.0,-1.5317928184851757,0.02,down_trend,-1.0,39.0,down_trend,31.0,0,,,0,0,51,price_volume_up_oi_down_short_5d,0.002159515988643834,-0.0036062257096841632,76016.70788133537,75852.90232597738,0.002159515988643834,118541.0,139939.0,-0.1529094819885808,3716.0,0.010010560117238852,1,0,0,0.002159515988643834,0,-1.0,0
2025-03-14,75753.69724281371,75804.69022146142,76277.07319283935,75651.49086814382,113520.0,8604459300.0,373880.0,-1.1919558574625957,0.02,down_trend,-1.0,39.0,down_trend,31.0,0,,,0,0,51,price_volume_up_oi_down_short_5d,1.604767228513504e-05,0.0027911134486482414,75898.07346771269,76043.46090096835,-0.001911899215699786,101958.6,144917.8,-0.2964383947313579,-6.0,-1.604767228513504e-05,0,0,1,1.604767228513504e-05,0,-1.0,0
2025-03-17,75987.99537730968,76478.7458593696,76742.5831207416,75889.00175093781,158446.0,12075385380.0,377358.0,-0.8677804977215231,0.02,down_trend,-1.0,39.0,down_trend,31.0,0,,,0,0,51,price_volume_up_oi_down_short_5d,0.0,0.008892004385730568,75991.01980721681,76110.20802843626,-0.0015659952101946262,108352.0,146734.0,-0.2615753676721142,4949.0,0.013289152517796294,0,0,0,0.0,0,-1.0,0
2025-03-18,76451.02078055336,75675.40676742094,76728.24898443455,75477.34041665797,159240.0,12086542180.0,382184.0,-0.8754896698987747,0.02,down_trend,-1.0,39.0,down_trend,31.0,0,,,0,0,51,price_volume_up_oi_down_short_5d,0.0,-0.010504082970004047,75883.96733895275,76246.91784102756,-0.004760199000195087,120344.0,145307.6,-0.17179830924191164,9823.0,0.026380313727807154,0,0,0,0.0,0,-1.0,0
2025-03-19,75761.9303551776,75471.09885655322,75824.96166423989,75440.2410873909,83269.0,6286759200.0,379904.0,-1.5178422581760698,0.0212398400605193,down_trend,-1.0,39.0,down_trend,31.0,0,,,0,0,51,price_volume_up_oi_down_short_5d,0.0,-0.0026997927014206224,75804.72826691935,76300.57327638307,-0.006498575150511998,119102.8,138211.0,-0.13825382928999863,7036.0,0.018869948614523104,0,0,0,0.0,0,1.0,0
2025-03-20,75490.70314388724,73571.8434436724,75519.61182295007,73449.64372670057,292666.0,21633927000.0,395206.0,-0.3003751208846147,0.0212398400605193,down_trend,-1.0,39.0,down_trend,31.0,0,,,0,0,51,price_volume_up_oi_down_short_5d,0.36179212255675264,-0.02516533403721466,75400.35702969551,76016.70788133537,-0.008108097138355475,161428.2,118541.0,0.36179212255675264,20282.0,0.05409629684949483,0,1,0,0.36179212255675264,0,1.0,0
2025-03-21,73715.65593795935,73544.80495589854,73962.06497107833,72738.33355036461,186859.0,13684959880.0,391937.0,-0.7407467908384623,0.0247332311143243,down_trend,-1.0,39.0,down_trend,31.0,0,,,0,0,51,price_volume_up_oi_down_short_5d,0.7271323851053271,-0.0003675113536413255,74948.37997658295,75898.07346771269,-0.012512748318094569,176096.0,101958.6,0.7271323851053271,18057.0,0.04829624478442281,0,1,0,0.7271323851053271,0,1.0,0
2025-03-24,73650.50405921988,74012.59724792495,74126.39557277827,73520.42016098768,113759.0,8385284480.0,382039.0,-1.2114405220558615,0.0247332311143243,down_trend,-1.0,39.0,down_trend,31.0,0,,,0,0,51,price_volume_up_oi_down_short_5d,0.5427366361488482,0.006360643587360437,74455.15025429401,75991.01980721681,-0.020211198070761216,167158.6,108352.0,0.5427366361488482,4681.0,0.012404666126065963,0,1,0,0.5427366361488482,0,1.0,0
2025-03-25,74003.81999124533,74047.76297333329,74749.29581661649,73857.17642751784,125262.0,9281619080.0,374287.0,-1.0946153390495554,0.0247332311143243,down_trend,-1.0,39.0,down_trend,31.0,0,,,0,0,51,price_volume_up_oi_down_short_5d,0.35320121204497656,0.0004751316223985391,74129.62149547649,75883.96733895275,-0.023118794456806424,160363.0,120344.0,0.33253838994881346,-7897.0,-0.020662822096163106,0,1,1,0.35320121204497656,0,1.0,0
2025-03-26,73967.39685531896,74670.51762388021,74928.28382802506,73901.73728632022,146732.0,10903319320.0,366463.0,-0.9152897676466436,0.0247332311143243,down_trend,-1.0,39.0,down_trend,31.0,0,,,0,0,51,price_volume_up_oi_down_short_5d,0.48837353916493287,0.008410175075392878,73969.50524894187,75804.72826691935,-0.02420987529320595,173055.6,119102.8,0.4529935484304315,-13441.0,-0.03537999073450135,0,1,1,0.48837353916493287,0,1.0,0
2025-03-27,74602.22068235512,74610.73315759437,75201.77497998493,74244.87653076238,137766.0,10277355740.0,367970.0,-0.9824448193687818,0.0247332311143243,down_trend,-1.0,39.0,down_trend,31.0,0,,,0,0,51,price_volume_up_oi_down_short_5d,0.06891595775367783,-0.0008006435228824493,74177.28319172628,75400.35702969551,-0.01622106162557746,142075.6,161428.2,-0.11988363867031904,-27236.0,-0.06891595775367783,0,0,1,0.06891595775367783,0,1.0,0
2025-03-28,74597.47761226511,74335.32282182087,74966.30174670949,74211.76619286955,125747.0,9349477360.0,367153.0,-1.0715067030750702,0.0247332311143243,down_trend,-1.0,39.0,down_trend,31.0,0,,,0,0,51,price_volume_up_oi_down_short_5d,0.06323465250792858,-0.003691296467919325,74335.38676491074,74948.37997658295,-0.008178872069866339,129853.2,176096.0,-0.26259994548428134,-24784.0,-0.06323465250792858,0,0,1,0.06323465250792858,0,1.0,0
2025-03-31,74315.92844472342,74451.19477532287,74847.41169667887,73855.74134213901,116711.0,8654934820.0,362587.0,-1.1335636518657015,0.0226481640297229,down_trend,-1.0,39.0,down_trend,31.0,0,,,0,0,51,price_volume_up_oi_down_short_5d,0.050916267710888155,0.0015587737982889482,74423.10627039032,74455.15025429401,-0.00043037968218795353,130443.6,167158.6,-0.21964170554192242,-19452.0,-0.050916267710888155,0,0,1,0.050916267710888155,0,1.0,0
2025-04-01,74510.44592519483,74660.0485069908,75033.01867910108,74388.23060885565,104298.0,7776090120.0,355825.0,-1.2271868505892307,0.0226481640297229,down_trend,-1.0,39.0,down_trend,31.0,0,,,0,0,51,price_volume_up_oi_down_short_5d,0.05493679252129551,0.0028052435195728975,74545.56337712183,74129.62149547649,0.005611007762540865,126250.8,160363.0,-0.21271864457512013,-18462.0,-0.04932578475875465,1,0,1,0.05493679252129551,0,1.0,0
2025-04-02,74625.2922199377,73724.81222965005,74794.77948868794,73673.71038991716,154177.0,11419742360.0,366192.0,-0.8650564929507968,0.0226481640297229,down_trend,-1.0,39.0,down_trend,31.0,0,,,0,0,51,price_volume_up_oi_down_short_5d,0.005970265995544869,-0.012526596165460258,74356.4222982758,73969.50524894187,0.0052307643268907356,127739.8,173055.6,-0.2618568829902066,-271.0,-0.0007395016686541343,1,0,1,0.005970265995544869,0,1.0,0
2025-04-03,73393.00741524558,73560.76572671706,73971.98840515997,73166.56594223253,116774.0,8580024580.0,362218.0,-1.132005797640146,0.0262886877815441,down_trend,-1.0,39.0,down_trend,31.0,0,,,0,0,51,price_volume_up_oi_down_short_5d,0.015631709106720657,-0.0022251193047734263,74146.42881210033,74177.28319172628,-0.00041595456584997414,123541.4,142075.6,-0.1304530827249718,-5752.0,-0.015631709106720657,0,0,1,0.015631709106720657,0,1.0,0
2025-04-07,70416.39545076343,71403.0454593066,72338.53388043541,69682.90541161019,227727.0,16277198240.0,343692.0,-0.411598364356919,0.0214126685790993,down_trend,-1.0,39.0,down_trend,31.0,0,,,0,0,51,price_volume_up_oi_down_short_5d,0.17236227026404993,-0.02933248785672693,73559.97333959748,74335.38676491074,-0.010431282583697965,143937.4,129853.2,0.10846247916878449,-23461.0,-0.06389979109526546,0,1,1,0.17236227026404993,0,1.0,0
2025-04-08,71671.49913183319,70668.94100891167,71899.2519781385,70296.72007080208,208458.0,14766282040.0,346849.0,-0.5091519446380757,0.0275809399052714,down_trend,-1.0,39.0,down_trend,31.0,0,,,0,0,51,price_volume_up_oi_down_short_5d,0.28751945311895316,-0.010281136409136749,72803.52258631524,74423.10627039032,-0.021761839370032177,162286.8,130443.6,0.24411469784642548,-15738.0,-0.0434047552725277,0,1,1,0.28751945311895316,0,1.0,0
2025-04-09,70413.61236743267,70332.91160630052,70569.86832132547,68850.68372717785,206921.0,14420551260.0,334956.0,-0.4816621020059458,0.0275809399052714,down_trend,-1.0,39.0,down_trend,31.0,0,,,0,0,51,price_volume_up_oi_down_short_5d,0.5066515307382913,-0.004754980021120958,71938.09520617718,74545.56337712183,-0.0349781804955126,182811.4,126250.8,0.4480019136512401,-20869.0,-0.05864961708705122,0,1,1,0.5066515307382913,0,1.0,0
2025-04-10,71421.86243742173,70997.73254985863,71829.10082496704,70678.12503950566,141869.0,10054311260.0,329983.0,-0.8441370413895702,0.0275809399052714,down_trend,-1.0,39.0,down_trend,31.0,0,,,0,0,51,price_volume_up_oi_down_short_5d,0.5107326672174051,0.009452487155366951,71392.6792702189,74356.4222982758,-0.03985860180534295,180349.8,127739.8,0.41185284461068505,-36209.0,-0.09887982260671997,0,1,1,0.5107326672174051,0,1.0,0
2025-04-11,70732.45302180742,70709.07060622497,70906.09751397185,70380.53120874285,105657.0,7440526880.0,326331.0,-1.1277142053090847,0.0275809399052714,down_trend,-1.0,39.0,down_trend,31.0,0,,,0,0,51,price_volume_up_oi_down_short_5d,0.540911387073983,-0.004065791022705545,70822.34024612047,74146.42881210033,-0.044831404819289045,178126.4,123541.4,0.4418356923266209,-35887.0,-0.09907569474736208,0,1,1,0.540911387073983,0,1.0,0
2025-04-14,71106.84516437567,71103.20749790172,71547.65615059546,70966.65946291089,134149.0,9530073060.0,321690.0,-0.8746372263984689,0.0275809399052714,down_trend,-1.0,39.0,down_trend,31.0,0,,,0,0,51,price_volume_up_oi_down_short_5d,0.1715175192281147,0.005574064095279718,70762.3726538395,73559.97333959748,-0.03803156198606206,159410.8,143937.4,0.10750089969667376,-22002.0,-0.06401661953144094,0,1,1,0.1715175192281147,0,1.0,0
2025-04-15,71089.52233918713,71087.33323015014,71149.58347080684,70737.40768743737,78441.0,5549689180.0,323050.0,-1.4154603601596374,0.0275809399052714,down_trend,-1.0,39.0,down_trend,31.0,0,,,0,0,51,price_volume_up_oi_down_short_5d,0.06861487275442628,-0.00022325670402489894,70846.05109808719,72803.52258631524,-0.026887043630441032,133407.4,162286.8,-0.1779528587660857,-23799.0,-0.06861487275442628,0,0,1,0.06861487275442628,0,1.0,0
2025-04-16,71223.53226359247,70676.10144038187,71697.23665371239,70461.36981411908,126608.0,8973544160.0,324289.0,-0.9405393946605578,0.0275809399052714,down_trend,-1.0,39.0,down_trend,31.0,0,,,0,0,51,price_volume_up_oi_down_short_5d,0.03184597379954382,-0.005784881371718842,70914.68906490346,71938.09520617718,-0.014226205716743046,117344.8,182811.4,-0.35811005221775005,-10667.0,-0.03184597379954382,0,0,1,0.03184597379954382,0,1.0,0
2025-04-17,70859.49958684311,70755.53845674977,70972.3980365798,70492.66941447074,94761.0,6687724240.0,321270.0,-1.2209239588700518,0.0275809399052714,down_trend,-1.0,39.0,down_trend,31.0,0,,,0,0,51,price_volume_up_oi_down_short_5d,0.02640439052920908,0.0011239586614000263,70866.25024628169,71392.6792702189,-0.0073737115530387864,107923.2,180349.8,-0.40158957758755487,-8713.0,-0.02640439052920908,0,0,1,0.02640439052920908,0,1.0,0
2025-04-18,70731.95218028297,70544.51105069152,70984.62309328721,70128.45140243806,148232.0,10417509840.0,322559.0,-0.7775074512596174,0.0275809399052714,down_trend,-1.0,39.0,down_trend,31.0,0,,,0,0,51,price_volume_up_oi_down_short_5d,0.011714107288990278,-0.0029824860450640145,70833.33833517501,70822.34024612047,0.00015529124025448482,116438.2,178126.4,-0.346316997368161,-3772.0,-0.011558816048735793,1,0,1,0.011714107288990278,0,1.0,0
2025-04-21,70464.64845529868,69349.62691828462,70673.15817482024,68905.48375915596,267293.0,18492879420.0,347511.0,-0.2624508841821059,0.0210113647695382,down_trend,-1.0,39.0,down_trend,31.0,0,,,0,0,51,price_volume_up_oi_down_short_5d,0.0,-0.01693801707050313,70482.62221925159,70762.3726538395,-0.003953378385945561,143067.0,159410.8,-0.10252630311120692,25821.0,0.08026671640399143,0,0,0,0.0,0,1.0,0
2025-04-22,69065.6141849539,68216.3455374353,69282.50851351196,68149.95338900757,213834.0,14627664320.0,369384.0,-0.5466367402701339,0.0259354765119291,down_trend,-1.0,39.0,down_trend,31.0,0,,,0,0,51,price_volume_up_oi_down_short_5d,0.27538352445216696,-0.0163415642045871,69908.4246807086,70846.05109808719,-0.013234702610035898,170145.6,133407.4,0.27538352445216696,46334.0,0.1434267141309395,0,1,0,0.27538352445216696,0,1.0,0
2025-04-23,68485.45860189747,69295.07330352362,69435.6545872523,67884.01583937067,276027.0,18884749780.0,365876.0,-0.2817957911627661,0.0328024189823574,down_trend,-1.0,39.0,down_trend,31.0,0,,,0,0,51,price_volume_up_oi_down_short_5d,0.704629433941683,0.01581333267840246,69632.21905333697,70914.68906490346,-0.01808468779144934,200029.4,117344.8,0.704629433941683,41587.0,0.12824055086666522,0,1,0,0.704629433941683,0,1.0,0
2025-04-24,69148.88287907757,68655.5618137744,69279.52368283193,68445.96554410779,137595.0,9431317420.0,364676.0,-0.9746947005064722,0.0328024189823574,down_trend,-1.0,39.0,down_trend,31.0,0,,,0,0,51,price_volume_up_oi_down_short_5d,0.9328207466049934,-0.00922881612301718,69212.2237247419,70866.25024628169,-0.02334011628654753,208596.2,107923.2,0.9328207466049934,43406.0,0.13510754194291405,0,1,0,0.9328207466049934,0,1.0,0
2025-04-25,68680.74868485426,68544.0040665526,69158.26438284446,68343.18025248885,151998.0,10425777800.0,362961.0,-0.8704280276114711,0.0328024189823574,down_trend,-1.0,39.0,down_trend,31.0,0,,,0,0,51,price_volume_up_oi_down_short_5d,0.7979443172429665,-0.0016248901658454384,68812.12232791411,70833.33833517501,-0.02853481220518994,209349.4,116438.2,0.7979443172429665,40402.0,0.1252546045839676,0,1,0,0.7979443172429665,0,1.0,0
2025-04-28,68446.5735113757,67343.98559387127,68526.39331927737,67225.33737914532,194204.0,13129976180.0,393166.0,-0.7053227615769886,0.0328024189823574,down_trend,-1.0,39.0,down_trend,31.0,0,,,0,0,51,price_volume_up_oi_down_short_5d,0.3611217122047712,-0.01750727126352547,68410.99406303144,70482.62221925159,-0.029392041484720854,194731.6,143067.0,0.3611217122047712,45655.0,0.13137713626331252,0,1,0,0.3611217122047712,0,1.0,0
2025-04-29,67233.89235225631,66658.53716326776,67354.20820796849,66498.22931382443,171002.0,11400418300.0,394193.0,-0.835165384736747,0.0339898849796107,down_trend,-1.0,39.0,down_trend,31.0,0,,,0,0,51,price_volume_up_oi_down_short_5d,0.09415230249856599,-0.010178316958209477,68099.43238819794,69908.4246807086,-0.025876599290755586,186165.2,170145.6,0.09415230249856599,24809.0,0.06716316895155178,0,1,0,0.09415230249856599,0,1.0,0
2025-04-30,66550.95586050305,66346.92568750643,67045.54769930872,66303.31935853907,155537.0,10338883440.0,388360.0,-0.9150490990642058,0.0339898849796107,down_trend,-1.0,39.0,down_trend,31.0,0,,,0,0,51,price_volume_up_oi_down_short_5d,0.0,-0.004674742186407288,67509.80286499449,69632.21905333697,-0.03048037556747618,162067.2,200029.4,-0.18978310188402292,22484.0,0.061452513966480445,0,0,0,0.0,0,1.0,0
2025-05-06,66388.08651322301,65658.632313789,66622.88746331107,65532.99366411266,138106.0,9081327420.0,407535.0,-1.082105312314012,0.0339898849796107,down_trend,-1.0,39.0,down_trend,31.0,0,,,0,0,51,price_volume_up_oi_down_short_5d,0.0,-0.010374156248916355,66910.4169649974,69212.2237247419,-0.03325722879384441,162169.4,208596.2,-0.22256781283647553,42859.0,0.11752624247277035,0,0,0,0.0,0,1.0,0
2025-05-07,66054.00912214133,64611.30658092725,66385.72553242756,64316.80658244727,260648.0,16953976680.0,437294.0,-0.5174348997069816,0.0339898849796107,down_trend,-1.0,39.0,down_trend,31.0,0,,,0,0,51,price_volume_up_oi_down_short_5d,0.0,-0.015951074458214087,66123.87746787234,68812.12232791411,-0.039066443078609514,183899.4,209349.4,-0.12156710265231241,74333.0,0.20479610757078584,0,0,0,0.0,0,1.0,0
2025-05-08,64477.1673809932,64672.97073347205,65156.93062235133,63468.75069804546,383717.0,24603022240.0,433977.0,-0.1230862355859813,0.0339898849796107,down_trend,-1.0,39.0,down_trend,31.0,0,,,0,0,51,price_volume_up_oi_down_short_5d,0.13901390426617977,0.0009543864039889272,65589.6744957925,68410.99406303144,-0.04124073339205503,221802.0,194731.6,0.13901390426617977,40811.0,0.1038009390435592,0,1,0,0.13901390426617977,0,1.0,0
2025-05-09,64523.26520561438,63483.57023953834,65262.188185702085,63299.979366737134,351602.0,22471511040.0,468568.0,-0.287181381145953,0.0328024189823574,down_trend,-1.0,39.0,down_trend,31.0,0,,,0,0,51,price_volume_up_oi_down_short_5d,0.38544690414749905,-0.018390998286369475,64954.681111046615,68099.43238819794,-0.04617881775026844,257922.0,186165.2,0.38544690414749905,74375.0,0.18867661272523864,0,1,0,0.38544690414749905,0,1.0,0
2025-05-12,64148.61195259467,64477.49195645231,64880.910293964575,63028.583427415855,401236.0,25630974260.0,466523.0,-0.1507575395248552,0.0339898849796107,down_trend,-1.0,39.0,down_trend,31.0,0,,,0,0,51,price_volume_up_oi_down_short_5d,0.8946572779686448,0.015656361372929473,64580.79436483579,67509.80286499449,-0.04338641761428497,307061.8,162067.2,0.8946572779686448,78163.0,0.20126429086414666,0,1,0,0.8946572779686448,0,1.0,0
2025-05-13,64551.63457915147,63720.1247390084,64607.73683428545,63425.81654245273,274984.0,17476564700.0,484211.0,-0.5658078479753204,0.0339898849796107,down_trend,-1.0,39.0,down_trend,31.0,0,,,0,0,51,price_volume_up_oi_down_short_5d,1.062271920596611,-0.011746226387890912,64193.09284987968,66910.4169649974,-0.04061137620079747,334437.4,162169.4,1.062271920596611,76676.0,0.18814580342792644,0,1,0,1.062271920596611,0,1.0,0
2025-05-14,64230.91712849433,65636.47412455792,66055.69847436062,64177.50635899843,473373.0,30752007640.0,465422.0,0.0169391403173036,0.0339898849796107,down_trend,-1.0,39.0,down_trend,31.0,0,,,0,0,51,price_volume_up_oi_down_short_5d,1.049938172718345,0.030074476366747538,64398.126358605805,66123.87746787234,-0.026098758502252517,376982.4,183899.4,1.049938172718345,28128.0,0.06432285830585373,0,1,0,1.049938172718345,0,1.0,0
2025-05-15,65254.959912338745,64637.32099887484,65718.6763064096,64448.26144329048,279303.0,18074486420.0,480821.0,-0.5431978454398292,0.0351912879316197,down_trend,-1.0,39.0,down_trend,31.0,0,,,0,0,51,price_volume_up_oi_down_short_5d,0.6054841705665412,-0.015222528921754575,64390.99641168637,65589.6744957925,-0.018275408337070198,356099.6,221802.0,0.6054841705665412,46844.0,0.10794120425736847,0,1,0,0.6054841705665412,0,1.0,0
2025-05-16,64558.62151976491,62378.9077721526,64578.08244649942,62352.09492733205,404752.0,25469907180.0,550105.0,-0.3068346352292644,0.0351912879316197,down_trend,-1.0,39.0,down_trend,31.0,0,,,0,0,51,price_volume_up_oi_down_short_5d,0.42186242352339076,-0.0349397715100469,64170.06391820921,64954.681111046615,-0.012079455697673547,366729.6,257922.0,0.42186242352339076,81537.0,0.17401316351095253,0,1,0,0.42186242352339076,0,1.0,0
2025-05-19,61731.87155646444,61767.72337741391,62636.673265167,61520.66886728718,292258.0,18035061980.0,566765.0,-0.6623077819321731,0.0391186921888146,down_trend,-1.0,39.0,down_trend,31.0,0,,,0,0,51,price_volume_up_oi_down_short_5d,0.12333738680617401,-0.009797933573494455,63628.11020240153,64580.79436483579,-0.01475181858328145,344934.0,307061.8,0.12333738680617401,100242.0,0.21487043511252393,0,1,0,0.12333738680617401,0,1.0,0
2025-05-20,61756.622377240106,61410.48039010631,61883.55254759853,60836.55658716293,309261.0,18873133200.0,578509.0,-0.6262685234217008,0.0391186921888146,down_trend,-1.0,39.0,down_trend,31.0,0,,,0,0,51,price_volume_up_oi_down_short_5d,0.05188414932062013,-0.005783651521762634,63166.18133262112,64193.09284987968,-0.015997227609208187,351789.4,334437.4,0.05188414932062013,94298.0,0.19474567905314005,0,1,0,0.05188414932062013,0,1.0,0
2025-05-21,61566.87232810599,61666.72993262753,62358.355222910126,61205.32245773379,336081.0,20628911900.0,571450.0,-0.530824788004879,0.0391186921888146,down_trend,-1.0,39.0,down_trend,31.0,0,,,0,0,51,price_volume_up_oi_down_short_5d,0.0,0.004172733072488777,62372.23249423504,64398.126358605805,-0.03145889451953032,324331.0,376982.4,-0.13966540613036582,106028.0,0.22781046018452072,0,0,0,0.0,0,1.0,0
2025-05-22,61830.300659165616,62700.92719520752,63493.94020517032,61760.17130620985,532295.0,33121848700.0,555870.0,-0.0433366070271612,0.0391186921888146,down_trend,-1.0,39.0,down_trend,31.0,0,,,0,0,51,price_volume_up_oi_down_short_5d,0.05287790269913262,0.016770749214525926,61984.953733501585,64390.99641168637,-0.037366135209364604,374929.4,356099.6,0.05287790269913262,75049.0,0.15608511275505854,0,1,0,0.05287790269913262,0,1.0,0
2025-05-23,62683.265107054605,61600.95368648485,62800.444485683125,61454.99744817361,383881.0,23732166220.0,574843.0,-0.4037643513091751,0.0391186921888146,down_trend,-1.0,39.0,down_trend,31.0,0,,,0,0,51,price_volume_up_oi_down_short_5d,0.010977025034248689,-0.017543177715667824,61829.36291636802,64170.06391820921,-0.03647652595179951,370755.2,366729.6,0.010977025034248689,24738.0,0.04496959671335472,0,1,0,0.010977025034248689,0,1.0,0
2025-05-26,61614.17894835608,60674.24349891898,61831.869759069225,60486.673820250966,342290.0,20774388360.0,585095.0,-0.5361158962401528,0.0391186921888146,down_trend,-1.0,39.0,down_trend,31.0,1,31.0,down_trend,0,1,51,price_volume_up_oi_down_short_5d,0.10386798633941563,-0.01504376364499671,61610.66694066904,63628.11020240153,-0.03170679209731331,380761.6,344934.0,0.10386798633941563,18330.0,0.03234144663131986,0,1,0,0.10386798633941563,0,1.0,0
2025-05-27,60444.23532826279,61134.173435815785,61690.19015522628,60264.88155906682,550133.0,33518459780.0,567772.0,-0.0315598625094781,0.0391186921888146,down_trend,-1.0,39.0,down_trend,31.0,1,31.0,down_trend,0,1,51,price_volume_up_oi_down_short_5d,0.23785746248010384,0.007580315968916951,61555.40554981093,63166.18133262112,-0.025500604102188018,428936.0,351789.4,0.2192976820791075,-10737.0,-0.018559780400996356,0,1,1,0.23785746248010384,0,1.0,0
2025-05-28,61167.25352311359,60571.9693710746,61401.123481781375,59782.82733246,541263.0,32643908700.0,569527.0,-0.0509008942681862,0.0391186921888146,down_trend,-1.0,39.0,down_trend,31.0,1,31.0,down_trend,0,1,51,price_volume_up_oi_down_short_5d,0.452416864159535,-0.009196232371268431,61336.45343750036,62372.23249423504,-0.01660641306739208,469972.4,324331.0,0.44905174035167783,-1923.0,-0.0033651238078572054,0,1,1,0.452416864159535,0,1.0,0
2025-05-29,60527.15494365494,59083.59433364111,60580.92172223748,58719.80932665604,551109.0,32628748020.0,594597.0,-0.0759512534123355,0.0391186921888146,down_trend,-1.0,39.0,up_trend,32.0,1,31.0,down_trend,0,1,51,price_volume_up_oi_down_short_5d,0.2635317475770105,-0.024572010005410982,60612.986865187064,61984.953733501585,-0.022133869361476988,473735.2,374929.4,0.2635317475770105,38727.0,0.06966916725133575,0,1,0,0.2635317475770105,0,1.0,0
2025-05-30,59052.37268910608,59882.27550588198,60431.181953418,59004.74011976452,599935.0,35877905280.0,573701.0,0.0447129613367358,0.04,down_trend,-1.0,39.0,up_trend,32.0,1,31.0,down_trend,0,1,51,price_volume_up_oi_down_short_5d,0.3962920902466754,0.01351781626098747,60269.251229066496,61829.36291636802,-0.025232536997215615,516946.0,370755.2,0.39430546085395424,-1142.0,-0.001986629392721143,0,1,1,0.3962920902466754,0,1.0,0
2025-06-03,59896.27720851694,59959.14172818432,60116.87124531274,58851.93008866981,448099.0,26708449660.0,585875.0,-0.2680922660979851,0.04,down_trend,-1.0,39.0,up_trend,32.0,1,31.0,down_trend,0,1,51,price_volume_up_oi_down_short_5d,0.41324072595555883,0.0012836222680747689,60126.23087491955,61610.66694066904,-0.024093815883846847,538107.8,380761.6,0.41324072595555883,780.0,0.0013331168442731521,0,1,0,0.41324072595555883,0,1.0,0
2025-06-04,60137.86549393974,61192.448698897606,61736.176426004095,59506.60070624293,630415.0,38130631600.0,578740.0,0.0855250060433742,0.04,down_trend,-1.0,39.0,up_trend,32.0,0,,,0,0,51,price_volume_up_oi_down_short_5d,0.29195078053602397,0.02056912315897219,60137.88592753592,61555.40554981093,-0.02302835323094321,554164.2,428936.0,0.29195078053602397,10968.0,0.019317613408199066,0,1,0,0.29195078053602397,0,1.0,0
2025-06-05,60781.688455334246,60433.93792389253,60860.10848898528,60246.53277450303,375074.0,22659633280.0,578419.0,-0.4331751797082282,0.04,down_trend,-1.0,39.0,up_trend,32.0,0,,,0,0,51,price_volume_up_oi_down_short_5d,0.1084191326980053,-0.012395496358339697,60110.279638099506,61336.45343750036,-0.019990947155923755,520926.4,469972.4,0.1084191326980053,8892.0,0.015612956014376842,0,1,0,0.1084191326980053,0,1.0,0
2025-06-06,60959.95923740998,60787.0270155572,61504.06297213055,60549.24191779256,409342.0,24949778180.0,565526.0,-0.3232052790574816,0.04,down_trend,-1.0,39.0,up_trend,32.0,1,32.0,up_trend,1,0,51,price_volume_up_oi_down_short_5d,0.08865634704475153,0.005842563033197079,60450.96617448273,60612.986865187064,-0.0026730359133215753,492573.0,473735.2,0.039764408471230306,-29071.0,-0.048891938573521226,0,1,1,0.08865634704475153,0,1.0,0
2025-06-09,60740.66539037554,60933.86127290809,61163.181038576295,60585.0618482116,255444.0,15527658160.0,563120.0,-0.790489541761335,0.04,down_trend,-1.0,39.0,up_trend,32.0,1,32.0,up_trend,1,0,51,price_volume_up_oi_down_short_5d,0.024948083624381768,0.002415552537440524,60661.283327887955,60269.251229066496,0.006504678435964806,423674.8,516946.0,-0.18042735604879434,-10581.0,-0.018443405188416962,1,0,1,0.024948083624381768,0,1.0,0
2025-06-10,60753.92859112164,60959.10759492531,61496.59056014706,60059.856654103045,356613.0,21675095080.0,555779.0,-0.4437195730424946,0.04,down_trend,-1.0,39.0,up_trend,32.0,1,32.0,up_trend,1,0,51,price_volume_up_oi_down_short_5d,0.06359436020605153,0.000414323357978974,60861.27650123615,60126.23087491955,0.012225040811982835,405377.6,538107.8,-0.24666098502939382,-30096.0,-0.0513693193940687,1,0,1,0.06359436020605153,0,1.0,0
2025-06-11,60941.984191544354,61764.79946001634,62183.68536170633,60758.15084283746,456772.0,28085374320.0,562980.0,-0.2090597430388667,0.04,up_trend,1.0,40.0,down_trend,33.0,1,32.0,up_trend,1,0,51,price_volume_up_oi_down_short_5d,0.04116389960271312,0.013216923555457338,60975.74665345989,60137.88592753592,0.013932327566911207,370649.0,554164.2,-0.3311567221411993,-15760.0,-0.027231572035801916,1,0,1,0.04116389960271312,0,1.0,0
2025-06-12,61534.53163785065,60533.02846343082,61553.19936867782,60370.76090646241,372443.0,22664852660.0,578848.0,-0.4409559155426136,0.04,up_trend,1.0,40.0,down_trend,33.0,1,32.0,up_trend,1,0,51,price_volume_up_oi_down_short_5d,0.014727682662566188,-0.019942928777465063,60995.564761367554,60110.279638099506,0.014727682662566188,370122.8,520926.4,-0.2894911833994208,429.0,0.0007416768812919354,1,0,0,0.014727682662566188,0,1.0,0
2025-06-13,60503.73778128741,59913.17350047996,60834.372579779694,59839.70569122176,400281.0,24128244920.0,597958.0,-0.4013537169000297,0.04,up_trend,1.0,40.0,down_trend,33.0,1,32.0,up_trend,1,0,51,price_volume_up_oi_down_short_5d,0.006117815930384296,-0.010239946334839711,60820.794058352105,60450.96617448273,0.006117815930384296,368310.6,492573.0,-0.252272049016085,32432.0,0.057348380092161984,1,0,0,0.006117815930384296,0,1.0,0
2025-06-16,60147.81502405804,59922.27735912502,60164.14799272439,59304.98569154286,363131.0,21651812260.0,615599.0,-0.527832126826487,0.04,up_trend,1.0,40.0,down_trend,33.0,0,,,0,0,51,price_volume_up_oi_down_short_5d,0.0,0.00015195086678199132,60618.47727559549,60661.283327887955,-0.0007056568859760137,389848.0,423674.8,-0.07984142554619722,52479.0,0.09319328029549652,0,0,0,0.0,0,1.0,0
2025-06-17,59847.22265605341,59950.64910439944,60282.15323058447,59663.10696493429,271096.0,16245479120.0,612829.0,-0.8156129393737324,0.04,up_trend,1.0,40.0,down_trend,33.0,1,33.0,down_trend,0,1,51,price_volume_up_oi_down_short_5d,0.0,0.000473475751002983,60416.78557749032,60861.27650123615,-0.007303345399546468,372744.6,405377.6,-0.08050025457746057,57050.0,0.10264871468695291,0,0,0,0.0,0,1.0,0
2025-06-18,60052.532485657706,60025.524931649954,60648.84273468092,59816.310353379005,258610.0,15573484560.0,604974.0,-0.8498643465504205,0.04,up_trend,1.0,40.0,down_trend,33.0,1,33.0,down_trend,0,1,51,price_volume_up_oi_down_short_5d,0.0,0.0012489577405596641,60068.93067181704,60975.74665345989,-0.01487174871013075,333112.2,370649.0,-0.10127317219255949,41994.0,0.07459234786315677,0,0,0,0.0,0,1.0,0
2025-06-19,59829.85547635872,60143.416111062805,60368.64099789729,59673.97737070571,243745.0,14656086540.0,598148.0,-0.8977156181213714,0.04,up_trend,1.0,40.0,down_trend,33.0,1,33.0,down_trend,0,1,51,price_volume_up_oi_down_short_5d,0.0,0.0019640174666875065,59991.00820134344,60995.564761367554,-0.016469337794546846,307372.6,370122.8,-0.16953886655996342,19300.0,0.03334208635082094,0,0,0,0.0,0,1.0,0
2025-06-20,60111.32350067557,59074.355492316274,60461.95184059225,59046.68486598473,449957.0,26845120180.0,647277.0,-0.3636223100663722,0.04,down_trend,-1.0,41.0,up_trend,34.0,1,33.0,down_trend,0,1,51,price_volume_up_oi_down_short_5d,0.0,-0.01777518950324286,59823.2445997107,60820.794058352105,-0.01640145404356852,317307.8,368310.6,-0.13847768703914576,49319.0,0.08247903698921998,0,0,0,0.0,0,1.0,0
2025-06-23,59097.63428444405,59161.95331525076,59360.79758692445,58550.452894629256,357650.0,21088130680.0,656617.0,-0.6075460411313307,0.04,down_trend,-1.0,41.0,up_trend,34.0,1,33.0,down_trend,0,1,51,price_volume_up_oi_down_short_5d,0.0,0.0014828400954094434,59671.17979093584,60618.47727559549,-0.0156272068721367,316211.6,389848.0,-0.18888489872976144,41018.0,0.06663103741234147,0,0,0,0.0,0,1.0,0
2025-06-24,59095.92865532267,60740.48313952015,61662.71435538631,58915.5744673052,860946.0,51928925400.0,631536.0,0.3098768373992623,0.04,down_trend,-1.0,41.0,up_trend,34.0,1,33.0,down_trend,0,1,51,price_volume_up_oi_down_short_5d,0.16482331333572642,0.02668150282087578,59829.14659795999,60416.78557749032,-0.009726419138545994,434181.6,372744.6,0.16482331333572642,18707.0,0.030525644184593092,0,1,0,0.16482331333572642,0,1.0,0
2025-06-25,60756.77586602795,60930.93942786819,61349.16875270841,60419.280304339234,451997.0,27498975140.0,630554.0,-0.3329232554079251,0.04,down_trend,-1.0,41.0,up_trend,34.0,0,,,0,0,51,price_volume_up_oi_down_short_5d,0.419518708711359,0.0031355741427108175,60010.229497203625,60068.93067181704,-0.0009772302246252584,472859.0,333112.2,0.419518708711359,25580.0,0.04228280884798355,0,1,0,0.419518708711359,0,1.0,0
2025-06-26,60734.89556737842,61510.27137672392,61836.04557359052,60651.1600190814,491404.0,30118465480.0,619950.0,-0.232372229563762,0.04,up_trend,1.0,42.0,up_trend,34.0,0,,,0,0,51,price_volume_up_oi_down_short_5d,0.7044132729575117,0.009508009466054013,60283.600550335854,59991.00820134344,0.00487727007371519,522390.8,307372.6,0.6995360028837965,21802.0,0.036449173114346284,1,1,0,0.7044132729575117,0,1.0,0
2025-06-27,62043.05249183832,63306.3318060167,63346.61832367585,61992.50325416088,791555.0,49654918480.0,615022.0,0.252341325695769,0.04,up_trend,1.0,42.0,up_trend,34.0,0,,,0,0,51,price_volume_up_oi_down_short_5d,0.9333075141788765,0.029199357913618718,61129.99581307594,59823.2445997107,0.021843536272714292,590710.4,317307.8,0.8616321439309089,-32255.0,-0.04983183397525325,1,1,1,0.9333075141788765,1,-1.0,0
2025-06-30,63593.14657631196,62290.83671838749,63693.434704508414,62219.03103417661,494672.0,31014505260.0,596987.0,-0.1880004209388695,0.04,up_trend,1.0,42.0,up_trend,34.0,0,,,0,0,51,price_volume_up_oi_down_short_5d,1.0804991938268997,-0.01604097186898923,61755.77249370329,59671.17979093584,0.03493466544605006,618114.8,316211.6,0.9547505531106388,-59630.0,-0.09081397527021079,1,1,1,1.0804991938268997,1,-1.0,0
2025-07-01,62202.67207588062,62735.91978325273,62834.84666818072,61294.46618713047,484857.0,30047909900.0,592395.0,-0.2003196400137265,0.04,up_trend,1.0,42.0,up_trend,34.0,0,,,0,0,51,price_volume_up_oi_down_short_5d,0.3512415846503486,0.007145241392043422,62154.85982244981,59829.14659795999,0.038872578947484415,542897.0,434181.6,0.2503915412352804,-39141.0,-0.061977464467583794,1,1,1,0.3512415846503486,1,-1.0,0
2025-07-02,62767.420229152856,63902.8456296618,64277.44948011878,62536.13921230718,652707.0,41444149600.0,589634.0,0.1016263248388752,0.04,up_trend,1.0,42.0,up_trend,34.0,0,,,0,0,51,price_volume_up_oi_down_short_5d,0.34354587369702355,0.018600601544389583,62749.24106280853,60010.229497203625,0.04564241111146794,583039.0,472859.0,0.23300814830636618,-40920.0,-0.06489531427918942,1,1,1,0.34354587369702355,1,-1.0,0
2025-07-03,63957.49375798816,64016.21575214755,64463.43558679877,62985.59430409938,510281.0,32533772160.0,603359.0,-0.1675508217468001,0.04,up_trend,1.0,42.0,up_trend,34.0,0,,,0,0,51,price_volume_up_oi_down_short_5d,0.19930090115385588,0.0017741013153431684,63250.429937893256,60283.600550335854,0.04921453530434272,586814.4,522390.8,0.12332453021760736,-16591.0,-0.0267618356319058,1,1,1,0.19930090115385588,1,-1.0,0
2025-07-04,64080.57346484882,63281.473286125394,64490.34594699276,63121.77855150201,431146.0,27440038420.0,592838.0,-0.3184743946498274,0.04,up_trend,1.0,42.0,up_trend,34.0,0,,,0,0,51,price_volume_up_oi_down_short_5d,0.07067621817511663,-0.011477442978930052,63245.45823391499,61129.99581307594,0.03460596377771297,514732.6,590710.4,-0.12862106372259574,-22184.0,-0.03607025439740367,1,0,1,0.07067621817511663,0,-1.0,0
2025-07-07,63268.713725728536,63640.78710775284,63818.13391166208,62839.559357284896,283996.0,18022569180.0,591177.0,-0.7331553113980166,0.04,up_trend,1.0,42.0,up_trend,34.0,0,,,0,0,51,price_volume_up_oi_down_short_5d,0.03822631592851729,0.005678025541580256,63515.448311788066,61755.77249370329,0.028494110704617936,472597.4,618114.8,-0.23542131655802456,-5810.0,-0.009732205223899348,1,0,1,0.03822631592851729,0,-1.0,0
2025-07-08,63806.82113369215,63852.96391279844,65065.893681049645,63397.31213833712,675144.0,43410099580.0,599714.0,0.1184731265457335,0.04,up_trend,1.0,42.0,up_trend,34.0,0,,,0,0,51,price_volume_up_oi_down_short_5d,0.025484689689144302,0.0033339751861705125,63738.85713769721,62154.85982244981,0.025484689689144302,510654.8,542897.0,-0.05938916590071419,7319.0,0.012354932097671318,1,0,0,0.025484689689144302,0,-1.0,0
2025-07-09,63862.902638489926,64345.94835454461,64905.403401240925,63731.19708563919,416987.0,26870367220.0,585066.0,-0.3386696151280244,0.04,up_trend,1.0,42.0,up_trend,34.0,0,,,0,0,51,price_volume_up_oi_down_short_5d,0.024930440286340054,0.007720619553689412,63827.477682673765,62749.24106280853,0.017183261527991656,463510.8,583039.0,-0.20500892736163445,-4568.0,-0.007747178758348399,1,0,1,0.024930440286340054,0,-1.0,0
2025-07-10,64521.04653055909,64200.907146477446,64903.402766490726,64072.62600378193,497318.0,32062315440.0,591900.0,-0.1741080411755667,0.04,up_trend,1.0,42.0,up_trend,34.0,0,,,0,0,51,price_volume_up_oi_down_short_5d,0.02869923265935285,-0.002254084550405433,63864.415961539744,63250.429937893256,0.00970722292717019,460918.2,586814.4,-0.21454176993611607,-11459.0,-0.018992009732182662,1,0,1,0.02869923265935285,0,1.0,0
2025-07-11,64227.57360228138,64219.84222226659,64724.75152446344,63364.47972971871,502065.0,32180467300.0,600972.0,-0.1798187510502403,0.0388173833440764,up_trend,1.0,42.0,up_trend,34.0,0,,,0,0,51,price_volume_up_oi_down_short_5d,0.012753983248404044,0.0002949347077907394,64052.08974876798,63245.45823391499,0.012753983248404044,475102.0,514732.6,-0.07699259770995659,8134.0,0.013720443021533708,1,0,0,0.012753983248404044,0,1.0,0
2025-07-14,64233.664613097695,66395.69311537778,68162.7466752148,64223.80424477661,1230147.0,81767899580.0,635053.0,0.661180493443924,0.0388173833440764,up_trend,1.0,42.0,up_trend,34.0,0,,,0,0,51,price_volume_up_oi_down_short_5d,0.4228280553024155,0.033881286808219,64603.07095029298,63515.448311788066,0.017123749692609103,664332.2,472597.4,0.4057043056098064,43876.0,0.07421804298881722,1,1,0,0.4228280553024155,0,1.0,0
2025-07-15,66185.49866969709,66527.51669513399,67189.24157002594,64774.58028298986,926362.0,61260212400.0,622936.0,0.3968213022006025,0.04,up_trend,1.0,42.0,up_trend,34.0,0,,,0,0,51,price_volume_up_oi_down_short_5d,0.42128327229676477,0.0019854236558256577,65137.981506760094,63738.85713769721,0.0219508857217241,714575.8,510654.8,0.39933238657504067,23222.0,0.038721790720243315,1,1,0,0.42128327229676477,0,1.0,0
2025-07-16,66986.59009198898,66267.1792297835,67241.56963129068,65519.81906862397,572135.0,37919541460.0,619618.0,-0.0797281816024944,0.04,up_trend,1.0,42.0,up_trend,34.0,0,,,0,0,51,price_volume_up_oi_down_short_5d,0.6351562017109447,-0.0039132298676275434,65522.22768180787,63827.477682673765,0.026552044051619372,745605.4,463510.8,0.6086041576593253,34552.0,0.059056585069034946,1,1,0,0.6351562017109447,0,1.0,0
2025-07-17,66621.68143265336,67713.29837987259,69545.88883539294,65821.75301150187,1041452.0,70734360600.0,637419.0,0.4909439621285955,0.04,up_trend,1.0,42.0,up_trend,34.0,1,34.0,up_trend,1,0,51,price_volume_up_oi_down_short_5d,0.8907188620330613,0.021822554798577087,66224.7059284869,63864.415961539744,0.036957825909949005,854432.2,460918.2,0.8537610361231123,45519.0,0.07690319310694374,1,1,0,0.8907188620330613,0,1.0,0
2025-07-18,68840.79723884205,69403.89210736599,70244.73478069773,67805.30716550355,1472768.0,102112268180.0,660768.0,0.8014961074766556,0.04,up_trend,1.0,42.0,up_trend,34.0,1,34.0,up_trend,1,0,51,price_volume_up_oi_down_short_5d,1.2571542516470444,0.024966938074839407,67261.51590550676,64052.08974876798,0.050106501900673894,1048572.8,475102.0,1.2070477497463705,59796.0,0.09949881192468202,1,1,0,1.2571542516470444,0,1.0,0
2025-07-21,70523.87467307664,70810.99092904947,71228.7506761666,69499.26291057908,1040494.0,73621156080.0,677768.0,0.4286458328670136,0.04,up_trend,1.0,42.0,up_trend,34.0,1,34.0,up_trend,1,0,51,price_volume_up_oi_down_short_5d,0.5761098479612514,0.020274062144911564,68144.5754682411,64603.07095029298,0.054819445358457175,1010642.2,664332.2,0.5212904026027942,42715.0,0.0672621025331744,1,1,0,0.5761098479612514,0,1.0,0
2025-07-22,71293.53954487006,72385.3095290136,73826.14784571785,70563.67402379832,1420852.0,102423624300.0,718301.0,0.6821232694115161,0.04,up_trend,1.0,42.0,up_trend,34.0,1,34.0,up_trend,1,0,51,price_volume_up_oi_down_short_5d,0.616868794208318,0.022232687035004917,69316.13403501702,65137.981506760094,0.06414310716434035,1109540.2,714575.8,0.5527256870439776,95365.0,0.15308956297276125,1,1,0,0.616868794208318,0,1.0,0
2025-07-23,73040.13831447142,69036.84822482467,74126.46628218604,67791.73285042058,1787568.0,127436387420.0,691312.0,0.9500200744023276,0.04,down_trend,-1.0,43.0,no_trend,,1,34.0,up_trend,1,0,51,price_volume_up_oi_down_short_5d,0.8804889679846222,-0.046258851774983234,69870.06783402526,65522.22768180787,0.06635672055186492,1352626.8,745605.4,0.8141322474327573,71694.0,0.11570677417376513,1,1,0,0.8804889679846222,0,1.0,0
2025-07-24,69652.86793294664,75713.29861715241,76708.09589931891,69114.32082061293,2394688.0,177743422860.0,816142.0,1.076419870527918,0.04,up_trend,1.0,44.0,no_trend,,1,34.0,up_trend,1,0,51,price_volume_up_oi_down_short_5d,0.9790332604703518,0.09670850515344043,71470.06788148123,66224.7059284869,0.07920551521449637,1623274.0,854432.2,0.8998277452558554,178723.0,0.28038542936435845,1,1,0,0.9790332604703518,0,1.0,0
2025-07-25,76520.89836095861,79578.45873826499,79605.15016930061,75839.38362855108,1705026.0,134411257820.0,908178.0,0.6298952442370237,0.04,up_trend,1.0,44.0,down_trend,35.0,0,,,0,0,51,price_volume_up_oi_down_short_5d,0.6852030173094832,0.0510499501634043,73504.98120766103,67261.51590550676,0.09282373758756024,1669725.6,1048572.8,0.592379279721923,247410.0,0.37442793839895394,1,1,0,0.6852030173094832,0,1.0,0
2025-07-28,73284.9724770642,71941.51540366371,77666.50960422396,71937.29283092872,1624234.0,121297924580.0,800394.0,0.7076874925821914,0.04,down_trend,-1.0,45.0,down_trend,35.0,0,,,0,0,51,price_volume_up_oi_down_short_5d,0.8496420587979849,-0.09596746978625614,73731.08610258388,68144.5754682411,0.08198026909634759,1786473.6,1010642.2,0.7676617897016373,122626.0,0.18092621664050235,1,1,0,0.8496420587979849,0,1.0,0
2025-07-29,70448.1549874702,70689.18065640068,71414.90130421861,68481.57314161693,1304747.0,91480658800.0,721541.0,0.5923752285736149,0.04,down_trend,-1.0,45.0,down_trend,35.0,0,,,0,0,51,price_volume_up_oi_down_short_5d,0.6479732461380752,-0.01740767817074995,73391.8603280613,69316.13403501702,0.058799099946706734,1763252.6,1109540.2,0.5891741461913684,3240.0,0.004510643866568472,1,1,0,0.6479732461380752,0,1.0,0
2025-07-30,72706.49436385809,70620.67479784404,73882.65080748836,68680.48926662018,1536939.0,109990705480.0,726914.0,0.7487398788718954,0.04,down_trend,-1.0,45.0,down_trend,35.0,0,,,0,0,51,price_volume_up_oi_down_short_5d,0.32145696691361336,-0.0009691137727233512,73708.62564266517,69870.06783402526,0.05493851555659446,1713126.8,1352626.8,0.2665184513570189,35602.0,0.051499178373874605,1,1,0,0.32145696691361336,0,1.0,0
2025-07-31,68916.51363397282,68703.83452237242,69195.7428036531,67062.43966866174,1139291.0,77542258760.0,699164.0,0.4882760824837865,0.04,down_trend,-1.0,45.0,down_trend,35.0,1,35.0,down_trend,0,1,51,price_volume_up_oi_down_short_5d,0.15503695813939886,-0.027142763517322588,72306.73282370917,71470.06788148123,0.011706508291210671,1462047.4,1623274.0,-0.09932186433097556,-116978.0,-0.14333044984818819,1,0,1,0.15503695813939886,0,1.0,0
2025-08-01,69212.76871595865,69249.5716319474,70145.92682055413,67959.69080846287,857282.0,59225872880.0,696107.0,0.2082635351630899,0.04,down_trend,-1.0,45.0,down_trend,35.0,1,35.0,down_trend,0,1,51,price_volume_up_oi_down_short_5d,0.2335125933462383,0.007943328248982473,70240.95540244566,73504.98120766103,-0.04440550492753781,1292498.6,1669725.6,-0.2259215526191849,-212071.0,-0.2335125933462383,0,0,1,0.2335125933462383,0,1.0,0
2025-08-04,69435.88894851704,69151.97043703265,70721.34543972468,68181.723189445,670047.0,46596909140.0,701824.0,-0.0463348011631293,0.04,down_trend,-1.0,45.0,down_trend,35.0,1,35.0,down_trend,0,1,51,price_volume_up_oi_down_short_5d,0.12315184771500036,-0.0014094122550459831,69683.04640911943,73731.08610258388,-0.05490275414948198,1101661.2,1786473.6,-0.38333194512362234,-98570.0,-0.12315184771500036,0,0,1,0.12315184771500036,0,1.0,0
2025-08-05,69109.94042916015,68017.81882734837,70003.68295155653,67333.05211345319,765248.0,52473315140.0,690060.0,0.1034214139645697,0.04,down_trend,-1.0,45.0,up_trend,36.0,1,35.0,down_trend,0,1,51,price_volume_up_oi_down_short_5d,0.04363023029876334,-0.016400857452312234,69148.77404330898,73391.8603280613,-0.05781412633207206,993761.4,1763252.6,-0.43640440399747604,-31481.0,-0.04363023029876334,0,0,1,0.04363023029876334,0,1.0,0
2025-08-06,68189.02470259498,69686.09121096708,69847.44809002569,67778.63427984946,662455.0,45480690860.0,713116.0,-0.0736914690032746,0.04,down_trend,-1.0,45.0,up_trend,36.0,1,35.0,down_trend,0,1,51,price_volume_up_oi_down_short_5d,0.018981612680454635,0.02452699031489569,68961.85732593358,73708.62564266517,-0.06439908864592891,818864.6,1713126.8,-0.5220058433502996,-13798.0,-0.018981612680454635,0,0,1,0.018981612680454635,0,1.0,0
2025-08-07,69950.60819987133,72313.15902511151,73336.62308020334,69440.89525002838,1215220.0,86795145680.0,741254.0,0.4943370627548843,0.04,up_trend,1.0,46.0,up_trend,36.0,1,35.0,down_trend,0,1,51,price_volume_up_oi_down_short_5d,0.0,0.037698596211850566,69683.7222264814,72306.73282370917,-0.036276159837326905,834050.4,1462047.4,-0.4295325856056377,42090.0,0.060200467987482194,0,0,0,0.0,0,1.0,0
2025-08-08,72819.25956218943,76863.44762238451,76917.25795242382,72621.125446164,1317026.0,98716380100.0,782023.0,0.5212472915084235,0.04,up_trend,1.0,46.0,up_trend,36.0,0,,,0,0,51,price_volume_up_oi_down_short_5d,0.013746140219635494,0.06292476581880302,71206.49742456884,70240.95540244566,0.013746140219635494,925999.2,1292498.6,-0.2835588371236921,85916.0,0.12342355413751047,1,0,0,0.013746140219635494,0,1.0,0
2025-08-12,88178.14649472827,81799.26768464812,88705.34389622566,81757.08888864973,2178400.0,185697027900.0,836361.0,0.9572856032996698,0.04,up_trend,1.0,46.0,up_trend,36.0,0,,,0,0,51,price_volume_up_oi_down_short_5d,0.17254261079106414,0.06421543939210683,73735.9568740919,69683.04640911943,0.05816207347160507,1227669.8,1101661.2,0.11438053731945907,134537.0,0.1916962087360934,1,1,0,0.17254261079106414,0,1.0,0
2025-08-13,82510.51339748122,84643.96629879496,87187.58117230286,81952.00091298737,1691567.0,143402301080.0,875577.0,0.6585274996485313,0.04,up_trend,1.0,46.0,up_trend,36.0,1,36.0,up_trend,1,0,51,price_volume_up_oi_down_short_5d,0.5362295877864669,0.03477657801428857,77061.18636838123,69148.77404330898,0.11442592344611313,1412933.6,993761.4,0.42180366434035377,185517.0,0.2688418398400139,1,1,0,0.5362295877864669,0,1.0,0
2025-08-14,84696.71945711668,84891.41961388514,86091.8907609468,82420.50457791153,1458233.0,123664446340.0,874921.0,0.5108471111894483,0.04,up_trend,1.0,46.0,up_trend,36.0,1,36.0,up_trend,1,0,51,price_volume_up_oi_down_short_5d,1.0813845239958098,0.0029234607723445105,80102.25204896485,68961.85732593358,0.1615442964417062,1572089.2,818864.6,0.9198402275541036,161805.0,0.22689856909675285,1,1,0,1.0813845239958098,0,1.0,0
2025-08-15,85039.3498946541,86463.14350119753,86544.14384335159,83722.32904240677,1184088.0,100787185140.0,894334.0,0.2806488298149075,0.04,up_trend,1.0,46.0,up_trend,36.0,1,36.0,up_trend,1,0,51,price_volume_up_oi_down_short_5d,1.0675435722649849,0.01851452001228293,82932.24894418205,69683.7222264814,0.19012369452138578,1565862.8,834050.4,0.8774198777435991,153080.0,0.2065149058217561,1,1,0,1.0675435722649849,0,1.0,0
2025-08-18,87805.64694949798,88979.04766675524,89689.8041838904,87282.93579629758,1422254.0,126607810480.0,918292.0,0.437482793240315,0.04,up_trend,1.0,46.0,down_trend,37.0,1,36.0,up_trend,1,0,51,price_volume_up_oi_down_short_5d,0.9124274276197002,0.029097995558337253,85355.3689530562,71206.49742456884,0.1987019729972772,1586908.4,925999.2,0.713725454622423,136269.0,0.17425190819195854,1,1,0,0.9124274276197002,0,1.0,0
2025-08-19,89184.70459335823,87154.79860574917,89308.5983005562,86975.7264655335,980407.0,86194696480.0,901416.0,0.0840009313059253,0.04,up_trend,1.0,46.0,down_trend,37.0,1,36.0,up_trend,1,0,51,price_volume_up_oi_down_short_5d,0.26956051027763417,-0.020502007032467517,86426.47513727641,73735.9568740919,0.1721075958213203,1347309.8,1227669.8,0.09745291445631388,65055.0,0.07778339736070908,1,1,0,0.26956051027763417,0,1.0,0
2025-08-20,85445.58660606052,80716.02111876692,85578.50068109138,80716.02111876692,1204739.0,99683630140.0,841337.0,0.3590259318086079,0.04,down_trend,-1.0,47.0,down_trend,37.0,1,36.0,up_trend,1,0,51,price_volume_up_oi_down_short_5d,0.150441842169419,-0.0738774868393478,85640.8861012708,77061.18636838123,0.111336200975098,1249944.2,1412933.6,-0.11535531464465143,-34240.0,-0.039105641194321,1,0,1,0.150441842169419,0,1.0,0
2025-08-21,81263.91041250077,82184.98949650266,83260.1388900442,81039.46886527499,1040960.0,85775094820.0,820203.0,0.23834677268924,0.04,down_trend,-1.0,47.0,down_trend,37.0,0,,,0,0,51,price_volume_up_oi_down_short_5d,0.12492761389413558,0.01819921692589732,85099.60007779431,80102.25204896485,0.06238711023723398,1166489.6,1572089.2,-0.2580003730068242,-54718.0,-0.0625405036569016,1,0,1,0.12492761389413558,0,1.0,0
2025-08-22,82079.50838689908,78588.09935150472,82446.12858258061,77727.55882987713,1231366.0,97865195280.0,789520.0,0.4444542353827318,0.04,down_trend,-1.0,47.0,down_trend,37.0,0,,,0,0,51,price_volume_up_oi_down_short_5d,0.12434030993346472,-0.04376577970057427,83524.59124785573,82932.24894418205,0.007142484512536962,1175945.2,1565862.8,-0.24901134377801182,-104814.0,-0.11719782542092776,1,0,1,0.12434030993346472,0,1.0,0
2025-08-25,80532.26826411807,78983.59533723166,81129.10986797146,78185.86500253821,831873.0,66112605340.0,788716.0,0.0532734781934639,0.04,down_trend,-1.0,47.0,down_trend,37.0,0,,,0,0,51,price_volume_up_oi_down_short_5d,0.14110544358439364,0.00503251750571021,81525.50078195104,85355.3689530562,-0.04486968093608168,1057869.0,1586908.4,-0.33337740224955636,-129576.0,-0.14110544358439364,0,0,1,0.14110544358439364,0,1.0,0
2025-08-26,78848.71371952847,78653.43867358014,79691.57538735877,77490.93253712443,733657.0,57917825080.0,761026.0,-0.0366259059072908,0.04,down_trend,-1.0,47.0,down_trend,37.0,0,,,0,0,51,price_volume_up_oi_down_short_5d,0.15574385189524037,-0.004180066281382455,79825.22879551722,86426.47513727641,-0.07637990941171713,1008519.0,1347309.8,-0.2514572372293292,-140390.0,-0.15574385189524037,0,0,1,0.15574385189524037,0,1.0,0
2025-08-27,78869.89357298189,78458.71875997793,80508.37472919338,78284.67817640954,912369.0,72886228500.0,757922.0,0.185464035533963,0.04,down_trend,-1.0,47.0,down_trend,37.0,0,,,0,0,51,price_volume_up_oi_down_short_5d,0.0991457644202026,-0.002475669428902094,79373.76832375943,85640.8861012708,-0.07317903939130732,950045.0,1249944.2,-0.23993007047834614,-83415.0,-0.0991457644202026,0,0,1,0.0991457644202026,0,1.0,0
2025-08-28,77633.62577394769,77644.83883485758,77838.14621513945,75358.86778908485,1060665.0,81391838900.0,744733.0,0.3536255840085725,0.04,down_trend,-1.0,47.0,down_trend,37.0,0,,,0,0,51,price_volume_up_oi_down_short_5d,0.09201380633818701,-0.010373352228834842,78465.73819143041,85099.60007779431,-0.07795409003449505,953986.0,1166489.6,-0.18217359160338853,-75470.0,-0.09201380633818701,0,0,1,0.09201380633818701,0,1.0,0
2025-08-29,77254.95649960819,76802.60049974476,78045.7066531312,76438.93837110873,643149.0,49876037100.0,744380.0,-0.1461752334552263,0.04,down_trend,-1.0,47.0,down_trend,37.0,0,,,0,0,51,price_volume_up_oi_down_short_5d,0.05717397912655791,-0.010847318994430255,78108.63842107842,83524.59124785573,-0.06484261396390079,836342.6,1175945.2,-0.288791178364434,-45140.0,-0.05717397912655791,0,0,1,0.05717397912655791,0,1.0,0
2025-09-01,76396.30647882188,75324.13273249552,77055.91221534963,74640.24595871803,720923.0,54642391500.0,741853.0,-0.0286187748674866,0.04,down_trend,-1.0,47.0,down_trend,37.0,0,,,0,0,51,price_volume_up_oi_down_short_5d,0.059416824306848096,-0.019250230560280968,77376.74590013118,81525.50078195104,-0.05088904504758773,814152.6,1057869.0,-0.23038429143873207,-46863.0,-0.059416824306848096,0,0,1,0.059416824306848096,0,1.0,0
2025-09-02,75023.2030120838,72551.315962281,75545.52391109131,72411.62031467521,831074.0,61588181900.0,761420.0,0.0875337292233694,0.04,down_trend,-1.0,47.0,down_trend,37.0,0,,,0,0,51,price_volume_up_oi_down_short_5d,0.0,-0.03681179815321389,76156.32135787136,79825.22879551722,-0.045961752856910065,833636.0,1008519.0,-0.17340575636155586,394.0,0.0005177221277591042,0,0,0,0.0,0,1.0,0
2025-09-03,72866.68565085565,71909.32133259506,73215.36197435565,71831.82617881568,595454.0,43273868960.0,763953.0,-0.2491821291496102,0.04,down_trend,-1.0,47.0,down_trend,37.0,0,,,0,0,51,price_volume_up_oi_down_short_5d,0.0,-0.008848835078604345,74846.44187239479,79373.76832375943,-0.05703806870927475,770253.0,950045.0,-0.1892457725686678,6031.0,0.00795728320328477,0,0,0,0.0,0,1.0,0
2025-09-04,71337.9024457974,73398.86931908745,74366.93175488852,71174.01827536702,947387.0,69388457820.0,777956.0,0.1970377013215178,0.04,down_trend,-1.0,47.0,down_trend,37.0,0,,,0,0,51,price_volume_up_oi_down_short_5d,0.0,0.020714254548487965,73997.24796924075,78465.73819143041,-0.05694829775625165,747597.4,953986.0,-0.2163434264234485,33223.0,0.044610618839235,0,0,0,0.0,0,1.0,0
2025-09-05,73376.02846782154,74227.81051576181,75699.62651563594,72582.15726865128,1071588.0,79448983040.0,811867.0,0.2775604057567922,0.04,down_trend,-1.0,47.0,down_trend,37.0,1,37.0,down_trend,0,1,51,price_volume_up_oi_down_short_5d,0.0,0.011293650765527463,73482.28997244417,78108.63842107842,-0.05922966450514622,833285.2,836342.6,-0.003655678904793347,67487.0,0.09066202745909348,0,0,0,0.0,0,1.0,0
2025-09-08,74050.0392085257,74776.68653775219,76543.26510287877,73067.86963720394,1006332.0,75324013580.0,807874.0,0.2196612103287803,0.04,down_trend,-1.0,47.0,down_trend,37.0,1,37.0,down_trend,0,1,51,price_volume_up_oi_down_short_5d,0.0936119346667934,0.007394479483856298,73372.8007334955,77376.74590013118,-0.05174610433738713,890367.0,814152.6,0.0936119346667934,66021.0,0.0889947199782167,0,1,0,0.0936119346667934,0,1.0,0
2025-09-09,74742.83876475392,72925.30501241976,75194.95541658941,72597.14196793671,794938.0,59116508600.0,806377.0,-0.0142872508931811,0.04,down_trend,-1.0,47.0,down_trend,37.0,1,37.0,down_trend,0,1,51,price_volume_up_oi_down_short_5d,0.05938299209727038,-0.024758806668943922,73447.59854352326,76156.32135787136,-0.03556793140807524,883139.8,833636.0,0.05938299209727038,44957.0,0.05904362900895695,0,1,0,0.05938299209727038,0,1.0,0
2025-09-10,69318.74672267797,70827.04237735186,71184.18032516653,68637.66990053587,1063402.0,74610858240.0,796180.0,0.2894031908943295,0.04,down_trend,-1.0,47.0,up_trend,38.0,1,37.0,down_trend,0,1,51,price_volume_up_oi_down_short_5d,0.2680630909584254,-0.028772764607711387,73231.14275247461,74846.44187239479,-0.021581508479375566,976729.4,770253.0,0.2680630909584254,32227.0,0.04218453229452597,0,1,0,0.2680630909584254,0,1.0,0
2025-09-11,71164.17365597397,71180.7106156905,71575.2232944231,70300.30500509261,564454.0,39926781980.0,778508.0,-0.3215203751665091,0.04,down_trend,-1.0,47.0,up_trend,38.0,1,37.0,down_trend,0,1,51,price_volume_up_oi_down_short_5d,0.20404752611499188,0.004993406846701021,72787.51101179523,73997.24796924075,-0.016348404712948073,900142.8,747597.4,0.20404752611499188,552.0,0.000709551697011142,0,1,0,0.20404752611499188,0,1.0,0
2025-09-12,70723.93901884858,71280.28673054207,71695.27302363489,70533.8432333835,523111.0,37186284040.0,761900.0,-0.3760216348394565,0.04,down_trend,-1.0,47.0,up_trend,38.0,1,37.0,down_trend,0,1,51,price_volume_up_oi_down_short_5d,0.06154579506249176,0.0013989199319626167,72198.00625475126,73482.28997244417,-0.017477459101703396,790447.4,833285.2,-0.051408329345102866,-49967.0,-0.06154579506249176,0,0,1,0.06154579506249176,0,1.0,0
2025-09-15,71439.15090812596,72799.4565240237,73279.47950258698,70997.80577843661,646168.0,46720924920.0,761248.0,-0.1638996598709886,0.04,down_trend,-1.0,47.0,up_trend,38.0,0,,,0,0,51,price_volume_up_oi_down_short_5d,0.05771444556948237,0.021312621808389887,71802.56025200558,73372.8007334955,-0.021400852438403506,718414.6,890367.0,-0.19312530675552897,-46626.0,-0.05771444556948237,0,0,1,0.05771444556948237,0,1.0,0
2025-09-16,74198.00746242359,73335.25232560298,75186.7049656234,72891.13041629724,671978.0,49511927580.0,754858.0,-0.1163040501976561,0.04,down_trend,-1.0,47.0,up_trend,38.0,0,,,0,0,51,price_volume_up_oi_down_short_5d,0.0638894710538619,0.0073598873832592115,71884.54971464223,73447.59854352326,-0.021281142744984494,693822.6,883139.8,-0.2143683253772506,-51519.0,-0.0638894710538619,0,0,1,0.0638894710538619,0,1.0,0
2025-09-17,73265.11661796016,73784.71070237238,74179.01713955746,72868.94045876228,456716.0,33556872440.0,750058.0,-0.4960887833572136,0.04,up_trend,1.0,48.0,up_trend,38.0,0,,,0,0,51,price_volume_up_oi_down_short_5d,0.05792911150744806,0.006128817485673066,72476.08337964633,73231.14275247461,-0.010310632122462304,572485.4,976729.4,-0.41387512242387703,-46122.0,-0.05792911150744806,0,0,1,0.05792911150744806,0,1.0,0
2025-09-18,73376.43947006066,72980.54377817239,73876.43968177334,71823.46555123864,661600.0,48169792900.0,732100.0,-0.1012559729431154,0.04,up_trend,1.0,48.0,up_trend,38.0,0,,,0,0,51,price_volume_up_oi_down_short_5d,0.060278320835876,-0.01089882872135639,72836.05001214272,72787.51101179523,0.0006668589112714951,591914.6,900142.8,-0.34242144690820175,-46408.0,-0.0596114619246045,1,0,1,0.060278320835876,0,1.0,0
2025-09-19,72846.77072511877,74015.0978697927,74078.20225021898,72668.7077971677,492310.0,36188074740.0,734905.0,-0.4006326397831954,0.04,up_trend,1.0,48.0,up_trend,38.0,0,,,0,0,51,price_volume_up_oi_down_short_5d,0.051844437464654995,0.014175752030087585,73383.01223999282,72198.00625475126,0.01641327851991159,585754.4,790447.4,-0.2589584076056167,-26995.0,-0.035431158944743406,1,0,1,0.051844437464654995,0,1.0,0
2025-09-22,74342.83375,73552.11577405642,74887.70581197525,73167.71919640193,534038.0,39424924800.0,724411.0,-0.3048919133975847,0.04,up_trend,1.0,48.0,up_trend,38.0,0,,,0,0,51,price_volume_up_oi_down_short_5d,0.07249782528730718,-0.006255238580522571,73533.54408999937,71802.56025200558,0.024107550370328745,563328.4,718414.6,-0.21587284000074602,-36837.0,-0.048390274916978435,1,0,1,0.07249782528730718,0,1.0,0
2025-09-23,73486.93146672803,73616.79634309075,74425.11662628764,72433.78092225184,670365.0,49253689460.0,704420.0,-0.0495524290097492,0.04,up_trend,1.0,48.0,up_trend,38.0,0,,,0,0,51,price_volume_up_oi_down_short_5d,0.09054067040828616,0.000879384207424172,73589.85289349694,71884.54971464223,0.023722805326376717,563005.8,693822.6,-0.18854502577459997,-50438.0,-0.06681786508190944,1,0,1,0.09054067040828616,0,1.0,0
2025-09-24,73787.78901126204,72877.51772622895,73835.2122112146,72830.99380229185,467625.0,34307366100.0,714619.0,-0.4240828408686841,0.04,up_trend,1.0,48.0,up_trend,38.0,0,,,0,0,51,price_volume_up_oi_down_short_5d,0.06011232656318514,-0.010042254669931583,73408.41429826824,72476.08337964633,0.012863980435285693,565187.6,572485.4,-0.012747573999267181,-35439.0,-0.047248346127899445,1,0,1,0.06011232656318514,0,1.0,0
2025-09-25,72981.5249512127,73966.6245575457,74396.25226619895,72792.31026181286,470404.0,34618955400.0,713068.0,-0.4159848875860876,0.04,up_trend,1.0,48.0,up_trend,38.0,0,,,0,0,51,price_volume_up_oi_down_short_5d,0.036562376322276616,0.014944345873690201,73605.6304541429,72836.05001214272,0.01056592774967724,526948.4,591914.6,-0.10975603575245474,-19032.0,-0.025996448572599373,1,0,1,0.036562376322276616,0,1.0,0
2025-09-26,73750.7980399463,72869.76578245863,74423.34872687813,72188.28967106793,633239.0,46378488660.0,695123.0,-0.0932408902989855,0.04,up_trend,1.0,48.0,up_trend,38.0,0,,,0,0,51,price_volume_up_oi_down_short_5d,0.0541321667426402,-0.01482910409455973,73376.56403667609,73383.01223999282,-8.787051825620562e-05,555134.2,585754.4,-0.05227481005691137,-39782.0,-0.0541321667426402,0,0,1,0.0541321667426402,0,1.0,0
2025-09-29,72643.93976689041,73840.64439353479,74564.4334883514,72323.69926427922,657174.0,48424073600.0,695786.0,-0.0570933181877825,0.04,up_trend,1.0,48.0,up_trend,38.0,0,,,0,0,51,price_volume_up_oi_down_short_5d,0.06868612242029071,0.0133234764878285,73434.26976057177,73533.54408999937,-0.0013500550076315232,579761.4,563328.4,0.029171261381460534,-28625.0,-0.03951486103883017,0,1,1,0.06868612242029071,0,1.0,0
2025-09-30,73836.5524679153,72835.58795828783,73956.84572743287,72746.4707522058,432403.0,31629261540.0,676349.0,-0.4473511912483404,0.04,up_trend,1.0,48.0,up_trend,38.0,0,,,0,0,51,price_volume_up_oi_down_short_5d,0.039849805513756,-0.013611154717048546,73278.02808361119,73589.85289349694,-0.004237334328375808,532169.0,563005.8,-0.05477172704082278,-28071.0,-0.039849805513756,0,0,1,0.039849805513756,0,1.0,0
2025-10-09,73359.53557739544,73428.63143671412,75023.67772874047,72675.29639939361,547026.0,40310546880.0,677908.0,-0.2145152522328398,0.04,up_trend,1.0,48.0,up_trend,38.0,0,,,0,0,51,price_volume_up_oi_down_short_5d,0.05137143009071967,0.00814222133781528,73388.25082570822,73408.41429826824,-0.0002746752228987015,548049.2,565187.6,-0.030323382890919848,-36711.0,-0.05137143009071967,0,0,1,0.05137143009071967,0,1.0,0
2025-10-10,73241.47073365533,72930.97172346618,73953.37703438438,72735.39369318754,445495.0,32601094140.0,681696.0,-0.4253977871644677,0.04,up_trend,1.0,48.0,up_trend,38.0,0,,,0,0,51,price_volume_up_oi_down_short_5d,0.07458513689223181,-0.006777461373181803,73181.1202588923,73605.6304541429,-0.005767360358594709,543067.4,526948.4,0.030589332845492923,-31372.0,-0.04399580404673888,0,1,1,0.07458513689223181,0,1.0,0
2025-10-13,72485.5632461628,72518.54041722041,73128.47540227865,72014.95473358425,434460.0,31460634540.0,682469.0,-0.4516132241533332,0.04,up_trend,1.0,48.0,up_trend,38.0,0,,,0,0,51,price_volume_up_oi_down_short_5d,0.018203972534357227,-0.00565509133498987,73110.87518584466,73376.56403667609,-0.0036208952315978093,503311.6,555134.2,-0.09335148149762706,-12654.0,-0.018203972534357227,0,0,1,0.018203972534357227,0,1.0,0
2025-10-14,72587.02824994612,72817.30063893492,74436.75727402422,72543.75059932348,435820.0,31894815480.0,665639.0,-0.4235181674716767,0.04,up_trend,1.0,48.0,up_trend,38.0,0,,,0,0,51,price_volume_up_oi_down_short_5d,0.04332797728037069,0.004119777094183652,72906.2064349247,73434.26976057177,-0.007190965844268593,459040.8,579761.4,-0.20822462481979664,-30147.0,-0.04332797728037069,0,0,1,0.04332797728037069,0,1.0,0
2025-10-15,73067.43555965202,72976.96043622174,73865.9818364928,72832.54135014435,358650.0,26237018920.0,673419.0,-0.6300207387847092,0.04,up_trend,1.0,48.0,up_trend,38.0,0,,,0,0,51,price_volume_up_oi_down_short_5d,0.004332082992656158,0.0021926080187797403,72934.48093051146,73278.02808361119,-0.004688269623027264,444290.2,532169.0,-0.16513325654068534,-2930.0,-0.004332082992656158,0,0,1,0.004332082992656158,0,1.0,0
2025-10-16,73095.43371227075,74995.10715339353,75053.88695063797,73031.24766298755,507153.0,37500137060.0,681313.0,-0.2952090855517831,0.0311623469343203,up_trend,1.0,48.0,up_trend,38.0,0,,,0,0,51,price_volume_up_oi_down_short_5d,0.0,0.027654573513452352,73247.77607384736,73388.25082570822,-0.0019141313531846338,436315.6,548049.2,-0.20387512653973405,3405.0,0.0050228054544274444,0,0,0,0.0,0,1.0,0
2025-10-17,75060.94155251276,75753.86116644893,76830.50495073886,74886.42864203273,755131.0,57266505700.0,705766.0,0.0676075063376109,0.0311623469343203,up_trend,1.0,48.0,up_trend,38.0,0,,,0,0,51,price_volume_up_oi_down_short_5d,0.008625635974394807,0.010117380211264404,73812.35396244391,73181.1202588923,0.008625635974394807,498242.8,543067.4,-0.08253966266433965,24070.0,0.03530899403839835,1,0,0,0.008625635974394807,0,1.0,0
2025-10-20,76508.5044800564,75863.93064959011,76657.56991177541,75619.3038260488,400577.0,30467891720.0,706153.0,-0.5669259201909042,0.0311623469343203,up_trend,1.0,48.0,up_trend,38.0,0,,,0,0,51,price_volume_up_oi_down_short_5d,0.018746278437910657,0.0014529884212679534,74481.43200891784,73110.87518584466,0.018746278437910657,491466.2,503311.6,-0.02353492349470976,23684.0,0.03470340777383295,1,0,0,0.018746278437910657,0,1.0,0
2025-10-21,75799.73084965374,75890.41507819353,76256.60988975276,75287.90779764816,347988.0,26357308660.0,701145.0,-0.7005467165842276,0.0311623469343203,up_trend,1.0,48.0,up_trend,38.0,0,,,0,0,51,price_volume_up_oi_down_short_5d,0.06240618806882625,0.0003491043553458528,75096.05489676955,72906.2064349247,0.0300365163533709,473899.8,459040.8,0.03236967171545535,35506.0,0.05334122549910687,1,1,0,0.06240618806882625,0,1.0,0
2025-10-22,75987.18252116714,77060.78790431879,77385.851122628,75612.40556535861,563416.0,43192986220.0,743009.0,-0.2766899036545154,0.0296812565449455,up_trend,1.0,48.0,up_trend,38.0,0,,,0,0,51,price_volume_up_oi_down_short_5d,0.19965724068465796,0.015421879362754298,75912.82039038898,72934.48093051146,0.04083582171120326,514853.0,444290.2,0.1588214189734547,69590.0,0.10333833764714093,1,1,0,0.19965724068465796,0,1.0,0
2025-10-23,77168.343357716,79720.24378879322,79738.82389870785,77038.45516159448,699824.0,54853905300.0,815542.0,-0.1530240480222876,0.0299841984451932,up_trend,1.0,48.0,up_trend,38.0,0,,,0,0,51,price_volume_up_oi_down_short_5d,0.3176043716151091,0.03451114317409387,76857.84771746892,73247.77607384736,0.04928575087360931,553387.2,436315.6,0.2683186207414998,134229.0,0.1970151751104118,1,1,0,0.3176043716151091,0,1.0,0
2025-10-24,79445.50729018818,79399.00301292715,80746.89789944637,78746.40648979953,864433.0,68979370980.0,812167.0,0.0623678166338737,0.0332902975556482,up_trend,1.0,48.0,up_trend,38.0,0,,,0,0,51,price_volume_up_oi_down_short_5d,0.20568948627915606,-0.004029601022259133,77586.87608676456,73812.35396244391,0.05113672605863706,575247.6,498242.8,0.154552760220519,106401.0,0.1507596002074342,1,1,0,0.20568948627915606,0,1.0,0
2025-10-27,79849.18173558591,81770.0015767604,81917.71339149898,79464.7064607086,697443.0,56483493000.0,862528.0,-0.2124468222205771,0.0332902975556482,up_trend,1.0,48.0,up_trend,38.0,1,38.0,up_trend,1,0,51,price_volume_up_oi_down_short_5d,0.34883404321908906,0.029861817829717863,78768.09027219862,74481.43200891784,0.05755338139534616,634620.8,491466.2,0.2912806618237429,156375.0,0.22144634378102196,1,1,0,0.34883404321908906,0,1.0,0
2025-10-28,81517.20006143051,81468.53358311905,83367.60776617832,81050.7707452753,937954.0,77075457040.0,862606.0,0.0837428673871411,0.04,up_trend,1.0,48.0,up_trend,38.0,1,38.0,up_trend,1,0,51,price_volume_up_oi_down_short_5d,0.6518827701666483,-0.0036867798438081634,79883.71397318372,75096.05489676955,0.06375380281954235,752614.0,473899.8,0.588128967347106,161461.0,0.230281896041475,1,1,0,0.6518827701666483,0,1.0,0
2025-10-29,82052.35734934374,82742.55279509487,83084.4122148352,81181.9337122539,834935.0,68745920580.0,875981.0,-0.0479905236940014,0.04,up_trend,1.0,48.0,up_trend,38.0,1,38.0,up_trend,1,0,51,price_volume_up_oi_down_short_5d,0.6345558255878274,0.01563817532907974,81020.06695133893,75912.82039038898,0.06727778700205622,806917.8,514853.0,0.5672780385857712,132972.0,0.178964184821449,1,1,0,0.6345558255878274,0,1.0,0
2025-10-30,82898.36299823949,83298.19290610154,84825.80145309381,82125.81992434026,1037085.0,86676699720.0,912869.0,0.1275767848062199,0.04,up_trend,1.0,48.0,up_trend,38.0,1,38.0,up_trend,1,0,51,price_volume_up_oi_down_short_5d,0.643498266793251,0.006715288472941561,81735.65677480059,76857.84771746892,0.06346533505937613,874370.0,553387.2,0.5800329317338748,97327.0,0.11934026696356534,1,1,0,0.643498266793251,0,1.0,0
2025-10-31,83648.61237951665,80702.71595711434,84346.29972383427,80201.29936025204,1119094.0,92101375820.0,883092.0,0.2368453229214352,0.04,up_trend,1.0,48.0,no_trend,,1,38.0,up_trend,1,0,51,price_volume_up_oi_down_short_5d,0.6653619363755181,-0.031158862616779248,81996.39936363805,77586.87608676456,0.056833365374092004,925302.2,575247.6,0.6085285710014261,70925.0,0.08732809877771444,1,1,0,0.6653619363755181,0,1.0,0
2025-11-03,81151.1231462815,82198.87581014527,82752.20293625066,81008.98268696341,745234.0,61183535140.0,904776.0,-0.1939891362290626,0.04,up_trend,1.0,48.0,no_trend,,1,38.0,up_trend,1,0,51,price_volume_up_oi_down_short_5d,0.5151747275484884,0.018539151195679615,82082.17421031502,78768.09027219862,0.04207394043278101,934860.4,634620.8,0.47310078711570736,42248.0,0.04898159827854864,1,1,0,0.5151747275484884,0,1.0,0
2025-11-04,82519.24713724997,78692.84692417741,82807.97489575723,77659.92559185383,1232964.0,98034986460.0,826917.0,0.3994719784277493,0.04,down_trend,-1.0,49.0,up_trend,39.0,0,,,0,0,51,price_volume_up_oi_down_short_5d,0.3824922235152031,-0.0426530028715445,81527.03687852668,79883.71397318372,0.02057143845233078,993862.4,752614.0,0.32054731907724276,-35689.0,-0.04137346598562959,1,1,1,0.3824922235152031,1,-1.0,0
2025-11-05,78640.6837239459,79192.40572818888,79927.33356274104,78172.88566899083,657037.0,51938392260.0,827766.0,-0.2309901722587907,0.04,down_trend,-1.0,49.0,up_trend,39.0,0,,,0,0,51,price_volume_up_oi_down_short_5d,0.24262531100057105,0.006348211095893008,80817.00746514549,81020.06695133893,-0.002506286329230001,958282.8,806917.8,0.18758416284781432,-48215.0,-0.055041148152756736,0,1,1,0.24262531100057105,0,-1.0,0
2025-11-06,79512.30010349808,80510.1420147731,80919.95461318741,78748.63193195593,705444.0,56274716040.0,853714.0,-0.1907688512717061,0.04,down_trend,-1.0,49.0,up_trend,39.0,0,,,0,0,51,price_volume_up_oi_down_short_5d,0.08491235847679018,0.016639679960059217,80259.3972868798,81735.65677480059,-0.018061388947888446,891954.6,874370.0,0.02011116575362837,-59155.0,-0.06480119272316182,0,1,1,0.08491235847679018,0,-1.0,0
2025-11-07,79816.97242700114,82428.04396778831,82519.56510920623,79131.24424953933,1067704.0,86833850220.0,909484.0,0.1603884218280704,0.04,up_trend,1.0,50.0,up_trend,39.0,0,,,0,0,51,price_volume_up_oi_down_short_5d,0.0,0.023821867717775058,80604.4628890146,81996.39936363805,-0.016975580457508688,881676.6,925302.2,-0.04714740762531422,26392.0,0.0298859009027372,0,0,0,0.0,0,-1.0,0
2025-11-10,82676.24205545326,87263.16601087779,87297.18637175424,82478.09376893354,1306577.0,111623894660.0,986598.0,0.2809033576792054,0.04,up_trend,1.0,50.0,up_trend,39.0,0,,,0,0,51,price_volume_up_oi_down_short_5d,0.06320173578857324,0.05865870170325738,81617.3209291611,82082.17421031502,-0.005663267154240481,993945.2,934860.4,0.06320173578857324,81822.0,0.09043343324756625,0,1,0,0.06320173578857324,0,-1.0,0
2025-11-11,87647.56146791585,86597.97612100946,88245.24309499348,85857.79435856937,1125244.0,97691480080.0,992253.0,0.1257770649202156,0.04,up_trend,1.0,50.0,up_trend,39.0,0,,,0,0,51,price_volume_up_oi_down_short_5d,0.020500069105799046,-0.007622802612793245,83198.3467685275,81527.03687852668,0.020500069105799046,972401.2,993862.4,-0.021593733699956874,165336.0,0.19994267864852217,1,0,0,0.020500069105799046,0,1.0,0
2025-11-12,86882.0017364286,86625.2703334333,88196.19575903086,85421.89596911056,1413311.0,122495650300.0,1003409.0,0.3425319760326358,0.04,up_trend,1.0,50.0,up_trend,39.0,0,,,0,0,51,price_volume_up_oi_down_short_5d,0.22043256574463488,0.0003151830290548663,84684.91968957639,80817.00746514549,0.04786012679446272,1123656.0,958282.8,0.17257243895017216,175643.0,0.2121891935643648,1,1,0,0.22043256574463488,0,1.0,0
2025-11-13,86435.64090827676,87885.28761296567,89815.72455717275,86300.67557563333,1389104.0,122735384160.0,1037262.0,0.292074385762664,0.04,up_trend,1.0,50.0,up_trend,39.0,0,,,0,0,51,price_volume_up_oi_down_short_5d,0.4865814646036808,0.014545608627625217,86159.9488092149,80259.3972868798,0.07351851274492027,1260388.0,891954.6,0.4130629518587605,183548.0,0.21499940261024184,1,1,0,0.4865814646036808,0,1.0,0
2025-11-14,87640.59150818801,87524.8517046308,88414.31705904912,86789.63741368843,939478.0,82124244420.0,1024914.0,-0.0870395837451496,0.04,up_trend,1.0,50.0,up_trend,39.0,1,39.0,up_trend,1,0,51,price_volume_up_oi_down_short_5d,0.4820179185905962,-0.004101208724743288,87179.3103565834,80604.4628890146,0.08156927336172193,1234742.8,881676.6,0.40044864522887424,115430.0,0.12691812060465055,1,1,0,0.4820179185905962,0,1.0,0
2025-11-17,88075.61295069334,95362.68556890875,95363.03628799404,87872.3234839058,1850222.0,171736636900.0,1118668.0,0.5031669400595563,0.04,up_trend,1.0,50.0,up_trend,39.0,1,39.0,up_trend,1,0,51,price_volume_up_oi_down_short_5d,0.4396505260214405,0.0895498102724952,88799.2142681896,81617.3209291611,0.08799472044986567,1343471.8,993945.2,0.35165580557157483,132070.0,0.13386404594373796,1,1,0,0.4396505260214405,0,1.0,0
2025-11-18,95987.51633451723,93815.03801262262,97073.0766345479,93058.68765676089,1998474.0,189281684120.0,1022292.0,0.6703367240686223,0.04,up_trend,1.0,50.0,up_trend,39.0,1,39.0,up_trend,1,0,51,price_volume_up_oi_down_short_5d,0.6458736976601416,-0.016229068498367805,90242.62664651223,83198.3467685275,0.08466850786810909,1518117.8,972401.2,0.5612051897920325,30039.0,0.030273529029390688,1,1,0,0.6458736976601416,0,1.0,0
2025-11-19,93904.93402428048,99785.99208447618,100360.31266527312,93829.16801206728,2425955.0,238463478400.0,1093042.0,0.7972606264922603,0.04,up_trend,1.0,50.0,up_trend,39.0,1,39.0,up_trend,1,0,51,price_volume_up_oi_down_short_5d,0.6280027070948591,0.06364602305069877,92874.7709967208,84684.91968957639,0.09670967791155016,1720646.6,1123656.0,0.5312930291833089,89633.0,0.08932847921435826,1,1,0,0.6280027070948591,0,1.0,0
2025-11-20,99712.76361093718,99487.06486152818,102960.57210973871,98277.25509880828,2503762.0,251179898600.0,1077295.0,0.8433411311226615,0.04,up_trend,1.0,50.0,no_trend,,1,39.0,up_trend,1,0,51,price_volume_up_oi_down_short_5d,0.6469126977357298,-0.002995683228713464,95195.1264464333,86159.9488092149,0.1048651695142615,1943578.2,1260388.0,0.5420475282214683,40033.0,0.03859487766832295,1,1,0,0.6469126977357298,0,1.0,0
2025-11-21,95243.787035506,91473.83576451118,96545.82633711142,91466.69468483004,2106084.0,197017225480.0,998213.0,0.7466188975454795,0.04,down_trend,-1.0,51.0,no_trend,,1,39.0,up_trend,1,0,51,price_volume_up_oi_down_short_5d,0.890096454368168,-0.08054543681804538,95984.92325840938,87179.3103565834,0.10100576462246602,2176899.4,1234742.8,0.7630387478266727,-26701.0,-0.026051941919029303,1,1,1,0.890096454368168,1,-1.0,1
2025-11-24,91422.30929616808,91310.30934205856,93560.78229623068,90743.56703305389,971940.0,89390422140.0,977397.0,-0.0055988413035321,0.04,down_trend,-1.0,51.0,no_trend,,0,,,0,0,51,price_volume_up_oi_down_short_5d,0.6876843315641766,-0.0017876852007562283,95174.44801303933,88799.2142681896,0.0717938080577536,2001243.0,1343471.8,0.4896055131190695,-141271.0,-0.12628501038735354,1,1,1,0.6876843315641766,1,-1.0,0
2025-11-25,91784.2692629965,96559.5923121724,96758.7893974076,91571.97955918236,1264789.0,119095703640.0,1033634.0,0.2018245616060854,0.04,up_trend,1.0,52.0,down_trend,40.0,0,,,0,0,51,price_volume_up_oi_down_short_5d,0.2823157062621968,0.05748839323771682,95723.3588729493,90242.62664651223,0.060733296781193546,1854506.0,1518117.8,0.22158240948100327,11342.0,0.011094677450278393,1,1,0,0.2823157062621968,0,-1.0,0
2025-11-26,96939.3153038987,95686.16019824593,99060.80615547638,94666.29471466424,1354151.0,131201263500.0,1055255.0,0.2493922458071137,0.04,up_trend,1.0,52.0,down_trend,40.0,0,,,0,0,51,price_volume_up_oi_down_short_5d,0.05641303870333328,-0.009045524043874598,94903.39249570326,92874.7709967208,0.02184254644411543,1640145.2,1720646.6,-0.04678555143165375,-37787.0,-0.03457049225921785,1,0,1,0.05641303870333328,0,-1.0,0
2025-11-27,95885.84905214592,95245.89217620356,97876.90625824616,94877.20522677424,1092456.0,105500093340.0,1066017.0,0.0244990994933621,0.04,up_trend,1.0,52.0,down_trend,40.0,0,,,0,0,51,price_volume_up_oi_down_short_5d,0.010468813092049995,-0.004601167202552658,94055.15795863833,95195.1264464333,-0.011975071942747384,1357884.0,1943578.2,-0.3013484098555952,-11278.0,-0.010468813092049995,0,0,1,0.010468813092049995,0,-1.0,0
2025-11-28,94231.2558839615,95819.86815120305,96896.36948594336,93419.24025260718,841418.0,80778102080.0,1070772.0,-0.2410465987862632,0.04,up_trend,1.0,52.0,down_trend,40.0,0,,,0,0,51,price_volume_up_oi_down_short_5d,0.0,0.006026254381004126,94924.36443597669,95984.92325840938,-0.011049223007424502,1104950.8,2176899.4,-0.4924199069557371,72559.0,0.07268889505546411,0,0,0,0.0,0,-1.0,0
2025-12-01,96305.60685863173,96392.8420646492,97826.513392808,95312.46495751526,778250.0,75413399420.0,1078188.0,-0.3259893239733702,0.04,up_trend,1.0,52.0,down_trend,40.0,0,,,0,0,51,price_volume_up_oi_down_short_5d,0.008052822826463801,0.0059796984122542085,95940.87098049483,95174.44801303933,0.008052822826463801,1066212.8,2001243.0,-0.4672247198366215,100791.0,0.10312186348024395,1,0,0,0.008052822826463801,0,1.0,0
2025-12-02,96295.80925291964,96029.9968753506,96691.71560266276,94627.6404407954,600263.0,57689691460.0,1078521.0,-0.585978044618334,0.04,up_trend,1.0,52.0,down_trend,40.0,1,40.0,down_trend,0,1,51,price_volume_up_oi_down_short_5d,0.0011657867159600155,-0.003764233749382062,95834.95189313046,95723.3588729493,0.0011657867159600155,933307.6,1854506.0,-0.49673519524876164,44887.0,0.04342639657751196,1,0,0,0.0011657867159600155,0,1.0,0
2025-12-03,95825.3310298964,93184.9829012468,97012.8317608656,92123.7651278772,874952.0,82790143280.0,1062943.0,-0.1946277273691737,0.04,up_trend,1.0,52.0,down_trend,40.0,1,40.0,down_trend,0,1,51,price_volume_up_oi_down_short_5d,0.004544873757246437,-0.029626304974233242,95334.71643373063,94903.39249570326,0.004544873757246437,837467.8,1640145.2,-0.4893941097410156,7688.0,0.007285442855044516,1,0,0,0.004544873757246437,0,1.0,0
2025-12-04,93375.82543688171,93290.9207135939,94118.91389618372,91215.7044982764,878929.0,81820810260.0,1045917.0,-0.1739451707556575,0.04,up_trend,1.0,52.0,down_trend,40.0,1,40.0,down_trend,0,1,51,price_volume_up_oi_down_short_5d,0.028302500937375033,0.0011368549850931942,94943.72214120871,94055.15795863833,0.009447266921407182,794762.4,1357884.0,-0.4147052325530015,-20100.0,-0.01885523401596785,1,0,1,0.028302500937375033,0,1.0,0
2025-12-05,93034.53546790572,91762.80919857872,93458.76203456812,91699.91084232244,635658.0,59054278680.0,1052293.0,-0.5040661887699388,0.04,down_trend,-1.0,53.0,up_trend,41.0,1,40.0,down_trend,0,1,51,price_volume_up_oi_down_short_5d,0.01725764214977605,-0.016380066820291583,94132.31035068384,94924.36443597669,-0.008344054658665279,753610.4,1104950.8,-0.3179692706679791,-18479.0,-0.01725764214977605,0,0,1,0.01725764214977605,0,1.0,0
2025-12-08,91728.0864359336,94412.5482067781,95010.31294088792,90866.27026331754,797660.0,74711403600.0,1053690.0,-0.2783711266978205,0.04,down_trend,-1.0,53.0,up_trend,41.0,1,40.0,down_trend,0,1,51,price_volume_up_oi_down_short_5d,0.02272145488541887,0.028875957823667253,93736.25157910962,95940.87098049483,-0.022978938786509584,757492.4,1066212.8,-0.28954857791990496,-24498.0,-0.02272145488541887,0,0,1,0.02272145488541887,0,1.0,0
2025-12-09,94169.64400943472,92396.22369720136,94346.34559332224,91932.0936839109,658380.0,61468541620.0,1022990.0,-0.4407027185020209,0.04,down_trend,-1.0,53.0,up_trend,41.0,1,40.0,down_trend,0,1,51,price_volume_up_oi_down_short_5d,0.05148810268877472,-0.021356530968327125,93009.49694347978,95834.95189313046,-0.029482510230729453,769115.8,933307.6,-0.17592463620782683,-55531.0,-0.05148810268877472,0,0,1,0.05148810268877472,0,1.0,0
2025-12-10,92509.38216747611,95566.96369037496,96377.8973389726,92485.6714515118,786721.0,74649888500.0,1040523.0,-0.279605075583625,0.04,up_trend,1.0,54.0,up_trend,41.0,0,,,0,0,51,price_volume_up_oi_down_short_5d,0.021092382187944226,0.034316770386251694,93485.89310130542,95334.71643373063,-0.01939297038461707,751469.6,837467.8,-0.10268836604822307,-22420.0,-0.021092382187944226,0,0,1,0.021092382187944226,0,1.0,0
2025-12-11,95648.02809816114,98510.09342365916,99134.08583303752,95109.51829529372,916030.0,89519434520.0,1063114.0,-0.1489085010122777,0.04,up_trend,1.0,54.0,up_trend,41.0,0,,,0,0,51,price_volume_up_oi_down_short_5d,0.0,0.030796518165205677,94529.72764331845,94943.72214120871,-0.004360419926180414,758889.8,794762.4,-0.04513625707507041,17197.0,0.016442031251045732,0,0,0,0.0,0,1.0,0
2025-12-12,99217.16743064365,97397.64133122387,101239.12585898608,97307.12771298915,933571.0,92904970440.0,1055570.0,-0.1228191664329722,0.04,up_trend,1.0,54.0,up_trend,41.0,0,,,0,0,51,price_volume_up_oi_down_short_5d,0.10226239915236546,-0.01129277268727169,95656.6940698475,94132.31035068384,0.016194054023370485,818472.4,753610.4,0.08606834512899497,3277.0,0.0031141516668836532,1,1,0,0.10226239915236546,0,1.0,0
2025-12-15,97619.1259919536,100757.24435037804,100889.7477027956,97049.20803316263,850720.0,84432867100.0,1079143.0,-0.2378394368412476,0.04,up_trend,1.0,54.0,up_trend,41.0,0,,,0,0,51,price_volume_up_oi_down_short_5d,0.12853690077015423,0.03449367944885884,96925.63329856747,93736.25157910962,0.03402506144344941,829084.4,757492.4,0.09451183932670482,25453.0,0.024156061080583473,1,1,0,0.12853690077015423,0,1.0,0
2025-12-16,101100.82794813174,100362.44145363112,101922.11573169942,99600.43815307198,747122.0,75366376300.0,1084952.0,-0.3730625336206029,0.04,up_trend,1.0,54.0,up_trend,41.0,0,,,0,0,51,price_volume_up_oi_down_short_5d,0.16028179777048424,-0.003918357427223906,98518.87684985343,93009.49694347978,0.05923459525559638,846832.8,769115.8,0.10104720251488786,61962.0,0.06056950703330433,1,1,0,0.16028179777048424,0,1.0,0
2025-12-17,101295.32898209298,108400.26703020018,109587.2668483119,101193.02767984728,1496124.0,159942972260.0,1078305.0,0.3274873999941869,0.04,up_trend,1.0,54.0,up_trend,41.0,0,,,0,0,51,price_volume_up_oi_down_short_5d,0.39699833481660374,0.08008798371333614,101085.53751781848,93485.89310130542,0.0812918844159487,988713.4,751469.6,0.31570645040065504,37782.0,0.036310586118711456,1,1,0,0.39699833481660374,0,1.0,0
2025-12-18,107477.65326172506,106093.20558115456,109766.5623877292,104632.588919606,1311248.0,140650578460.0,1066231.0,0.2068493552607957,0.04,up_trend,1.0,54.0,up_trend,41.0,0,,,0,0,51,price_volume_up_oi_down_short_5d,0.4923944504719622,-0.02128280226840107,102602.15994931755,94529.72764331845,0.08539570045582034,1067757.0,758889.8,0.40699875001614183,3117.0,0.00293195273507827,1,1,0,0.4923944504719622,0,1.0,0
2025-12-19,105974.6308897307,111306.9801743984,113395.26791912231,105640.0232253666,1201502.0,132184460240.0,1052074.0,0.132808986731991,0.04,up_trend,1.0,54.0,up_trend,41.0,0,,,0,0,51,price_volume_up_oi_down_short_5d,0.4750460000107039,0.04914334112805774,105384.02771795246,95656.6940698475,0.10169004629202605,1121343.2,818472.4,0.37004399904016294,-3496.0,-0.0033119546785149254,1,1,1,0.4750460000107039,1,-1.0,0
2025-12-22,109222.42648131136,114367.91199111343,116426.00999874924,108990.26848739096,1348497.0,153719491540.0,1078482.0,0.2234361420402812,0.04,up_trend,1.0,54.0,up_trend,41.0,0,,,0,0,51,price_volume_up_oi_down_short_5d,0.5885507609649494,0.027499908917833382,108106.16124609954,96925.63329856747,0.11535161099326352,1220898.6,829084.4,0.47258662688623754,-661.0,-0.0006125230854483604,1,1,1,0.5885507609649494,1,-1.0,0
2025-12-23,113910.09381126772,120307.89126146983,120413.14911482352,113729.33259349682,983944.0,115965242780.0,1084473.0,-0.0972804488277718,0.04,up_trend,1.0,54.0,up_trend,41.0,1,41.0,up_trend,1,0,51,price_volume_up_oi_down_short_5d,0.6359008513071152,0.05193746363768481,112095.25120766726,98518.87684985343,0.13780480240862603,1268263.0,846832.8,0.49765455471257125,-479.0,-0.00044149418591790234,1,1,1,0.6359008513071152,1,-1.0,1
2025-12-24,121896.86342590456,124702.76002600374,127879.23811572068,118201.52250483094,1341782.0,165156216120.0,1075229.0,0.2214649190915442,0.04,up_trend,1.0,54.0,up_trend,41.0,1,41.0,up_trend,1,0,51,price_volume_up_oi_down_short_5d,0.3955423040057349,0.036530178681150494,115355.74980682798,101085.53751781848,0.14116967312454642,1237394.6,988713.4,0.25152000569629185,-3076.0,-0.0028526251848966667,1,1,1,0.3955423040057349,1,-1.0,1
2025-12-25,119346.05829343847,123776.4832185734,124737.15428842993,116316.19579867784,1532681.0,185602954340.0,1072674.0,0.3568638930981281,0.04,up_trend,1.0,54.0,up_trend,41.0,1,41.0,up_trend,1,0,51,price_volume_up_oi_down_short_5d,0.35912012213295164,-0.007427877356020018,118892.40533431177,102602.15994931755,0.15877097902267479,1281681.2,1067757.0,0.20034914311027685,6443.0,0.006042780598200578,1,1,0,0.35912012213295164,0,-1.0,0
2025-12-26,125082.85493410258,130537.55436496645,131339.3934854317,124608.84961145816,730772.0,94597773880.0,1040008.0,-0.3528821748199254,0.04,up_trend,1.0,54.0,up_trend,41.0,1,41.0,up_trend,1,0,51,price_volume_up_oi_down_short_5d,0.23517656606517864,0.05462322866657843,122738.52017242536,105384.02771795246,0.16467858393987456,1187535.2,1121343.2,0.059029207115181226,-12066.0,-0.011468775010122861,1,1,1,0.23517656606517864,1,-1.0,1
2025-12-29,129894.09173548224,119352.66209023353,134765.28588708013,117774.392540601,1160073.0,147343876560.0,945569.0,0.2044513504583084,0.04,down_trend,-1.0,55.0,up_trend,42.0,1,41.0,up_trend,1,0,51,price_volume_up_oi_down_short_5d,0.26781452570769543,-0.08568332943837276,123735.47019224937,108106.16124609954,0.1445737113037462,1149850.4,1220898.6,-0.05819336675461839,-132913.0,-0.12324081440394925,1,0,1,0.26781452570769543,0,-1.0,0
2025-12-30,117716.60495666892,121834.2382644608,124243.64990879135,116072.38905368248,762832.0,92155893780.0,945781.0,-0.2149732176400139,0.04,down_trend,-1.0,55.0,up_trend,42.0,1,41.0,up_trend,1,0,51,price_volume_up_oi_down_short_5d,0.2344543624338076,0.020791963335942576,124040.73959284757,112095.25120766726,0.10656551688394145,1105628.0,1268263.0,-0.1282344434868793,-138692.0,-0.12788884554986615,1,0,1,0.2344543624338076,0,-1.0,0
2025-12-31,123305.32261163506,121962.10617464282,124553.43911456253,117910.11908198302,684725.0,82909697340.0,914644.0,-0.2895176207278666,0.04,down_trend,-1.0,55.0,up_trend,42.0,0,,,0,0,51,price_volume_up_oi_down_short_5d,0.21988667136511647,0.0010495236150651621,123492.60882257539,115355.74980682798,0.0705370909501537,974216.6,1237394.6,-0.2126872058436331,-160585.0,-0.14934958041496277,1,0,1,0.21988667136511647,0,-1.0,0
2026-01-05,124961.46400001748,130229.31378172876,130525.3864522402,123189.80880435582,589309.0,74757225040.0,957057.0,-0.4849122867235071,0.04,up_trend,1.0,56.0,up_trend,42.0,0,,,0,0,51,price_volume_up_oi_down_short_5d,0.1573309758518711,0.06778505116374234,124783.17493520647,118892.40533431177,0.04954706387115748,785542.2,1281681.2,-0.3871001618811293,-115617.0,-0.10778391198071362,1,0,1,0.1573309758518711,0,-1.0,0
2026-01-06,132404.52118275614,138166.55286437558,138166.55286437558,132114.8643626361,535575.0,73066226880.0,996465.0,-0.6208730800024855,0.04,up_trend,1.0,56.0,up_trend,42.0,0,,,0,0,51,price_volume_up_oi_down_short_5d,0.07095787311665946,0.06094817558472321,126308.9746350883,122738.52017242536,0.02908992594702231,746502.8,1187535.2,-0.37138469663888696,-43543.0,-0.041867947169637154,1,0,1,0.07095787311665946,0,1.0,0
2026-01-07,143453.24648336467,142526.30217623973,147179.02169968942,138321.86876242165,737125.0,104620710600.0,964232.0,-0.2685744452353813,0.04,up_trend,1.0,56.0,up_trend,42.0,1,42.0,up_trend,1,0,51,price_volume_up_oi_down_short_5d,0.05825518300322963,0.03155430327731823,130943.70265228953,123735.47019224937,0.05825518300322963,661913.2,1149850.4,-0.424348419585713,18663.0,0.019737322183785638,1,0,0,0.05825518300322963,0,1.0,0
2026-01-08,141588.204143394,145184.63443672733,148776.7318751191,137239.57490175896,1144860.0,164726973720.0,989432.0,0.1459065966656745,0.04,up_trend,1.0,56.0,up_trend,42.0,1,42.0,up_trend,1,0,51,price_volume_up_oi_down_short_5d,0.09330033287355999,0.01865152059582975,135613.78188674283,124040.73959284757,0.09330033287355999,738318.8,1105628.0,-0.3322177079451678,43651.0,0.04615339068981086,1,0,0,0.09330033287355999,0,1.0,0
2026-01-09,142981.7139322871,143679.74584338462,147240.573449574,139564.8883535551,905641.0,129983523780.0,1001115.0,-0.1002266775556375,0.04,up_trend,1.0,56.0,up_trend,42.0,1,42.0,up_trend,1,0,51,price_volume_up_oi_down_short_5d,0.13332539619088446,-0.010365343406905425,139957.30982049118,123492.60882257539,0.13332539619088446,782502.0,974216.6,-0.1967884759918893,86471.0,0.09454060814918154,1,0,0,0.13332539619088446,0,1.0,0
2026-01-13,167529.52447989667,167443.3787281536,174245.3442661524,162100.64820844898,1181972.0,198744669720.0,901351.0,0.2710447601278082,0.04,up_trend,1.0,56.0,up_trend,42.0,1,42.0,up_trend,1,0,51,price_volume_up_oi_down_short_5d,0.3864780268135271,0.16539306041557222,147400.12280977616,124783.17493520647,0.18124997930461006,901034.6,785542.2,0.14702252787946968,-55706.0,-0.05820551962944736,1,1,1,0.3864780268135271,1,-1.0,1
2026-01-14,169286.22532991966,162417.9492236421,173730.33239279574,155678.99591627813,1086844.0,180440296160.0,886318.0,0.2039575598740982,0.04,up_trend,1.0,56.0,no_trend,,1,42.0,up_trend,1,0,51,price_volume_up_oi_down_short_5d,0.6706198810777921,-0.03001270962568392,152250.40208162944,126308.9746350883,0.20538071440677075,1011288.4,746502.8,0.35470141572141456,-110147.0,-0.11053775094960686,1,1,1,0.6706198810777921,1,-1.0,1
2026-01-15,164843.24689602604,163539.22487832644,165652.40719086834,156026.33602988205,651211.0,104820906280.0,874882.0,-0.2952553136831591,0.04,up_trend,1.0,56.0,no_trend,,1,42.0,up_trend,1,0,51,price_volume_up_oi_down_short_5d,0.7893425119350531,0.006903643716990926,156452.98662204682,130943.70265228953,0.19481107875416614,994105.6,661913.2,0.5018670121701758,-89350.0,-0.09266442101071111,1,1,1,0.7893425119350531,1,-1.0,1
2026-01-16,163259.50143627636,146675.0696779114,166082.76646742094,146667.58671908715,879068.0,134955608860.0,826015.0,0.0622493221676986,0.04,down_trend,-1.0,57.0,up_trend,43.0,0,,,0,0,51,price_volume_up_oi_down_short_5d,0.5954720011744683,-0.10311994087633714,156751.07367028363,135613.78188674283,0.15586389148260382,940947.2,738318.8,0.27444567306155543,-163417.0,-0.1651624366303091,1,1,1,0.5954720011744683,1,-1.0,0
2026-01-19,147848.58743901053,147638.95940083844,151447.76571205552,142576.95000708665,461663.0,68114153180.0,824352.0,-0.5797624354746617,0.04,down_trend,-1.0,57.0,up_trend,43.0,0,,,0,0,51,price_volume_up_oi_down_short_5d,0.3912247645599588,0.00657159887528036,157542.9163817744,139957.30982049118,0.12564978980975328,852151.6,782502.0,0.08900884598378012,-176763.0,-0.17656612876642544,1,1,1,0.3912247645599588,1,-1.0,0
2026-01-20,149784.71908237043,160827.26077906342,160945.70356553965,149430.5962560442,614256.0,95626796320.0,832076.0,-0.3035120034398991,0.04,up_trend,1.0,58.0,up_trend,43.0,1,43.0,up_trend,1,0,51,price_volume_up_oi_down_short_5d,0.13669106209082799,0.08932805698270241,156219.69279195636,147400.12280977616,0.0598342105424301,738608.4,901034.6,-0.18026632939511977,-69275.0,-0.0768568515483979,1,0,1,0.13669106209082799,0,-1.0,0
2026-01-21,160784.93201680097,167131.02281302467,169253.4073182845,158625.4844528606,492964.0,81233648700.0,848112.0,-0.542576553478346,0.04,up_trend,1.0,58.0,up_trend,43.0,1,43.0,up_trend,1,0,51,price_volume_up_oi_down_short_5d,0.07536844397342223,0.03919585525131253,157162.30750983287,152250.40208162944,0.03226201941699891,619832.4,1011288.4,-0.3870864137272809,-38206.0,-0.043106424556423314,1,0,1,0.07536844397342223,0,-1.0,0
2026-01-22,165802.19210941365,169161.99374638853,174292.69963255274,163343.16106023866,598961.0,101430017740.0,858384.0,-0.3598550643321824,0.04,up_trend,1.0,58.0,up_trend,43.0,1,43.0,up_trend,1,0,51,price_volume_up_oi_down_short_5d,0.03057897037053947,0.012151968552457149,158286.8612834453,156452.98662204682,0.011721570172569917,609382.4,994105.6,-0.3870043584906875,-16498.0,-0.018857400197969554,1,0,1,0.03057897037053947,0,-1.0,0
2026-01-23,174027.3386399998,182015.7536821401,182435.0616783925,172886.18933524424,446404.0,79242603580.0,859215.0,-0.6547948101023359,0.04,up_trend,1.0,58.0,up_trend,43.0,1,43.0,up_trend,1,0,51,price_volume_up_oi_down_short_5d,0.05488909397906405,0.07598491629876514,165354.99808429103,156751.07367028363,0.05488909397906405,522849.6,940947.2,-0.44433694047870065,33200.0,0.0401929747038492,1,0,0,0.05488909397906405,0,-1.0,0
2026-01-26,189012.67495352027,166009.76492428427,189805.9036851058,163906.17968304048,813960.0,144252262980.0,805315.0,0.0106777195191791,0.04,down_trend,-1.0,59.0,no_trend,,1,43.0,up_trend,1,0,51,price_volume_up_oi_down_short_5d,0.09600194949161625,-0.08793738143022267,169029.15918898018,157542.9163817744,0.07290865924667234,593309.0,852151.6,-0.3037518206854273,-19037.0,-0.023093290244943908,1,0,1,0.09600194949161625,0,1.0,0
2026-01-27,166771.38958332816,179713.01714470427,180577.384689,164696.24224795157,508892.0,88110626940.0,804330.0,-0.4577738194390783,0.04,up_trend,1.0,60.0,down_trend,44.0,1,43.0,up_trend,1,0,51,price_volume_up_oi_down_short_5d,0.13952045914085134,0.08254485648280951,172806.31046210835,156219.69279195636,0.10617494743278622,572236.2,738608.4,-0.2252508907291063,-27746.0,-0.03334551170806513,1,0,1,0.13952045914085134,0,1.0,0
2026-01-28,181681.2570152848,166500.5262425135,182807.94406337017,164450.48044351736,633772.0,108079812700.0,782909.0,-0.2113272012620097,0.04,down_trend,-1.0,61.0,down_trend,44.0,1,44.0,down_trend,0,1,51,price_volume_up_oi_down_short_5d,0.17561825077106924,-0.07351994369752368,172680.2111480061,157162.30750983287,0.09873807456792627,600397.8,619832.4,-0.031354604889967,-65203.0,-0.07688017620314298,1,0,1,0.17561825077106924,0,1.0,0
2026-01-29,169078.1713269379,165121.7396866089,173909.5462173779,158884.62115414251,677465.0,112858343260.0,770794.0,-0.1290632614867201,0.04,down_trend,-1.0,61.0,down_trend,44.0,1,44.0,down_trend,0,1,51,price_volume_up_oi_down_short_5d,0.19888898080801976,-0.008280974162786503,171872.1603360502,158286.8612834453,0.0858270796606273,616098.6,609382.4,0.011021322571836523,-87590.0,-0.10204057857555593,1,1,1,0.19888898080801976,1,-1.0,0
2026-01-30,162177.9665723384,148314.44471031165,165436.7114079239,148234.0419816623,761224.0,117181276660.0,723001.0,0.0515170588057652,0.04,down_trend,-1.0,61.0,down_trend,44.0,1,44.0,down_trend,0,1,51,price_volume_up_oi_down_short_5d,0.45730542255864337,-0.10178729347326687,165131.89854168455,165354.99808429103,-0.0013492155979025755,679062.6,522849.6,0.2987723429452753,-136214.0,-0.15853307961336802,0,1,1,0.45730542255864337,0,-1.0,0
2026-02-02,146611.9975591876,133342.39018163507,152923.71124070973,133279.75999786763,870563.0,123220088300.0,683128.0,0.2424578782854278,0.04,down_trend,-1.0,61.0,down_trend,44.0,1,44.0,down_trend,0,1,51,price_volume_up_oi_down_short_5d,0.3153406345298801,-0.10094805369713022,158598.4235931547,169029.15918898018,-0.06170968160684964,690383.2,593309.0,0.163614912296965,-122187.0,-0.15172572223291508,0,1,1,0.3153406345298801,0,-1.0,0
2026-02-03,140083.5003928415,148148.53656549432,151731.06539756153,137654.8810307466,791263.0,115021061760.0,687342.0,0.1407984180765988,0.04,up_trend,1.0,62.0,no_trend,,1,44.0,down_trend,0,1,51,price_volume_up_oi_down_short_5d,0.4506035720161806,0.1110385554338027,152285.5274773127,172806.31046210835,-0.11875019453815205,746857.4,572236.2,0.3051558080387087,-116988.0,-0.14544776397747194,0,1,1,0.4506035720161806,0,-1.0,0
2026-02-04,149852.4826789671,147213.1328400901,152235.86704221772,145874.2966882114,396616.0,58978507460.0,688369.0,-0.5513564731785336,0.04,up_trend,1.0,62.0,no_trend,,1,44.0,down_trend,0,1,51,price_volume_up_oi_down_short_5d,0.28569275427352897,-0.006313958592433888,148428.048796828,172680.2111480061,-0.14044552175345282,699426.2,600397.8,0.16493797945295596,-94540.0,-0.12075477482057302,0,1,1,0.28569275427352897,0,-1.0,0
2026-02-05,146079.26498018863,132814.57151833372,147103.08571048957,132350.24869672625,698763.0,95464292220.0,642968.0,0.0832166726666991,0.04,down_trend,-1.0,63.0,up_trend,45.0,0,,,0,0,51,price_volume_up_oi_down_short_5d,0.3080010439568822,-0.09780758716273497,141966.61516317297,171872.1603360502,-0.17399877393991503,703685.8,616098.6,0.142164257474372,-127826.0,-0.16583678648251024,0,1,1,0.3080010439568822,0,1.0,0
2026-02-06,128872.18888818256,132968.39444268707,138472.1392905837,124326.09498077138,780535.0,103187676500.0,638582.0,0.2007294887742793,0.04,down_trend,-1.0,63.0,up_trend,45.0,0,,,0,0,51,price_volume_up_oi_down_short_5d,0.15871006169084134,0.0011581780718399326,138897.40510964804,165131.89854168455,-0.15886993163476582,707548.0,679062.6,0.04194812083598776,-84419.0,-0.11676194085485359,0,1,1,0.15871006169084134,0,1.0,0
2026-02-09,137671.6131462591,137044.41469712753,140451.77236548223,135080.8982642363,397732.0,54585040800.0,644017.0,-0.4819467116344778,0.04,down_trend,-1.0,63.0,up_trend,45.0,0,,,0,0,51,price_volume_up_oi_down_short_5d,0.05725281352835779,0.03065405332992377,139637.81001274654,158598.4235931547,-0.11955108475130216,612981.8,690383.2,-0.11211367831662167,-39111.0,-0.05725281352835779,0,0,1,0.05725281352835779,0,1.0,0
2026-02-10,136286.6540049033,137370.01178127245,140917.14186807943,133164.57548955714,358144.0,49286272680.0,643394.0,-0.5858221491400354,0.04,down_trend,-1.0,63.0,up_trend,45.0,0,,,0,0,51,price_volume_up_oi_down_short_5d,0.06393905799441908,0.002375850813508107,137482.10505590218,152285.5274773127,-0.09720833401989493,526358.0,746857.4,-0.2952362793754203,-43948.0,-0.06393905799441908,0,0,1,0.06393905799441908,0,1.0,0
2026-02-11,137789.5558698112,150305.970077088,150442.2455473616,137788.78216959556,430482.0,62068460300.0,657690.0,-0.4238281845442276,0.04,up_trend,1.0,64.0,up_trend,45.0,0,,,0,0,51,price_volume_up_oi_down_short_5d,0.04456766646958245,0.09416872087346717,138100.67250330176,148428.048796828,-0.06957833359153431,533131.2,699426.2,-0.23775918031094634,-30679.0,-0.04456766646958245,0,0,1,0.04456766646958245,0,1.0,0
2026-02-12,149868.37963609432,149360.96852418713,152375.48914805488,146659.14019162883,380835.0,56894279700.0,654026.0,-0.540780895560369,0.04,up_trend,1.0,64.0,up_trend,45.0,0,,,0,0,51,price_volume_up_oi_down_short_5d,0.0,-0.006287185747952617,141409.95190447243,141966.61516317297,-0.003921085658489032,469545.6,703685.8,-0.33273401282219994,11058.0,0.017198367570392305,0,0,0,0.0,0,1.0,0
2026-02-13,143198.076486226,152753.48003580244,153089.02055302792,142458.40507370504,368356.0,54683264240.0,641298.0,-0.5544443856328745,0.04,up_trend,1.0,64.0,up_trend,45.0,0,,,0,0,51,price_volume_up_oi_down_short_5d,0.046578004163146725,0.022713507719829273,145366.9690230955,138897.40510964804,0.046578004163146725,387109.8,707548.0,-0.4528854579477294,2716.0,0.004253173437397233,1,0,0,0.046578004163146725,0,1.0,0
2026-02-24,159276.3508291665,164441.36907815718,165922.183969908,157494.00578616775,293988.0,47334809600.0,674410.0,-0.830299284393825,0.04,up_trend,1.0,64.0,up_trend,45.0,1,45.0,up_trend,1,0,51,price_volume_up_oi_down_short_5d,0.08026873155294956,0.0765147153414465,150846.35989930146,139637.81001274654,0.08026873155294956,366361.0,612981.8,-0.4023297265922088,30393.0,0.047192853604796144,1,0,0,0.08026873155294956,0,1.0,0
2026-02-25,164771.61681544766,166719.06548834938,171527.6011697946,164231.5750142474,414106.0,69555274220.0,697605.0,-0.5215310602999198,0.04,up_trend,1.0,64.0,up_trend,45.0,1,45.0,up_trend,1,0,51,price_volume_up_oi_down_short_5d,0.1399023209383783,0.013851115585820972,156716.17064071685,137482.10505590218,0.1399023209383783,377553.4,526358.0,-0.2827060669734287,54211.0,0.08425785754918448,1,0,0,0.1399023209383783,0,1.0,0
2026-02-26,185715.14689842824,173825.49544508551,187330.43087909432,171291.77446296302,533300.0,94539711960.0,700562.0,-0.2727987524623073,0.04,up_trend,1.0,64.0,up_trend,45.0,1,45.0,up_trend,1,0,51,price_volume_up_oi_down_short_5d,0.16885799893883258,0.04262517868559401,161420.07571431634,138100.67250330176,0.16885799893883258,398117.0,533131.2,-0.2532476058426143,42872.0,0.0651857257978683,1,0,0,0.16885799893883258,0,1.0,0
2026-02-27,173579.22646686368,176159.30346692898,177021.516112161,168423.840914602,366879.0,63732728580.0,711725.0,-0.662659507429595,0.04,up_trend,1.0,64.0,up_trend,45.0,1,45.0,up_trend,1,0,51,price_volume_up_oi_down_short_5d,0.17940597855185247,0.013426154867947737,166779.7427028647,141409.95190447243,0.17940597855185247,395325.8,469545.6,-0.15806728888525412,57699.0,0.08822126337485055,1,0,0,0.17940597855185247,0,1.0,0
2026-03-02,178253.9286523041,172306.22544204665,179245.2808772253,169942.87373975292,296037.0,51372492620.0,707561.0,-0.871339398369802,0.04,up_trend,1.0,64.0,no_trend,,1,45.0,up_trend,1,0,51,price_volume_up_oi_down_short_5d,0.1742027293490227,-0.021872691075925377,170690.29178411356,145366.9690230955,0.1742027293490227,380862.0,387109.8,-0.01613960690222771,66263.0,0.10332637868822295,1,0,0,0.1742027293490227,0,1.0,0
2026-03-03,170437.26325620883,151111.41966204415,170696.74635237182,151102.2323009018,581706.0,91716559800.0,646830.0,-0.1061183433578977,0.04,down_trend,-1.0,65.0,up_trend,46.0,1,45.0,up_trend,1,0,51,price_volume_up_oi_down_short_5d,0.3514212846005994,-0.12300661642159383,168024.30190089095,150846.35989930146,0.11387707342130593,438405.6,366361.0,0.19664920665682195,-27580.0,-0.040895004522471495,1,1,1,0.3514212846005994,1,-1.0,1
2026-03-04,149758.67677938045,153158.99257623355,155373.21249173625,146040.9119029409,395579.0,59839809900.0,637547.0,-0.4772774853887859,0.04,down_trend,-1.0,65.0,up_trend,46.0,0,,,0,0,51,price_volume_up_oi_down_short_5d,0.29230403779707526,0.013550087205644212,165312.28731846777,156716.17064071685,0.05485149772743059,434700.2,377553.4,0.15136084061221533,-60058.0,-0.08609169945742935,1,1,1,0.29230403779707526,1,-1.0,0
2026-03-05,156216.6102573956,155753.50580089225,160902.90755044247,149068.68268861662,385826.0,60011531640.0,628524.0,-0.4879877228265748,0.04,down_trend,-1.0,65.0,up_trend,46.0,1,46.0,up_trend,1,0,51,price_volume_up_oi_down_short_5d,0.12235474809602634,0.016939999284516727,161697.8893896291,161420.07571431634,0.0017210602465855818,405205.4,398117.0,0.017804816172130256,-72038.0,-0.1028288716773105,1,1,1,0.12235474809602634,1,-1.0,1
2026-03-06,154927.31991833428,156224.18158616606,160675.9840093019,151360.2072328128,289829.0,45348979280.0,628484.0,-0.774019476374786,0.04,down_trend,-1.0,65.0,up_trend,46.0,1,46.0,up_trend,1,0,51,price_volume_up_oi_down_short_5d,0.1169566897326917,0.003021927390035817,157710.86501347652,166779.7427028647,-0.05437637414722074,389795.4,395325.8,-0.01398947399840833,-83241.0,-0.1169566897326917,0,0,1,0.1169566897326917,0,-1.0,0
2026-03-09,149591.16569525393,161052.2058880024,164966.5509483187,142154.9490176933,511798.0,80087531180.0,624728.0,-0.1993863390678192,0.04,up_trend,1.0,66.0,up_trend,46.0,1,46.0,up_trend,1,0,51,price_volume_up_oi_down_short_5d,0.2538254973367534,0.030904462118583442,155460.06110266768,170690.29178411356,-0.08922728130729807,432947.6,380862.0,0.1367571456328014,-82833.0,-0.11706835170395202,0,1,1,0.2538254973367534,0,-1.0,0
2026-03-10,160928.49066619054,162775.55999529533,166456.0313688956,159491.53860823432,288901.0,47217621240.0,629166.0,-0.7783110639803302,0.04,up_trend,1.0,66.0,up_trend,46.0,1,46.0,up_trend,1,0,51,price_volume_up_oi_down_short_5d,0.027308566393024442,0.010700593002068937,157792.8891693179,168024.30190089095,-0.06089245791128495,374386.6,438405.6,-0.14602687556910765,-17664.0,-0.027308566393024442,0,0,1,0.027308566393024442,0,-1.0,0
2026-03-11,163146.78709587298,155068.5139548409,166943.14634073238,154997.39712019634,344842.0,55081265780.0,625876.0,-0.5960659272958511,0.04,down_trend,-1.0,67.0,no_trend,,1,46.0,up_trend,1,0,51,price_volume_up_oi_down_short_5d,0.018306101354096247,-0.04734768561494862,158174.79344503937,165312.28731846777,-0.04317582188962332,364239.2,434700.2,-0.1620910227324487,-11671.0,-0.018306101354096247,0,0,1,0.018306101354096247,0,-1.0,0
2026-03-12,155924.10426182527,156904.13267108024,159365.41006135978,152840.81831153805,274541.0,42869667520.0,622924.0,-0.819323908703489,0.04,down_trend,-1.0,67.0,no_trend,,1,46.0,up_trend,1,0,51,price_volume_up_oi_down_short_5d,0.00890976319122261,0.011837468931790385,158404.918819077,161697.8893896291,-0.02036495703798169,341982.2,405205.4,-0.15602753566462835,-5600.0,-0.00890976319122261,0,0,1,0.00890976319122261,0,1.0,0
2026-03-13,156381.79463058806,151920.0499496449,162673.48434004476,149911.8657299485,357448.0,56023244360.0,616621.0,-0.5452646755990004,0.04,down_trend,-1.0,67.0,no_trend,,0,,,0,0,51,price_volume_up_oi_down_short_5d,0.018875579967031778,-0.031765146249420506,157544.09249177275,157710.86501347652,-0.0010574574027573114,355506.0,389795.4,-0.087967687663836,-11863.0,-0.018875579967031778,0,0,1,0.018875579967031778,0,1.0,0
2026-03-16,151490.81645475328,159427.7361593808,159668.77716736504,149150.3891590934,303557.0,46963168740.0,618343.0,-0.7114739179125248,0.04,up_trend,1.0,68.0,no_trend,,0,,,0,0,51,price_volume_up_oi_down_short_5d,0.02153613526662909,0.049418666016923796,157219.19854604843,155460.06110266768,0.011315687327686064,313857.8,432947.6,-0.27506746774898394,-6385.0,-0.010220447938943028,1,0,1,0.02153613526662909,0,1.0,0
2026-03-17,159687.86880114616,155185.8311259772,160339.31538322533,154172.083730815,228181.0,35835292780.0,620652.0,-1.0006313647212044,0.04,up_trend,1.0,68.0,no_trend,,0,,,0,0,51,price_volume_up_oi_down_short_5d,0.013532199769218298,-0.026607070611370576,155701.2527721848,157792.8891693179,-0.013255580832218006,301713.8,374386.6,-0.194111648226726,-8514.0,-0.013532199769218298,0,0,1,0.013532199769218298,0,1.0,0
2026-03-18,155011.86747899678,149994.04411610722,156486.50645170605,149522.86849893213,270448.0,41152950360.0,620771.0,-0.8308824106525322,0.04,down_trend,-1.0,69.0,no_trend,,0,,,0,0,51,price_volume_up_oi_down_short_5d,0.008156567754635103,-0.0334552901653461,154686.3588044381,158174.79344503937,-0.02205430185570878,286835.0,364239.2,-0.2125092521617663,-5105.0,-0.008156567754635103,0,0,1,0.008156567754635103,0,1.0,0
2026-03-19,147464.04049447447,142430.6882440164,149893.15344970583,139935.99507667744,398468.0,57855559440.0,595501.0,-0.4017758741783431,0.04,down_trend,-1.0,69.0,up_trend,47.0,0,,,0,0,51,price_volume_up_oi_down_short_5d,0.044023026886104884,-0.05042437462540972,151791.6699190253,158404.918819077,-0.041749012274076236,311620.4,341982.2,-0.08878181379030836,-27423.0,-0.044023026886104884,0,0,1,0.044023026886104884,0,1.0,0
2026-03-20,144162.219686469,143660.4268451198,150772.4305419667,143431.96904873938,340930.0,50249847420.0,596235.0,-0.5589577070347908,0.04,down_trend,-1.0,69.0,up_trend,47.0,0,,,0,0,51,price_volume_up_oi_down_short_5d,0.03306082666662342,0.008633944104774471,150139.74529812028,157544.09249177275,-0.046998570854309474,308316.8,355506.0,-0.13273812537622431,-20386.0,-0.03306082666662342,0,0,1,0.03306082666662342,0,1.0,0
2026-03-23,141537.9306622685,148815.72265010673,149245.78876989603,139985.10435523014,307973.0,44377186220.0,594527.0,-0.6577540146224342,0.04,up_trend,1.0,70.0,up_trend,47.0,0,,,0,0,51,price_volume_up_oi_down_short_5d,0.038515839914092985,0.03588528809360181,148017.3425962655,157219.19854604843,-0.05852883130610653,309200.0,313857.8,-0.014840478713608496,-23816.0,-0.038515839914092985,0,0,1,0.038515839914092985,0,1.0,0
2026-03-24,151664.1965311115,152727.3263218168,154407.7316207157,150024.87258602862,310003.0,47253613660.0,593785.0,-0.6499353261282232,0.04,up_trend,1.0,70.0,up_trend,47.0,0,,,0,0,51,price_volume_up_oi_down_short_5d,0.12233875973211811,0.02628488174537158,147525.6416354334,155701.2527721848,-0.05250831956190871,325564.4,301713.8,0.07905041135009405,-26867.0,-0.04328834838202406,0,1,1,0.12233875973211811,0,1.0,0
2026-03-25,156569.4466419088,158945.7324509358,161239.94664621435,154469.19860358298,332725.0,52646176840.0,595801.0,-0.5825903957207291,0.04,up_trend,1.0,70.0,up_trend,47.0,1,47.0,up_trend,1,0,51,price_volume_up_oi_down_short_5d,0.21867101510435594,0.04071574012901902,149315.9793023991,154686.3588044381,-0.03471786099011154,338019.8,286835.0,0.1784468422612302,-24970.0,-0.040224172843125724,0,1,1,0.21867101510435594,0,1.0,0
2026-03-26,159733.27686372347,157454.56882734704,162278.96627191833,155345.86062828792,376997.0,59846180600.0,608944.0,-0.4794890796022106,0.04,up_trend,1.0,70.0,up_trend,47.0,1,47.0,up_trend,1,0,51,price_volume_up_oi_down_short_5d,0.07442190883873856,-0.009381589556354042,152320.75541906522,151791.6699190253,0.0034856029999681404,333725.6,311620.4,0.07093630583877042,13443.0,0.022574269396692867,1,1,0,0.07442190883873856,0,1.0,0
2026-03-27,156598.25564027982,168724.35994949972,170621.2081408003,156356.11914681754,492105.0,80958616920.0,643957.0,-0.2689398453319991,0.04,up_trend,1.0,70.0,up_trend,47.0,1,47.0,up_trend,1,0,51,price_volume_up_oi_down_short_5d,0.2283900623617503,0.07157487525503492,157333.5420399412,150139.74529812028,0.04791400656459621,363960.6,308316.8,0.1804760557971541,47722.0,0.08003891083213834,1,1,0,0.2283900623617503,0,1.0,0
2026-03-30,169696.46016140867,172017.1987204765,173718.36349713017,168477.77743779297,312665.0,53550594240.0,656807.0,-0.7422578859823927,0.04,up_trend,1.0,70.0,down_trend,48.0,1,47.0,up_trend,1,0,51,price_volume_up_oi_down_short_5d,0.27442865931704463,0.019516083936915507,161973.83725401518,148017.3425962655,0.09428959075300836,364899.0,309200.0,0.18013906856403628,62280.0,0.10475554516447529,1,1,0,0.27442865931704463,0,1.0,0
2026-03-31,170060.6132286076,157514.20618042158,172350.57774880054,157386.54038812095,495446.0,80843893120.0,637141.0,-0.2515326141525883,0.04,down_trend,-1.0,71.0,down_trend,48.0,1,47.0,up_trend,1,0,51,price_volume_up_oi_down_short_5d,0.3391670529647346,-0.08431129356792932,162931.2132257361,147525.6416354334,0.104426399502624,401987.6,325564.4,0.2347406534621106,43356.0,0.07301632745859192,1,1,0,0.3391670529647346,0,1.0,0
2026-04-01,160921.0658526414,158636.02933433265,163638.74428842083,154462.48114040072,376936.0,60048397280.0,632433.0,-0.5174988743733379,0.04,down_trend,-1.0,71.0,down_trend,48.0,1,47.0,up_trend,1,0,51,price_volume_up_oi_down_short_5d,0.3061707917677199,0.007122044297554364,162869.2726024155,149315.9793023991,0.0907692087835279,410829.8,338019.8,0.21540158298419199,36632.0,0.061483616173856705,1,1,0,0.3061707917677199,0,1.0,0
2026-04-02,158806.12338358673,159586.32301378658,162996.28811345517,155630.84601356223,344114.0,54875769980.0,629162.0,-0.6034157773860938,0.04,down_trend,-1.0,71.0,down_trend,48.0,0,,,0,0,51,price_volume_up_oi_down_short_5d,0.28338513663950615,0.005990402580306364,163295.62343970343,152320.75541906522,0.07205103461077345,404253.2,333725.6,0.2113341020287327,20218.0,0.03320173940460863,1,1,0,0.28338513663950615,0,1.0,0
2026-04-03,160584.66022744038,157304.77507906873,162275.11786499372,156753.96734346784,236790.0,37574705040.0,623508.0,-0.9681879234432618,0.04,down_trend,-1.0,71.0,down_trend,48.0,1,48.0,down_trend,0,1,51,price_volume_up_oi_down_short_5d,0.05513335860325051,-0.014296638280968166,161011.70646561723,157333.5420399412,0.02337813271083844,353190.2,363960.6,-0.029592214102295622,-20449.0,-0.03175522589241207,1,0,1,0.05513335860325051,0,1.0,0
2026-04-07,157959.5501557473,160101.29900385477,164685.84820173986,155974.04713307845,301691.0,48536934600.0,630129.0,-0.7365212455673245,0.04,down_trend,-1.0,71.0,down_trend,48.0,1,48.0,down_trend,0,1,51,price_volume_up_oi_down_short_5d,0.0406177157064404,0.01777774338624094,158628.52652229287,161973.83725401518,-0.020653401737195543,350995.4,364899.0,-0.03810259825321516,-26678.0,-0.0406177157064404,0,0,1,0.0406177157064404,0,1.0,0
2026-04-08,160044.03966719308,158974.50245753967,163738.15751146045,156652.59340593935,373332.0,59518001360.0,628881.0,-0.5214739454266376,0.04,down_trend,-1.0,71.0,down_trend,48.0,1,48.0,down_trend,0,1,51,price_volume_up_oi_down_short_5d,0.01296416334845819,-0.007038022510285624,158920.58577771648,162931.2132257361,-0.024615464211041216,326572.6,401987.6,-0.18760528931738196,-8260.0,-0.01296416334845819,0,0,1,0.01296416334845819,0,1.0,0
2026-04-09,158571.9411654249,152942.5090462755,159027.98044576278,152039.57604787394,392723.0,60746406860.0,627330.0,-0.4683681892158458,0.04,down_trend,-1.0,71.0,up_trend,49.0,1,48.0,down_trend,0,1,51,price_volume_up_oi_down_short_5d,0.008068838912580463,-0.03794315011537941,157781.88172010504,162869.2726024155,-0.031236038578801972,329730.0,410829.8,-0.19740486206209962,-5103.0,-0.008068838912580463,0,0,1,0.008068838912580463,0,1.0,0
2026-04-10,155232.32212888284,156580.24321692667,157863.1662904343,153194.708031876,324678.0,50466820180.0,615171.0,-0.639066355975902,0.04,down_trend,-1.0,71.0,up_trend,49.0,1,48.0,down_trend,0,1,51,price_volume_up_oi_down_short_5d,0.02223751593389302,0.02378497772356103,157180.66576073304,163295.62343970343,-0.037447162086547414,325842.8,404253.2,-0.19396358519858348,-13991.0,-0.02223751593389302,0,0,1,0.02223751593389302,0,1.0,0
2026-04-13,154303.892335648,165253.6425236836,165390.58274667565,153719.00941008504,397002.0,63745428340.0,644328.0,-0.4842665947589002,0.04,up_trend,1.0,72.0,up_trend,49.0,1,48.0,down_trend,0,1,51,price_volume_up_oi_down_short_5d,0.01329312081705547,0.05539267999948616,158770.43924965602,161011.70646561723,-0.013919902255304706,357885.2,353190.2,0.01329312081705547,20820.0,0.033391712696549204,0,1,0,0.01329312081705547,0,1.0,0
2026-04-14,165983.1761545691,165726.01561415734,167081.4200408998,163216.73165876398,276982.0,45800074500.0,655687.0,-0.8617310188065685,0.04,up_trend,1.0,72.0,up_trend,49.0,0,,,0,0,51,price_volume_up_oi_down_short_5d,0.013536236890986597,0.002858473091786884,159895.38257171656,158628.52652229287,0.00798630660700006,352943.4,350995.4,0.005549930283986537,25558.0,0.04055994883587329,1,1,0,0.013536236890986597,0,1.0,0
2026-04-15,167077.78175155286,167597.8893141183,170808.32832713582,164276.77295724204,329817.0,55403032760.0,668920.0,-0.7071265163241406,0.04,up_trend,1.0,72.0,up_trend,49.0,1,49.0,up_trend,1,0,51,price_volume_up_oi_down_short_5d,0.07108698975844585,0.011294990065525035,161620.05994303228,158920.58577771648,0.016986308929741734,344240.4,326572.6,0.05410068082870412,40039.0,0.06366705306727345,1,1,0,0.07108698975844585,0,1.0,0
2026-04-16,169629.33685383084,174808.15542584294,174935.78738880777,168213.98640022162,369147.0,63430620540.0,715428.0,-0.6616860263078379,0.04,up_trend,1.0,72.0,up_trend,49.0,1,49.0,up_trend,1,0,51,price_volume_up_oi_down_short_5d,0.08174887431754518,0.04302122264923569,165993.18921894574,157781.88172010504,0.052042144568962945,339525.2,329730.0,0.02970672974858224,88098.0,0.1404332647888671,1,1,0,0.08174887431754518,0,1.0,0
2026-04-17,176081.26271729355,176407.07757473504,176871.40194916277,172658.4679381805,283560.0,49558346840.0,726667.0,-0.9410445848436996,0.04,up_trend,1.0,72.0,up_trend,49.0,1,49.0,up_trend,1,0,51,price_volume_up_oi_down_short_5d,0.09804715177417433,0.009146725134173694,169958.55609050742,157180.66576073304,0.0812942881233587,331301.6,325842.8,0.01675286365081563,111496.0,0.18124391429374923,1,1,0,0.09804715177417433,0,1.0,0
2026-04-20,176018.37904311743,179142.06795832145,180299.912828801,173714.6767278717,282626.0,50471755940.0,747723.0,-0.9729081196838788,0.04,up_trend,1.0,72.0,up_trend,49.0,1,49.0,up_trend,1,0,51,price_volume_up_oi_down_short_5d,0.08796223020973493,0.015503858582021524,172736.241177435,158770.43924965602,0.08796223020973493,308426.4,357885.2,-0.1381973884362918,103395.0,0.16046951242224458,1,0,0,0.08796223020973493,0,1.0,0
2026-04-21,179671.46512674808,173314.40311129903,179882.41679590603,168779.77690634457,422101.0,73533806760.0,718928.0,-0.5325165917322422,0.04,up_trend,1.0,72.0,no_trend,,1,49.0,up_trend,1,0,51,price_volume_up_oi_down_short_5d,0.08979956690560909,-0.032530967814763945,174253.91867686337,159895.38257171656,0.08979956690560909,337450.2,352943.4,-0.043897123448122355,63241.0,0.09644998299493508,1,0,0,0.08979956690560909,0,1.0,0
2026-04-22,172811.93867514384,174334.01330315473,175443.89901861927,171204.05253402764,244314.0,42414421380.0,721483.0,-1.082854532700782,0.04,up_trend,1.0,72.0,no_trend,,1,49.0,up_trend,1,0,51,price_volume_up_oi_down_short_5d,0.08650586775284208,0.00588300899147387,175601.14347467065,161620.05994303228,0.08650586775284208,320349.6,344240.4,-0.06940149964966358,52563.0,0.07857890330682293,1,0,0,0.08650586775284208,0,1.0,0
2026-04-23,174861.7085481412,177035.88377416777,177828.43740772433,171469.10507122605,295453.0,51762398940.0,725140.0,-0.8978549679183783,0.04,up_trend,1.0,72.0,no_trend,,0,,,0,0,51,price_volume_up_oi_down_short_5d,0.06056573750221328,0.015498240531609087,176046.68914433563,165993.18921894574,0.06056573750221328,305610.8,339525.2,-0.09988772556499492,9712.0,0.013575090714928685,1,0,0,0.06056573750221328,0,1.0,0
2026-04-24,177148.59241122703,177063.7011234587,178971.0913872364,173703.23181841988,308174.0,54544212040.0,739235.0,-0.8749513091686485,0.04,up_trend,1.0,72.0,no_trend,,0,,,0,0,51,price_volume_up_oi_down_short_5d,0.03659396682718863,0.0001571283103622978,176178.01385408032,169958.55609050742,0.03659396682718863,310533.6,331301.6,-0.062686084220541,12568.0,0.01729540491036472,1,0,0,0.03659396682718863,0,1.0,0
