date,open,close,high,low,volume,total_turnover,open_interest,speculation
2018-01-02,55613.82794012001,55412.23288912307,55883.62496629107,55112.64680123779,187723.0,51834403750.0,371971.0,-0.6838484221979089
2018-01-03,55406.77803436197,54882.88638636866,55409.530804718845,54835.60689642022,171685.0,47141035350.0,366919.0,-0.7594797128381782
2018-01-04,54891.55082706235,55166.48867502227,55610.05543633282,54877.277490479166,188367.0,51900862150.0,369493.0,-0.6737396081247622
2018-01-05,55174.92919894123,54645.80407039207,55298.81875644295,54597.02321839718,168345.0,46114851200.0,360211.0,-0.760674525728906
2018-01-06,54656.80081080706,54687.526645506194,54716.70565909636,54628.23908472514,5614.0,1529662950.0,359160.0,-4.158504493712917
2018-01-08,54701.67187800185,54862.0709737602,55062.82202809421,54577.0763925403,155421.0,42427049050.0,356977.0,-0.8315337899951496
2018-01-09,54860.96386352365,54906.74394376454,55304.116396188496,54783.51836386973,170768.0,46819791300.0,357070.0,-0.7376259308185393
2018-01-10,54900.15683638606,55153.09291151541,55461.1973248712,54887.044257157024,139882.0,38429115600.0,351937.0,-0.922652972244378
2018-01-11,55163.61422710174,54633.15827746393,55365.11253000942,54437.51128644182,182352.0,50031199450.0,350669.0,-0.6539038734864236
2018-01-12,54636.395335576206,54634.50639626128,54969.8892355198,54557.69164744847,150686.0,41136756400.0,345358.0,-0.8293833586557814
2018-01-13,54634.52603444232,54590.18632693384,54637.84800669503,54563.79346311304,5295.0,1440622750.0,344663.0,-4.175804148992436
2018-01-15,54623.22888895981,54999.72333152296,55270.43542175897,54574.44242021623,166220.0,45555451650.0,344311.0,-0.7282331065910324
2018-01-16,54998.01535208732,53955.17105539709,55034.4060764218,53818.55292817944,234822.0,63700116200.0,333050.0,-0.3494648485313118
2018-01-17,53956.853744355845,53689.39564960002,54217.35515332096,53652.99758954214,181215.0,48720316200.0,329395.0,-0.5975734668751594
2018-01-18,53689.40032424752,53927.03794868054,54122.203546344346,53667.42689064406,163205.0,43876700450.0,329076.0,-0.7012816478121943
2018-01-19,53928.392329666334,53640.59542508879,54042.58200795228,53516.346368376384,197778.0,53036436600.0,329143.0,-0.5093471172433663
2018-01-20,53643.4146393331,53604.038161413286,53672.4994227591,53602.24067488264,7381.0,1973442650.0,328709.0,-3.7962637300976207
2018-01-22,53619.2454414113,53716.88678876047,54153.28700513632,53611.38717968216,169671.0,45589214200.0,332149.0,-0.671722395587461
2018-01-23,53718.26276989949,52943.978939963,54002.39501049446,52808.1940107963,259492.0,69103424850.0,352516.0,-0.30637013767879
2018-01-24,52947.13482636172,53629.83446854149,53754.03897192732,52777.18246485631,274810.0,72870537750.0,358965.0,-0.2671449409113294
2018-01-25,53631.50730459782,53708.90774859814,54416.31484498018,53623.72071376617,331989.0,89557661300.0,369512.0,-0.10708138034278908
2018-01-26,53708.70122596302,53441.59593451164,53860.7345235161,53383.69879594658,180436.0,48292427300.0,377716.0,-0.7387664462230913
2018-01-27,53443.05757529218,53493.14944006119,53523.89523827206,53432.00099559924,8266.0,2201308550.0,376559.0,-3.8189240253805297
2018-01-29,53587.71790496542,53755.20337810063,54038.282219609806,53535.805811153456,206040.0,55337582850.0,384358.0,-0.6235040852430503
2018-01-30,53747.801131560125,53321.356151071705,53814.39414069419,53111.634716701614,240451.0,63978190000.0,381779.0,-0.4623255805759641
2018-01-31,53321.38628100213,53447.81068015799,53661.11980060752,53177.44269711274,181381.0,48248967100.0,382073.0,-0.7450118985345906
2018-02-01,53453.77128469807,53350.51406106669,53571.05723667857,53138.27986682026,160018.0,42496582400.0,381550.0,-0.8689555948294657
2018-02-02,53346.5470805005,53180.38833947652,53964.158736475045,53049.3936773524,241450.0,64354275600.0,386878.0,-0.4714469855318935
2018-02-03,53179.20400196478,53250.67699847432,53273.61128019956,53135.67267002551,11483.0,3041950950.0,386057.0,-3.515117346162657
2018-02-05,53225.78962234327,53965.89160165096,54146.39839705695,53162.52704026369,213429.0,56937556550.0,386445.0,-0.5936853305172345
2018-02-06,53963.17047042384,53238.79853810988,53974.27141112675,52937.1679330057,279687.0,74170602600.0,387170.0,-0.32519275230382055
2018-02-07,53235.979777109125,52182.59740585879,53495.245192504815,52078.86496607775,323468.0,85029135450.0,398205.0,-0.20786675709075608
2018-02-08,52181.07765905352,52149.57013386756,52566.201854251325,51956.81792474883,258312.0,67225653950.0,397333.0,-0.4306065634005522
2018-02-09,52147.450314209,51179.98478755291,52221.607854096495,51161.91737080717,266282.0,68609696350.0,398358.0,-0.4027952008713517
2018-02-10,51182.31318850869,51273.38994714195,51330.66751337471,51145.71871519312,19173.0,4894912500.0,396723.0,-3.0297352648245015
2018-02-12,51360.8117926752,51824.96437923646,52081.782408803134,51357.79820145064,169871.0,43831715450.0,399065.0,-0.85408498542154
2018-02-13,51829.99802041727,52806.11229886631,52960.75737105619,51754.95544462656,188419.0,49273004900.0,401785.0,-0.7572489133637857
2018-02-14,52802.20121058868,53020.75374093328,53066.68847177195,52683.46367497275,87560.0,23058529550.0,396091.0,-1.5093197101801048
2018-02-22,53266.84856866901,53936.421396983096,54166.45621156599,52802.037004432255,269934.0,72292622000.0,412675.0,-0.42448287356108716
2018-02-23,53936.44289512012,53626.07116120496,54071.95489743571,53531.95160069712,173714.0,46525920700.0,407413.0,-0.8524171442220834
2018-02-24,53621.61975823772,53642.544196677365,53659.157508258526,53537.452858858414,7085.0,1889392300.0,407327.0,-4.051636429518406
2018-02-26,53653.34674459765,53624.78847312404,54085.710192307226,53509.98164935676,217528.0,58248814400.0,418292.0,-0.6538521753601818
2018-02-27,53624.78783271418,52943.866122238265,53755.7662708567,52940.05237776762,210891.0,56047444000.0,426135.0,-0.7034147851542192
2018-02-28,52944.504412779,52652.75585738382,53199.23964257082,52608.99001929945,212973.0,56124647050.0,428647.0,-0.6994683392721263
2018-03-01,52644.97304472174,52624.50624587563,52825.31272914344,52250.7419989148,214194.0,56056687850.0,431885.0,-0.7012772026850659
2018-03-02,52621.61163407319,52347.640950270405,52817.660552371504,52259.4992545902,184555.0,48348665350.0,435455.0,-0.8584439394096353
2018-03-03,52347.18090151079,52470.27981096722,52495.3852425789,52335.55673696975,14200.0,3708160850.0,433364.0,-3.418336056901049
2018-03-05,52537.03086744828,52388.10841024726,52561.609695563566,52002.99783282582,180202.0,46926593450.0,436527.0,-0.8847717851449961
2018-03-06,52391.26369586083,52908.277193609145,53050.45194369685,52368.656147138914,195249.0,51304713500.0,442319.0,-0.8177556741527109
2018-03-07,52910.94665714169,52459.36681416029,52953.6519330771,52216.25604233219,172420.0,45159233850.0,440471.0,-0.9379112481480558
2018-03-08,52463.99351946885,51766.93648189622,52535.43412157175,51678.71776489672,190352.0,49474603250.0,440709.0,-0.839509803961064
2018-03-09,51765.76913389472,52302.9789530738,52356.114995724136,51255.93415002426,279611.0,72072773150.0,437261.0,-0.4471309193121713
2018-03-10,52305.90610105298,52347.474354618,52493.115679695584,52271.4908720251,28790.0,7520359000.0,435556.0,-2.716595271231847
2018-03-12,52447.39436812497,52076.25184005734,52717.37053001278,51962.20440417333,228687.0,59578138000.0,440883.0,-0.6564252777371903
2018-03-13,52081.79949693923,52248.58946780214,52333.7461628102,51917.132448384255,168958.0,43856050150.0,440231.0,-0.957649425821397
2018-03-14,52248.59859068544,52466.5270016283,52941.36503705793,52091.10459608886,232428.0,60871139400.0,437881.0,-0.6333666843163489
2018-03-15,52465.666327197,52112.92036184079,52593.54963051546,51980.4718873397,161772.0,42118552600.0,427923.0,-0.9727553363576903
2018-03-16,52112.92715358693,51996.19426527107,52547.147903942576,51836.93461913542,195726.0,50892185600.0,432697.0,-0.7933219920064523
2018-03-17,51992.59158438149,51986.55082450363,52016.836503078826,51972.45389171093,6605.0,1709878650.0,431593.0,-4.179656076557128
2018-03-19,51926.35284716673,51588.748263761976,51964.34670928442,51420.009860278245,199349.0,51248854550.0,437728.0,-0.7865406553952362
2018-03-20,51587.15941697888,51050.81462233722,51754.63898230534,50880.66605084775,231309.0,59175864000.0,444881.0,-0.6540523516877051
2018-03-21,51052.8742135396,51284.17478146756,51428.16364703946,50623.28235273098,231156.0,58705742850.0,449590.0,-0.6652432490712208
2018-03-22,51283.909530101024,50570.794878344015,51669.81773125668,50398.76645496536,267686.0,68262782250.0,450245.0,-0.5199772272417307
2018-03-23,50574.0919640299,50051.55993830574,50712.17766011129,49908.16070104484,369643.0,92593837350.0,444774.0,-0.18502861299883905
2018-03-24,50054.95252613144,50067.05498976159,50253.5044085281,49999.20545353216,18683.0,4663459400.0,443428.0,-3.1669214241094714
2018-03-26,50076.65083660308,49426.14145690278,50227.810483925576,48948.81729645852,372289.0,91871468700.0,437476.0,-0.16135141277292758
2018-03-27,49423.2048204889,49868.382936890834,50105.57092618549,49340.25766077218,250299.0,62170026600.0,440459.0,-0.5651611617704522
2018-03-28,49870.92562910359,49837.07300154478,49932.54479464532,49464.59969200067,331299.0,82015772250.0,438251.0,-0.279770514712385
2018-03-29,49842.78951308127,50135.83580083179,50475.767033116186,49760.6136249734,328206.0,81945380950.0,444107.0,-0.302424064365017
2018-03-30,50137.247708281255,50754.86176302884,50865.48157991308,50096.81535925574,176683.0,44353099950.0,438450.0,-0.9088886137906177
2018-03-31,50748.03246791758,50671.38799502688,50796.09060655103,50657.34918363989,7675.0,1942208450.0,437552.0,-4.043227262404315
2018-04-02,50731.10003951966,50724.04827549611,50932.9032377087,50394.66007021295,189687.0,47820503600.0,433429.0,-0.8263526543103366
2018-04-03,50721.04086491874,50603.745641912414,50870.35406934429,50458.675421317566,215683.0,54481766400.0,427940.0,-0.6851732617160498
2018-04-04,50598.62208523874,50560.92724136784,50791.80761553132,50519.24920931484,114086.0,28807760900.0,420926.0,-1.3055044963078402
2018-04-09,50645.87324040767,50960.02322738386,51059.89566516914,50351.44935461398,273452.0,69167483200.0,433540.0,-0.46085796044938043
2018-04-10,50963.98903461224,51578.3301126172,51662.73526180886,50898.83306949245,248320.0,63590134200.0,432616.0,-0.5551322615082052
2018-04-11,51581.16231709854,51329.217211884585,51719.17518471195,51097.10313338629,249993.0,63987506450.0,423103.0,-0.5261827307529802
2018-04-12,51325.86028570619,50602.4764937572,51350.76992516028,50358.79431174513,261868.0,66210887350.0,424249.0,-0.4824799870019132
2018-04-13,50591.44015634245,50592.46139667319,50923.36499975086,50482.29775181448,191392.0,48354667400.0,424251.0,-0.7960015803501773
2018-04-14,50593.52937848713,50615.22336072344,50623.8771551419,50568.90360963196,4951.0,1247360750.0,423754.0,-4.449563521798845
2018-04-16,50565.028073453366,51153.02740929865,51253.96434900959,50307.63969892533,228240.0,57702658350.0,408511.0,-0.5821211348168445
2018-04-17,51153.970043229005,50915.00731026758,51184.79971149035,50699.10705327829,192664.0,48914684300.0,403542.0,-0.7393328324343946
2018-04-18,50915.003295750204,52044.47304919106,52532.09811254173,50885.676390993845,335681.0,86616520900.0,415238.0,-0.21269054559063735
2018-04-19,52046.773843956726,51806.00763268087,52334.493544856974,51594.13723698029,248495.0,64299603700.0,412437.0,-0.506660742228098
2018-04-20,51802.89212215843,51885.47507018308,51940.73415814531,51448.007404741096,201024.0,51776674150.0,404656.0,-0.6996130195444163
2018-04-21,51883.80714774695,51823.66691275932,51883.80714774695,51810.431347580285,4982.0,1284702700.0,403642.0,-4.39469692965438
2018-04-23,51837.8406985844,51741.42620395763,52318.19379985231,51168.01181539555,241525.0,62307351700.0,405496.0,-0.5181380217382597
2018-04-24,51741.43422954184,52047.47266579895,52353.80524083929,51635.937797211,207118.0,53623113700.0,397213.0,-0.6511839815804276
2018-04-25,52038.138067150525,52098.50866474544,52173.72649625011,51803.66400891456,210506.0,54465171300.0,390375.0,-0.6175936593240801
2018-04-26,52096.301876546495,51927.61920450538,52205.03412698412,51695.7805201501,214579.0,55461286650.0,388513.0,-0.5936486623501489
2018-04-27,51924.9730170699,51895.88265430214,52043.1777263474,51798.80031879065,127451.0,32906073250.0,386482.0,-1.1093533181392432
2018-05-02,51162.75540084377,51303.480149748175,51520.72642868824,51059.47059776279,199369.0,50943713400.0,394529.0,-0.682535269314888
2018-05-03,51302.94956315442,51230.17474276447,51672.66181758953,51166.89193615968,188286.0,48177180350.0,394580.0,-0.7398598246101526
2018-05-04,51228.30319127366,51421.7442499853,51636.58781494014,51210.56346130941,155134.0,39728635600.0,390999.0,-0.9244157428678912
2018-05-05,51430.94399873189,51494.26135970233,51551.96972602074,51420.66516476969,10512.0,2696206200.0,389953.0,-3.6135087572986713
2018-05-07,51499.38189845475,51609.13272638914,51778.68344810102,51286.72119724768,127768.0,32743769600.0,386856.0,-1.1078364114087313
2018-05-08,51606.561528221166,51061.58903894552,51625.41087104868,50648.57262345344,230873.0,58905178500.0,394962.0,-0.5369217819560975
2018-05-09,51059.71932995628,51192.2600465517,51281.68742643043,51044.329361159136,170209.0,43376643050.0,388815.0,-0.826076558381846
2018-05-10,51191.54331846776,51636.48975064381,51795.36800525294,51159.48766051621,232921.0,59691500450.0,386756.0,-0.5070946629514055
2018-05-11,51636.50093604874,51743.40378445623,51843.85890877868,51578.00188061953,138497.0,35624487650.0,381825.0,-1.014113723713531
2018-05-12,51742.69267035455,51679.90041692045,51763.63388979976,51677.407558127314,5409.0,1393849250.0,380888.0,-4.254441135767151
2018-05-14,51728.64440248831,51500.62633510507,51939.28573859546,51482.68935684621,175129.0,45091899150.0,376843.0,-0.7663058098628048
2018-05-15,51500.60605095711,51128.462889562,51569.34684768458,50934.40559038205,178843.0,45665449900.0,363806.0,-0.7101124325305308
2018-05-16,51122.01927066018,51208.29707410141,51419.2715329319,51023.855681058005,139856.0,35681037900.0,359035.0,-0.9428065549342213
2018-05-17,51210.09562194652,51536.260021503374,51595.63160123063,51209.39817122932,133042.0,34041851000.0,354363.0,-0.979656943630372
2018-05-18,51527.71590235643,51248.04114673784,51643.45355593474,51216.05512367097,160819.0,41237364400.0,360466.0,-0.8071181298550765
2018-05-19,51244.60285109793,51217.0105428805,51265.61738095897,51205.75438538133,13072.0,3334971550.0,359674.0,-3.3147255275138248
2018-05-21,51283.79065300896,51721.73833610482,51909.00717218238,51263.431024884485,169456.0,43597031550.0,359614.0,-0.7524379278851453
2018-05-22,51719.32002146656,52234.775370248375,52435.40694434482,51679.45372426533,201144.0,52198725650.0,362797.0,-0.5898223797233352
2018-05-23,52233.18138968213,51653.30528659737,52290.11999812202,51575.54491176933,179181.0,46299159400.0,361064.0,-0.7006587598043768
2018-05-24,51651.63744180185,51819.70917662812,51886.40173483,51569.15174969991,137073.0,35264305450.0,358465.0,-0.9613173956328384
2018-05-25,51823.93689825548,51797.33352713123,51942.6993878724,51591.99457111533,147745.0,38078326050.0,357761.0,-0.8843773509266762
2018-05-26,51805.25165557361,51712.69606909608,51814.221971257735,51705.37012557832,4380.0,1127487500.0,357068.0,-4.400877515443474
2018-05-28,51736.51127023348,51657.97176770386,51914.16623525704,51588.01826379038,115595.0,29768321500.0,357888.0,-1.1301273855834801
2018-05-29,51652.56674779324,51913.53096425718,52254.12045290696,51648.034743780685,215060.0,55686527350.0,358058.0,-0.5097779254891116
2018-05-30,51917.76138994629,51612.79557365906,51922.28678674065,51091.94040025186,327936.0,84056891050.0,364816.0,-0.10657464949333316
2018-05-31,51636.153979006354,51761.38160109777,51897.60251485048,51358.43358328794,200860.0,51612177300.0,353445.0,-0.5651197382792535
2018-06-01,51760.57995003212,51988.695810931255,52004.88153579508,51649.22537992617,146254.0,37716950000.0,347810.0,-0.8663115174979589
2018-06-02,51988.1760181711,52171.439282728665,52178.739719101286,51979.4174494869,9317.0,2420585950.0,348097.0,-3.620640488098811
2018-06-04,52196.55654779776,52509.9674946984,52699.62740808693,52083.84624519003,233449.0,60873734250.0,359326.0,-0.4312664165940461
2018-06-05,52508.80944164922,53208.06698204494,53343.784232208935,52276.079866813896,250200.0,65721764500.0,372040.0,-0.3967407773414555
2018-06-06,53206.19708808058,53995.96548052178,54063.71676695092,53115.6465287964,292716.0,78020409100.0,383146.0,-0.26921326190456313
2018-06-07,53995.21643366589,54642.73693161973,54816.75531239685,53981.9352868875,345447.0,93694747700.0,395114.0,-0.13433510028459683
2018-06-08,54644.155368554246,54584.930191550826,54729.33489839784,53963.26566501095,297336.0,80376920550.0,393577.0,-0.2804139160298125
2018-06-09,54587.00554336117,54670.23174679753,54706.9644579353,54587.00554336117,10613.0,2884870800.0,393835.0,-3.6138523750788036
2018-06-11,54659.16908502279,54297.86389564903,54696.59347473607,54164.24747776621,187278.0,50720762150.0,388305.0,-0.7291969693677823
2018-06-12,54295.37385849158,54160.95990292095,54413.2922905581,54015.57544339608,178961.0,48235194550.0,384841.0,-0.7656623569650536
2018-06-13,54160.95120176692,54202.55363077854,54340.03379908616,53732.3930832747,187733.0,50429183600.0,377302.0,-0.698025187171878
2018-06-14,54204.77534685872,53841.99067607767,54246.02659364371,53676.06628890207,184351.0,49460556550.0,375164.0,-0.7105217145716191
2018-06-15,53843.28274104639,53960.98079973151,53969.5822710123,53541.2912442495,95699.0,25595765300.0,369474.0,-1.3508725234703858
2018-06-19,53047.934128666166,52236.90448171768,53252.60540036503,51855.13275215383,340901.0,89086216950.0,332261.0,0.025671307906103388
2018-06-20,52240.35746210034,51945.67174469366,52387.6367082486,51808.79042204374,180956.0,46893575450.0,332150.0,-0.6073327663201934
2018-06-21,51953.81622920316,52074.7800634149,52319.83501211504,51939.16354029699,160042.0,41516178000.0,332414.0,-0.7309448992378326
2018-06-22,52079.02040607549,52067.55633832199,52187.21840143675,51914.47002107624,161225.0,41756361950.0,335562.0,-0.7330058332498487
2018-06-23,52073.356480791575,52063.603242978425,52091.99112087073,52058.64806399542,5609.0,1453333800.0,334754.0,-4.089023483189523
2018-06-25,52166.78389975045,51929.60543061942,52430.9597522288,51913.67174179296,166019.0,43099358650.0,333148.0,-0.6964845960506395
2018-06-26,51919.14674139707,52017.87716038079,52048.022696712855,51644.697102931765,183886.0,47418909000.0,333101.0,-0.5941297469148462
2018-06-27,52019.51982226759,52204.39508854497,52378.71083426568,51779.66226547056,205004.0,53043809200.0,331470.0,-0.4805078166500237
2018-06-28,52204.39041608342,51748.51397079282,52224.01471107343,51424.25641372974,200923.0,51790280000.0,334233.0,-0.5089166044676827
2018-06-29,51747.59011306958,51738.41112511676,52113.23155484909,51701.18266758075,171325.0,44231732400.0,330819.0,-0.6580090605457685
2018-06-30,51737.74207101254,51717.35195320901,51757.12371274326,51711.22356883823,4590.0,1181194950.0,330149.0,-4.275664043637294
2018-07-02,51730.34275555232,51488.37102182552,51848.10616691564,51312.32401885698,171907.0,44171067300.0,335204.0,-0.6677856688016187
2018-07-03,51491.53347951254,51065.80982315294,51900.4332992459,51005.876899169765,214658.0,55090269150.0,343291.0,-0.4695324200320701
2018-07-04,51068.67944317871,50005.43180702902,51294.21909685711,49467.986976668704,381398.0,95934161600.0,342352.0,0.10800400178948494
2018-07-05,50002.223575881886,49635.227142172575,50219.10001352169,49392.12899236719,358324.0,88995820050.0,335979.0,0.06438894703281149
2018-07-06,49639.001601200005,49107.465103394046,49681.34503481544,48773.88659174441,362162.0,88967867050.0,335706.0,0.07585584860623362
2018-07-07,49109.54252590756,49514.62424762528,49593.20411464673,49082.78849245572,22396.0,5515465100.0,339093.0,-2.7173920345536717
2018-07-09,49707.257944283214,49878.05562279702,50188.855776873526,49695.75444541022,238393.0,59414733050.0,338746.0,-0.35132999166210993
2018-07-10,49882.20662210992,49537.764324444215,50116.65357007711,49386.70886629177,215592.0,53535192050.0,342666.0,-0.46336847922480123
2018-07-11,49534.27847717099,48329.87580171843,49618.092618909766,47611.17845107875,605824.0,145937143350.0,321341.0,0.6340866502647499
2018-07-12,48326.45762210778,48940.525345170376,49209.8591108231,48155.08726535229,311657.0,75992609600.0,326433.0,-0.04632149682378131
2018-07-13,48937.65641325762,49055.50034231303,49160.98716726461,48653.66888123968,228279.0,55763764300.0,318422.0,-0.33280898198696596
2018-07-14,49052.43178719741,49024.759850183495,49089.166716394,49019.4524024416,5748.0,1407868550.0,317989.0,-4.013164822770141
2018-07-16,49111.34377809492,48880.32321660015,49365.497540271404,48611.93194679115,225350.0,55125077700.0,310937.0,-0.32193557017476077
2018-07-17,48870.15183342072,48691.851416596604,49242.660507269575,48590.7739866746,226410.0,55279412900.0,313992.0,-0.3270199929117979
2018-07-18,48689.34,48801.92600239927,48857.21840403235,48230.45467612411,300512.0,72838734600.0,310929.0,-0.03407690367363775
2018-07-19,48803.33902589634,48389.6148772056,49212.85868939978,48143.39722191251,306329.0,74424707500.0,311537.0,-0.016858423493158258
2018-07-20,48396.51958376277,49023.734254368144,49115.10015962589,48241.114872569015,262940.0,63881308700.0,310086.0,-0.16492380909193866
2018-07-21,49023.267242435766,49120.80812403944,49152.8998364954,49019.12093086256,13722.0,3364611450.0,308418.0,-3.1124556214760157
2018-07-23,49105.32251531815,49126.386696990674,49251.71769683651,48626.47285998416,273459.0,66896287950.0,303390.0,-0.1038674045498907
2018-07-24,49123.05868780593,50171.95934417975,50326.426221176414,48987.48834132627,311481.0,77345498600.0,301851.0,0.031404823041927564
2018-07-25,50166.59112823861,49968.51485785925,50220.36337276964,49828.13124538477,225009.0,56254247300.0,295130.0,-0.27127553583146186
2018-07-26,49969.28430326132,50156.446261321966,50331.76857847253,49940.8673169148,217322.0,54398867150.0,298314.0,-0.31676649837800663
2018-07-27,50153.49152280979,50257.05097116191,50470.62083088339,50035.96951049233,192897.0,48375621600.0,294853.0,-0.4243205593686207
2018-07-28,50255.027526109945,50054.9895639917,50264.204863454885,50033.16000975834,13033.0,3265645550.0,295132.0,-3.119938111339045
2018-07-30,50104.69940498404,49896.06088936418,50193.47074882468,49417.59930121369,239918.0,59721427950.0,289870.0,-0.1891353483188185
2018-07-31,49891.87678529537,50186.40621796232,50202.126522932245,49699.247187639565,233689.0,58320197100.0,287747.0,-0.2080904502855802
2018-08-01,50185.16495085351,49366.056336573325,50287.858557431726,49135.70530117339,219925.0,54629800850.0,290433.0,-0.27808633371941666
2018-08-02,49364.54592713214,49368.96538089949,49498.25329687445,48850.17567152804,234590.0,57722718250.0,290851.0,-0.21497179898432237
2018-08-03,49368.22151008662,49591.30829251863,49859.541231532254,49148.59023819859,226896.0,56018673800.0,285028.0,-0.22809565833791112
2018-08-04,49597.14679642579,49586.93437944283,49632.21085844848,49573.11388082396,8878.0,2200518000.0,283463.0,-3.4635052967747564
2018-08-06,49500.57277544874,49478.672600926766,49631.6863934507,49052.43810298531,215612.0,53167063250.0,289393.0,-0.29430512981668344
2018-08-07,49479.55118570042,49522.59872703107,49672.28791182379,49286.49960652987,178502.0,44143364250.0,291916.0,-0.49186628401138205
2018-08-08,49526.97441712285,49461.63603707839,49765.31577793146,49380.4914288794,181783.0,45027623700.0,297316.0,-0.49198187822832684
2018-08-09,49465.63081487262,49922.11908707566,50155.531777019765,49438.00899879948,244296.0,60894732400.0,304735.0,-0.22106194165917295
2018-08-10,49915.11706058797,49801.88523911827,49966.72881941588,49484.23453916284,184161.0,45764514250.0,302089.0,-0.4949113009258774
2018-08-11,49796.94484352137,49719.482988227086,49807.102348337874,49694.597974294215,6664.0,1656890450.0,301115.0,-3.8107723467187373
2018-08-13,49685.215658930174,49824.15182078214,49992.68374775394,49549.00725515913,186397.0,46336551350.0,301711.0,-0.48159079785865216
2018-08-14,49819.072058336096,49018.12215253437,49831.88112706501,48839.96403375293,246353.0,60764488600.0,300706.0,-0.19936757652574252
2018-08-15,49026.216301597175,47459.39346572792,49061.98854879246,47263.678780834976,358202.0,86425415100.0,305803.0,0.15815596930355186
2018-08-16,47457.7245808576,48024.78769147209,48194.46561891758,47416.47105297665,329662.0,78724290850.0,309314.0,0.06371094497668359
2018-08-17,48018.431087888566,48003.06061781881,48059.78104983795,47537.09115585432,259985.0,62208314450.0,311839.0,-0.1818630919378348
2018-08-18,47993.99786448798,47981.16666559321,48035.70202054256,47965.93637781099,8603.0,2064783750.0,310526.0,-3.5861566541384895
2018-08-20,48197.64236736826,48388.75735523614,48449.52058978064,48008.549171209794,218464.0,52690314500.0,304375.0,-0.3316392526009845
2018-08-21,48389.969804005326,48758.320439465984,48924.05254673,48310.84084431984,187495.0,45547779100.0,297816.0,-0.46272366775219115
2018-08-22,48754.03170627714,48417.59064579863,48780.34526024024,48157.58024184456,185453.0,44945233600.0,296594.0,-0.4695627195623782
2018-08-23,48417.591728425854,48468.28673171959,48534.97361579883,47997.35906717103,207353.0,50006099200.0,294017.0,-0.3492149339181847
2018-08-24,48462.42671419728,48817.332613096485,48905.72059479503,48361.47886079991,189028.0,45933648700.0,293422.0,-0.4397166936212811
2018-08-25,48817.06529481329,48718.485699431534,48820.05084809303,48713.16042221052,7220.0,1759461750.0,292366.0,-3.701151489140186
2018-08-27,48758.54035322973,48807.9283201331,48942.86387238556,48708.948776520265,115712.0,28223260550.0,288505.0,-0.9136080714908474
2018-08-28,48809.530659641576,49051.86998422625,49124.77327871982,48448.14796104226,210546.0,51290096550.0,289088.0,-0.31702698346740427
2018-08-29,49055.77806453398,48761.7181905465,49100.46311224965,48748.800685699214,145572.0,35579747750.0,288507.0,-0.6840485395085617
2018-08-30,48755.90177856501,48701.80188137767,48842.38737628488,48349.97270721822,176457.0,42907073700.0,290957.0,-0.5000982693005712
2018-08-31,48698.3145376115,48067.5229904774,48869.83194493252,48045.261805033006,219096.0,53104074250.0,300233.0,-0.31504884994249666
2018-09-01,48070.247696063576,48108.579559332815,48150.05550869637,47998.27255393277,13944.0,3349746850.0,298865.0,-3.064942658197163
2018-09-03,48034.97003826681,48002.72328281125,48247.68260196732,47902.8932864156,165711.0,39839988300.0,305543.0,-0.6118452143087312
2018-09-04,48002.72493716291,47166.94330094116,48041.63560221008,47001.16325023819,235724.0,56027243700.0,326725.0,-0.3264572093717707
2018-09-05,47172.46916225399,47530.0698650819,47600.46584532997,47164.05628845153,180598.0,42774308250.0,332498.0,-0.6103602783157794
2018-09-06,47533.24392598408,47773.169876612046,47996.81834079994,47449.571664919305,176393.0,42056864350.0,330016.0,-0.6264266778880229
2018-09-07,47768.65513856147,47828.12626393178,47928.08500161102,47451.95601023018,171464.0,40907760550.0,328835.0,-0.6511827731706049
2018-09-08,47829.76088880508,47674.8063460591,47843.46009038434,47557.05541624418,20701.0,4932172550.0,328834.0,-2.7653710558787767
2018-09-10,47707.20032718393,47734.13109350586,47797.23383725652,47477.83252610314,151561.0,36107661500.0,327049.0,-0.769121822590489
2018-09-11,47734.343624620815,47575.20042743156,47962.30037511759,47230.38873825492,193968.0,46210269350.0,326602.0,-0.5210491072121014
2018-09-12,47579.248591913805,48318.78397063397,48371.15826274365,47579.248591913805,218497.0,52325907950.0,324729.0,-0.39621870386853747
2018-09-13,48320.07451468424,48624.76985446656,48830.68910686173,48293.824348383205,221572.0,53791260500.0,315735.0,-0.354155661064713
2018-09-14,48631.32421320697,48471.627573725935,48677.42776621135,48259.260962380606,151063.0,36632960850.0,310542.0,-0.7206221895799212
2018-09-15,48469.01152119733,48216.81874776802,48469.01152119733,48109.15471635175,27341.0,6592894000.0,310821.0,-2.4308297767068034
2018-09-17,47967.32471341832,48404.36405241566,48462.356147750914,47867.50923301283,192001.0,46170630200.0,316394.0,-0.4994876920285935
2018-09-18,48407.33319005161,49367.04309752423,49511.899188465904,48127.46575711735,305099.0,74480911650.0,317234.0,-0.03900335780719873
2018-09-19,49370.18765209497,49383.78980080333,49650.1685292592,49249.3399114381,218968.0,54198836350.0,317927.0,-0.37289619626021775
2018-09-20,49376.33959688479,49292.18402174285,49484.02913568128,49038.89616005444,168739.0,41654181500.0,320473.0,-0.6414448869995105
2018-09-21,49296.558717339816,49594.54559203907,49880.207011808336,49280.73056011587,189241.0,46973110500.0,323982.0,-0.5376666236494463
2018-09-25,50309.728019713,50480.16108920353,50630.28209388236,49862.3255064831,271667.0,68277792950.0,315974.0,-0.15108288015497426
2018-09-26,50483.44307739045,50364.46854364191,50493.72690724458,50196.30662581066,184372.0,46502840100.0,311352.0,-0.5239686491615546
2018-09-27,50364.46245659792,49763.92152802764,50398.8742061152,49585.51924885179,206533.0,51707628900.0,294602.0,-0.3551650869429238
2018-09-28,49766.15867854984,50053.96462015079,50102.19784254419,49702.899379271126,115255.0,28814757850.0,285021.0,-0.9054157968809878
2018-10-08,50035.74622782465,50140.92805665312,50321.663228997466,49700.457621351205,161849.0,40480934300.0,287504.0,-0.5745729713913272
2018-10-09,50140.92983377564,50911.10109652767,51009.21907910891,50076.2635431918,217995.0,54900790400.0,288912.0,-0.2816500167272812
2018-10-10,50918.63845751842,50328.56993667912,50963.71139495332,50164.70254511897,224107.0,56788513450.0,287267.0,-0.2482884805006093
2018-10-11,50324.79783456343,50282.54901200675,50460.05386319384,49615.88644866046,266754.0,66757501400.0,283757.0,-0.061791352711448505
2018-10-12,50284.5473319918,50609.53469168751,50920.35894631553,50205.221880260026,187340.0,47379988300.0,287014.0,-0.42660584727671214
2018-10-13,50605.15784962124,50543.52491199092,50617.56319211658,50419.089623283966,9696.0,2452274050.0,285766.0,-3.383459864781287
2018-10-15,50619.99481995856,50480.5004396143,50794.40717271426,50298.87683514674,158742.0,40201287700.0,277516.0,-0.5585983463797995
2018-10-16,50470.69050768171,50020.52859815826,50520.08976861489,49920.74119783818,162628.0,40811884300.0,272570.0,-0.5164300778383244
2018-10-17,50016.45399412247,50115.42859348408,50367.14925153555,49793.549773705854,198000.0,49622182750.0,272041.0,-0.31768575953615674
2018-10-18,50110.84519880328,49974.1640162542,50238.50659801635,49660.22784961551,185757.0,46458476250.0,267254.0,-0.36376014910389726
2018-10-19,49973.82054256315,50216.20682533365,50398.04056332479,49786.843245150434,174489.0,43721388500.0,266302.0,-0.42276930071211616
2018-10-20,50211.15917922917,50168.80111440302,50228.469534413336,50128.36219319973,8489.0,2132021950.0,265972.0,-3.4446198323274184
2018-10-22,50166.94884665277,50331.439534683785,50655.91742227738,50159.22948508264,149253.0,37638330550.0,267517.0,-0.5835402631454141
2018-10-23,50332.19249157986,50012.11495770548,50332.94223205875,49796.13001236122,175160.0,43873288750.0,259017.0,-0.3911938546779593
2018-10-24,50011.20349746183,50135.014121908,50380.04374123525,49987.94875853736,177043.0,44417077550.0,254569.0,-0.3631792781647489
2018-10-25,50134.410780362494,50234.53199608335,50371.92045440782,49401.31082925451,254688.0,63400138350.0,248171.0,0.02592124193645423
2018-10-26,50233.26988796647,49903.84886934826,50249.4524201488,49626.088257624695,152324.0,37995030200.0,249281.0,-0.4925709430251548
2018-10-27,49907.57357424821,49944.75644064863,50009.65616367508,49897.551269296186,11262.0,2813261000.0,248461.0,-3.093851664737728
2018-10-29,50058.05591449791,50026.56422989906,50198.347941267646,49733.206359428455,158215.0,39542108800.0,249292.0,-0.45467003263656497
2018-10-30,50031.24234814631,49154.70432377121,50035.15813543004,48979.04735404231,246675.0,61019876400.0,257021.0,-0.041086112875997546
2018-10-31,49156.29078190773,49101.09054644193,49262.408519381854,48926.25548860239,170416.0,41833150250.0,256697.0,-0.4096538943140709
2018-11-01,49105.70257688786,49205.06025882041,49385.31941625592,48512.32285288702,251386.0,61417966250.0,256394.0,-0.019725717377546963
2018-11-02,49205.80602648284,50195.59612626874,50332.1003117221,49108.51967408663,284478.0,70733571450.0,268475.0,0.057898122185342876
2018-11-03,50199.18287169787,50286.83957191296,50289.39689166382,50130.2860652402,14325.0,3594719450.0,267796.0,-2.928219234024927
2018-11-05,50321.396054118784,49697.82359249732,50341.67709277558,49632.55698923121,192673.0,48047746100.0,266678.0,-0.3250474866604035
2018-11-06,49699.71822006884,49389.15232639395,49919.72765153787,49325.60312912108,174862.0,43414648600.0,267603.0,-0.4255074475446246
2018-11-07,49393.63863994797,49413.255714275154,49725.05342247026,49278.3537166722,157547.0,38967224200.0,270638.0,-0.541058308106631
2018-11-08,49410.82821303874,49456.24137445952,49638.23414663092,49128.38950758775,173010.0,42732309250.0,270128.0,-0.4455465244394068
2018-11-09,49448.70678228417,49150.74778126854,49592.40325081696,48840.11751875262,166078.0,40857311250.0,276284.0,-0.5089717646658927
2018-11-10,49158.7565258318,48965.52998336881,49199.62515298769,48965.52998336881,10896.0,2672040600.0,275386.0,-3.2297780004463736
2018-11-12,48969.387781695,48914.88775513918,49182.21463904691,48808.8049598002,184945.0,45327421000.0,274801.0,-0.39598871577233713
2018-11-13,48904.71736424968,49095.88885947874,49374.81645605062,48721.53572077143,187317.0,45891094650.0,268237.0,-0.3590685492687823
2018-11-14,49097.91836582549,49217.66932516483,49302.041840286205,48767.10289165801,195484.0,47873526100.0,267695.0,-0.31436973808366897
2018-11-15,49217.31786310642,49676.87375810351,49790.16668518724,49099.45862059906,179339.0,44304583500.0,260690.0,-0.37405409243008925
2018-11-16,49686.400767238905,49661.970793501845,49751.220533321786,49440.758332182246,150486.0,37294554000.0,255765.0,-0.5303889975320395
2018-11-17,49661.3430840146,49610.93927551243,49699.35372500566,49575.02916422002,8240.0,2043360500.0,254856.0,-3.431698335848274
2018-11-19,49771.57964203187,49920.73783285803,49996.10761647693,49639.82078753635,165329.0,41158608700.0,255627.0,-0.4357819226914206
2018-11-20,49920.10870840799,49344.11659703319,50057.750315180005,48803.797449339225,293009.0,72670661600.0,258257.0,0.1262481121185589
2018-11-21,49337.83935802048,49501.68138524135,49681.954523050896,49070.83875344006,180642.0,44558443850.0,259536.0,-0.3623782492227911
2018-11-22,49502.72302694704,49632.99816809385,49735.11106998836,49440.20017144314,123182.0,30533494750.0,258201.0,-0.7400754148426331
2018-11-23,49637.73899166434,49337.53632109377,49847.91354718204,49081.77485162498,213332.0,52755812800.0,261556.0,-0.2037987720518265
2018-11-24,49334.85738315971,49391.47423598213,49427.68839029841,49321.335945713465,9298.0,2294831950.0,260596.0,-3.3331719921103846
2018-11-26,49333.79803186504,49236.57346547241,49440.8705592955,48598.71170718079,278608.0,68475655300.0,264267.0,0.0528458202379844
2018-11-27,49241.81386090655,48892.40107776641,49318.490545979206,48589.28469861127,253413.0,62022527850.0,269075.0,-0.059969582290369326
2018-11-28,48887.24468065338,49501.47198808795,49592.0326010728,48766.82144240511,234109.0,57550584600.0,263263.0,-0.1173667136440494
2018-11-29,49511.19126401324,49507.111455959006,49794.24903102617,49452.61259308573,185912.0,46089977000.0,258407.0,-0.3292624178469425
2018-11-30,49510.281622006536,49667.37807284841,49813.60830138776,49345.38357313629,190207.0,47134219200.0,253348.0,-0.28665108487433183
2018-12-01,49668.16915748807,49724.27560493377,49757.29434754918,49573.06692785884,12184.0,3025728750.0,252383.0,-3.030824159398565
2018-12-03,50101.235842548245,50082.94856683424,50752.83014252119,50061.4140022481,218091.0,54837210850.0,256216.0,-0.16110843184104306
2018-12-04,50075.366991276525,49389.51583954765,50124.16960965092,49367.34047243594,203844.0,50680883300.0,251838.0,-0.21143102822213924
2018-12-05,49387.8278631576,49321.99626191257,49454.63273201123,49114.80133429211,174841.0,43099190100.0,243440.0,-0.33099351609497313
2018-12-06,49333.39140042884,48856.13126853694,49377.35256837619,48782.667926104,185145.0,45381848700.0,249839.0,-0.2996774085411717
2018-12-07,48853.830242824726,49071.4159483286,49308.6691742206,48761.0150047666,154763.0,38035669100.0,245242.0,-0.46035056363930116
2018-12-08,49071.86091260055,49090.67275788235,49120.32768624379,49061.56567634151,7347.0,1802703650.0,244724.0,-3.5058389782817794
2018-12-10,49020.70618415847,48877.84547398432,49175.38091259248,48857.55359153756,133077.0,32601771150.0,245525.0,-0.6124708669790351
2018-12-11,48877.13577324076,49335.72088870431,49459.50113453934,48836.01415851522,165845.0,40767431050.0,240800.0,-0.37291309621990315
2018-12-12,49334.77738325132,49090.14556202315,49343.89554633933,49040.8164209309,122776.0,30173124200.0,243264.0,-0.6837857164939897
2018-12-13,49092.47815987996,49255.022287576765,49445.8227352116,49055.84517862424,148890.0,36683162300.0,238698.0,-0.4719913763241675
2018-12-14,49254.59940839311,49176.76444265167,49304.48763236199,48770.01969693208,165340.0,40556734000.0,237993.0,-0.3642373016497048
2018-12-15,49179.93916119762,49215.30366540719,49223.54277714055,49167.81389535348,7562.0,1859866700.0,237136.0,-3.445498110745818
2018-12-17,49186.24465401909,49050.85809432733,49270.952207362825,48879.18573482159,121817.0,29904883550.0,236326.0,-0.6626922891564179
2018-12-18,49050.85805801908,48364.76251759501,49181.93582860487,48327.91244721495,193309.0,47167488900.0,248650.0,-0.2517563402786526
2018-12-19,48363.559798994975,48373.379695602845,48454.30477553499,48074.44859656204,223124.0,53824531500.0,254733.0,-0.1324882670547214
2018-12-20,48378.68655896036,48312.13826283113,48615.306855746654,47784.87458527388,232987.0,56170182700.0,250465.0,-0.07233653218646903
2018-12-21,48305.89523014958,48213.68996911724,48504.90728623075,48122.50582703584,147650.0,35663955200.0,249330.0,-0.523932712043113
2018-12-22,48211.29198002528,48215.0778855001,48250.24354048179,48177.77664477383,7507.0,1809891650.0,248891.0,-3.5011791310288847
2018-12-24,48169.97558203511,48119.799518121465,48270.60844231725,47882.71881403012,171195.0,41175462550.0,254836.0,-0.3978169433283713
2018-12-25,48111.86190876058,47990.36104488888,48142.16720964007,47482.99203020617,188118.0,45007393550.0,255453.0,-0.30596901418052525
2018-12-26,47986.8038161753,48312.67721987826,48521.61734486654,47800.889997620434,174375.0,41957937300.0,248392.0,-0.35379999084590275
2018-12-27,48312.67618733191,48001.31188618188,48605.31263524473,47951.47507637917,176239.0,42557624750.0,247834.0,-0.34091813881111616
2018-12-28,47996.94365441481,48305.031570525374,48360.90074755419,47974.51072664919,112011.0,26994052650.0,242473.0,-0.7722932832144698
2019-01-02,47983.84893197327,47351.63029430085,48151.1281437815,46992.086426421774,281517.0,66918246200.0,256880.0,0.0915837867388033
2019-01-03,47351.65577944223,46294.21671512561,47452.254314018326,46249.46693995729,292452.0,68808818250.0,279962.0,0.04364667096799114
2019-01-04,46292.89754644397,47450.2361077363,47506.21296801333,46279.41921013722,313676.0,73555256050.0,267505.0,0.15922234830359192
2019-01-05,47449.88564210464,47576.54649271446,47661.73970543354,47439.23248969096,31941.0,7591876150.0,264977.0,-2.11575257876613
2019-01-07,47626.05190446132,47452.55789958191,47654.88515022885,47264.82582257904,172811.0,40956281100.0,260710.0,-0.41121016671868704
2019-01-08,47452.55770071565,47335.32981334996,47569.408468973925,47226.72073016558,164520.0,38996633500.0,256630.0,-0.4446032154694857
2019-01-09,47335.32995101879,47434.16689096119,47808.04365578758,47296.35813030786,185463.0,44153523050.0,252644.0,-0.3091259819514939
2019-01-10,47437.88704468822,47183.62666987323,47638.03054199326,46987.37596544816,185326.0,43854295600.0,257804.0,-0.3300831698342167
2019-01-11,47181.11548622615,47116.38541543597,47321.70848342064,47018.266653448896,171714.0,40510745350.0,262387.0,-0.42399021101478346
2019-01-12,47120.23874134829,47085.19347925914,47129.22499380682,47052.141786462125,7548.0,1776784000.0,261320.0,-3.5444630824662458
2019-01-14,47119.11711635783,46843.16876613149,47273.79037039588,46710.49776269889,189046.0,44375769450.0,272371.0,-0.3651747358319344
2019-01-15,46843.16872760384,47105.749991092736,47228.58567637729,46731.10506927322,184373.0,43339943950.0,280670.0,-0.4202187224106296
2019-01-16,47105.74365864872,47225.59336924525,47427.44496584328,47000.76780676067,183549.0,43340112350.0,285699.0,-0.4424571472343736
2019-01-17,47223.64925077967,47504.64387821551,47549.8903171477,47192.71960077975,156994.0,37180827100.0,287163.0,-0.6038424107336686
2019-01-18,47504.64256860288,48032.70068923932,48106.2205124432,47495.90026466081,222286.0,53122627700.0,285242.0,-0.24937310174560148
2019-01-19,48028.99770732254,48082.144665294894,48231.481889846735,47999.50441307353,25287.0,6087656350.0,282846.0,-2.4146121502344573
2019-01-21,48075.305197033085,47755.04374801706,48083.96856949833,47607.40067575026,124126.0,29683623800.0,283670.0,-0.8265144119898921
2019-01-22,47755.05401585407,47399.88972226866,47760.78362325737,47327.30892196675,132959.0,31618491800.0,287184.0,-0.770082315295896
2019-01-23,47390.40048611304,47298.90040996789,47565.63121769049,47237.587458892696,131062.0,31097072450.0,292218.0,-0.8018296053809166
2019-01-24,47295.52035873826,47289.62076869482,47409.73315903063,47075.73289736897,132734.0,31382733450.0,297101.0,-0.8057250227818941
2019-01-25,47289.61855520884,47728.08725077133,47764.94262238075,47120.25584184323,183885.0,43607072150.0,301430.0,-0.49422725452499394
2019-01-26,47728.08284172877,47814.08044362391,47831.50391983731,47694.71845691616,12164.0,2907784150.0,298992.0,-3.2019360473647813
2019-01-28,47856.014917724766,47493.72852047252,47870.25906735752,47404.93566073628,150125.0,35756446050.0,294932.0,-0.6752765408939342
2019-01-29,47496.18135099679,47715.93254715712,47887.93196684097,47347.37410194076,138389.0,32939887300.0,297304.0,-0.7646866240805849
2019-01-30,47717.94301264068,48162.91027259391,48190.475317247416,47635.84230417822,155188.0,37137823550.0,293110.0,-0.635910680011111
2019-01-31,48168.85690789473,48204.0586515672,48345.35184584664,47849.75724243868,149319.0,35940452400.0,292814.0,-0.6734526381543062
2019-02-01,48204.04610612336,48260.970329093645,48266.512857162576,47962.26426948916,80515.0,19361948850.0,289644.0,-1.2802090802025035
2019-02-11,48528.29133295836,48356.505391083454,48605.54222064258,48195.04551329073,169216.0,40933171400.0,288161.0,-0.5323433463667937
2019-02-12,48354.48364171397,47945.28769428903,48435.95813803192,47881.6749684645,139519.0,33622762000.0,293506.0,-0.7436972892855599
2019-02-13,47945.2829198652,48155.14698488252,48246.96035109162,47938.54243756176,104475.0,25143435400.0,298330.0,-1.0492524480259886
2019-02-14,48155.15135160503,48264.72493903558,48538.68662741359,48068.01272270605,157741.0,38087422550.0,305096.0,-0.6596720336852543
2019-02-15,48264.7276130043,48472.09605259569,48604.58637676236,48060.30404450351,119350.0,28853692950.0,293256.0,-0.8989855948974917
2019-02-16,48472.12129685199,48540.728447982576,48593.47102120301,48464.75374951404,10689.0,2596011800.0,293940.0,-3.3141604895867296
2019-02-18,48701.75990252743,49296.03879990264,49359.1598542614,48508.088481536965,203423.0,49805217950.0,316341.0,-0.44153319078495484
2019-02-19,49296.03834481886,49605.94265361523,49676.95100716599,49062.48297984392,199930.0,49307647250.0,323438.0,-0.48104013650257216
2019-02-20,49605.93442815576,49840.339893151446,49899.3751778589,49436.764307358775,167430.0,41547140300.0,331310.0,-0.682489139505018
2019-02-21,49838.09644194757,49632.82617028267,49935.9058697122,49447.6515897623,193614.0,48100507200.0,328724.0,-0.5293520066343967
2019-02-22,49632.82914230435,50145.88173712354,50273.67775111211,49515.30516560317,182347.0,45484755250.0,336234.0,-0.6118958808996893
2019-02-23,50145.88265735555,50187.95999726498,50247.59615327483,50125.76622008801,10402.0,2613853600.0,336377.0,-3.4762344594235897
2019-02-25,50296.4108094317,50095.03040165957,50519.63105091474,49891.63610458118,254522.0,63907198200.0,335508.0,-0.2762585248725324
2019-02-26,50096.74695240083,50124.465072847066,50230.03125782903,49895.89843424421,228311.0,57164646600.0,344832.0,-0.41234860731638334
2019-02-27,50122.38462988471,50225.02693417778,50371.74044458382,50006.52990425361,178980.0,44907181450.0,342316.0,-0.6484602193124549
2019-02-28,50225.0387012729,50298.18135638536,50351.37620531079,50053.5227255887,159711.0,40095549950.0,336630.0,-0.7456184723475742
2019-03-01,50298.18103770949,50356.0304246539,50742.473293772935,50042.01048331103,210100.0,52885424850.0,336109.0,-0.46985190426630674
2019-03-02,50356.02455565046,50182.82060872272,50374.89443629428,50047.80548524339,25401.0,6378001900.0,334208.0,-2.576975010308359
2019-03-04,50199.63708905011,49632.75050999234,50260.31466100984,49527.73886111975,286890.0,71568012250.0,342162.0,-0.17618544209062012
2019-03-05,49629.51453643024,49522.296458912766,49842.57143274555,49479.42400303172,307887.0,76439561400.0,343002.0,-0.1080034455141155
2019-03-06,49522.30803089929,49588.36965422978,49733.96717473967,49455.657909848254,187669.0,46528120900.0,339474.0,-0.5927175880686766
2019-03-07,49588.38422286906,49226.9550118856,49623.19260754868,49150.969192960256,199036.0,49128506100.0,338645.0,-0.5314666481599335
2019-03-08,49226.95029617949,49201.760701022846,49386.11633302949,48942.71719120744,141921.0,34904936150.0,337678.0,-0.8668222139299177
2019-03-09,49200.15690989972,49180.39039368678,49223.510749550434,49162.688476391726,5442.0,1337128800.0,337070.0,-4.126143983555037
2019-03-11,49184.42823329814,49376.4633076356,49448.90647881562,49117.17086485685,163241.0,40198506700.0,341924.0,-0.7393608536770028
2019-03-12,49372.928637031066,49562.83825793551,49806.55940288687,49322.8277398634,157834.0,39101479000.0,339046.0,-0.7645919435763588
2019-03-13,49559.27101585222,49363.271431368,49587.31830852962,49309.51354135345,190523.0,47095965350.0,337146.0,-0.5707431487677711
2019-03-14,49363.27068984949,48943.65495079567,49405.73608091672,48775.93910092214,180571.0,44364896950.0,344177.0,-0.6450320076984841
2019-03-15,48943.67250027608,49150.8383139904,49419.78024933362,48759.99012590927,349571.0,85681406800.0,313379.0,0.10929336773853063
2019-03-16,49150.839898530605,49110.160586880185,49168.09432926519,49095.407330251095,3763.0,924570450.0,312977.0,-4.420913193800772
2019-03-18,49092.1120363361,49142.84837024516,49419.67047656382,49035.97849304205,153065.0,37701501400.0,314127.0,-0.7189346949594239
2019-03-19,49142.848475008985,49326.38913729914,49474.67354420555,49135.3524179232,132460.0,32621989850.0,307511.0,-0.8422301459076472
2019-03-20,49328.90810933867,49195.95674576405,49336.12984216912,49142.03971071922,103725.0,25515270750.0,306837.0,-1.0845734957418494
2019-03-21,49195.95720757423,49231.64514506124,49461.81199935139,49123.53532386055,144774.0,35690789450.0,304113.0,-0.742225437047198
2019-03-22,49231.9719555788,48366.19611926538,49231.9719555788,48357.111555903655,195441.0,47685901300.0,310199.0,-0.46195548341437476
2019-03-23,48366.19671000247,48340.73458291694,48392.59550939949,48322.474316911794,10420.0,2519768200.0,311197.0,-3.3966991158297217
2019-03-25,48327.14574333114,48269.86366578828,48455.645461650536,48117.7302946736,165501.0,39958354450.0,305866.0,-0.6141698604507866
2019-03-26,48269.86412394929,48316.01767058128,48478.03801283878,48186.12358028279,121203.0,29270601800.0,300839.0,-0.9091084121224932
2019-03-27,48316.01828800112,48258.07832188634,48527.474939872365,48168.67118786317,116877.0,28276237400.0,295856.0,-0.9287507497027278
2019-03-28,48254.43279455408,48538.957469056906,48631.6116823228,48243.83961766735,120681.0,29231314350.0,292634.0,-0.885771980791534
2019-03-29,48538.95450009568,49204.58378223836,49304.417908795614,48519.49797515506,152639.0,37324028700.0,286809.0,-0.630740832670405
2019-03-30,49204.5817469283,49206.50052352366,49243.74500907441,49192.64040889328,3741.0,920253750.0,286520.0,-4.338455386380241
2019-04-01,49404.51524405123,49277.209618400426,49518.33035825186,49270.49815238748,144017.0,35578690650.0,277385.0,-0.6554750847151428
2019-04-02,49277.20335866634,49145.37797765079,49444.32785910406,49057.23423826112,148260.0,36492278950.0,271061.0,-0.6033763985725898
2019-04-03,49148.01224685529,49595.40531553147,49622.87695911292,49134.45638044874,170834.0,42183754650.0,279671.0,-0.4929215875396645
2019-04-04,49598.19313817347,49575.90514465405,49681.05378234121,49467.52914165244,95918.0,23765314900.0,277939.0,-1.0639080053601808
2019-04-08,49174.07251542349,49411.33291490486,49588.354506780015,49150.000107356034,157341.0,38823300250.0,272448.0,-0.5490323456618922
2019-04-09,49411.33282436022,49551.97047897229,49919.35243776656,49371.55741104363,212218.0,52660702750.0,282104.0,-0.2846617490578582
2019-04-10,49552.91365873886,49407.49869743859,49648.02703517766,49294.98267542462,147649.0,36539808150.0,285975.0,-0.6610665590181916
2019-04-11,49407.50032346164,49088.79917549021,49456.52086466823,49063.50096521015,148941.0,36700289000.0,283805.0,-0.6447371282385947
2019-04-12,49088.797581633946,49438.96506299912,49714.929838477336,48978.82948124059,141579.0,34903521450.0,280877.0,-0.6850589859088061
2019-04-13,49438.970766229526,49528.12153159194,49538.37646404268,49388.28593999652,8045.0,1990557350.0,280388.0,-3.5511235777946073
2019-04-15,49515.429725951166,49329.98586105785,49612.74328167213,49209.926456645495,117612.0,29066016250.0,268054.0,-0.8237973816762321
2019-04-16,49329.985749193256,49498.811363467685,49644.09166149389,49329.985749193256,123663.0,30585157600.0,269460.0,-0.7788598324236214
2019-04-17,49499.40648810342,49677.77743570571,50049.15464830898,49385.19175074824,236387.0,58746294100.0,272847.0,-0.1434409060394785
2019-04-18,49677.753361108975,49367.60951165775,49679.622134033954,49223.14559578768,131242.0,32483818350.0,269606.0,-0.7199186867502784
2019-04-19,49367.60826983432,49541.83706861043,49589.283925775206,49293.645118198416,75982.0,18788840100.0,264639.0,-1.247870162980381
2019-04-20,49541.83769791786,49494.13551825811,49559.3273525655,49493.80581386558,1820.0,450793850.0,264540.0,-4.979155967509198
2019-04-22,49494.886748518205,49210.29670350574,49519.18106348715,49059.33270275219,135150.0,33319129150.0,262855.0,-0.6652172766181191
2019-04-23,49208.21152594995,49065.72240281495,49211.84497380467,48846.97506716492,150463.0,36912259900.0,261177.0,-0.5514811316075473
2019-04-24,49065.723807627815,49231.17566064302,49253.02722808874,48930.00417536534,128150.0,31441299950.0,257098.0,-0.6962558823572164
2019-04-25,49231.17541109239,48851.07200737295,49349.653475255785,48769.24791195067,154542.0,37930486950.0,256071.0,-0.5049888457219646
2019-04-26,48851.07238679191,48924.756830818114,49019.715890857085,48736.62033556288,123391.0,30161293100.0,251800.0,-0.7132769463481727
2019-04-27,48922.91985179949,48941.86421324845,48969.22383131091,48910.31264771423,3925.0,960344800.0,251350.0,-4.159480038904213
2019-04-29,48947.84666987631,48942.67711992464,48979.41034321782,48779.562250632975,103127.0,25196067700.0,254785.0,-0.9044588138572135
2019-04-30,48938.99477960515,48947.41586821918,49066.82771988198,48914.125409908,82226.0,20130110200.0,250173.0,-1.1126811247881876
2019-05-06,47596.140408898376,48298.682203869226,48425.05076018117,47395.57499591579,228800.0,54839329500.0,265170.0,-0.14752287023532348
2019-05-07,48297.46284360941,47879.02758010109,48418.04019224354,47823.4218313363,163875.0,39467907700.0,267693.0,-0.4907368594266716
2019-05-08,47879.02679198483,47677.21152828999,47984.70767496477,47567.71815984149,162985.0,38956904600.0,274143.0,-0.5199916960246257
2019-05-09,47677.21083076205,47660.00184341124,47685.73692626721,47388.47270401527,158683.0,37740707900.0,276661.0,-0.555884428543364
2019-05-10,47658.62427950504,47812.006263743104,48073.66065015997,47634.93518280799,182021.0,43563531700.0,273319.0,-0.4065175461549379
2019-05-11,47812.00690800788,47895.39256152824,47942.26560209885,47803.903190512254,5644.0,1351101500.0,272314.0,-3.8763627782492462
2019-05-13,47802.36610400706,47412.99544971172,47808.07373126556,47365.90460169307,152894.0,36391743100.0,276466.0,-0.5923429769286921
2019-05-14,47413.515236138446,47456.14054532565,47648.124193066025,47386.838116392384,134950.0,32061171350.0,277889.0,-0.72231741391737
2019-05-15,47456.138842213964,47875.42762638656,47909.70218688016,47406.85064224659,155012.0,36945761950.0,278748.0,-0.5868056145833348
2019-05-16,47875.42822595692,47982.52546151853,48147.87025681456,47732.169145445405,110804.0,26534362000.0,274041.0,-0.9055148554857737
2019-05-17,47978.66229534516,47800.79358002674,48031.72448826696,47513.35433912273,124059.0,29645933950.0,273646.0,-0.7910780413746743
2019-05-18,47800.79369372003,47802.838463763546,47819.14085584876,47733.71861941894,3866.0,923508900.0,273109.0,-4.25765060211207
2019-05-20,47831.95696931509,47633.36936360264,47848.53894962047,47561.63102866532,99317.0,23685772950.0,274954.0,-1.0182870561605795
2019-05-21,47633.369582612,47441.029444058455,47815.22835724095,47278.51999870733,172319.0,41033163850.0,277781.0,-0.4774856232184706
2019-05-22,47437.11575082344,46851.053749365085,47472.23908262757,46788.442613982166,175910.0,41474046950.0,293343.0,-0.5113700721957937
2019-05-23,46851.05414950772,46784.34916533848,46929.56890546245,46551.38273809125,143134.0,33431132700.0,298025.0,-0.7333961211764874
2019-05-24,46782.327924082565,47054.17751952159,47211.86238927688,46766.05216177398,147827.0,34783406400.0,295314.0,-0.6919965259136244
2019-05-25,47054.17758468306,47153.6934784232,47156.47015497825,47045.94889608917,3510.0,826624600.0,294622.0,-4.43007714129138
2019-05-27,47197.68529738378,47232.84320406288,47339.60292054693,47093.26380599784,94631.0,22336714600.0,294963.0,-1.1368648068071694
2019-05-28,47232.84280652981,47051.817265129626,47320.3285190656,47038.45550409324,91836.0,21671760550.0,292555.0,-1.1586483055679488
2019-05-29,47051.8188219049,46611.46847669151,47076.12269254708,46603.15300261097,135832.0,31812254600.0,301285.0,-0.7966378326150958
2019-05-30,46615.41430192963,46423.45012519131,46798.30576514153,46316.76689422661,159499.0,37114004250.0,312322.0,-0.6719970542799799
2019-05-31,46422.30834499342,46275.79877894075,46542.11546877413,46103.66645798464,183700.0,42554746450.0,311369.0,-0.5276747118058768
2019-06-01,46275.801417619725,46216.92684918997,46303.289658760295,46211.57080656261,5838.0,1349979250.0,310974.0,-3.9753210349663552
2019-06-03,46227.601443987616,46307.24957193164,46454.53785161351,46114.90129540749,113491.0,26232329450.0,309530.0,-1.0033314793370627
2019-06-04,46307.24907279377,46506.1547113628,46612.43917711067,46226.57862391882,110926.0,25698467900.0,307618.0,-1.0199954411500398
2019-06-05,46506.15592158087,46000.93768666716,46652.1705192553,45977.25300201156,140893.0,32674950050.0,309709.0,-0.7876324098919714
2019-06-06,46004.13234268443,46040.21133628509,46124.44544136484,45875.77306158247,106314.0,24438385050.0,307614.0,-1.062448770845883
2019-06-10,46156.77410125273,46592.39165185078,46633.54706798265,46071.63939574456,147619.0,34188618700.0,312165.0,-0.7488972640043666
2019-06-11,46592.39080010507,46606.6415726733,47036.156117908606,46505.01883063973,191918.0,44898042150.0,305518.0,-0.4649404992111609
2019-06-12,46602.94031966116,46376.79870710181,46707.46547987718,46367.546428874295,126753.0,29498662400.0,306598.0,-0.8832971324289818
2019-06-13,46376.79729033352,46501.78552146283,46561.81019605304,46214.32890826998,146948.0,34064179100.0,307462.0,-0.7382727196736489
2019-06-14,46501.78487797263,46192.67135194039,46625.80020364074,46109.72069513561,112686.0,26121702250.0,308342.0,-1.0066043668305427
2019-06-15,46192.6715792,46134.53380603012,46196.00673959789,46108.56684079538,5059.0,1167080750.0,308584.0,-4.110825256223958
2019-06-17,46150.58843164833,46348.63774849693,46438.39210617756,46003.816229101394,114773.0,26493650800.0,308203.0,-0.9878023921916966
2019-06-18,46351.30027905769,46898.584279217794,47038.452041345896,46236.512833152585,185946.0,43343744200.0,301041.0,-0.4817901591165662
2019-06-19,46899.16869579083,46709.84840598129,46974.58474641269,46709.84639250517,125968.0,29513737000.0,295856.0,-0.853844943022519
2019-06-20,46707.17316589335,46869.23094556647,47180.79882606037,46665.08619262693,158745.0,37231713650.0,296637.0,-0.625210027843945
2019-06-21,46871.19620338526,46905.06823374222,47026.58360466694,46682.91672473986,129907.0,30426359200.0,294136.0,-0.8172234355827027
2019-06-22,46905.06913727157,46847.27708829496,46927.37082418219,46840.683012675705,6827.0,1600108650.0,294343.0,-3.7638604155425077
2019-06-24,46843.09732560034,46829.74245106366,46895.1372675994,46741.37460532637,103675.0,24267194350.0,293187.0,-1.0395496245614713
2019-06-25,46829.74209522899,47430.25865864276,47534.53172245373,46785.928969107685,192248.0,45304406150.0,302097.0,-0.4519619526460206
2019-06-26,47430.25880133077,47079.76427824162,47462.63968877783,47074.00934576325,139323.0,32921023550.0,300142.0,-0.7674607175756155
2019-06-27,47085.6517610526,47024.81506019283,47208.18543226414,46868.258616828185,164602.0,38728114000.0,300368.0,-0.601477950744569
2019-06-28,47024.81350898746,47093.35588615131,47229.254796638525,46914.97878965431,116184.0,27338078900.0,298115.0,-0.9423041767975854
2019-06-29,47093.354822696,47052.84063501447,47124.90204699463,47046.81780620368,4204.0,989941400.0,297694.0,-4.26002966028595
2019-07-01,47263.538068547525,46685.101285514895,47465.5151307018,46620.88024834614,187836.0,44241138750.0,300191.0,-0.4688496970425415
2019-07-02,46685.1007362004,46383.27613658751,46785.28765190329,46261.364940905296,152304.0,35432048250.0,309633.0,-0.7095092016736899
2019-07-03,46383.56293217322,46491.94892600033,46628.0618625507,46243.07413959471,126059.0,29246416750.0,307123.0,-0.890498267490574
2019-07-04,46492.35247954204,46488.02911709968,46598.854693826936,46361.34096685429,88143.0,20479351800.0,305731.0,-1.2437451347689676
2019-07-05,46488.02899963367,46477.82339698479,46538.60793883035,46178.05915031734,107880.0,25012112900.0,310493.0,-1.0571418585644643
2019-07-06,46482.57500362337,46433.68385411628,46499.786983887694,46433.68385411628,2553.0,593033050.0,310110.0,-4.799657934989156
2019-07-08,46443.19328570877,46376.71166843252,46569.263620755184,46288.21886080478,113510.0,26334866700.0,303914.0,-0.9848538278798672
2019-07-09,46376.71237203976,45831.73827323809,46404.06689427885,45650.555942351886,191459.0,44051881100.0,314473.0,-0.4962245354172051
2019-07-10,45831.7379483592,46553.94003846217,46608.61417586631,45773.94709550167,184132.0,42488092550.0,304195.0,-0.5020160514240188
2019-07-11,46553.945094687006,46623.5894970289,46681.4869409032,46433.50314497056,127916.0,29774326000.0,295345.0,-0.8367703660494058
2019-07-12,46627.53506559458,46653.89435499226,46778.04858047158,46523.420238029874,112589.0,26265626800.0,294136.0,-0.9602982254210886
2019-07-13,46649.79668508287,46736.35153174506,46751.35997549104,46633.62120259082,6334.0,1478801900.0,293652.0,-3.836463444658105
2019-07-15,46744.525107516085,46897.0517114559,47094.36937565757,46605.2458342534,144641.0,33892356300.0,292295.0,-0.7035087559208067
2019-07-16,46897.05233085279,47109.543189859,47269.90851695707,46861.37651087142,130523.0,30675317300.0,288019.0,-0.7914769937379833
2019-07-17,47104.27602587744,46901.3674794713,47109.16117135983,46635.72884989369,123928.0,29015288150.0,287646.0,-0.8420298056202699
2019-07-18,46898.67746556245,46887.79744918349,47065.719967452766,46712.80033096629,140081.0,32828165200.0,285242.0,-0.711117116044886
2019-07-19,46888.21047021658,47607.69857669537,48363.63294926271,46855.6408475896,392300.0,93695701800.0,293753.0,0.2892875750433307
2019-07-20,47609.478876931615,47645.2578742242,47674.50272781141,47599.4437144705,5672.0,1350942250.0,292759.0,-3.943807955730185
2019-07-22,47612.014248195934,47253.4562922878,47843.592125055,47253.4562922878,153663.0,36521144200.0,287169.0,-0.6253089997571135
2019-07-23,47251.74898802335,46973.32820073556,47441.28441254961,46792.594843405815,164124.0,38697975500.0,294198.0,-0.5836307703602825
2019-07-24,46975.43236655029,47069.060630608175,47172.26052712557,46961.1303663262,106558.0,25066421300.0,288864.0,-0.9972665512685697
2019-07-25,47079.56841456576,47102.50576530505,47246.54854321741,46987.49636904351,98977.0,23295468500.0,287062.0,-1.0648107203924801
2019-07-26,47097.95260204597,46877.70500641051,47157.677925548654,46817.00869656512,103417.0,24289747700.0,289369.0,-1.028933331665783
2019-07-27,46877.70625112319,46878.22686181066,46925.54479720313,46858.444220035,4217.0,988427800.0,289154.0,-4.227835443394475
2019-07-29,46884.340206470704,47329.37963169331,47332.30451729658,46875.8517089496,123313.0,28995010750.0,287152.0,-0.8452858537733309
2019-07-30,47329.38424031345,46873.621063447215,47399.20675672851,46847.73476250382,143425.0,33808743900.0,291975.0,-0.7108559316766944
2019-07-31,46875.432905548194,46715.56272917538,46972.31818320192,46607.25343066084,147740.0,34597944550.0,298625.0,-0.7037346335453819
2019-08-01,46718.54095828965,46640.684068079245,46768.93750331512,46460.49371359498,125127.0,29169886700.0,302236.0,-0.8818789476263801
2019-08-02,46626.6437166461,45846.33844098524,46737.49580789905,45810.005141484886,210081.0,48548531800.0,320369.0,-0.4219802858212495
2019-08-03,45838.11369807434,45809.083029993264,45910.76788242853,45799.31394260761,10473.0,2400675050.0,320872.0,-3.4222417729214514
2019-08-05,45832.99027403868,46232.10878264533,46356.4109719428,45828.21913757956,219478.0,50485623400.0,322864.0,-0.3859791822218757
2019-08-06,46231.50740917338,46022.190706353824,46279.84385416053,45947.55708685532,140289.0,32346134650.0,326890.0,-0.8459191422541871
2019-08-07,46022.1908304477,46255.13602923176,46324.665469665466,45952.77959206014,160215.0,36946787950.0,326768.0,-0.7127337757650336
2019-08-08,46255.13472238373,46732.1354062346,46815.36342060843,46242.7515868595,195386.0,45466411650.0,314535.0,-0.4761182685667097
2019-08-09,46731.35877634461,46581.65522110264,46928.346006567175,46464.27656493293,150064.0,34996529800.0,311620.0,-0.7307226270226258
2019-08-10,46587.31814009615,46711.9809495652,46757.86536206039,46582.5714927697,5128.0,1196225800.0,311174.0,-4.105636521637735
2019-08-12,46698.0519088092,46619.30944564361,46819.78742138364,46537.607163041546,128436.0,29950111000.0,309476.0,-0.8794498189011931
2019-08-13,46619.30925729648,46849.2468690422,46949.27368979999,46489.24373909582,153857.0,35918142100.0,311566.0,-0.7055875941986258
2019-08-14,46849.24645577825,46438.12619752796,46904.31624644648,46369.398721566,136866.0,31900974850.0,313667.0,-0.8293295686317048
2019-08-15,46438.12645660705,46416.917754262766,46513.25617303644,46332.19871060495,109965.0,25515873450.0,311007.0,-1.0396532866208577
2019-08-16,46419.97193106551,46430.70893941535,46554.42537576879,46362.71541893743,91039.0,21137987800.0,311564.0,-1.2303167884529806
2019-08-17,46430.7097759903,46469.3206159474,46542.826888638105,46430.7097759903,5538.0,1287137250.0,310546.0,-4.0266986138000584
2019-08-19,46465.4208207744,46640.49249459992,46791.42362116562,46449.22431238558,95254.0,22176405700.0,310643.0,-1.182097334982396
2019-08-20,46640.4934225353,46319.79527417894,46712.225912123096,46282.05548586131,115806.0,26938523800.0,312369.0,-0.9922688040194474
2019-08-21,46320.74404981033,46508.73176683265,46519.351478934645,46312.8990648281,88594.0,20548481450.0,313097.0,-1.2624489114555018
2019-08-22,46511.87098546382,46230.75455644338,46521.41694960729,46182.57553617724,128806.0,29840482050.0,318505.0,-0.9053307770399327
2019-08-23,46230.756354229445,46075.903783509806,46432.062080823285,46022.01088810993,140130.0,32392796850.0,323562.0,-0.836820186182296
2019-08-24,46079.77170106964,46101.02540141288,46145.50461895552,46057.51120313996,6456.0,1487742250.0,323171.0,-3.9131716639307474
2019-08-26,46017.99998763937,46343.17448894128,46350.31665477557,45859.257243535925,131712.0,30357695450.0,322370.0,-0.8950822334221463
2019-08-27,46339.36847560295,46605.15461561172,46701.99030580549,46292.0168342194,150594.0,34994978850.0,315007.0,-0.7380073868662617
2019-08-28,46601.52444831001,46641.70732568175,46653.78665589236,46492.461263064695,89807.0,20909759350.0,311657.0,-1.2442403008244294
2019-08-29,46645.332672288765,46762.46323959212,46873.44008730873,46508.361112281855,128341.0,29952049950.0,307940.0,-0.8752141747067362
2019-08-30,46758.995165600114,46641.53594591178,46930.31803687062,46536.90481366007,138278.0,32309140900.0,308533.0,-0.8025626552892308
2019-08-31,46641.53719506465,46542.77600227724,46641.53719506465,46539.645539647936,6118.0,1424752200.0,309146.0,-3.922578411489265
2019-09-02,46557.15534696571,46409.27122535897,46710.66181806455,46359.12112203674,101029.0,23517015100.0,314871.0,-1.1367554267977624
2019-09-03,46409.26477548129,46268.304110543424,46508.97233038648,45750.67475172187,167213.0,38607341650.0,327256.0,-0.6714742904041965
2019-09-04,46264.98742586148,46971.59879331654,47054.878843845225,46196.96804586653,201923.0,47082475750.0,321211.0,-0.4642117914498146
2019-09-05,46971.59742588682,47583.46925035107,47753.51652878047,46850.40906919277,251235.0,59375790250.0,311906.0,-0.21631310426510195
2019-09-06,47577.9882654697,47437.33860921333,47669.81432326646,47299.243964589616,153919.0,36513111300.0,305036.0,-0.6840033124141809
2019-09-07,47439.12024287249,47411.60972775674,47468.36653960992,47363.23519571763,5226.0,1239354650.0,304654.0,-4.065530539330993
2019-09-09,47433.46617715572,47311.53970591628,47450.46172168743,47230.643578054194,109120.0,25822542650.0,303519.0,-1.0229960174103208
2019-09-10,47311.5408413395,47330.205725945874,47478.96760003939,47070.99483593081,138972.0,32882253650.0,304823.0,-0.7854588062929245
2019-09-11,47330.20541136406,47055.00013075229,47398.69432023531,47020.88405711705,128229.0,30276410450.0,305922.0,-0.8695124395450472
2019-09-12,47054.99949334651,47495.78651760926,47499.60808566992,47039.09701128981,99508.0,23537693000.0,297514.0,-1.0952232397594532
2019-09-16,47899.63339751962,47378.15229000007,47952.2175915328,47349.5136418375,145180.0,34571847600.0,290262.0,-0.6928096115359309
2019-09-17,47378.12471368689,47272.9017306483,47435.30101975803,47064.32151599706,131904.0,31187072600.0,291047.0,-0.7914103808893268
2019-09-18,47276.70017763333,47153.21794625816,47451.77936924695,47087.09980325222,117965.0,27871689400.0,297087.0,-0.9236370549015437
2019-09-19,47153.21784561316,47120.7925491711,47230.08165960341,47064.815346351614,103352.0,24369370500.0,297685.0,-1.0578952427993709
2019-09-20,47123.27165905816,47102.26490483678,47191.15850472617,47071.58101214848,87101.0,20532496250.0,295072.0,-1.2201510295079234
2019-09-21,47102.264954078695,47034.21886670024,47104.8131954542,47006.78600999672,5060.0,1190689450.0,295897.0,-4.06864493749507
2019-09-23,47058.2272166968,47104.52512446888,47168.0143611876,46874.11951038961,129324.0,30409924900.0,290434.0,-0.8090554725844379
2019-09-24,47100.8168275919,47080.84524735926,47247.20886517717,46955.91971161038,119054.0,28058732250.0,286567.0,-0.8783951940116356
2019-09-25,47082.96650801183,47198.08464066778,47231.33231757738,46935.862254971085,120049.0,28251461200.0,284166.0,-0.8616585816757429
2019-09-26,47198.08453509569,46724.725690366926,47295.15533649503,46703.79379289226,138775.0,32640684200.0,277606.0,-0.6933489256557019
2019-09-27,46726.45460865932,47065.76377245953,47153.30777465394,46679.74365253719,127950.0,29991186900.0,269596.0,-0.7452849795270355
2019-09-28,47065.57540639398,47067.3862045143,47092.23119008442,46989.922026060594,5252.0,1234947200.0,269233.0,-3.9369682192553777
2019-09-30,47085.80666849921,47254.03652548263,47347.28751991187,47034.90569266598,87177.0,20574408900.0,267594.0,-1.1215303718221734
2019-10-08,46867.27321988605,46594.7394156318,46996.61909151242,46568.963060906455,158543.0,37122364250.0,275477.0,-0.5524782906350992
2019-10-09,46594.73972155162,46564.98540646356,46734.34396380689,46508.74909258307,116292.0,27121377600.0,283002.0,-0.8893496952156614
2019-10-10,46568.62573306014,47028.47054574552,47036.79884069048,46518.26630557596,136204.0,31816496700.0,282421.0,-0.7292451036007698
2019-10-11,47028.472570852,47101.02171118258,47197.89073699224,46882.23138529855,157597.0,37029644450.0,277691.0,-0.5664678430034218
2019-10-12,47101.02184865475,47105.83282504738,47132.913630808405,47047.711366004754,6065.0,1428098000.0,277075.0,-3.8217536852657035
2019-10-14,47118.60843199538,47042.17352136842,47166.92132129538,46746.99702232892,136288.0,32004835150.0,279735.0,-0.7190724327107163
2019-10-15,47042.17170380754,46902.41320015171,47057.1060750306,46849.05453343935,107345.0,25208925550.0,276815.0,-0.9473014664051657
2019-10-16,46905.52333163544,46654.39491894697,46943.32386692521,46545.5968107446,103716.0,24254174550.0,281359.0,-0.9979750394354276
2019-10-17,46654.39474123807,46630.3445468196,46939.417726879714,46586.649320836834,118953.0,27778449350.0,283706.0,-0.8692100335804408
2019-10-18,46630.34161435958,47090.30640045323,47134.0167743561,46585.13378044228,132356.0,31002569500.0,277121.0,-0.738958971926291
2019-10-19,47090.30673961055,47132.496137016766,47154.35427080443,47071.83465609898,7129.0,1679617400.0,276988.0,-3.6598032118138133
2019-10-21,47129.65791050378,47152.38185573656,47221.20067265806,47001.588231645685,125633.0,29599472900.0,273056.0,-0.7763119439763809
2019-10-22,47150.24460442191,47083.457758792414,47210.787719913606,47070.96451641448,90281.0,21268856350.0,271086.0,-1.099509085172028
2019-10-23,47079.320522657865,47399.76008163712,47445.29272881812,46939.25913450327,153551.0,36179877800.0,274385.0,-0.5804994702322698
2019-10-24,47404.38502245029,47367.39654269251,47580.49365256737,47284.20883754362,155967.0,36951804150.0,269169.0,-0.5456949887111964
2019-10-25,47367.41627167502,47588.17374208646,47671.169763915634,47279.15671119958,108403.0,25692297750.0,272634.0,-0.9222744724571937
2019-10-26,47588.17197122808,47468.806430001765,47613.470807899976,47346.96494749846,11371.0,2698289900.0,271664.0,-3.17349975393107
2019-10-28,47490.37243454621,47510.200465037815,47651.72468720292,47421.69719448547,104187.0,24739264650.0,272666.0,-0.962060241484568
2019-10-29,47510.20399779936,47569.317079123706,47615.25198145102,47362.65673793822,112280.0,26636763200.0,270412.0,-0.8789509703886468
2019-10-30,47566.7820509972,47575.61581697336,47631.31126543668,47450.418133043655,106045.0,25195332250.0,272922.0,-0.945322507747833
2019-10-31,47575.62087072507,46889.79395008638,47582.54718122208,46888.15859889,196259.0,46365840300.0,272070.0,-0.3266241706439887
2019-11-01,46889.79073902629,47061.03131829189,47194.5833054496,46863.47093874943,126661.0,29784555050.0,270896.0,-0.7602207571763819
2019-11-02,47061.035667497,47123.96209663397,47137.68181296912,47039.188748320805,4338.0,1020697000.0,270319.0,-4.1321893306751845
2019-11-04,47177.65825334579,47198.88863486351,47322.13794859682,47081.51012952876,91279.0,21512845600.0,271189.0,-1.0888952445802218
2019-11-05,47198.8836614224,47427.20162725469,47696.35128507855,47139.16657453066,127272.0,30138808800.0,273098.0,-0.7635041766251156
2019-11-06,47427.20700035156,47294.76092850758,47495.11861163351,47245.77607711212,93471.0,22117875300.0,270714.0,-1.0634116852945452
2019-11-07,47294.761941704535,47525.607937976725,47606.72477500212,47152.318708116094,126965.0,30016921200.0,271253.0,-0.7591405067759873
2019-11-08,47525.60804409135,47300.59558553878,47548.01440651425,47241.356819080655,130113.0,30821206600.0,261776.0,-0.699085872578196
2019-11-09,47300.59423975805,47269.36605379469,47320.040782504766,47260.96806593037,6414.0,1515403450.0,261773.0,-3.7089946147243937
2019-11-11,47282.82981812625,47189.3970949996,47299.83510957642,47137.220519936025,95469.0,22523148900.0,259759.0,-1.0009526906192798
2019-11-12,47189.39897988644,47090.6154734019,47333.57442863846,47047.10781244106,126349.0,29784016300.0,265113.0,-0.7411082309117489
2019-11-13,47087.316214880855,46902.62165144979,47109.507115624176,46883.81491075179,132455.0,31121553900.0,269109.0,-0.7088735368897112
2019-11-14,46897.47339476814,46755.617211902936,47085.74710454272,46749.70016081341,121169.0,28439808150.0,269883.0,-0.8008022664075157
2019-11-15,46755.615376065216,46823.08450022344,46986.14172879768,46731.27077900913,99303.0,23266821800.0,268520.0,-0.9947496169954189
2019-11-16,46823.08463770059,46927.0647638809,46930.9660469178,46823.08463770059,5958.0,1396512899.9999998,267958.0,-3.8060953975205547
2019-11-18,46929.44494818894,46862.72300609162,47039.30326083315,46848.33503787809,85909.0,20158443500.0,268894.0,-1.1410286534045666
2019-11-19,46862.72217449675,47101.71070824446,47247.12877821448,46818.63592471873,127763.0,30019781550.0,271940.0,-0.755404468568605
2019-11-20,47101.71059066656,47171.03101115894,47251.69536680112,47067.57354524862,94829.0,22351819750.0,268484.0,-1.0407160522028598
2019-11-21,47171.030049312445,46938.38595889389,47182.17594283031,46875.9248016867,102084.0,23995480450.0,268184.0,-0.9658773083138739
2019-11-22,46938.38360188795,47081.38182309393,47119.41033017913,46876.26868552635,108290.0,25419472700.0,266503.0,-0.9005726869378985
2019-11-23,47085.41678083864,47116.57423370029,47117.23369652992,47058.50249127959,4399.0,1035341000.0,266247.0,-4.103047206987939
2019-11-25,47116.60424033574,47109.336536732975,47241.2827251592,47039.15316266978,100178.0,23597370650.0,267008.0,-0.9803300168326954
2019-11-26,47109.34388784458,47296.75213192947,47347.22665362752,47068.13037496992,112500.0,26520461700.0,265839.0,-0.8599376407336394
2019-11-27,47296.7640518769,47501.95069547799,47549.18975940732,47290.64390875263,126868.0,30059111350.0,268089.0,-0.7481718390733599
2019-11-28,47501.942210417954,47334.787034617526,47519.64368296212,47319.6962594706,86933.0,20584034500.0,264057.0,-1.1110272819110032
2019-11-29,47334.78604674062,47184.18546657966,47370.40566326195,47156.89849974374,112061.0,26483333700.0,257448.0,-0.8317743920750897
2019-11-30,47184.19353836113,47200.98682621669,47201.73549598399,47120.59627942795,8127.0,1915246500.000001,256722.0,-3.452801935589156
2019-12-02,47225.24357500535,47197.89918628823,47439.76907300908,47097.76198913712,119137.0,28156736699.999996,258814.0,-0.7758355655669672
2019-12-03,47197.90098030504,47027.0580077691,47259.24477848408,46972.73706072877,121566.0,28621093800.0,261034.0,-0.7641933418656929
2019-12-04,47027.09337193672,47311.7404585419,47315.47624887894,46975.59801426246,97601.0,22976231500.0,260914.0,-0.9833031118411033
2019-12-05,47311.7384355345,47295.978287065205,47437.54472665978,47205.28993854122,100896.0,23848499050.0,261411.0,-0.9520035980438464
2019-12-06,47295.97824839521,47841.37806608853,47929.33036871525,47267.400388801296,150154.0,35688098050.0,274087.0,-0.6017841401368542
2019-12-07,47840.970776022485,48014.15281525618,48029.47105517489,47820.34533948534,14470.0,3465798350.0,276085.0,-2.9486312486749116
2019-12-09,48133.32472316759,48620.86315041757,48655.8406886035,47980.31372745959,303316.0,73267049450.0,306899.0,-0.011743536877098894
2019-12-10,48619.55422750691,48721.60721287041,48806.8021620572,48513.213877983806,206355.0,50175294450.0,308615.0,-0.40249655877722795
2019-12-11,48721.60950714495,49123.117730799575,49338.78239500251,48644.45539324967,227496.0,55691637200.0,318209.0,-0.3355757437829003
2019-12-12,49123.138865573295,48941.76082519436,49260.906910498736,48797.41699679765,215743.0,52900732500.00001,310133.0,-0.3629133532514881
2019-12-13,48946.3006613505,48865.24453925585,49366.3287581363,48700.91789619631,251823.0,61762886250.0,305636.0,-0.19366839162751096
2019-12-14,48868.64438497425,48826.28962131146,48894.298983739165,48760.25483050626,15263.0,3725825100.0,304287.0,-2.9925397360583585
2019-12-16,48856.047408047845,49233.11591305322,49309.544809895946,48759.21668888662,157014.0,38491838150.0,312605.0,-0.6886054393938512
2019-12-17,49233.11591305322,49199.12294925137,49462.55470579451,49065.1341504772,164566.0,40517152700.0,308363.0,-0.62796595488669
2019-12-18,49199.121818175925,49120.6369849792,49242.67463309786,48878.15741739948,122427.0,30030835250.000004,305643.0,-0.9149028202128616
2019-12-19,49120.63259082819,49341.61463929395,49364.28323797401,49011.84905746541,117543.0,28880509950.0,312720.0,-0.9785039973997712
2019-12-20,49341.632059906886,49077.40475087933,49577.62323118217,48975.26987386809,191253.0,47063323200.0,304491.0,-0.4650443712047723
2019-12-21,49077.40475087933,49026.56733379008,49089.84711790149,49008.59373406792,4564.0,1118631750.0000002,303592.0,-4.197485262713333
2019-12-23,49022.81068149916,49169.98753267383,49251.93793344049,48919.11686960758,133421.0,32721651750.0,307203.0,-0.833999224469386
2019-12-24,49168.84489566075,49530.14835610495,49668.31485309779,49116.89175217511,188870.0,46642977850.0,318086.0,-0.5212628387616215
2019-12-25,49530.13698802416,49872.4410251755,49945.63682834983,49458.59497783599,131099.0,32548109050.0,330480.0,-0.9245933801130113
2019-12-26,49874.977047632594,49824.830252110936,49911.67707744103,49483.76582569228,154761.0,38406887300.0,332552.0,-0.7649142474161332
2019-12-27,49824.83570743383,49390.50593409685,49849.36559901966,49308.0501379987,166553.0,41322097350.0,327177.0,-0.6751877317730725
2019-12-28,49391.23571773538,49411.29273668249,49428.52833559462,49281.39496890432,11007.0,2715760000.0,325774.0,-3.38767245538175
2019-12-30,49402.11119943283,49430.22999864959,49629.5885388211,49384.43452965435,153812.0,38064659750.0,325828.0,-0.7506385573361063
2019-12-31,49430.236188816016,49219.35210068552,49431.82665778708,49198.65744192939,105687.0,26042295200.0,314802.0,-1.0914619740440554
2020-01-02,49227.91369985481,49068.74416847362,49415.809916541446,48879.730575044254,193702.0,47633195150.0,304380.0,-0.4519560252017838
2020-01-03,49068.757105399774,48734.31667477538,49171.278683892335,48518.43189687683,196083.0,47941820300.0,293923.0,-0.40477978929331904
2020-01-04,48734.32541208091,48703.5287862107,48764.882033656046,48692.07221178853,5685.0,1385392099.9999998,293387.0,-3.943661429412956
2020-01-06,48697.49492617413,48717.75293895472,48968.50600783043,48664.24428622406,145561.0,35520893150.0,296534.0,-0.7115666402875233
2020-01-07,48717.75129348435,48695.54653270635,48980.239360084335,48682.126965758514,131739.0,32184747000.0,298994.0,-0.8196008138249464
2020-01-08,48691.46914579723,48864.78988805102,49124.24753564061,48624.61401794141,171667.0,41931496700.0,301030.0,-0.5616533738151454
2020-01-09,48864.23476692389,48957.67480429224,49037.52035877891,48819.08052306488,109203.0,26715363700.0,303897.0,-1.023480292744796
2020-01-10,48957.672707408485,49009.76484413123,49018.50188936706,48704.91244727483,122367.0,29893075450.0,301247.0,-0.9009058003646944
2020-01-11,49004.04871997292,48909.39547298458,49195.85192754788,48897.5130018482,26491.0,6500676950.0,302716.0,-2.4359900195797217
2020-01-13,48918.26068563912,49331.89469621287,49348.57722640904,48807.37287095545,152912.0,37442024650.0,308308.0,-0.7012366907828341
2020-01-14,49331.897325120895,49369.31339002748,49586.68833367188,49129.40479716688,162355.0,40009219050.0,308909.0,-0.6432614394087096
2020-01-15,49369.3123284301,49353.20851943204,49463.69168665611,49159.14090220485,104566.0,25762256150.0,300020.0,-1.054030688110556
2020-01-16,49348.45839513374,49275.81053004883,49537.51622605141,49191.34911542996,131026.0,32323120150.0,298897.0,-0.8247032556475392
2020-01-17,49278.17126337943,49110.03925300748,49331.057861788126,48985.08380152981,119586.0,29419673000.0,295264.0,-0.9038340935874897
2020-01-18,49110.045750704376,49066.154170005306,49122.68730226477,49008.287759843406,8518.0,2089546250.0,294532.0,-3.5432060844313193
2020-01-20,49067.834096374085,48970.59741095935,49161.55885854223,48928.86478703933,93781.0,22996779700.0,295090.0,-1.1463181176976813
2020-01-21,48970.59792941017,48560.19882633992,48986.90441916887,48326.28761737459,194557.0,47264080600.0,278786.0,-0.35971928316648144
2020-01-22,48560.19969145769,48175.62886248122,48604.86285366617,48140.244719281975,117242.0,28373222950.0,277024.0,-0.8598639703119513
2020-01-23,48175.63148470386,48059.76401550101,48282.83087703043,47996.30628700883,68488.0,16478633400.0,270950.0,-1.3752757545719387
2020-02-03,44810.579138770256,45123.081827054026,45260.37432502404,44804.850354123824,223455.0,50392657850.0,269483.0,-0.18729525708240755
2020-02-04,44838.626122115886,45336.46583118369,45354.93423502958,44789.76734179093,150702.0,34052268150.0,289972.0,-0.6544799896504458
2020-02-05,45147.10017985674,45642.797543206245,45722.22315163802,45077.54517911737,137455.0,31282782500.0,306090.0,-0.8005825855413766
2020-02-06,45754.13766482513,46119.05504017017,46287.587413934845,45719.66666883827,120240.0,27691194900.0,312172.0,-0.9540645725159194
2020-02-07,45932.39322989947,45784.81072255159,46007.68513432378,45693.36382446516,98933.0,22672586050.0,315410.0,-1.1594305264495683
2020-02-10,45459.27164503188,45529.77017400373,45689.35522918012,45413.24105020971,127012.0,28943749450.0,328901.0,-0.9514752234443723
2020-02-11,45748.65298244762,45692.25860044878,45828.98439586318,45565.530759146415,131185.0,29984541150.0,336465.0,-0.9418855910824911
2020-02-12,45725.78701571863,45702.04944440015,45851.68148593675,45622.37298900488,107318.0,24545631700.0,338643.0,-1.1491500656103129
2020-02-13,45716.71617220138,45854.706785754126,45993.865977145135,45713.22367178833,127544.0,29236973650.0,349659.0,-1.008496990739283
2020-02-14,45999.63631003661,46079.73327544229,46090.88999527461,45968.89188499904,84997.0,19548019650.0,352386.0,-1.4221112039407529
2020-02-17,46013.99001490398,46468.25766310072,46474.53594590101,45990.19763831281,136452.0,31535083700.0,360820.0,-0.9724063145940709
2020-02-18,46453.39306085462,46297.66439205956,46469.23769696152,46255.90082229101,110167.0,25514369750.0,341744.0,-1.132064522418787
2020-02-19,46287.3680180496,46436.72905644249,46559.91112763836,46244.93159729019,100488.0,23317196350.0,346264.0,-1.2371631725121923
2020-02-20,46436.584611924416,46456.21331469232,46587.64310634448,46270.4163134137,144088.0,33429324350.0,351912.0,-0.8929569203081315
2020-02-21,46311.18838538176,46026.8622386155,46359.750900291954,46021.58848452962,139967.0,32339498800.0,357328.0,-0.9372474469395073
2020-02-24,46009.19354929167,46039.83343061231,46075.75362018104,45764.388044151616,158998.0,36489147000.0,359790.0,-0.8166289043869714
2020-02-25,46039.72402507349,45978.86666703371,46064.74124923726,45717.37472047944,148704.0,34114433000.0,363256.0,-0.8931500669613079
2020-02-26,45736.87585829203,45668.37336460406,45803.26859433594,45612.62634651824,134177.0,30657783600.0,364132.0,-0.9983566154040756
2020-02-27,45646.12732357837,45490.3290849772,45680.361472605095,45479.81138596752,129291.0,29440005700.0,363827.0,-1.0346128021458487
2020-02-28,45392.94716877405,44446.12561030821,45408.653271028044,44324.38398315721,279256.0,62648187450.0,368871.0,-0.27831806558050853
2020-03-02,44568.90161516816,45311.45780217283,45392.92165394224,44502.04151508086,203194.0,45822927500.0,369474.0,-0.5979191848445811
2020-03-03,45702.56933812073,45694.50238238676,46065.17859223631,45564.90356577579,149584.0,34185550950.0,365180.0,-0.892532274759627
2020-03-04,45452.68823186056,45367.99572999691,45483.20882740629,45297.67478386832,131766.0,29879758100.0,368618.0,-1.0287332552939648
2020-03-05,45308.92742135919,45417.00446774927,45498.9915854254,45284.74062847819,103212.0,23438852800.0,373790.0,-1.2869090170323279
2020-03-06,45178.45779815288,44991.34243769738,45194.78199387857,44950.06918283144,131424.0,29597284500.0,383772.0,-1.0716198884742432
2020-03-09,43927.95230363568,43874.54142860421,44078.482912699554,43483.47282008652,241535.0,52974872550.0,392229.0,-0.484831462767197
2020-03-10,44241.84567705509,44688.80834045099,44884.8394064874,44211.16547678712,179274.0,39890072650.0,394559.0,-0.788853323773502
2020-03-11,44580.55179541218,44264.81249332329,44717.06546629127,44232.95268049459,131538.0,29263699850.0,402519.0,-1.1184465174563596
2020-03-12,43740.76229483824,43470.10961902697,43822.94929927846,43176.63774878955,240984.0,52419868950.0,410239.0,-0.5320093754465308
2020-03-13,43290.3786085095,43678.66441562163,43754.28889713162,42757.59181963852,285639.0,61835830500.0,404849.0,-0.3487853823138923
2020-03-16,43383.72812714531,42660.56111165238,43604.34888962317,42647.50971843336,212673.0,45990855550.0,410560.0,-0.6577663066297603
2020-03-17,42844.86444243752,42683.42412989583,43055.85460652467,42168.355918630536,269527.0,57299815550.0,375932.0,-0.3327397051109652
2020-03-18,41734.94807717277,39995.34370312991,41811.77190138325,39994.7269452543,260776.0,53879293450.0,384707.0,-0.38882020431148206
2020-03-19,38252.60592421034,37608.485494903325,38783.24843851524,37608.16460907536,39289.0,7464824200.0,374558.0,-2.254802082652314
2020-03-20,37996.0355244567,38986.00919574968,39285.41379329615,37611.27362464413,483920.0,92936292700.00002,357339.0,0.30323469275280596
2020-03-23,37096.35672244083,37291.9927061242,37346.22943996285,35343.94148977789,420250.0,77074353200.0,353173.0,0.17389175042201685
2020-03-24,38165.772178912695,38271.911530165016,38911.31002788686,37602.04549440726,322936.0,61672593750.0,348616.0,-0.07651686873487429
2020-03-25,39167.3491341062,39420.94360115116,39455.84720241846,38606.70191914249,306167.0,59640622600.0,344351.0,-0.11753078129045547
2020-03-26,39375.05379401593,38926.73959880047,39425.76628908336,38879.7567764288,210117.0,41094264700.0,343470.0,-0.49143525317567766
2020-03-27,39197.25650505593,39230.6455038839,39354.35056853621,38777.94002611344,256800.0,50169844700.00001,341795.0,-0.2859135703210049
2020-03-30,38673.847847029625,38745.1879857234,38958.12533401085,38335.81233899489,237377.0,45836594150.0,342659.0,-0.36708618897179907
2020-03-31,39152.92166006061,39172.71983537294,39583.92588598741,39140.8282525064,161558.0,31745930549.999996,338219.0,-0.7388294033449558
2020-04-01,39592.334077369946,38993.81482338401,39629.01432393679,38837.69644490018,195782.0,38421597750.0,341447.0,-0.5561906739798782
2020-04-02,38904.06898532546,39649.59923841228,39707.3847365128,38588.77935120612,259136.0,50683438800.0,334039.0,-0.2539047322173971
2020-04-03,39692.167364743815,39922.954612865535,40089.02999638599,39420.32700813925,203523.0,40392704050.0,330402.0,-0.48453107428811315
2020-04-07,40235.185541032944,40591.626767020025,40918.27898719145,40194.4893618307,198880.0,40406971650.0,333754.0,-0.5177025668989651
2020-04-08,40322.19853095488,40773.43880564921,40998.16596013938,40142.37907549284,211161.0,42875045000.0,334843.0,-0.4610408895651575
2020-04-09,40912.07155859982,40766.996313463664,41066.7274260296,40664.782968292544,141302.0,28833976650.000004,333104.0,-0.8575553096614367
2020-04-10,40649.09713350009,41740.45747314786,41840.33641902941,40615.85566132236,208203.0,42865590300.0,334424.0,-0.4738960836711488
2020-04-13,41321.76764919127,41824.32744121367,41956.25113300434,41272.78582873101,213243.0,44519460350.0,333666.0,-0.4477081321324827
2020-04-14,41913.84385532953,41781.31702988464,41992.79309018366,41619.48939352128,171461.0,35857058400.0,332445.0,-0.6621185973820596
2020-04-15,41775.000706025865,41615.89734479453,41842.28961048295,41377.525582372095,162959.0,33924100950.0,334927.0,-0.7204139622068604
2020-04-16,41423.98156018287,41572.8494355392,41685.526450182486,41360.41024420549,128669.0,26717792200.0,320660.0,-0.9131381564133761
2020-04-17,41850.63741081674,42304.54859646583,43170.13405553061,41821.43560095794,195148.0,41206109350.0,317698.0,-0.4873430009612337
2020-04-20,42184.90891492965,42368.74870093907,42622.445383159335,42083.242563861466,177276.0,37604818800.0,321386.0,-0.5949350527996967
2020-04-21,41940.5146128464,41469.12498427225,42172.64375349742,41452.214622324784,259582.0,54162871950.0,325857.0,-0.22738598984100541
2020-04-22,41179.09063292072,41115.05754551489,41381.08946734907,40388.22389410029,304848.0,62282477450.00001,337472.0,-0.1016692521792759
2020-04-23,41375.089009713134,41918.09633090686,41970.70633613486,41301.52372157108,243399.0,50780944850.0,326811.0,-0.29467995006854164
2020-04-24,41790.8794539466,41731.71013758236,41945.293186729774,41597.67964722305,164989.0,34501875300.0,323588.0,-0.6735922966668648
2020-04-27,42342.4259573433,42429.74669516104,42785.48327713479,42188.70302922353,228885.0,48658362350.0,327550.0,-0.35842102116607666
2020-04-28,42242.04855471565,42270.02990139876,42420.01397710908,42099.20296736806,169419.0,35810214550.0,327075.0,-0.6578145659018059
2020-04-29,42370.53924912587,42449.47062534883,42677.86650898252,42357.70204252689,168212.0,35783822400.0,329672.0,-0.6728731321487367
2020-04-30,42718.92319409634,42888.75622343103,42931.024879901626,42594.15577279214,143779.0,30763718750.0,329802.0,-0.8302150759272008
2020-05-06,42346.35462868277,42655.52701696123,42838.74353749368,42268.22640276407,199317.0,42431469550.0,339657.0,-0.5330397627499022
2020-05-07,42655.524732886,43099.70507518633,43373.09638547195,42606.007438826215,195594.0,41988679600.00001,343613.0,-0.5634749418022796
2020-05-08,43099.70360884749,43424.09723735714,43542.04874433588,43008.99635392266,161369.0,34992260500.0,344127.0,-0.7573171072921625
2020-05-09,43422.76432262152,43421.46642791113,43450.76141113817,43401.13820689173,3753.0,814836250.0,344006.0,-4.518103578928872
2020-05-11,43480.43388015896,43130.45800849192,43830.5659480847,43075.07349866236,226557.0,49280630150.0,349273.0,-0.43285728248087585
2020-05-12,43130.459744446445,42975.8279561231,43342.86901042634,42811.54611391208,207076.0,44702545350.0,347609.0,-0.5179924092448955
2020-05-13,42975.82759186115,42801.31179094416,43102.17012954288,42565.705695458426,187442.0,40156136700.0,348615.0,-0.6204986971963773
2020-05-14,42801.3113221078,42739.72551595295,42940.0135227471,42370.693004974695,198883.0,42525628350.0,342570.0,-0.5437593042599859
2020-05-15,42739.71950831492,42739.20343805747,43194.4752257212,42613.32586502207,191369.0,41123944050.0,339145.0,-0.5722242431153293
2020-05-16,42739.2101452908,42660.09515361188,42787.510164700616,42631.526285486514,6885.0,1470598950.0000002,338190.0,-3.8942627355439314
2020-05-18,42831.65970905239,43571.04963404016,43660.7073018637,42806.56717919284,191417.0,41388881350.0,339928.0,-0.5742795361776033
2020-05-19,43571.05214851161,43627.06228822767,44020.29760872186,43513.02879829412,185029.0,40432942150.0,340578.0,-0.6101316046957634
2020-05-20,43623.89447782143,44272.4004022498,44431.34887598542,43598.13113723,210171.0,46136837300.0,342076.0,-0.4871114495161206
2020-05-21,44272.39787744124,43965.8880782191,44499.09893189909,43804.79778521032,242166.0,53567055700.00001,337718.0,-0.3325877863046913
2020-05-22,43965.88831344959,43432.20629625926,43973.92592504736,43259.86124888068,275369.0,59935573400.0,330069.0,-0.18118970709829205
2020-05-23,43432.20764229317,43511.18463290877,43523.8252066166,43373.19302629544,11490.0,2496178299.9999995,328338.0,-3.3525664737402776
2020-05-25,43587.96477929984,43769.85832295266,43927.58447814616,43431.05801279027,144769.0,31587429550.000004,326729.0,-0.8139917124862853
2020-05-26,43769.85832338629,43936.75008113851,44100.20299806872,43674.62994984241,191744.0,42067776250.0,326602.0,-0.5325811552016841
2020-05-27,43934.55676940129,43491.56096385837,43940.27193637348,43335.99684280644,207796.0,45372792950.0,327932.0,-0.4562494406161128
2020-05-28,43493.43486866383,43801.985379230086,43842.28050474575,43489.95172973534,187023.0,40878260000.0,323102.0,-0.5467364589015686
2020-05-29,43804.2766446788,44089.23673507404,44146.92210002049,43732.276765393486,199248.0,43750902900.0,322090.0,-0.4802807296174897
2020-05-30,44089.24161184261,44121.15829599618,44151.23509494151,44042.79488127682,8813.0,1942247950.0,321619.0,-3.597139711044147
2020-06-01,44223.41612596219,44721.42745977755,44758.47258350756,44187.27501719554,239298.0,53176768150.0,328983.0,-0.3182964405284048
2020-06-02,44725.545332129615,44904.73671527792,44998.65455979362,44484.68945419596,183929.0,41144407950.0,327839.0,-0.5779728206405632
2020-06-03,44904.73510822616,44853.19659333297,45047.79018523018,44697.81821309748,189359.0,42470028150.0,325362.0,-0.5412937243717656
2020-06-04,44853.19787062708,44916.99792155423,45044.18940250134,44559.70430257758,175118.0,39222539450.0,321394.0,-0.6072077523937571
2020-06-05,44916.9924257512,45841.82845061914,45871.83837456235,44816.41309748584,235400.0,53333935400.0,331100.0,-0.3411342497270243
2020-06-06,45841.83469976295,45660.70434914381,45894.08454316935,45621.09407925012,16600.0,3795889749.999998,329950.0,-2.989538432466933
2020-06-08,45595.182840109286,45872.32042451611,46009.88051197787,45412.80217801354,210687.0,48199600600.0,328845.0,-0.4452128953228065
2020-06-09,45872.32078942969,46618.4830225576,46654.74720070587,45868.09483238651,264332.0,61135980900.0,333413.0,-0.2321760729402523
2020-06-10,46618.48376263157,47430.39505542372,47565.14240297524,46562.95581560688,295252.0,69476667900.0,332890.0,-0.11998287610409673
2020-06-11,47428.5496988178,46587.59992843526,47586.23402609986,46500.13514762706,337998.0,79388655800.0,324182.0,0.041734891828695234
2020-06-12,46587.60164946164,46943.64976964173,47248.81239957893,46054.949775851484,372445.0,87070517950.0,326448.0,0.1318187048100272
2020-06-13,46943.68066341333,46941.889327456185,46989.25535532131,46838.88352653141,13012.0,3052923549.999998,325555.0,-3.219659409577691
2020-06-15,46751.84649381624,46318.13295447449,46767.92262914608,46067.502314983074,317534.0,73687259200.0,320260.0,-0.008548266680773287
2020-06-16,46318.1165195287,46449.42024563278,47105.99263538039,46299.5274375336,360832.0,84443668400.0,327725.0,0.09623763396771975
2020-06-17,46446.29261281274,46770.34633682208,46853.22585805389,46399.251645340446,217499.0,50788966950.0,325810.0,-0.40412013655698603
2020-06-18,46767.57553526207,46966.74097312298,47063.77510296315,46665.64088758161,199047.0,46644364900.0,331510.0,-0.5101169973407581
2020-06-19,46966.72641153666,47415.00943173435,47858.61965795749,46879.85605060039,302276.0,71746211450.0,342991.0,-0.12636370045399337
2020-06-20,47417.63003909701,47322.59483024352,47425.04861615252,47107.77647714767,26572.0,6285418400.0,340635.0,-2.5509534929817472
2020-06-22,47364.99459580118,47631.980867373175,47749.38815396958,47236.71469460305,217694.0,51783686300.0,340361.0,-0.4469164120454977
2020-06-23,47631.97547115481,47645.56329790985,47870.998318934646,47296.4578790766,271651.0,64718953850.0,340264.0,-0.22520363270291827
2020-06-24,47645.551228544566,47806.89597197076,47855.13144650969,47601.67774511623,101953.0,24374084850.0,340216.0,-1.2050687872371424
2020-06-29,47924.51634841441,48331.84651573906,48533.14599194546,47917.88997871804,282582.0,68332663400.0,350720.0,-0.21601941036525085
2020-06-30,48331.84653153396,48774.76102596796,49059.46230176976,48331.84653153396,242555.0,59111616000.0,357633.0,-0.38827883213576075
2020-07-01,48774.759197689134,49079.75994904132,49299.267808217286,48768.88449838667,293289.0,72043210700.0,359507.0,-0.2035751774414574
2020-07-02,49079.75712950497,49215.61098287511,49479.99958364213,49025.09652327046,245686.0,60564900950.0,355681.0,-0.3699799638811753
2020-07-03,49211.941319028585,48708.5084384617,49341.21025297275,48432.125194612185,266760.0,65291921450.0,336969.0,-0.2336415602265248
2020-07-04,48706.92789782608,48778.60005943535,48791.041896820025,48705.81333792293,9314.0,2271855850.0,336500.0,-3.587079504524597
2020-07-06,48845.551548440286,49258.51218934628,49389.40834932821,48758.27161262399,243114.0,59691210950.00001,333611.0,-0.31644517442885484
2020-07-07,49258.51433213137,49639.04853623266,49729.82434964329,49127.82981865026,228024.0,56334799100.0,333318.0,-0.37964610268343685
2020-07-08,49639.04706891998,49967.67831165022,50078.9732854038,49583.09323816656,230494.0,57463746300.0,337513.0,-0.3813791963601402
2020-07-09,49967.67991158859,50337.72076759012,50711.36732264697,49965.97654259543,350135.0,88383795400.0,339452.0,0.03098624178631243
2020-07-10,50337.72205446967,51587.70713681753,51773.04944902979,50185.18081396912,355141.0,90447352950.0,341791.0,0.03831545457069051
2020-07-11,51587.63730700348,51760.40337708316,51797.74013720868,51574.32127141228,19799.0,5119893950.000001,340649.0,-2.8452211902764444
2020-07-13,52056.42666041523,52787.64486160052,53391.32845813342,52002.77938784781,473425.0,125171033550.0,345088.0,0.31619404817929103
2020-07-14,52784.42888895973,52321.7220728894,52819.03954589226,51738.042208843886,374170.0,97600920500.0,341147.0,0.09239677015754413
2020-07-15,52318.51084598699,51165.3798253197,52624.82078476057,50972.01280946295,391614.0,101634116350.00002,335470.0,0.1547441271477039
2020-07-16,51161.58060139838,51422.57901865217,51559.754346465794,50527.51684941765,397732.0,101646245450.0,332991.0,0.17766294904881538
2020-07-17,51422.57757036288,51521.28877259894,51665.93259320848,51120.22816568615,254784.0,65520493850.0,334031.0,-0.2708176756631187
2020-07-18,51521.2938964775,51408.20666447553,51597.06991533035,51314.02785637741,14288.0,3680086850.0,331639.0,-3.144627003791514
2020-07-20,51391.44575988034,51841.19553085963,52228.74592087005,51068.87453365701,290377.0,74922572000.0,335098.0,-0.14324294764566275
2020-07-21,51841.19295983573,52196.37620215361,52466.997764726366,51512.97869533672,310134.0,80639267900.0,338871.0,-0.08861504183961115
2020-07-22,52196.37576247628,51905.81929519265,52763.15026659063,51323.68643802586,326156.0,85001620550.0,334446.0,-0.02509963704242932
2020-07-23,51903.79259104228,52261.0017690277,52388.14377306933,51541.44023099017,257304.0,66823742750.0,328429.0,-0.24406241540014903
2020-07-24,52260.99799013339,51487.19535723847,52285.324684816376,51021.29889804621,355266.0,91664579550.0,324979.0,0.08910623981067692
2020-07-25,51487.1989316956,51529.9223348922,51561.238333025096,51407.29217711291,9238.0,2380231649.9999995,323955.0,-3.557279205249072
2020-07-27,51557.545556278295,51497.49020956488,51812.21990712999,51241.86859372724,197726.0,50995593650.0,322764.0,-0.4900391720908544
2020-07-28,51497.490929708736,51772.17693675217,52181.27538393632,51320.00260140849,292576.0,75704559700.0,325687.0,-0.10721233547226844
2020-07-29,51772.17740028681,51866.88736672603,51978.27186248584,51520.16560911955,217508.0,56324113150.0,327896.0,-0.4104608534735785
2020-07-30,51866.88567638044,51575.76168994002,52092.68296099166,51166.49688685848,278817.0,72014665600.0,325408.0,-0.15452412697153897
2020-07-31,51575.76700145059,51274.68166697469,51900.34169540841,51228.98873479508,262491.0,67739888350.0,324660.0,-0.2125616851530747
2020-08-01,51274.68365580668,51113.09623713301,51303.02649651087,51067.74926605167,21787.0,5576871199.999998,326028.0,-2.705669805604765
2020-08-03,50987.30059962916,51708.17584112005,51903.50246949672,50178.69404133317,311680.0,79730999100.0,324270.0,-0.03959948164205097
2020-08-04,51708.17363653467,51522.40919126263,51793.741662402914,51229.551586955706,197336.0,50844634150.0,324308.0,-0.49678582188771214
2020-08-05,51518.67494734635,51496.852550681,51861.14759643771,51272.367047293126,234348.0,60396661500.0,326207.0,-0.3307249590954897
2020-08-06,51496.85640584169,51532.8926888893,51700.41993766406,51201.705222252815,227935.0,58664585450.0,325614.0,-0.35665213015710134
2020-08-07,51532.89407009992,50055.317554698886,51679.140715605,50017.252617865095,316637.0,80715395400.0,327109.0,-0.032537441360062994
2020-08-08,50055.31690065569,49709.13312588992,50091.03749958056,49590.42473276272,58971.0,14697097850.0,325872.0,-1.7094588685836296
2020-08-10,49825.24027649261,50833.55268278599,51085.59360403115,49813.95408335223,307018.0,77372562300.0,318624.0,-0.03710534641543648
2020-08-11,50833.55276372447,50586.81260437556,50837.20721342757,50195.48268257632,235348.0,59527014950.0,310178.0,-0.27608105641222597
2020-08-12,50586.809393956966,50718.4018834593,50912.31227175274,49520.719766880335,432053.0,108233006950.0,304546.0,0.3497261228401699
2020-08-13,50722.10017009148,49670.21322074327,50773.622385758936,49508.22732968411,266933.0,66933840649.99999,302691.0,-0.12571479259645837
2020-08-14,49670.214621768784,50311.82676761964,50554.36530087457,49629.82562903055,228409.0,57212163350.0,300602.0,-0.2746492490977562
2020-08-15,50314.94687433468,50330.57520632474,50384.78824988942,50288.558061476266,7532.0,1895636050.0,299649.0,-3.6834511788769553
2020-08-17,50281.87587357184,50980.33211242601,51285.37015772667,50066.56173560568,235826.0,59797796850.0,312063.0,-0.28011084554323445
2020-08-18,50980.33210816909,51732.226468839006,51902.99907361621,50783.67717983192,301672.0,77528984600.0,319470.0,-0.05732303826185621
2020-08-19,51732.22826325114,52430.02014870817,52696.82704295761,51712.106950130845,358833.0,93833314200.0,336498.0,0.06426489366879329
2020-08-20,52430.02202204583,51874.4181135332,52559.99301302253,51777.504154163966,285920.0,74451993000.0,329102.0,-0.14065568169989878
2020-08-21,51874.41771571121,51193.92751002633,52173.77856331656,51010.5485617397,252767.0,65247717700.0,319658.0,-0.23478355849605045
2020-08-22,51193.928151318345,51122.601312258805,51197.47450288446,51111.07119848384,7680.0,1964507550.0,319754.0,-3.7289324029943853
2020-08-24,51250.96717886908,51252.21034708662,51543.33841468245,51134.28446271843,172581.0,44304972750.0,315973.0,-0.6047900754209146
2020-08-25,51255.76315064896,51291.28704899502,51413.26838508251,51021.12314578788,173719.0,44502201300.0,310501.0,-0.5807480707198031
2020-08-26,51293.62121153573,51472.39629292738,51698.63872561271,51243.580320056455,160262.0,41207252250.0,308923.0,-0.6562820789135058
2020-08-27,51468.84034842956,51729.37963552288,51969.786954209165,51182.34181943379,203800.0,52540962450.0,307948.0,-0.41279181676253274
2020-08-28,51723.80924236028,51833.8722790329,52211.511900197416,51655.20254366231,178406.0,46299892100.0,315375.0,-0.56970055509387
2020-08-29,51833.87239561039,51885.67365231423,51911.56791000291,51828.67557018337,5508.0,1428681650.0,314836.0,-4.04585028746117
2020-08-31,52085.25405985007,52316.14737554689,52373.11362467544,51884.49793162473,167991.0,43751051600.0,319076.0,-0.6415189123835465
2020-09-01,52312.37162350625,52111.58868136757,52992.5201320011,52054.27283457025,286387.0,75155768250.0,323608.0,-0.12218886376278616
2020-09-02,52111.589276885046,52030.57448661223,52188.4801433634,51635.5325269948,231223.0,60049574100.0,311217.0,-0.2971078052424029
2020-09-03,52030.57606914501,51245.17037548788,52151.81274753938,50877.820889464434,260717.0,67322315950.0,309757.0,-0.17235259125796873
2020-09-04,51245.165723655125,52077.23717169633,52092.90886375806,51085.69544461526,247159.0,63839738500.0,310193.0,-0.2271628301789605
2020-09-05,52077.23819563318,52555.244932190486,52652.54207823247,52069.47769686303,43234.0,11330619900.0,314189.0,-1.9833674929247527
2020-09-07,52724.3643588636,52530.92706621587,52839.110010600765,52048.957857034,231541.0,60800209900.0,317658.0,-0.316218368670962
2020-09-08,52529.2261513132,51880.82202462032,52697.05386102745,51580.11081484844,274146.0,71452935100.0,314212.0,-0.13640710613546458
2020-09-09,51883.35673638783,52148.308276808246,52338.70407175253,51808.77440630269,207401.0,53986109900.0,312693.0,-0.410567761155489
2020-09-10,52148.30841904616,51524.84503410521,52343.07253809895,51371.55330981664,241391.0,62685342750.0,314908.0,-0.26586250722494215
2020-09-11,51524.8437986244,52097.67883977386,52209.49736828559,51242.59307566894,285154.0,73663169150.0,310767.0,-0.08601405004119642
2020-09-12,52099.565442650586,52002.860111161375,52150.852351759306,51987.87106069024,8600.0,2239227650.0,309460.0,-3.5830666398020643
2020-09-14,51982.579223220106,52217.21851428426,52543.92911027541,51956.26950368292,209851.0,54765733650.0,313142.0,-0.40025900670576975
2020-09-15,52217.21801918035,51816.00972022979,52287.20504245583,51640.00520261287,206710.0,53756281400.0,310898.0,-0.40814803929623655
2020-09-16,51816.011772842045,51835.015484465584,51992.40565855044,51640.73565799194,171591.0,44433684950.0,310311.0,-0.5924612822649574
2020-09-17,51831.64517719548,51920.56254136333,52000.501830223184,51359.99545922576,273816.0,70609094900.0,311266.0,-0.12819150411800564
2020-09-18,51917.43653338302,52273.6842971857,52388.83539594205,51869.48043308492,238795.0,62272244050.00001,315816.0,-0.27955432224015614
2020-09-19,52273.68179127347,52724.2673989241,52767.71631896934,52263.12231491301,26254.0,6891684800.0,320106.0,-2.500833832561388
2020-09-21,52736.1399654206,51566.50811131754,52741.17569954623,51158.809553982726,357501.0,92926902650.0,313266.0,0.13208548944697046
2020-09-22,51566.51013867252,51956.94645042643,52234.90492981645,51446.371160054994,269880.0,70045002300.0,312122.0,-0.145416721260681
2020-09-23,51961.638331202965,50896.119874403135,51999.91051095871,50789.07264564557,454684.0,116509534899.99998,322938.0,0.34214231784237153
2020-09-24,50896.1161029439,50714.55469808833,51095.5439953551,50031.27917940248,483700.0,122254187700.0,323174.0,0.403274001962468
2020-09-25,50715.7537040648,50783.06673155612,51171.53410439377,50502.77285611917,300054.0,76247892050.00002,312326.0,-0.04008505564762646
2020-09-26,50783.06750941365,50873.71299891987,50891.51569411584,50750.73640838183,7641.0,1940998749.9999995,311072.0,-3.706495911973229
2020-09-28,50898.28746393529,50941.126167085065,51435.9771445387,50703.13827566495,271115.0,69190832700.0,303534.0,-0.11295054547376707
2020-09-29,50941.1265665977,50985.44834523691,51235.91389593112,50610.57027663272,225286.0,57348556400.00001,298230.0,-0.28049429475442456
2020-09-30,50982.8428590595,50931.68324802839,51282.53351965604,50855.01571449951,151179.0,38597240200.0,291894.0,-0.6579261574536399
2020-10-09,51407.2719628085,51351.70929061847,51639.6476234394,50844.07190730813,250153.0,64182479500.0,296977.0,-0.17158196405992518
2020-10-10,51351.70830008384,51442.39537404159,51482.099539139504,51298.76347721363,16772.0,4309646049.999999,297106.0,-2.8743781481765893
2020-10-12,51290.49959286949,51553.113440908026,51868.09363723384,51216.39676045249,212247.0,54670297300.0,303603.0,-0.35797023607963036
2020-10-13,51553.11576804893,51293.75564391574,51605.38716781388,51171.292292571066,193936.0,49787002049.99999,304310.0,-0.45051871094174933
2020-10-14,51293.755754841295,51287.04448819549,51577.67421407678,51121.73185186651,222805.0,57168277350.0,302215.0,-0.30484173515643637
2020-10-15,51287.044267817306,51573.37789163015,51671.97637178127,51055.86545331479,225704.0,57933495750.0,295119.0,-0.26815425852340496
2020-10-16,51573.37615033274,51294.0730874548,51796.16439188163,51196.28310932688,195274.0,50233643000.0,295810.0,-0.4153136558313471
2020-10-17,51294.07533991872,51293.47492455325,51340.61883074005,51269.52884283013,4420.0,1133319199.9999971,294910.0,-4.200530528956632
2020-10-19,51298.69591741285,51478.87720171364,51619.674426143145,51206.37650871892,206134.0,52985966200.0,297382.0,-0.36649106489577987
2020-10-20,51477.992110758765,52089.96828328378,52521.6934594833,51270.61551106755,285643.0,73999491250.0,306463.0,-0.07035425095141937
2020-10-21,52089.97601464574,52445.7064520504,52850.44773432518,51965.02724052948,304471.0,79684260100.0,324424.0,-0.0634754577227531
2020-10-22,52454.80522122394,52287.664087884405,52634.78845745287,52016.20157390552,220025.0,57507045150.0,327157.0,-0.39669900173969286
2020-10-23,52289.48561979024,52008.01330245973,52317.71477904773,51875.85117393059,211712.0,55114120949.99999,318287.0,-0.4077266309598928
2020-10-24,52008.013265007954,51941.19113895782,52014.87966481536,51902.05947700711,9431.0,2447754650.0,317931.0,-3.517832242542542
2020-10-26,51926.08405368875,51604.49986917884,51994.88779957796,51456.94313838882,189361.0,48969850950.0,317227.0,-0.5159623597983131
2020-10-27,51604.482022935765,51682.33443928765,51829.333861062354,51466.78900741277,172729.0,44544278450.0,308331.0,-0.5794499889419521
2020-10-28,51682.35110338249,51552.28294107655,51919.18482231384,51220.26725601545,229912.0,59201850500.0,306092.0,-0.28618908334575605
2020-10-29,51550.11754133717,51384.324345645255,51643.34062085781,51187.77566851582,180501.0,46389438250.0,304231.0,-0.5220509633496379
2020-10-30,51386.70460111306,51103.12326418879,51481.76968104644,50898.2305647644,228229.0,58387011550.0,301012.0,-0.2768006202025841
2020-10-31,51099.31810180481,51103.11968232182,51178.14358698217,51080.08974180135,8394.0,2144559600.0,300178.0,-3.5768584671255086
2020-11-02,51025.08213545541,51380.81476008287,51755.39727207179,50781.81645085051,215333.0,55101053600.0,296394.0,-0.3195039831763836
2020-11-03,51380.81507473261,51877.57602589357,51973.56727362172,51352.56362174289,179440.0,46395790400.0,301542.0,-0.5190684197360451
2020-11-04,51877.576259045294,51615.94158947151,51901.679847729705,51376.26967077814,239285.0,61749366900.00001,296111.0,-0.21307907390436223
2020-11-05,51615.93936467306,51596.50387515675,51707.72660616176,51403.945104409926,143316.0,36928143850.0,295859.0,-0.7248310070070714
2020-11-06,51596.502653192285,51995.641967152165,52241.64881528729,51444.31475095656,194788.0,50426539250.0,301207.0,-0.43588594835926603
2020-11-07,51995.666570315065,51876.31158437603,51999.31959160212,51862.77497945796,12633.0,3278966099.999997,299386.0,-3.1654212728572952
2020-11-09,52000.55205689863,52382.29781884099,52636.06916949465,51878.70438984696,239049.0,62441642050.0,307818.0,-0.2528401473889854
2020-11-10,52382.30038634378,51860.81756161971,52400.77148529522,51465.20721178603,232404.0,60222023050.0,299904.0,-0.2549851869116806
2020-11-11,51859.4189272092,51821.67995555305,52076.31993021435,51627.34572444087,161821.0,41947370800.0,302383.0,-0.6252036397274848
2020-11-12,51821.684785664445,52109.406744194486,52285.44090130452,51758.737536574285,166353.0,43208706600.0,303461.0,-0.6011410648519174
2020-11-13,52105.4055862019,52493.78558034312,52776.35465807966,51890.50827001039,204005.0,53287048300.0,315167.0,-0.43495815372352514
2020-11-14,52493.790824162585,52521.53060704828,52531.58554440823,52411.67607083627,12195.0,3196672100.0,314176.0,-3.248927306767704
2020-11-16,52708.92628947418,53172.37728406964,53852.04994787734,52546.01959060814,435896.0,116240125650.0,340237.0,0.24776124918456002
2020-11-17,53172.37394531973,52649.39813397411,53356.23964412998,52328.59778507149,259758.0,68593428100.0,323361.0,-0.21901891782887484
2020-11-18,52649.3990610619,52898.78471778195,53158.05248989757,52519.1761935319,222960.0,58845926050.0,328434.0,-0.3873435213231941
2020-11-19,52901.54096064551,53029.06614809787,53075.63274659845,52558.28429806412,202129.0,53327914550.0,327054.0,-0.48121918744268527
2020-11-20,53029.07257189158,54200.24193278249,54512.36363838344,52958.18246514683,355673.0,95497490150.0,358240.0,-0.007191383440009936
2020-11-21,54196.07255520506,54218.50989434637,54360.83146205494,54174.16735525655,15126.0,4103781600.0,356921.0,-3.1610993513424788
2020-11-23,54220.16788458145,53846.99368941515,54343.34651612884,53797.51052668787,260248.0,70278188500.0,353533.0,-0.30634181062474347
2020-11-24,53851.21975646742,54745.41349635089,54933.50581652507,53661.39295356064,349223.0,95015270050.0,367077.0,-0.04986094868162955
2020-11-25,54751.52318782933,54571.992332066446,55087.08148746618,54407.92910017316,237882.0,65050256000.0,360723.0,-0.4163355983746586
2020-11-26,54571.99134031135,55474.61936844881,55526.205387737886,54553.791082512966,289628.0,79921563900.0,379225.0,-0.2695323555570032
2020-11-27,55474.61988566245,56217.50013227374,56329.53535999493,55268.31926839303,312682.0,87388739300.0,378004.0,-0.1897180779267852
2020-11-28,56221.95390471455,56225.9105984826,56339.98709445379,56160.27749650353,17363.0,4881741400.0,377488.0,-3.0791972747423566
2020-11-30,56274.27385321586,57135.91136568508,57966.34221173205,56261.56353453838,601990.0,172594234100.0,353881.0,0.5312801354473173
2020-12-01,57135.91115796495,57310.677363287694,57797.57138112309,56612.54953673975,413309.0,118331785050.0,348085.0,0.1717487944071066
2020-12-02,57312.938905644114,56956.19603448175,57604.57276810636,56502.59768909409,356169.0,101518275600.0,341746.0,0.04133756623645467
2020-12-03,56953.725290514776,56950.67784235102,57546.3916303068,56714.58190471166,396806.0,113323226800.0,339666.0,0.15548471441998785
2020-12-04,56950.67867374491,57372.33560889799,57612.39678016274,56822.718481754906,310124.0,88820027300.0,343358.0,-0.10180141713454305
2020-12-05,57372.3357915094,57477.19626904887,57494.46191651928,57326.70251344982,12566.0,3607006850.0,342540.0,-3.3053936852234678
2020-12-07,57492.02461813288,57207.72760078669,57838.97049721477,56838.56255877318,324776.0,93002622850.00002,332534.0,-0.023606396575468577
2020-12-08,57211.36059781382,56969.59399749895,57230.850024058695,56687.65570116289,225943.0,64349141650.0,323865.0,-0.36004400722397517
2020-12-09,56969.59551387555,57253.89030056405,57517.10048123543,56939.7529505932,269126.0,77046197050.0,325854.0,-0.19126975686687625
2020-12-10,57253.8912827312,58603.78457694438,58774.97216693897,56836.57859636001,421526.0,121693430950.0,339388.0,0.21673746433618418
2020-12-11,58603.784749029066,57735.3050926069,59261.53319616191,57174.334970378215,518884.0,150543083450.0,323410.0,0.47275948331635514
2020-12-12,57739.92343136344,57840.98916325177,57887.80127445307,57719.926199490255,17557.0,5070456600.0,322606.0,-2.910979033615147
2020-12-14,57894.44306382293,57607.89949149701,58117.34994984181,57519.64170370508,240797.0,69579463800.0,322122.0,-0.2909761008890325
2020-12-15,57607.9012564148,57682.11858054602,58250.41423445953,57419.54102959831,235510.0,67995114550.0,318855.0,-0.3029830785932365
2020-12-16,57677.15569284807,58092.5389082534,58396.22923603477,57628.20512337245,228019.0,66155501300.0,323903.0,-0.3510151294365834
2020-12-17,58092.54040586476,58785.59322781442,59056.63766739705,58021.78913718285,249183.0,72978620650.0,340097.0,-0.31104330475145725
2020-12-18,58785.59813664048,59340.76454596145,59624.16543749064,58654.39808568367,360266.0,106708477150.0,346127.0,0.04003688776131086
2020-12-19,59340.765099469,59318.16701990896,59464.31741812456,59242.58129593021,11428.0,3390007050.0,345372.0,-3.4085556126266883
2020-12-21,59289.25079065348,58521.23950080016,59503.50998914287,58276.83072929967,370576.0,109141979500.0,331811.0,0.11049302219703712
2020-12-22,58521.23980242239,57796.61471775937,58960.76184542782,57555.51418095247,320545.0,93345978650.0,323908.0,-0.010436852732432398
2020-12-23,57791.793562331135,58226.92096809407,58396.548324146665,57184.261757585366,294227.0,85020517450.0,320630.0,-0.08593623208582221
2020-12-24,58223.30752964514,58103.560259493504,58500.66642335994,57803.400279920425,183994.0,53494994400.0,318929.0,-0.550065359097774
2020-12-25,58103.559829555605,58440.12112551461,58676.14522397472,58079.02636414376,141780.0,41427759200.0,323301.0,-0.8243072174021139
2020-12-26,58440.12075658455,58363.29508917785,58451.211767763336,58339.23950910898,4008.0,1170174600.0,322838.0,-4.388858285635214
2020-12-28,58455.571967364776,58749.1552153575,59221.51315171513,58395.01903267069,234849.0,69101052700.0,329220.0,-0.33778346587204533
2020-12-29,58749.148683495165,58391.583830022246,58945.06852522525,58083.766318678114,293448.0,85785429300.0,322301.0,-0.09378544000592857
2020-12-30,58391.58385767651,58352.64706429066,58600.18455461728,58124.79261143335,197189.0,57513877750.0,322784.0,-0.4928207091927669
2020-12-31,58352.659264584654,57798.36164921341,58366.89425538112,57708.28647662023,223045.0,64589799100.0,314841.0,-0.3446942046612187
2021-01-04,57801.209520093646,57902.690449213536,58581.94362057447,57740.03701835692,274248.0,79720801150.0,300080.0,-0.09001629926110961
2021-01-05,57905.943098208576,58324.45277512541,58386.57992627685,57779.15382642098,179424.0,52139107450.0,297428.0,-0.5054204589469063
2021-01-06,58321.1915593258,59012.27286140094,59597.99149564933,58306.355316158624,328931.0,97151992550.0,301611.0,0.08670989470868734
2021-01-07,59012.27168302653,60158.23920026325,60361.67055065248,58888.67182736407,305178.0,90912656600.0,319105.0,-0.04462498929798563
2021-01-08,60158.24424107564,59793.25510373762,60758.60990356266,58986.90744225176,397147.0,119155738550.0,312712.0,0.23902385006244053
2021-01-09,59790.84564912932,59753.88566487317,59885.578328272335,59666.23096901308,17789.0,5315409100.0,312240.0,-2.865191834129227
2021-01-11,59633.86499943963,58257.97216436345,59741.76609769547,57969.79139269756,364511.0,107162167250.0,294299.0,0.21396047197948287
2021-01-12,58257.97426461842,58854.74263044242,59033.13605328336,57963.87706428895,273673.0,80066531150.0,298695.0,-0.08748902285307814
2021-01-13,58853.32448393384,58768.20704795072,59082.01922305428,58461.33353612168,223991.0,65854614400.0,295178.0,-0.27597269172744787
2021-01-14,58764.291337515744,59293.37888319237,59476.837066377135,58555.00594107671,207051.0,61010133100.0,299013.0,-0.36752191097522285
2021-01-15,59289.32076178498,58530.83917664912,59732.410084725765,58335.41546433442,299937.0,88497742950.0,291929.0,0.02706183058568384
2021-01-16,58530.83838857852,58568.189844337525,58702.11960283144,58498.66901326467,11492.0,3366216500.0,291207.0,-3.232383213378107
2021-01-18,58443.32638150448,58919.12306957815,59428.56845306637,58386.16888349398,217355.0,63976266000.0,295337.0,-0.3065851156687535
2021-01-19,58919.12179365638,59047.57165378839,59467.15904593412,58700.61146539912,215682.0,63651718050.0,295588.0,-0.31516149217286227
2021-01-20,59047.57166246085,59094.95004203966,59288.90986630563,58743.502250301455,199930.0,58991659500.0,296149.0,-0.39289540076630247
2021-01-21,59094.94915254239,59116.62060309984,59616.44660883884,58990.03926282858,237499.0,70416259900.0,296402.0,-0.2215532280979774
2021-01-22,59120.91298920378,59131.38752565053,59192.02153889657,58212.41472624727,275019.0,80784030300.0,289955.0,-0.05288555233724679
2021-01-23,59130.03169348027,59163.592459026615,59192.528138319154,59016.402706505534,14807.0,4376686700.000001,288663.0,-2.9701598758085495
2021-01-25,59167.58925574361,58951.76687660596,59241.83622691394,58872.93233030261,168369.0,49699881500.0,286432.0,-0.5313431613368083
2021-01-26,58954.78498281606,58958.643188189584,59151.0841570706,58443.87463405023,207744.0,61063721200.0,282869.0,-0.30867734049453066
2021-01-27,58958.04948415702,58180.091530802434,59042.3719486733,57681.45690111053,285712.0,83308434500.0,288646.0,-0.01021671334312996
2021-01-28,58180.69936150827,58285.94477295194,58491.875066367465,57676.10799848517,315410.0,91490429350.0,282253.0,0.11106954794837491
2021-01-29,58287.57250561551,58002.3959597956,58369.35205505192,57460.91925439586,294807.0,85414675200.0,283352.0,0.039630963946033396
2021-01-30,58002.397767745264,57831.01819508705,58031.73608684142,57790.23427862473,13438.0,3887349300.0,282274.0,-3.044791715917768
2021-02-01,57614.71877306011,57616.835052325216,58164.38677329001,57336.57018449871,227504.0,65704798050.0,277973.0,-0.200356166017784
2021-02-02,57616.83657793336,57212.53620872135,57915.58213193141,56952.58264798852,249227.0,71509543450.0,281562.0,-0.12198854424273124
2021-02-03,57212.53623214139,57735.47603999488,57847.89045122901,56877.605432477234,231943.0,66463971050.0,281636.0,-0.1941238051975358
2021-02-04,57735.48206071103,57710.31456816901,58027.83461338776,57498.765141790806,201021.0,58054743300.0,278477.0,-0.32592609046509996
2021-02-05,57712.246643035935,58242.123189756974,58580.74205788205,57676.1543545334,175316.0,50967081750.0,273513.0,-0.44475909285800724
2021-02-06,58242.12394654578,58382.23988974294,58404.36812955205,58209.91659902449,9580.0,2793172700.000002,272817.0,-3.3491236487604743
2021-02-08,58768.07607212992,59188.44470111192,59342.06923490237,58642.618567860416,202563.0,59689283300.0,283116.0,-0.33480575837989823
2021-02-09,59191.79741747724,59733.38689966584,59972.3206914568,59102.85814293896,201637.0,60066451700.0,289672.0,-0.36228019729220834
2021-02-10,59733.27596385896,60813.48458639752,60894.936886488336,59608.27229236109,191394.0,57756731500.0,301195.0,-0.4534237649572346
2021-02-18,61703.47765441606,63140.161801085575,63518.574484135526,61584.89708900883,359144.0,112920805050.0,329046.0,0.08752586364863196
2021-02-19,63140.1625084719,66365.28468655885,66432.19093537478,63013.95318128712,543504.0,175276436900.0,367246.0,0.3920051430082266
2021-02-20,66363.01466643062,65809.75441809511,66448.40746867837,65575.29159946254,71850.0,23661793800.0,361468.0,-1.615592905100329
2021-02-22,66397.89525789798,67150.02316593898,67894.01288453992,66397.89525789798,511557.0,171804436600.0,366918.0,0.3323206262860543
2021-02-23,67157.50096752918,67500.44593967764,68770.33700152191,66563.07407577026,685584.0,231768734000.0,375118.0,0.6030303866484772
2021-02-24,67504.56456904663,68574.76097310023,68847.32716158028,67244.15564529208,657172.0,223836610250.0,384873.0,0.5350323705258293
2021-02-25,68574.78905454019,69269.88108119197,70741.30470647308,68442.79172149092,721130.0,252133591150.0,390014.0,0.6146367902484019
2021-02-26,69264.6621079378,67390.72623727581,69491.00129127655,67220.14586534163,643434.0,219394102150.0,374189.0,0.5420584403105388
2021-02-27,67394.51955278893,66950.11106496141,67580.01608982461,66918.38394817329,58905.0,19808310150.0,370774.0,-1.8396667358728374
2021-03-01,67476.6172381835,67235.9727676533,68092.47489429176,67054.2748279729,368034.0,124185144000.0,361335.0,0.018369819338495495
2021-03-02,67235.96594430672,67766.96685776654,68252.4629823198,65781.9708860795,491122.0,164302628350.0,359149.0,0.3129552252704396
2021-03-03,67774.4451127652,67354.10701448083,68429.69444390238,66953.03608112548,336628.0,113770374000.0,360269.0,-0.0678725115547335
2021-03-04,67347.86602714099,65943.90947201141,67450.2134315849,65052.37050643881,474761.0,157302510400.0,364970.0,0.2629963610897536
2021-03-05,65945.12581166608,66813.16034485104,67090.35035316538,64290.5630764612,504807.0,165860330200.0,367115.0,0.31850102753995013
2021-03-06,66813.16770744784,66381.9594251019,66884.03185091894,66291.76970860474,28888.0,9609584150.0,363821.0,-2.533235704467087
2021-03-08,67244.01320199382,67151.88451107111,67399.68285975157,65715.89014042077,419082.0,139263788750.0,357281.0,0.15954401781873262
2021-03-09,67151.87912982881,65577.75349286813,67450.85601667168,65066.54990859232,427163.0,141563290000.0,355868.0,0.1826057978313299
2021-03-10,65577.75095876941,65816.54611392163,66062.30376614995,65289.9630161681,299520.0,98473847750.0,350469.0,-0.15709106419546157
2021-03-11,65816.54710068423,67217.78826350416,67722.06396547385,65413.51768156632,423339.0,141219889800.0,369497.0,0.13603065524625052
2021-03-12,67217.7890170673,67083.6673442805,67435.92451231008,66579.76096065769,274772.0,92053292350.0,366974.0,-0.289349337986794
2021-03-13,67085.37006406397,67395.55108977933,67461.95591934411,67054.24538098212,14515.0,4879926800.0,367735.0,-3.232179972593879
2021-03-15,67643.67941514043,67516.98689616664,68189.90605539475,67237.25709356136,270029.0,91389386400.0,359971.0,-0.2874941120118075
2021-03-16,67516.9838646049,66661.07283344536,67755.14091475074,66365.36883782361,240287.0,80579306500.0,352599.0,-0.3834973916487216
2021-03-17,66663.2983752726,67227.07325485279,67454.9454233942,66207.9227217012,235913.0,78752409350.0,350830.0,-0.39683868266375677
2021-03-18,67227.07518826998,67042.73025986258,67666.72165436116,66681.91893547095,244245.0,81968947000.0,349377.0,-0.3579797485167356
2021-03-19,67047.04890822196,66906.14022129658,67182.22204733423,65603.07281395228,352798.0,117315856150.0,349305.0,0.009950189129018693
2021-03-20,66910.33610798522,67075.6611689066,67087.77898544473,66897.86125595233,15118.0,5063388100.0,347778.0,-3.1356782583054263
2021-03-22,66873.23229970149,67274.06176448798,67451.25837811208,66643.48878090322,224808.0,75354677150.0,350946.0,-0.4453856609015471
2021-03-23,67274.06036931617,66759.63318970907,67727.46653260881,66418.84512186355,298029.0,99781477800.0,351844.0,-0.16599709833902235
2021-03-24,66759.6327140843,66710.5448166747,67001.57717622745,66123.3590688838,253300.0,84190064000.0,348888.0,-0.32017639678450394
2021-03-25,66710.55292141339,65199.439776918734,66810.80118822114,64980.06207050659,378563.0,124344838800.0,361124.0,0.04716111586786038
2021-03-26,65199.44117353834,66753.63404700755,66928.20576995685,65175.29942208051,266781.0,88271472300.00002,349646.0,-0.2704931169601986
2021-03-27,66750.4958793527,66791.46297210705,66841.05763036055,66711.3895224876,8282.0,2764296699.999996,348332.0,-3.739071562848904
2021-03-29,66779.28221559948,66421.35600035613,66803.00556426468,66193.63779572911,198131.0,65784811250.0,348171.0,-0.5637653103128711
2021-03-30,66421.34406409743,65734.25645173318,66663.57654715575,65573.42118785903,247029.0,81633356850.0,348666.0,-0.34460870526606796
2021-03-31,65734.25603303652,65611.68247964336,65901.01804023808,65268.57161682891,235075.0,77117766500.0,347921.0,-0.3920708303460714
2021-04-01,65618.43730507992,65656.16849767513,65944.10145911487,65119.660895447065,273645.0,89692396600.0,341524.0,-0.22158630881763666
2021-04-02,65659.0138147916,67165.39795496978,67297.85306943006,65623.53523081249,258733.0,85935561000.0,343858.0,-0.2844321395160749
2021-04-06,67491.78593021499,67405.29557734187,67744.32642598842,66935.84780442418,256200.0,86181597700.0,352209.0,-0.31826635993567426
2021-04-07,67401.69834521812,66572.48799745778,67490.9208139208,66406.80559878246,220681.0,73783881800.0,349301.0,-0.4592157948350687
2021-04-08,66572.48780348146,67177.84355113191,67296.19886561407,66438.4391899484,239097.0,79930845900.0,349635.0,-0.38002042585262147
2021-04-09,67180.34828247003,66573.86986101887,67374.56495396784,66478.44166880078,213789.0,71424914500.0,343356.0,-0.4737782624797384
2021-04-10,66573.86654473652,66385.97741652251,66580.7219588152,66362.65582387356,13719.0,4557544050.0,342817.0,-3.218415043748574
2021-04-12,66406.19491609457,65880.23132989526,66521.23037977636,65723.19129691976,276015.0,90947870700.0,337786.0,-0.20195734680659955
2021-04-13,65880.23015388986,66231.12036114029,66478.83480512799,65693.26181708208,198800.0,65603002350.0,334053.0,-0.5190003688001997
2021-04-14,66231.12357095174,67357.36418722491,67365.89823819922,66131.75937504684,231505.0,77150831200.0,342604.0,-0.3919737896799087
2021-04-15,67357.35294375161,68892.29870360991,69094.89941454137,67148.10366332787,393145.0,133774581450.0,365245.0,0.07361013928128753
2021-04-16,68892.29686960996,68345.27686331935,69473.39765032448,68119.67835580763,348102.0,119690906150.0,371501.0,-0.0650560156679053
2021-04-17,68345.27944743083,68122.02890348717,68350.07305498506,67991.31730725113,18592.0,6333027099.999997,369298.0,-2.9888725255231203
2021-04-19,68119.5027654238,69258.3050531272,69821.00233216418,67886.63818183303,326599.0,112649398950.0,380596.0,-0.15300532640300898
2021-04-20,69258.30825013136,68906.05379478735,69754.41037354567,68707.2407018797,312228.0,108117618900.0,380074.0,-0.19663228044535044
2021-04-21,68906.04988095394,69481.77099847865,69725.84952815152,68509.85779169764,260531.0,89871165950.00002,374670.0,-0.36332378251046277
2021-04-22,69481.77041051876,69106.76145073395,69537.61986982245,68904.31320513233,227596.0,78699384450.0,373797.0,-0.49614074190177737
2021-04-23,69106.7544049711,70009.86599248022,70184.1767891763,68984.17586775088,283763.0,98744297800.0,385650.0,-0.30679083965589626
2021-04-24,70009.864576149,70096.47508402442,70113.8760187367,69983.99677173242,9708.0,3398965500.0,384412.0,-3.678764606226317
2021-04-26,70211.57621080586,71407.0795818113,71536.0302635353,70107.9528104043,366193.0,129634691550.0,396950.0,-0.08064981135098559
2021-04-27,71407.07815861469,72181.86373427627,72860.7952583611,71399.41215293696,422883.0,152697030550.0,393672.0,0.07157746976364465
2021-04-28,72181.37269397065,72292.56594644068,72304.93459347168,71136.11661854514,351577.0,125751655850.0,388952.0,-0.101027194261914
2021-04-29,72294.91270826747,72044.32729816326,73125.37305853852,71690.00178149914,363990.0,131883944300.0,381707.0,-0.047526903860828563
2021-04-30,72035.71923048706,71975.19651454111,72216.35761938525,71347.7509865033,157570.0,56579219850.0,371601.0,-0.8579508940277704
2021-05-06,72361.18084741403,73789.55795995379,74002.34562577707,72329.33393730166,273018.0,100025133600.0,377364.0,-0.3236725118000884
2021-05-07,73792.27872319001,75704.66626814367,75865.03810239921,73760.40841042982,354892.0,132856603500.00002,374717.0,-0.0543575565621249
2021-05-08,75704.66823032156,75837.01567737169,75846.67083409187,75638.91217375755,9888.0,3743381099.999998,373532.0,-3.6316817762250384
2021-05-10,76326.94852056129,75394.79413324411,78421.7425997355,75030.32667140967,657653.0,252659670350.0,352631.0,0.6232552521811099
2021-05-11,75400.31954471472,76303.66109018863,76909.65300356368,75093.23099303052,415449.0,157900959350.0,351297.0,0.16772784355390216
2021-05-12,76300.10886491812,76464.87954690491,77344.8303764358,75633.15602260774,391120.0,149531871250.0,351008.0,0.10820540304146657
2021-05-13,76468.76443322613,75438.36920730652,76711.8216266541,75359.89460668186,395213.0,150035189800.0,346212.0,0.13237355588308014
2021-05-14,75441.42856317606,74563.00332531212,75688.80791490375,73745.49261729157,509082.0,190160362600.0,339517.0,0.40508508438893265
2021-05-15,74563.64268376028,74552.56676140985,74655.0507462158,74443.96813373691,12995.0,4838808000.000004,338107.0,-3.2587977453398107
2021-05-17,74507.57718611373,75585.62772057902,75648.61111856523,74439.33838782895,247293.0,92724110250.0,335866.0,-0.3061384024685473
2021-05-18,75578.29985648526,75497.59774069562,76445.67407490806,75332.2280341279,283327.0,107529132400.0,337449.0,-0.17481268015779391
2021-05-19,75497.59822132162,72637.18848104878,75607.41562201519,72369.39642967816,492388.0,181581237800.0,325863.0,0.4127899759427004
2021-05-20,72640.32750052947,73100.35037567667,74078.94746361263,72336.95395376068,405444.0,148146514800.0,325679.0,0.21907052921752984
2021-05-21,73100.53827659374,71783.77703963233,73191.21491160647,71681.10325790208,412344.0,149049694150.0,329655.0,0.22381129938149164
2021-05-22,71780.66571373946,71779.9451314889,71847.24541955539,71655.57407587489,18609.0,6671949050.0,327328.0,-2.8673173916155066
2021-05-24,71712.82758346872,72027.43568782498,72453.3708623911,71085.67598115023,340262.0,121864112600.0,329059.0,0.03347884310039941
2021-05-25,72027.43347636875,71880.56799837337,72984.96156155055,71571.69848623173,280951.0,101494816850.0,324596.0,-0.14440105524158992
2021-05-26,71880.56637544361,71879.25723070718,72261.76610243604,71367.51337250827,231548.0,83155731400.0,327181.0,-0.3457263391367547
2021-05-27,71879.25829365055,73724.73529673457,73845.15204374248,71449.99839415352,296586.0,107443832300.0,337170.0,-0.12825002722682635
2021-05-28,73724.72950729726,73996.49711065348,74545.37240558867,72754.46485814074,373748.0,137428339550.0,335543.0,0.10783165840589883
2021-05-29,74006.13251040826,74035.86805139393,74208.15107920108,73932.69842647143,15125.0,5601493600.000001,333736.0,-3.0940012573521876
2021-05-31,74196.63553194229,73919.45528258392,74618.10658014183,73567.32527704738,203647.0,75301308250.0,334467.0,-0.49615011716354585
2021-06-01,73911.0737478473,73941.93185129373,74835.83576611282,73731.97139389788,279469.0,103589892150.0,339757.0,-0.19533928210339352
2021-06-02,73937.69767359721,73103.74873455269,74143.57330495107,73081.36093853757,202532.0,74541928500.0,338813.0,-0.5145504340085854
2021-06-03,73099.48241778342,71037.43709168666,73429.2043533074,70649.80575687939,369120.0,133059098200.0,338588.0,0.08633776540167531
2021-06-04,71033.2147434951,71939.02752666516,72250.75246157762,70877.24273042899,303209.0,108201793000.0,329644.0,-0.0835909475662811
2021-06-05,71939.036204888,72000.31104487601,72031.76724098605,71881.65848084033,4972.0,1786772600.0,328795.0,-4.191612282605283
2021-06-07,72017.11468307214,71535.65325461216,72227.83700588217,71273.65005109503,191236.0,68451455650.00001,325876.0,-0.5330086734974301
2021-06-08,71535.62891374048,72020.01266685547,72060.87683867576,71037.0446064176,241507.0,86297632600.0,321311.0,-0.2855110432725639
2021-06-09,72018.27758463459,71977.48724119074,72521.53026061071,71509.90757330772,209876.0,75413836350.0,319975.0,-0.4217259876145848
2021-06-10,71973.44778116034,71273.62848260932,71984.4200198786,70796.49089189652,219960.0,78364538900.0,324254.0,-0.38808144764121955
2021-06-11,71273.64240596123,71934.87208193258,72011.73927564776,71014.0357528627,155162.0,55387674149.99999,319775.0,-0.7231478910766822
2021-06-15,71742.3421693841,69254.74982200711,71760.1435023082,69135.2492900271,323011.0,113267418500.0,318833.0,0.013018923636982524
2021-06-16,69250.65845428203,69790.27190677832,69991.27619920373,68601.69675311915,313192.0,108347375100.0,323530.0,-0.03247542433824941
2021-06-17,69790.27023518467,67955.32918550253,69832.96183215543,67840.4710221385,319381.0,109853028350.0,317435.0,0.006111674509865485
2021-06-18,67962.67792874349,66870.3461164287,68005.1119650776,66689.57508302722,316615.0,106585534150.0,318650.0,-0.006406797040260386
2021-06-19,66877.06623823674,67078.85463287344,67139.31168721261,66865.31029267328,16174.0,5413769249.999998,318841.0,-2.9812875312505125
2021-06-21,66894.13913414534,67395.62009599265,67505.48083677092,66554.52340880061,251798.0,84238842400.0,313774.0,-0.2200458027774322
2021-06-22,67395.61713777596,68238.3357581741,68554.6709775212,67129.23990257118,268456.0,90837745700.0,307924.0,-0.13716597212859563
2021-06-23,68238.35310854658,69515.0076518444,69707.3300414134,68013.25545789069,239250.0,82324176650.0,301888.0,-0.23254705732873285
2021-06-24,69515.01462632474,68907.89464932439,69598.55637991538,68371.77442810647,216715.0,74544819900.0,300691.0,-0.327500033116921
2021-06-25,68907.89294967092,68661.67266068148,69393.18533892078,68302.40198174016,222277.0,76534952100.0,302524.0,-0.3082362613369821
2021-06-26,68665.58639087874,68700.57762151943,68828.11136956976,68643.42202716132,7901.0,2712621200.0000024,301495.0,-3.641764098541205
2021-06-28,68622.31643663906,68579.02084836314,68896.1422423781,68245.61988093154,161856.0,55433332050.0,300791.0,-0.6197086203678004
2021-06-29,68579.02203220219,68265.93528626616,68602.47506838909,67829.73564417075,158453.0,53968323950.0,297433.0,-0.629730970162875
2021-06-30,68265.93634633617,68582.20383096042,69387.30520323648,68126.25703574345,193740.0,66502610250.00001,291624.0,-0.40894824727618156
2021-07-01,68582.20418142603,68293.11812123486,69020.01157359424,68251.9108938875,166420.0,57080118300.00001,290659.0,-0.5576360452739404
2021-07-02,68288.53922536396,68771.47644693452,68851.03733038301,67934.22577285214,171666.0,58627663100.0,290217.0,-0.5250781905308448
2021-07-03,68771.47706207058,68667.71629075456,68790.44562235485,68621.10641313742,5394.0,1851081799.999998,288986.0,-3.981091019314924
2021-07-05,68599.00232010527,69627.45137637798,69847.16569106079,68388.94410970289,209249.0,72408769400.0,293633.0,-0.3388057578587178
2021-07-06,69627.45160609197,68314.66484649628,70300.49203850824,68189.12024443607,270624.0,93767687350.0,290449.0,-0.07069759789942363
2021-07-07,68314.66387436718,69205.06747398824,69640.87741904115,68020.82971221584,229895.0,79179453700.0,287370.0,-0.22314790111661995
2021-07-08,69209.10715342082,68624.76631665637,69338.06596732877,68294.20337051208,196602.0,67563700600.0,281706.0,-0.3596825933087253
2021-07-09,68624.7607384611,69775.28082229887,70059.20495185694,68537.02690030225,208028.0,71957852700.0,287584.0,-0.3238423054498675
2021-07-10,69776.5973994368,69786.93373029307,69882.14166904449,69760.66390849357,4511.0,1573622949.9999988,286511.0,-4.151258071406846
2021-07-12,69766.45558616209,69086.5540166205,70002.00453005095,68872.12993536603,183888.0,63656054650.0,285190.0,-0.4388287481854082
2021-07-13,69082.56309917035,68952.83671490774,69546.00053179763,68401.16776693407,161661.0,55769882200.00001,283645.0,-0.5622219061508914
2021-07-14,68952.83291381998,68462.22373314093,69115.25494023792,68421.26517824891,159869.0,54910326400.0,288272.0,-0.5895497489983612
2021-07-15,68460.87011874243,69295.55562191922,69502.44029287309,68180.86780106978,189254.0,65147041650.0,284627.0,-0.40808952299124857
2021-07-16,69295.53790207824,69277.04295746727,69642.11494220425,69121.24383131845,157908.0,54731996500.0,282512.0,-0.5817084426044387
2021-07-17,69277.0401112865,69338.90270113066,69376.91638457288,69245.06120180666,3648.0,1263641900.0,281956.0,-4.347571958183542
2021-07-19,69054.3619599204,67885.70308214452,69144.25105473948,67487.7108719649,225413.0,76994570550.0,282563.0,-0.2259672593867423
2021-07-20,67888.78863161024,68699.11979050864,68747.5536994949,67745.02607199622,164603.0,56094679300.0,283353.0,-0.5431569560927652
2021-07-21,68692.01687671385,68553.60977944828,68720.5365395878,67980.47259516778,152110.0,51948301550.00001,282020.0,-0.6173740470854325
2021-07-22,68553.61243993687,69310.03547868314,69559.957783678,68476.69119709186,186783.0,64424183900.0,286651.0,-0.42831793269380025
2021-07-23,69308.40153912164,70035.2890541231,70212.6173720822,69288.32219353938,218406.0,76224122600.0,299373.0,-0.31533457153745387
2021-07-24,70029.50672421049,70380.14459104645,70503.87740666675,70029.50672421049,18786.0,6601861200.0,302785.0,-2.779911071115327
2021-07-26,70650.15627164485,72077.78651302718,72143.73874457575,70495.37748593118,271692.0,96651900700.0,317106.0,-0.15456703108232658
2021-07-27,72077.89997540068,71990.25171263677,72746.36021528767,71687.88351968335,283258.0,102230520700.0,316909.0,-0.11225652330949003
2021-07-28,71990.25242595893,71576.07915274898,72424.46000819698,71185.09664511961,202704.0,72851706750.0,315845.0,-0.44350480006051873
2021-07-29,71576.08134034913,71919.9749894994,72157.95239544498,71241.27588998049,190684.0,68337730850.0,314268.0,-0.4996285173956244
2021-07-30,71924.36937108957,71236.21217018085,72486.97539208233,70902.2802900546,259339.0,92876321450.0,309412.0,-0.17653763596022665
2021-07-31,71236.21651500699,71221.25711232374,71278.2306274256,71143.19468280055,6559.0,2334013999.999998,308795.0,-3.851839473998091
2021-08-02,71434.1101507343,70923.85729357724,71840.72745826021,70805.33678504186,183385.0,65469873450.0,308045.0,-0.5186581081606031
2021-08-03,70923.7235482583,70003.59007612448,71025.65643858236,69593.06696037581,206876.0,72768138150.0,296094.0,-0.3585573915212184
2021-08-04,70003.59046927506,69472.85317228262,70390.44195179321,69424.04284413563,178438.0,62382732050.0,297546.0,-0.5113276329337184
2021-08-05,69472.85466046433,69609.07772641553,69768.38170191833,69264.37899566659,168658.0,58643407100.0,293774.0,-0.5549377683486171
2021-08-06,69609.07822446134,69711.17635391161,70503.4417664711,69476.70415151196,205532.0,71894650950.0,292412.0,-0.35256202713010754
2021-08-07,69715.21732884586,69720.3889892037,69737.52837468957,69629.03374269865,4685.0,1631438300.000005,291859.0,-4.131904893243063
2021-08-09,69337.4027756857,69119.07528206371,69619.1174780985,68559.11756052166,201246.0,69708907600.0,297096.0,-0.38952727857286956
2021-08-10,69119.07541047611,70316.14530467431,70440.05013382334,69051.27136640676,188434.0,65675462850.0,299894.0,-0.4646812659346065
2021-08-11,70314.66133996724,70067.18006272885,70334.2296252826,69730.65286730685,140211.0,49046469250.0,297152.0,-0.7510953615309455
2021-08-12,70064.14351049473,69707.70598218936,70683.3651662435,69607.56466595456,199895.0,70137985700.0,295778.0,-0.391816944246073
2021-08-13,69710.59085438417,70518.90062504295,70899.0958322673,69668.39094332988,175078.0,61485777000.00001,305419.0,-0.5564530154317358
2021-08-14,70518.90099635575,70458.56652850284,70545.4103277776,70374.6483380991,5152.0,1814743249.999998,304952.0,-4.080769398371111
2021-08-16,70130.67970677774,69675.64348391828,70416.86801474447,69473.55097932444,165985.0,58019104200.0,302797.0,-0.6011651911565725
2021-08-17,69675.64398092496,68649.66608853571,70008.57994800451,68618.53612428455,196017.0,67955313300.0,306159.0,-0.4459031846829492
2021-08-18,68649.66344458231,67232.43854921637,69127.55133962688,67057.5181662229,302815.0,103276796450.0,322860.0,-0.06409673474442536
2021-08-19,67232.44469841977,66263.88680296036,67673.97402717301,65851.33687211537,361950.0,120880061200.0,341175.0,0.059110538614973014
2021-08-20,66260.23985320973,67469.592982146,67660.3298384279,66129.57649059534,300484.0,100770550000.0,339420.0,-0.12184377061774683
2021-08-21,67469.60057515292,67528.70146029192,67572.81293126836,67461.40606032033,7867.0,2656717350.0,338357.0,-3.7614247557531497
2021-08-23,67767.14987809381,68600.49090637543,68720.33597637144,67598.58217447203,243019.0,82770627650.0,328087.0,-0.300139187531302
2021-08-24,68600.49356151234,69282.00811371554,69537.87585866229,68303.50293769164,215062.0,74071093700.0,323896.0,-0.4094961179609987
2021-08-25,69282.00678014244,69092.71601745993,69548.6520418661,68894.71788214568,181015.0,62716062500.0,324858.0,-0.5848082630138836
2021-08-26,69092.71669201076,68716.21830130722,69246.72540359145,68549.58234803815,171841.0,59204144950.0,321977.0,-0.6279104837514174
2021-08-27,68716.21668882234,69400.81694985995,69806.52044180056,68608.85605356321,192348.0,66521040300.0,316274.0,-0.49730269505859953
2021-08-28,69398.77101843362,69607.60509916807,69679.40193149667,69396.4708635027,6700.0,2332358450.0,316130.0,-3.854045994996401
2021-08-30,69674.38493117758,70202.18070424112,70557.70837025497,69389.20584900105,178137.0,62336033750.0,321708.0,-0.5910913846503002
2021-08-31,70202.17325341358,70022.29728682771,70251.71516084377,69637.59690235648,169885.0,59457515350.0,322685.0,-0.6415548776236353
2021-09-01,70022.30018128011,68615.97231227,70091.0414007213,68493.75847659084,216958.0,75029584600.0,319275.0,-0.38634901396186927
2021-09-02,68615.97332715268,69041.01840416784,69183.36917551483,68591.66529785712,145166.0,50058051850.0,314983.0,-0.7746407539239265
2021-09-03,69041.01891213178,69324.22947654693,69521.21855110476,68851.91462252158,189792.0,65717101000.0,311814.0,-0.49647812053665236
2021-09-04,69324.22840466302,69365.08680282417,69423.07111477651,69288.12721505387,3785.0,1312961500.0,311453.0,-4.4102025571290975
2021-09-06,69324.08980711122,69578.4147295088,69725.75039388446,69044.54445428184,137957.0,47892105450.0,309474.0,-0.8079320397351291
2021-09-07,69578.41536393542,68862.00304389675,69664.37398384494,68712.26819816406,166208.0,57488568950.0,300273.0,-0.5914520448169368
2021-09-08,68862.00448882955,68379.17150852879,69160.07246473162,68277.006575876,186102.0,64022983250.0,300160.0,-0.47802075531713906
2021-09-09,68379.34964685501,69314.40493468796,69569.71504374596,68238.01384323472,216789.0,74783096050.0,296270.0,-0.31234667044823483
2021-09-10,69314.40512353177,71195.60633973834,71530.34587202672,69117.3576651713,305028.0,107292426550.0,310486.0,-0.01773523611774868
2021-09-11,71195.60739717292,71352.1346478619,71360.61329268134,71123.7254043333,7484.0,2666846100.0,310276.0,-3.7246948155459334
2021-09-13,71182.26057949652,70298.60517327779,71819.38892520132,69744.91206338063,335802.0,119236108750.0,303328.0,0.10170697228121936
2021-09-14,70293.0986110516,69512.48314867645,70469.16244666852,69462.13075325245,201575.0,70533328750.0,301460.0,-0.40247581681129735
2021-09-15,69508.28010920154,70551.97876282927,70769.1911289864,69277.13577020902,227066.0,79470469900.0,298439.0,-0.27332483271961755
2021-09-16,70556.01160659538,69120.73752226656,70571.16787342902,68975.0672417996,239855.0,83524971200.0,295286.0,-0.2079098041187598
2021-09-17,69123.8354401225,69161.39236444194,69580.30356917343,69069.70389710726,121780.0,42251465800.0,289802.0,-0.8669817929935892
2021-09-22,67604.51612792132,69010.01810573063,69151.3189244094,67490.93206504895,273159.0,93729192750.0,292725.0,-0.06917955850670596
2021-09-23,69009.24004441788,68906.41543263846,69074.84613146681,68344.92498819181,201569.0,69194367900.0,292808.0,-0.3733853495861284
2021-09-24,68908.02057327866,69276.9831271634,69339.55022902637,68482.48257577827,241079.0,83172165200.0,290052.0,-0.1849355366455922
2021-09-25,69276.96767412208,69390.83937620354,69601.2211180295,69276.31447082745,15849.0,5508154250.0,290287.0,-2.9077636819168204
2021-09-27,69467.82293313494,69307.85553484956,69751.13416039592,69027.7240332495,223778.0,77699608900.0,294064.0,-0.27314294173266374
2021-09-28,69314.54523194123,68554.6981665948,69421.58002430912,68439.46431313429,195340.0,67416811800.0,285207.0,-0.3784736023991295
2021-09-29,68552.685197523,68114.5124458283,68707.14115934486,67894.21481546726,191128.0,65417264600.0,283589.0,-0.39458264622203965
2021-09-30,68118.6426231358,67933.45010130989,68290.40425464114,67870.02627591834,101274.0,34495273450.0,280328.0,-1.0181306312187421
2021-10-08,68922.1943892423,69303.32823627983,69627.3026961223,68768.90911555113,212970.0,73760667600.0,286440.0,-0.29637777941933474
2021-10-09,69303.32957449484,69271.42953983988,69303.32957449484,69178.00655877402,3432.0,1188309350.0,286183.0,-4.42348828471078
2021-10-11,69262.26976649917,70942.48997003549,71053.93963589909,68963.15020058953,278886.0,97604236550.0,319044.0,-0.13452592813749395
2021-10-12,70942.48206964001,69986.08979651693,71043.11853425318,69356.34069299676,273947.0,96025151900.0,313687.0,-0.135461016449852
2021-10-13,69986.08599874395,70893.6023118368,70947.55203865866,69379.96334668041,276659.0,97234199250.0,321649.0,-0.15067518798759197
2021-10-14,70904.58509365044,73559.16586207578,73876.00440298549,70886.65214890808,457188.0,165933290600.0,355253.0,0.2522644731582779
2021-10-15,73559.16719683363,75229.1244285185,75875.6752174136,73254.11438152539,368127.0,137102724700.0,364185.0,0.010766007044389798
2021-10-16,75229.11971463566,75020.77834980591,75285.22986769772,74970.14092998927,9584.0,3602841750.0,363230.0,-3.634941201061868
2021-10-18,75721.21273424485,74853.17633134825,76575.40713228015,74440.6435861752,342108.0,129215682050.0,373456.0,-0.08767371639654314
2021-10-19,74853.18726753231,73805.24007728847,76051.289774101,73324.24677368082,328622.0,122808094300.0,372630.0,-0.12567781616220333
2021-10-20,73805.23526712271,74617.86433809443,74650.47996640288,72337.62821524807,358587.0,131722739700.0,381006.0,-0.06064381461175539
2021-10-21,74617.86582693695,71797.95790174649,74826.19659666908,71405.05139886527,420983.0,153820409300.0,357402.0,0.16373125413900824
2021-10-22,71801.98164521545,71145.3768813499,72796.78833572462,70845.70387804491,428269.0,154203860500.0,359848.0,0.17406978276131704
2021-10-23,71147.99491997856,71291.74969413377,71401.65794814544,71076.31065937366,9462.0,3371008850.0,358817.0,-3.6355287320093566
2021-10-25,71649.98849274515,72110.72406763532,72452.89291307698,71565.95284515603,257497.0,92759494150.0,361527.0,-0.3393286580559441
2021-10-26,72110.72474792878,71500.00239998884,72346.39758805565,71342.17805228925,253785.0,91310604500.0,358335.0,-0.34498085116675825
2021-10-27,71499.99866038909,69915.09773492227,71782.84560866139,69680.45151587753,342525.0,121246284400.0,347317.0,-0.013893259848307154
2021-10-28,69915.08070227971,70910.52581838654,71490.71642843021,69703.85365768484,295606.0,104430625350.0,348124.0,-0.16353125157835924
2021-10-29,70910.52514557056,70219.00319204002,71076.8776103194,69715.92513724357,226527.0,79832921800.0,347740.0,-0.42859093098292866
2021-10-30,70219.02953950585,70173.80496470263,70457.08083241932,70130.60351589535,11346.0,3987101350.0,346768.0,-3.4197907095416706
2021-11-01,70212.5483153458,69957.90475620258,70694.12361386954,69608.5095470908,178561.0,62657665200.0,350742.0,-0.6751206309187736
2021-11-02,69957.90238004945,69800.40348132212,70902.40937905097,69348.10395160648,250942.0,87901486250.0,357910.0,-0.35505972141475095
2021-11-03,69797.90058845554,69826.89006868996,71328.99594941926,69635.17255239737,250944.0,88255203550.0,365410.0,-0.37579020416830966
2021-11-04,69826.72437621959,69043.46452873336,70662.35248164019,68732.52108773509,269873.0,94279458300.0,375191.0,-0.32948375166838906
2021-11-05,69043.4703439747,69838.56937943732,70089.85836782733,68887.01214752397,258041.0,89692974450.0,373677.0,-0.37027330087746085
2021-11-06,69835.88593739964,69916.80942298932,69962.72859433858,69621.01361800036,11123.0,3885983700.0,373130.0,-3.512911847782199
2021-11-08,70167.57796901338,70524.13174915066,70638.98838681121,69765.57386906235,173423.0,60918648250.0,369991.0,-0.7577449841759306
2021-11-09,70524.12991302375,69857.40502269453,70739.5866578679,69591.77730779882,191614.0,67393165250.0,367930.0,-0.6524097709231174
2021-11-10,69857.39910521108,69814.69476772187,70535.52880533492,69675.91023250503,195277.0,68441223050.0,363379.0,-0.62102730332002
2021-11-11,69817.63068810446,70730.05468749999,70830.54309653437,69386.26033165827,238982.0,84043594700.0,364800.0,-0.42296102291242416
2021-11-12,70730.07025806062,70694.77434470074,70978.46876340006,70189.51665954839,189626.0,66997485350.0,363231.0,-0.6499852842866946
2021-11-13,70694.77303890524,70936.89329751326,71016.68610303939,70636.10737275677,14438.0,5116794300.0,362925.0,-3.224332581630523
2021-11-15,71189.4858340923,70678.66846835076,71243.64711935572,70424.32341825328,182729.0,64718478900.0,367434.0,-0.6985395297412192
2021-11-16,70682.56791843798,69747.44691406484,70919.22654731374,69490.72454722613,251133.0,88343421000.0,366858.0,-0.37899217292762377
2021-11-17,69753.84416554648,69011.25290992975,70049.16225583636,68819.24185982703,241207.0,83995274550.0,378016.0,-0.449281036775324
2021-11-18,69018.36531796801,68662.29869368326,69084.74550981373,68260.25268631704,299611.0,102959565150.0,405874.0,-0.3035578000173343
2021-11-19,68662.29954271295,70549.3193771118,70831.14807906949,68634.60492725909,372864.0,130789721800.0,408420.0,-0.09108231479100028
2021-11-20,70549.32684491454,70693.8611543313,70725.55598639422,70536.42343326118,6721.0,2375922300.0,407474.0,-4.104740173976565
2021-11-22,70584.24947260105,71346.84858218145,71584.07373233847,70117.37371250053,226847.0,80175785850.0,411583.0,-0.5957349194469785
2021-11-23,71349.25439129275,71215.75133202941,71518.80798782951,70613.83313484571,217881.0,77580852350.0,415156.0,-0.6447053110237579
2021-11-24,71215.75240870989,71992.94020068359,72216.70459106634,70759.79034666107,200262.0,71623829150.0,418968.0,-0.7381680354439233
2021-11-25,71997.31818040779,71022.98616103956,72157.15707730154,70838.0300316516,227061.0,81343631000.0,414482.0,-0.6018108439692399
2021-11-26,71022.98587152155,69538.7293337256,71191.22668204109,69509.06601679641,236681.0,83232843750.0,397689.0,-0.5189570498780041
2021-11-27,69538.73135491787,69382.20796633491,69610.28184739803,69365.44464140447,17810.0,6187060150.0,398276.0,-3.1073851349821817
2021-11-29,69744.42942659819,69940.51796028833,70515.53671057282,69737.13693564064,238195.0,83564643200.0,390918.0,-0.49540815338442695
2021-11-30,69946.8866626075,69267.61878599085,70302.03629492901,69195.95402132695,210897.0,73505287850.0,385862.0,-0.6041099299559818
2021-12-01,69267.64204228802,69267.52842076076,69803.31785085646,69044.98744553482,196117.0,68061885750.0,389504.0,-0.6861627149255027
2021-12-02,69263.597610288,69179.69568448566,69425.75538072565,68558.00937370976,257994.0,88970289550.0,390220.0,-0.4137743538045094
2021-12-03,69175.68791606533,69122.15661097321,69740.46099373023,68955.4427571029,206796.0,71724547400.0,385503.0,-0.6228161749868308
2021-12-04,69122.1547300978,69107.6149914379,69219.64177849739,69053.86122220175,8188.0,2831434150.0,385420.0,-3.8516639809707316
2021-12-06,69354.79468661737,69526.58801025386,69600.24453338668,68826.29675136384,157438.0,54566669150.0,384245.0,-0.8922486400010763
2021-12-07,69526.59006802793,69736.6701673429,70137.42125994591,69249.30863841015,174178.0,60633464300.0,377070.0,-0.7723530817807402
2021-12-08,69736.67057391461,69683.5869794124,69838.88464324667,69218.46662564542,144754.0,50328631750.0,375129.0,-0.9522342168932117
2021-12-09,69683.59710945371,69345.19637964852,70036.35690817915,69125.87351387495,196205.0,68297461150.0,372671.0,-0.6415359618799658
2021-12-10,69342.26022508333,69213.1769940699,69646.25811681754,69182.49411145398,135107.0,46902294250.0,372843.0,-1.0150903624121588
2021-12-11,69213.17613959426,69240.26156335855,69308.67983591242,69196.16950244216,3804.0,1317622200.0,371994.0,-4.582824580427671
2021-12-13,69309.0222707682,68935.21638137828,69520.479643011,68857.35982727027,147302.0,51034710900.0,368516.0,-0.9169992288451754
2021-12-14,68935.21727332425,68711.21720755921,69053.7790939849,68422.06717371497,195882.0,67350518200.0,376230.0,-0.6526882213892197
2021-12-15,68711.21158635942,67068.6569364699,68766.55291218389,66891.86364697409,263692.0,89506070950.0,398142.0,-0.41202697017747847
2021-12-16,67068.63012391317,69126.61031452175,69254.04166910828,67049.48071784085,247176.0,84716534450.0,375141.0,-0.41720132180851455
2021-12-17,69126.59969182865,69120.37361934964,69468.35073051992,68754.6057075847,175780.0,60852563100.0,362963.0,-0.7250676875586463
2021-12-18,69119.54521159356,68968.57291586121,69160.20550115009,68914.36657183617,6397.0,2208762150.0,362116.0,-4.036135472016152
2021-12-20,68931.87420438888,68947.0522161506,69126.50120265159,68411.53507055706,164015.0,56420416700.0,365634.0,-0.8016749460114733
2021-12-21,68947.05314141781,69475.38854848231,69530.78530039648,68920.64143189105,148711.0,51460665700.0,360843.0,-0.8864381355127043
2021-12-22,69476.10874324512,69956.26982022592,70041.09873235025,69310.08269403485,162898.0,56760408200.0,358283.0,-0.7881989388494364
2021-12-23,69953.44704972801,69978.48891635996,70184.68366346667,69496.51029974724,168719.0,58924875700.0,355930.0,-0.7464994731311457
2021-12-24,69978.48953284838,69687.86713227395,70176.30179069827,69517.96699522567,108878.0,37994957050.0,353660.0,-1.1781080102987664
2021-12-25,69692.15539130583,69838.12390648268,69879.98695141455,69662.36938251497,3026.0,1055930850.0,353218.0,-4.759843814692497
2021-12-27,69816.31173315596,70571.64061185798,70673.98904230174,69539.60657976271,141446.0,49417074650.0,350735.0,-0.9081129337615298
2021-12-28,70571.64564251242,70447.7606614717,70838.03704806886,70176.70351707698,143171.0,50465905850.0,355087.0,-0.9083231098217578
2021-12-29,70447.76010115945,70127.3839205895,70478.87871034643,69818.34841830416,144808.0,50749436650.0,345647.0,-0.8700092960094871
2021-12-30,70127.94454087834,70289.18491394445,70406.99273482097,69879.16287057598,118555.0,41555738350.0,338909.0,-1.0503546468477913
2021-12-31,70292.04240666374,70400.28204587875,70564.34965682766,69834.64584135257,101540.0,35582422100.0,332180.0,-1.1852241811516044
2022-01-04,70527.62822154273,70590.97215298486,70682.86685900227,69637.42486582087,174232.0,60967663800.0,330987.0,-0.6416913552330039
2022-01-05,70587.04390411911,70226.02163338684,70791.97373384396,69972.79626226687,139795.0,49135072200.0,332634.0,-0.8668657226479868
2022-01-06,70226.01952313524,69146.14988086297,70330.76302770549,69055.20583436401,175979.0,61179830500.0,323577.0,-0.6090724375192769
2022-01-07,69147.514277591,69710.1891582411,69840.51585130852,69130.93403299277,144349.0,50198232250.0,317882.0,-0.7894462662561459
2022-01-08,69713.75910732488,69844.54089624113,69967.76557180336,69696.84019945574,11802.0,4123119750.0,317303.0,-3.291588144684138
2022-01-10,69834.95790030944,69197.49122639709,69911.58950646469,69122.52926809802,121146.0,42177320800.0,314580.0,-0.9542419860162042
2022-01-11,69197.4901932112,69984.43312979728,70184.60800329903,69156.62148157095,142356.0,49665880000.0,313458.0,-0.7893344173391877
2022-01-12,69981.16614019976,72265.34535330393,72471.57173828772,69977.69276666349,284223.0,101316874800.0,350916.0,-0.21078773727412378
2022-01-13,72265.34887564255,71507.621668582,72509.53251790148,71201.5294315636,238733.0,85698724850.0,363734.0,-0.42107705862676376
2022-01-14,71507.62252220055,70256.51252568618,71710.9960133073,69951.46328983664,238439.0,84402606600.0,348923.0,-0.3807377550717354
2022-01-15,70256.51359686333,70114.82670662057,70263.26913871827,70055.73597486732,7568.0,2653394350.0,347734.0,-3.827508987930778
2022-01-17,70192.552269969,69995.01925283013,70359.20150591918,69729.02026227335,157775.0,55244375350.0,337353.0,-0.7599598924048528
2022-01-18,69998.94537143804,70054.51139252605,70241.3475572176,69668.60779703158,146709.0,51370907250.0,334737.0,-0.8248941159053572
2022-01-19,70054.51145811239,70745.35273800755,70938.3827356152,69835.90135246915,171023.0,60171236900.0,340777.0,-0.6894302540328853
2022-01-20,70745.35305872723,71755.84194729693,71825.21788974595,70470.55934660086,169577.0,60274408450.0,354173.0,-0.736478393369563
2022-01-21,71755.8428812631,71656.27956280831,71939.16849002993,70764.06637407733,192333.0,68601211300.0,355176.0,-0.6133851965314214
2022-01-22,71656.27964927693,71241.73887814862,71703.16931012829,71139.18694061707,9645.0,3443230350.0,353291.0,-3.6008524335816063
2022-01-24,71240.20305445074,69828.88681281557,71280.5421862394,69571.6365429437,209615.0,73622634800.0,334499.0,-0.4673613752554535
2022-01-25,69828.88696899942,70011.54974922261,70188.97819090137,69394.84685328882,169120.0,59071696700.0,327382.0,-0.6605191626843017
2022-01-26,70011.54989034083,70746.52724564611,71204.5590834243,69969.34879814301,139641.0,49253961700.0,329649.0,-0.8589536085512718
2022-01-27,70746.52725110577,70443.55480855088,70947.55156997648,69774.19394265699,160683.0,56566997350.0,323663.0,-0.7002693710652299
2022-01-28,70443.554863467,70262.71758564193,70575.17615571171,70044.94486834834,74707.0,26274983350.0,321046.0,-1.4580106191294915
2022-02-07,70953.52777657127,70599.78743741749,71120.56464221473,70301.81800358502,128028.0,45279058100.0,321176.0,-0.9197402694828716
2022-02-08,70600.3786574335,70153.67462958682,70736.66847890247,69789.6153176188,131239.0,46157252950.0,320318.0,-0.8922941639154105
2022-02-09,70153.67433844924,71904.13668631225,71930.90678589288,70049.78905298654,191875.0,68062024900.0,340195.0,-0.572674864275375
2022-02-10,71904.78317222488,73348.79403000888,73587.91642424178,71856.53731124038,281472.0,102261649750.0,377555.0,-0.29368327794853766
2022-02-11,73346.1227246363,71087.66660109114,73440.35003758722,71024.43391391313,278575.0,100156087750.0,360907.0,-0.2589329844820841
2022-02-12,71087.51267643097,70878.9041187895,71132.09466911256,70623.03845832056,25684.0,9096580750.0,357338.0,-2.632813882647051
2022-02-14,70820.35349506383,70860.6643869358,71515.02637678957,70552.80754978096,166040.0,59010403100.0,347117.0,-0.7374331757235452
2022-02-15,70864.31942911963,71149.57913923342,71611.39054757786,70708.9054762262,145896.0,51866174050.0,342346.0,-0.8529278824351081
2022-02-16,71148.83302808035,71385.54036151928,71627.88700239254,71144.04674898273,99657.0,35584720650.0,344214.0,-1.2395292669248112
2022-02-17,71385.53993201826,71227.45993139823,71573.38859514537,71015.93646653312,115435.0,41163468550.0,343723.0,-1.0911284994570922
2022-02-18,71227.45990183843,71537.70482744476,72044.33889884691,71124.80120604772,162286.0,58116248950.0,351076.0,-0.7716425134567912
2022-02-19,71537.70469202199,71430.80904194734,71569.88070401753,71396.21516620734,8807.0,3148271850.0,349438.0,-3.6807792898335605
2022-02-21,71486.79606873984,71142.59007258766,71619.16074471296,70993.81525494622,148136.0,52825652650.0,347442.0,-0.8524669738640762
2022-02-22,71139.74502072298,71187.93080638078,71518.60216221292,71027.66505056902,138741.0,49405329100.0,341650.0,-0.9011779355689246
2022-02-23,71187.93348633253,70683.3968563371,71477.77574290632,70625.47708623396,170577.0,60634464400.0,337568.0,-0.6825801638190158
2022-02-24,70683.39582963094,70969.0157212038,71616.55711979237,70554.36252061363,209484.0,74347521600.0,330191.0,-0.455023910775569
2022-02-25,70969.01350901106,70885.9693413615,71197.44213604882,70538.55136157035,162842.0,57680600300.0,325520.0,-0.6926434981394836
2022-02-26,70885.9698140798,70832.02297952694,70890.22631286341,70760.37456084538,3890.0,1377689050.0,325159.0,-4.425905135834258
2022-02-28,70779.99203415164,70774.91247169212,71119.33849737588,70655.96085354526,125826.0,44605232600.0,320582.0,-0.9352380936936073
2022-03-01,70774.91248810767,71471.453199359,71638.99095259572,70664.86175682797,130552.0,46476557500.0,330113.0,-0.9276634052605159
2022-03-02,71471.45822795545,71930.03541401646,72981.06585912539,71303.11622722686,195378.0,70418290350.0,341955.0,-0.5597430057478427
2022-03-03,71930.0376191688,72596.69040613122,73094.56169049058,71912.04878205746,237302.0,86200244000.0,354122.0,-0.40030789497368185
2022-03-04,72596.69301746269,74167.71712923421,74542.60055099403,72360.85713234001,289848.0,106219535850.0,369964.0,-0.2440490559661
2022-03-05,74170.653457853,74013.1207146189,74450.0479290499,73983.62499764076,10144.0,3767843950.0,370883.0,-3.5990042512935174
2022-03-07,74441.9419127966,72550.07051591635,75580.3933833824,70574.85400766466,388361.0,143206650150.0,358217.0,0.08079637140884056
2022-03-08,72550.0655258963,72822.4484476789,76990.2216415819,71847.11194444129,387557.0,142461555050.0,343389.0,0.12099901941463172
2022-03-09,72822.9836483701,71768.02398078627,73171.50663014015,71469.17051263415,211268.0,76412602900.0,329764.0,-0.44524977739458865
2022-03-10,71761.8678032819,72138.76782349685,72420.61582322264,71390.07757503484,146096.0,52559079700.0,321626.0,-0.7891254399341281
2022-03-11,72138.76813441698,72243.97697149648,72333.2844460989,71765.9539532282,113654.0,40967076500.0,317259.0,-1.0265597295307343
2022-03-12,72245.11149985026,72292.03525620812,72310.49796334974,72206.40308992747,3964.0,1432884550.0,317164.0,-4.382165373787814
2022-03-14,71791.27804416405,71315.13975454806,72029.02394812653,71171.76699219801,144010.0,51600809050.0,316233.0,-0.7865965420468787
2022-03-15,71315.13963070833,71334.02226200869,71680.40144327817,71046.33719729724,136180.0,48594909100.0,313898.0,-0.8350905523169118
2022-03-16,71332.16433363705,72096.23932299406,72353.97959541534,71261.45182565475,141396.0,50824290350.0,316334.0,-0.805234152901953
2022-03-17,72096.23749292648,72708.26342952679,72733.67916641425,71919.75890334597,124194.0,44941652200.0,330168.0,-0.9777567566730956
2022-03-18,72705.17259656593,73348.77944131292,73704.93330464716,72592.20582828557,164985.0,60291431750.0,352863.0,-0.7602253189420383
2022-03-19,73348.77655534394,73303.6058302187,73379.14058114811,73278.45787013017,3281.0,1203566850.0,352371.0,-4.676536343847783
2022-03-21,73269.06930294185,73147.79299654331,73374.97057924932,72604.7572255153,123105.0,44936381900.0,361907.0,-1.0783496229926188
2022-03-22,73143.93180034704,72852.10089735591,73610.60272226892,72831.05981443847,109099.0,39910571350.0,366967.0,-1.2130161988613741
2022-03-23,72852.1088622637,73568.51427898991,73847.33571304432,72799.43691876627,100508.0,36857185200.0,373906.0,-1.313767102604615
2022-03-24,73568.51288717006,73370.13535595546,73868.55560301103,73302.13291427065,111929.0,41217521300.0,371465.0,-1.1995899053621193
2022-03-25,73370.1344198919,73140.32247013328,73682.7142668332,73077.38058773766,103698.0,38059769350.0,364871.0,-1.258061037809333
2022-03-26,73140.32164263575,73191.50717368576,73233.59290186747,73115.3939839074,3913.0,1432216800.0,364457.0,-4.534104231439777
2022-03-28,73107.29040417203,73502.24676521894,73595.00133862895,72670.65355605245,142754.0,52175715500.0,362312.0,-0.9313828499155489
2022-03-29,73502.24689020569,73181.23890591998,73746.02400990641,73086.85209138294,120761.0,44351736150.0,360778.0,-1.0944494250275616
2022-03-30,73181.2385144368,73629.89720075637,74242.99602651123,73176.09023806817,150578.0,55552096000.0,365956.0,-0.8880318852378867
2022-03-31,73634.28659261383,73549.50364922365,73712.1213098975,73247.07454144159,105568.0,38764610850.0,354870.0,-1.2123962301795843
2022-04-01,73549.50197120546,73102.84344097819,73640.11154585589,72989.00895696538,75089.0,27506613100.0,346355.0,-1.5287901839577016
2022-04-06,73796.80750153553,73495.4993903722,73888.23810103256,73316.84842654623,109892.0,40480359650.0,346933.0,-1.1496336124189248
2022-04-07,73498.04680473238,73309.91587522454,73535.12754498958,73130.92150584863,95840.0,35168850800.0,345677.0,-1.282824678672247
2022-04-08,73309.91631085037,73500.45507174284,73849.91681596031,73233.04030332413,101031.0,37183625950.0,349791.0,-1.241908432824773
2022-04-09,73500.45419199167,73571.0579808399,73629.15311038989,73487.89487979277,2429.0,893981200.0,349581.0,-4.969255644458362
2022-04-11,73478.78446398576,72963.01350620318,73534.49450665995,72924.87483190537,147082.0,53886419850.0,334587.0,-0.8219066810544222
2022-04-12,72963.03393487996,73830.75241761998,73927.12909035625,72875.9878404888,134509.0,49346709850.0,342589.0,-0.9349003666593118
2022-04-13,73835.24627867609,73614.86754572671,74271.10679405337,73491.83674352335,141159.0,52184038000.0,344383.0,-0.8918674955052155
2022-04-14,73612.00538936415,74020.21119453612,74105.2329624178,73576.15368971528,97904.0,36193951450.0,350814.0,-1.2762687617614408
2022-04-15,74020.21093738866,74806.12151501383,75107.14491458086,74011.60611718429,122610.0,45815867300.0,363165.0,-1.0858486902006097
2022-04-16,74812.49038231173,74690.554810016,74876.18138056765,74673.63624589761,2045.0,764877500.0,362899.0,-5.178726769140414
2022-04-18,74745.23757578763,75062.76011715985,75346.57932637364,74447.06290274281,109469.0,40994475350.0,362923.0,-1.1985492863999108
2022-04-19,75062.75985110032,74358.53223969266,75256.09872454565,74255.14744486015,131319.0,49130760300.0,358192.0,-1.003439677867421
2022-04-20,74358.5318841834,74273.93927946954,74548.38730252869,74033.40302526558,107829.0,40094374650.0,349437.0,-1.1757766489208163
2022-04-21,74273.93881983934,74804.19338751593,74974.16460283041,74189.951598625,109754.0,40945345450.0,350912.0,-1.1622939820212106
2022-04-22,74800.553669998,73989.61888590161,75088.67685740688,73798.76718620649,198017.0,73964469350.0,360417.0,-0.5989088088382867
2022-04-23,73989.58086341637,73914.18992249142,74026.85410630712,73738.19044203304,14622.0,5405133900.0,358799.0,-3.2002350992416284
2022-04-25,73880.66251472532,72564.17257732082,74133.04544363101,72523.34746300556,252546.0,92726204900.0,338654.0,-0.29338552685525815
2022-04-26,72564.17705783523,73183.976319124,73699.13641743788,72530.66816473207,185714.0,68056492200.0,334616.0,-0.5887757497683689
2022-04-27,73192.71057727942,73237.25433604459,73417.44262933295,72847.5455752346,141635.0,51834654550.0,331581.0,-0.8506187978120933
2022-04-28,73232.84805621741,72952.39869243871,73486.46303501945,72916.3843746725,125856.0,46097658850.0,334057.0,-0.9761732408493997
2022-04-29,72954.157646115,73521.60393479516,73843.10209643103,72884.85168813055,91963.0,33756621400.0,334147.0,-1.290194693670507
2022-05-05,72686.33253398238,71909.43765634164,73366.5437825229,71790.84571364553,212283.0,77149899100.0,339401.0,-0.46926200903378523
2022-05-06,71909.44040965325,71664.25658876181,72208.35721441994,71412.03427847206,171172.0,61570111950.0,337848.0,-0.6799271912639904
2022-05-07,71659.70342218828,71787.70993836674,71896.07536242183,71635.16911801705,6065.0,2176390250.0,337480.0,-4.018971706901413
2022-05-09,71568.43836143722,70996.31041156966,71692.55277220515,70688.76804597229,194003.0,69191254550.0,340477.0,-0.5624739527228926
2022-05-10,70996.3088580827,70945.49177181997,71718.86226005992,70824.83121472651,187705.0,67049630200.0,341327.0,-0.5979693805815013
2022-05-11,70945.50770114234,71514.07239062266,71725.03833864864,70590.08131697252,154980.0,55360850500.0,334850.0,-0.7703865940202551
2022-05-12,71514.06851033328,70316.33002918823,71576.03807509886,69803.65518371668,204667.0,72373198750.0,346030.0,-0.525141208359156
2022-05-13,70319.14121420521,70874.25999646273,70928.26649080342,70132.78038491806,149352.0,52741046550.0,344897.0,-0.8369398857965559
2022-05-14,70874.24749406318,71209.59949643357,71396.02638896936,70871.40509335104,16012.0,5703984600.0,344741.0,-3.0694549693284983
2022-05-16,71339.7911414256,71309.21186332092,71517.85950608016,70932.96089483726,106516.0,37966313650.0,335589.0,-1.1475919883331007
2022-05-17,71309.21916114133,71556.92439086884,71875.01614282368,71268.25524924799,108721.0,38945100400.0,327844.0,-1.1037529177496026
2022-05-18,71556.92896381544,70804.78805571317,71632.6983463382,70711.30488723065,117596.0,41916110100.0,327822.0,-1.0252157568710305
2022-05-19,70808.78776972932,71567.54310863654,71648.15022694803,70711.78357867787,145897.0,52004368800.0,324007.0,-0.797864227208666
2022-05-20,71567.53584942932,71578.41729433021,71953.06784186218,71358.19392389982,119843.0,42979333200.0,322094.0,-0.9886608755748822
2022-05-21,71574.90834973639,71529.2468063807,71590.24706536147,71377.83630271204,7596.0,2717666450.0,321657.0,-3.7458639674558007
2022-05-23,71830.05346795186,71873.57605113013,71995.39377435062,71576.17292405452,97284.0,34959774800.0,323723.0,-1.2022536760589992
2022-05-24,71870.33131115943,71378.60239640602,71947.63233947006,71236.1790632414,122979.0,44072356150.0,322316.0,-0.9635188216900014
2022-05-25,71378.60158041207,71180.77326277953,71620.94608357604,70958.01694894154,128889.0,46031316150.0,320512.0,-0.9109681483246843
2022-05-26,71180.77455648256,71562.66300309113,71727.90114916739,70944.49326666005,134292.0,47946970800.0,320270.0,-0.8691478564129497
2022-05-27,71562.66499720541,71860.77648407019,72035.33214307894,71546.53475424885,124319.0,44725924500.0,321127.0,-0.9489858406860314
2022-05-28,71860.77425643295,71918.45968993698,71922.17305930096,71846.76184928603,2565.0,923029600.0,320838.0,-4.828977844219858
2022-05-30,72045.54673935365,71926.00433121336,72077.73547038066,71717.85397870692,96318.0,34697030450.0,321388.0,-1.204993898728903
2022-05-31,71929.38285472475,71493.52439415001,72139.38630177386,71347.3028925761,117734.0,42349534000.0,321573.0,-1.004796735996674
2022-06-01,71493.51252752446,71788.76043401778,71975.26599836195,71297.85432691412,104897.0,37592174150.0,321185.0,-1.1190383647787603
2022-06-02,71784.40397907716,71986.33408509345,72049.35065897556,71735.20785392229,58358.0,21017035250.0,322798.0,-1.7104302875703596
2022-06-06,72769.80688208762,72690.6032387329,72918.12153158002,72427.77871213172,135940.0,49410316450.0,333649.0,-0.897875930273927
2022-06-07,72690.60849732358,72601.13618282203,72740.94521922793,72206.5530251622,92955.0,33717016750.0,333089.0,-1.276294216455997
2022-06-08,72605.63229881537,72826.06346496372,72846.24279488884,72454.16820239394,106461.0,38719446750.0,338549.0,-1.1568901172540274
2022-06-09,72826.06197016688,72422.23854861684,72930.88038415901,72329.20144940968,106852.0,38832787700.0,333475.0,-1.1381232006083957
2022-06-10,72422.23851191692,71895.13050945007,72555.84763021291,71808.80366319472,123635.0,44695075150.0,324919.0,-0.9662422440382192
2022-06-11,71895.13269706044,71890.83102271186,71950.47798904763,71866.39968850325,3337.0,1200846800.0,324588.0,-4.57748448605119
2022-06-13,71682.23880642864,71262.03476553624,71864.65784241112,70944.28430012612,158446.0,56688844950.0,316808.0,-0.6928820708850456
2022-06-14,71262.03913127187,70799.12818997957,71477.60547186037,70757.34293576155,129492.0,46139418400.0,311444.0,-0.8776004436154994
2022-06-15,70800.41926069101,70471.55102378647,70974.986226335,70414.49275546639,137549.0,48670949850.0,314128.0,-0.8258203288958428
2022-06-16,70471.55665557801,69296.53770491802,71009.1223255043,68997.30583012359,193658.0,67825567050.0,323300.0,-0.5124869679792088
2022-06-17,69296.52199736441,68653.2738313874,69659.94994018301,68339.28104062764,173284.0,59983744750.0,332146.0,-0.6506427642748642
2022-06-18,68657.11150668512,68459.22740494023,68777.33661948479,68423.42321576,9623.0,3304814200.0,331765.0,-3.5402708205860547
2022-06-20,68592.80492466998,68296.4562727243,68749.74490715162,67390.91473358306,221079.0,75243776550.0,336369.0,-0.41968866794742615
2022-06-21,68294.45276679253,68387.02793603062,68733.88396452041,67655.14348287329,154553.0,52762370550.0,331221.0,-0.7622487467146245
2022-06-22,68390.37770652949,66819.18487749436,68393.72806699754,66040.32449444183,239009.0,80220585400.0,341372.0,-0.3564715836392342
2022-06-23,66819.18900551011,64169.1386198598,67068.85629716462,64034.09759339623,336280.0,110351249950.0,358181.0,-0.0630942989599445
2022-06-24,64169.15822876664,63794.2199089317,64393.24653400933,61606.8051845859,440201.0,139695379050.0,356875.0,0.2098458603741906
2022-06-25,63804.049576353136,63388.434547151664,63834.11617619851,63296.57857419106,15393.0,4888696050.0,356753.0,-3.143130804943826
2022-06-27,63353.43482040209,63896.107521093945,64620.63111038442,63353.43482040209,218162.0,69825082500.0,349271.0,-0.47061021909819883
2022-06-28,63892.00890517846,64060.66066729024,64829.07975334439,63587.143701154375,219414.0,70519158250.0,344258.0,-0.45043102006663277
2022-06-29,64060.66332236316,64155.18293277363,64579.36259474905,62925.32582075959,266588.0,85160142250.0,348762.0,-0.26868534566700525
2022-06-30,64155.18332683441,62975.40746200273,64269.42899223115,62759.89481899842,206686.0,65716850350.0,351407.0,-0.5307443624905682
2022-07-01,62977.56913908076,61353.95574132732,63152.323645192606,60880.52186388499,310221.0,96065278150.0,367476.0,-0.16937306368770233
2022-07-02,61353.9530453572,61392.84599911692,61458.83277314357,61283.69255577923,5388.0,1654853150.0,366894.0,-4.22089871944964
2022-07-04,61377.24139340465,60776.19514791589,61398.8791125547,60425.65294506523,229769.0,70114975050.0,370109.0,-0.47672310044652155
2022-07-05,60776.19192093844,58701.08168601723,61383.47630716736,58307.863834984906,298712.0,89218010750.0,377078.0,-0.2329721640967746
2022-07-06,58698.77549126202,57455.04903289423,58915.62994602652,55514.17330833544,456520.0,131189294550.0,387393.0,0.16419282905489627
2022-07-07,57455.05287065594,59699.66381506158,60397.94284090513,57380.57300926631,380945.0,112508010550.0,367863.0,0.03494442150499097
2022-07-08,59699.65806807648,59152.17632066354,60085.93166088788,58661.45235111573,261248.0,77561162100.0,370382.0,-0.3490647577315591
2022-07-09,59152.15226860892,59141.793810971736,59234.647207141,59006.899688571226,6374.0,1886435050.0,369331.0,-4.059466044934488
2022-07-11,58859.16988286459,57741.9887420681,58863.05612276636,57451.95277622491,260697.0,75793275450.0,376801.0,-0.36835838323311687
2022-07-12,57741.99096631743,56221.25688325632,58546.36778707597,56124.60733518063,278530.0,79818647700.0,381905.0,-0.3156461130841888
2022-07-13,56223.15012608045,56021.21939882643,56551.118857017536,54647.21741833245,456206.0,127131274650.0,389405.0,0.1583245287673183
2022-07-14,56017.32992686104,54890.27307296125,56308.78832960765,54356.135849748425,358137.0,99114689550.0,390262.0,-0.08590271368129185
2022-07-15,54886.55662854962,55173.69459339668,55886.650049159405,53315.03300217315,435905.0,118865004650.0,390319.0,0.11045997619543275
2022-07-16,55173.70054210262,54964.44009391016,55182.81017185371,54866.80894558241,21341.0,5881007750.0,391012.0,-2.9081081449196713
2022-07-18,54866.16553350022,56937.71882735149,57212.351706294285,54729.37011457809,318955.0,89540149250.0,387840.0,-0.19554285643749145
2022-07-19,56934.82426805214,55835.123069088426,57057.94422660199,55139.195547925854,286846.0,80183057300.0,388806.0,-0.30413501818565514
2022-07-20,55835.12271461234,56631.10096220177,57150.14978936676,55810.84215994096,278980.0,79033188200.0,391394.0,-0.3385746305942862
2022-07-21,56631.09390370724,56190.71552816265,56684.14293456587,55530.912856995,260979.0,73165524100.0,397832.0,-0.42158986130241893
2022-07-22,56190.69999597776,57216.19512931738,57727.13163428216,55971.07296040623,328258.0,93437240550.0,410579.0,-0.22376847405670086
2022-07-23,57211.37668100277,57140.51924855364,57299.1355816291,57069.3722943723,13245.0,3795206000.0,409823.0,-3.4321052364448157
2022-07-25,57007.25769958455,57334.463191496114,57895.59052974659,56500.11839563631,249451.0,71397572150.0,409131.0,-0.49477289503994043
2022-07-26,57334.463120794455,57949.63268787976,58874.40158132709,57227.609201135485,287909.0,83950198450.0,420841.0,-0.3796106321532616
2022-07-27,57949.62411839629,58501.22588500816,58957.5139509778,57627.33761729857,270324.0,78772498650.0,426239.0,-0.4553789822392646
2022-07-28,58501.22704813031,59602.53979949326,59877.271791368265,58442.51280041674,270600.0,80529430950.0,420734.0,-0.44135908927902545
2022-07-29,59606.23528181433,60715.19272471386,60779.95474918118,59274.14025037585,250112.0,75026736200.0,417798.0,-0.5130892445913837
2022-07-30,60715.19530876017,60976.85387048459,61004.81593844357,60707.99296895379,13253.0,4040262500.0,417958.0,-3.4511570071090154
2022-08-01,60924.68809033042,60185.231354230455,61037.19328296431,59962.4564964027,257468.0,78105136450.0,421302.0,-0.49245447564797123
2022-08-02,60187.03377197979,59830.04459570759,60461.172451653285,58961.06869631248,320644.0,95936353200.0,412820.0,-0.2526801891775788
2022-08-03,59829.10763036837,59104.56772615905,60217.62874214538,58975.02523017314,230556.0,68929969100.0,419572.0,-0.598741361038761
2022-08-04,59108.37726918484,59253.112819587535,59895.22289599283,58321.626845473016,286146.0,84776591800.0,426761.0,-0.39972196748303246
2022-08-05,59253.01891967284,60451.41181615591,60847.39978553779,59067.6814909712,270019.0,81206154950.0,429886.0,-0.4650277303661382
2022-08-06,60452.05679896341,60496.35062461682,60579.72378122336,60391.60168980927,6955.0,2108910750.0,428983.0,-4.121956465727812
2022-08-08,60461.51354541616,61130.89318867823,61386.35906176447,60178.27361776433,212902.0,64814998950.0,430357.0,-0.7037831308562964
2022-08-09,61131.8024150256,61154.26511587689,61593.39602196164,60552.224153093885,204754.0,62673670650.0,427911.0,-0.7371059714713382
2022-08-10,61152.43911786631,61609.23495353822,61936.45416990451,60493.86929406832,236937.0,72747873000.0,419700.0,-0.5717458873263631
2022-08-11,61604.50600842418,62475.71464069652,62578.32642701503,61410.44189342066,230136.0,71629556750.0,418532.0,-0.5980829120471859
2022-08-12,62475.728074618455,61830.67267680413,62685.35351823159,61704.34795118731,209183.0,65291260050.0,412858.0,-0.679894241235027
2022-08-13,61829.47611908124,61884.41505360694,61915.43676320768,61823.36822804769,4599.0,1427739750.0,412260.0,-4.495815329713253
2022-08-15,61874.48662820168,61670.51228721668,61938.46182009509,60531.94568318156,221545.0,68051745750.0,416856.0,-0.6321151092980037
2022-08-16,61678.07893979372,61578.97352988481,62107.05779439288,61294.61567943583,185971.0,57596027400.0,416583.0,-0.8064949738863592
2022-08-17,61578.97350770811,61056.43085879944,61937.15068209755,60808.86516339508,205357.0,63265591800.0,418759.0,-0.712545647481852
2022-08-18,61056.42236932601,61787.45103120461,62010.25886465984,60733.68581792212,214597.0,66101083300.0,428334.0,-0.691141414478087
2022-08-19,61786.81642020329,62354.153525170186,62534.23540986645,61426.60205049476,218637.0,67987490400.0,430887.0,-0.6784330544136637
2022-08-20,62354.1413717071,62438.17772561414,62451.77727601116,62288.63006540197,5366.0,1681055950.0,430270.0,-4.384330166609816
2022-08-22,62312.64986917381,62493.22796852531,62850.3388090826,61894.61811359055,199729.0,62483436600.0,430441.0,-0.7678488168282342
2022-08-23,62489.55923824921,62835.540160293225,63226.055411744914,62259.07426583856,202658.0,63691097500.0,431085.0,-0.7547854572107424
2022-08-24,62835.53496076034,62516.70281785387,63051.64666426839,62340.4096796309,208140.0,65381341650.0,433273.0,-0.733157084109071
2022-08-25,62516.6757924041,62999.38779241908,63194.95529365612,62350.339663438725,202655.0,63704256950.0,426571.0,-0.7442737985031611
2022-08-26,62995.83337435795,63421.20262704317,64418.22199222038,62966.17950689403,269457.0,85896857050.0,434557.0,-0.4779182984839791
2022-08-27,63425.55100960709,63412.15636481271,63459.325507775495,63294.24388240938,7276.0,2309367100.0,432770.0,-4.0856251483925945
2022-08-29,63105.21735310778,62490.76965884007,63210.67387208268,62160.36081622778,223601.0,70094094200.0,429476.0,-0.6527026473911798
2022-08-30,62486.92897325087,61698.49365839742,62540.71940502856,61443.06954675872,232830.0,72273743050.0,420635.0,-0.5914569007278512
2022-08-31,61698.48686994518,61145.044204369,62173.18741479361,60703.93395129122,230735.0,71005783750.0,419868.0,-0.598670510312123
2022-09-01,61148.95651449121,59697.82554495678,61348.89023306987,59648.4706273579,286629.0,86728472950.0,435585.0,-0.41850125860670884
2022-09-02,59697.8289396656,60018.255617049406,60243.55406668744,59118.74336109928,277457.0,82840935100.0,435816.0,-0.45155416970083057
2022-09-03,60031.680743999066,59719.72122293906,60103.205990206014,59714.68183027889,10884.0,3264816250.0,435868.0,-3.690045624295729
2022-09-05,59577.131315633735,60543.18266268161,60649.79332225829,59497.20579801901,198538.0,59773829950.0,433285.0,-0.7804151925250845
2022-09-06,60543.16867953795,60958.19552631822,61345.16530427516,60519.154516931136,220554.0,67307919750.0,435972.0,-0.6814354582398696
2022-09-07,60964.05720210203,60512.27541375262,60996.036793982166,60086.687009730624,209696.0,63618633650.0,431961.0,-0.7226764435339623
2022-09-08,60512.27598197068,61551.31766784617,61597.66280086198,60259.72827695952,219957.0,67267411350.0,427862.0,-0.6653686409803783
2022-09-09,61557.26225955976,62656.69072344349,62677.600536980906,61421.26811111034,176851.0,55313440950.0,425244.0,-0.8773555516840165
2022-09-13,62818.721953796114,62111.61408711156,63117.00575603014,61967.905776225656,217053.0,68176052200.0,422883.0,-0.6669539816917862
2022-09-14,62111.57742888291,61647.71252741897,62136.4088041093,61401.59303174912,192312.0,59696015000.0,410300.0,-0.7577695463042613
2022-09-15,61649.01199304934,61406.0429957179,62241.97908082409,61256.21408249837,199820.0,61952449150.0,411948.0,-0.7234801664868152
2022-09-16,61406.05512738042,61924.81765971141,62131.19384564147,61192.199111189206,181445.0,56130790600.0,408659.0,-0.8119284899773985
2022-09-17,61926.78703814714,62136.87074431334,62147.74225508499,61926.78703814714,7975.0,2491021300.0,409599.0,-3.9388669836451595
2022-09-19,62445.03661690086,61615.49826794489,62491.4755318111,61355.01764244324,155252.0,48260641650.0,409629.0,-0.9702022688220158
2022-09-20,61614.32154584182,61866.503102375966,62282.495648003176,61585.30056726471,150095.0,46766341050.0,409686.0,-1.0041225856654128
2022-09-21,61866.50282534142,61642.74951281379,62339.57122352057,61497.96358982133,162345.0,50470532150.0,415139.0,-0.9388897034947158
2022-09-22,61642.76906623504,61980.58607251416,62355.79232591052,61294.51841424424,210272.0,65361112550.0,417491.0,-0.6858610564568722
2022-09-23,61970.46966844396,60445.41133678868,62064.9608025336,60285.90125251755,232400.0,71355137300.0,425041.0,-0.603725609881908
2022-09-24,60451.33231708752,60435.26824132671,60490.21874640219,60403.44912970479,6552.0,1991975600.0,425531.0,-4.17356745427299
2022-09-26,60302.9162588796,60014.8463159569,60588.01949847077,59501.713469557,298686.0,90220887850.0,427533.0,-0.358638624025403
2022-09-27,60009.56562620603,60052.12033196975,60476.11474584801,59599.9974098463,204166.0,61652760150.0,424858.0,-0.732821607008302
2022-09-28,60049.138321461694,60460.81144003591,60522.87629379636,59520.13311715015,235279.0,70852457600.0,425663.0,-0.5928759094067181
2022-09-29,60466.376932455394,60596.91023636313,60884.07890752165,60086.18135030972,209658.0,63742421250.0,419524.0,-0.6936431035113138
2022-09-30,60595.64822031695,60736.47692873847,60761.28747967094,60497.22061219282,117987.0,36001664600.0,421195.0,-1.2725214604391222
2022-10-10,60506.15411040852,61556.81034201385,61869.88499112004,60432.53702418212,221165.0,67799482150.0,428930.0,-0.6623847061704157
2022-10-11,61548.81872948376,61716.30385654348,61912.42621120221,61267.51497462633,196790.0,61059206050.0,434975.0,-0.7931513878537816
2022-10-12,61725.80091864603,61636.26227532335,61966.768659078334,61339.50002185521,179775.0,55878494450.0,438074.0,-0.8906817768891725
2022-10-13,61631.90804534737,62001.2846829153,62158.519256594765,61062.94540756487,214778.0,66551959750.0,439914.0,-0.7169743167303986
2022-10-14,62005.55206654039,62090.615769249605,62693.38491445316,61857.781787523374,221979.0,69743399800.0,449178.0,-0.7048364629043354
2022-10-15,62095.66667334576,62152.35850256497,62190.73721378129,62040.901225442176,5985.0,1874145450.0,448153.0,-4.315878352958243
2022-10-17,62183.89335053029,61970.843737956704,62402.62867595915,61767.38490503042,192762.0,60163461700.0,430738.0,-0.8040437493185492
2022-10-18,61970.24550716092,61361.02448557413,62065.52340522694,61214.95029149117,186249.0,57693420800.0,428293.0,-0.8327230526856941
2022-10-19,61354.2005603549,61148.02958834623,61549.368717461766,61046.8558326168,162132.0,49949325600.0,427398.0,-0.9693048451510932
2022-10-20,61151.57678494133,62107.26673441984,62305.80732432764,60985.23820667512,201933.0,62458974350.0,434912.0,-0.7672077525590772
2022-10-21,62104.19921134015,62719.61775946251,62819.385241531694,61648.88039646968,239904.0,74899797850.0,441162.0,-0.6091733116096025
2022-10-22,62718.672463071714,62760.54165668329,62817.827961752206,62690.23642787579,11237.0,3538215900.0,442402.0,-3.673007066067801
2022-10-24,62915.939404606375,62890.30655875307,63297.4865746842,62558.59647107932,213520.0,67439043450.0,456291.0,-0.7594002587766924
2022-10-25,62896.96135091006,62605.520177752485,62965.95284897817,62373.91724915495,174772.0,55046565250.0,456815.0,-0.9607962276061237
2022-10-26,62604.86562335135,63389.274456865016,63472.25063653826,62374.06686575285,206356.0,65020425450.0,467057.0,-0.8168484733081162
2022-10-27,63389.29576288786,63616.15529762301,63877.656783137085,63130.4641025918,190400.0,60561863400.0,465841.0,-0.8947172518290928
2022-10-28,63608.04742225991,62214.77776501914,63666.78019148176,62078.912364691576,246476.0,77581153850.0,461561.0,-0.6273495972301923
2022-10-29,62220.70367545737,62192.506562335126,62229.748731498985,62153.27776030197,6728.0,2089610100.0,460583.0,-4.226215155654433
2022-10-31,62192.39768776078,61858.777816502574,62672.29567636846,61429.6480655214,257601.0,79967002850.0,459080.0,-0.5778126106022263
2022-11-01,61858.97955049425,62910.57729466524,63333.483000326414,61787.48189227869,235717.0,74105153300.0,465776.0,-0.6810728989389523
2022-11-02,62915.36302078637,63071.649973922,63485.349662942295,62805.58012501325,149155.0,47305251950.0,471662.0,-1.1512765936697926
2022-11-03,63063.63125779176,62681.90979973332,63076.33978029435,62229.278432186606,169832.0,53439608350.0,467227.0,-1.012005507810366
2022-11-04,62689.97168406003,65411.96943324222,65423.38035969752,62569.447452515786,292059.0,94028806550.0,489486.0,-0.5164000242962079
2022-11-05,65420.73889623137,65776.96394097687,65823.0958481052,65330.24696452208,20933.0,6896534650.0,489503.0,-3.1520637295421596
2022-11-07,65361.43731257198,64740.87740436072,65381.79937067288,64369.174599720376,238970.0,77838476450.0,490515.0,-0.7191178385372969
2022-11-08,64740.873979389005,65712.9284085929,65923.37842349354,64414.17360124484,236568.0,77364548750.0,497434.0,-0.7432271914502608
2022-11-09,65716.99057324331,66101.8101939587,66806.17941416764,65430.296464420055,263699.0,87251910300.0,496549.0,-0.6328738682875
2022-11-10,66099.80381730435,66958.23664054224,67124.03088004292,65967.36280983555,288655.0,96222001450.0,494556.0,-0.5384281869804854
2022-11-11,66957.95480874792,67674.65739181492,68125.79416744308,66797.17992799316,423848.0,143352455000.0,490502.0,-0.14605445607625656
2022-11-12,67673.92219823325,67425.84679988118,67676.78116137924,67302.2902112187,12850.0,4341871350.0,488185.0,-3.637350621032946
2022-11-14,67904.98234486366,66888.78491060324,68024.29387628326,66292.01011238986,310498.0,104050852050.0,484022.0,-0.44395290010010346
2022-11-15,66887.72146066834,66144.80116554066,67002.2606127615,66039.8308449605,239337.0,79787152250.0,466393.0,-0.6671560257503022
2022-11-16,66145.9592524615,66063.6064174036,66504.66730834512,65971.65055294853,152583.0,50667377000.0,462617.0,-1.1091907876476415
2022-11-17,66065.98839195003,65448.88823265946,66352.77175777737,65369.065062971575,191593.0,63164572700.0,455464.0,-0.8659433491255227
2022-11-18,65450.58803380519,64940.63673296581,65710.31954264616,64811.17497915229,187181.0,61262396200.0,444048.0,-0.8638566015311163
2022-11-19,64937.36101444869,64867.43881886052,64968.92581944684,64850.70658096308,4754.0,1546735950.0,443233.0,-4.535109222206931
2022-11-21,64779.87449379011,64007.54404565444,64827.95329896558,63997.4687693031,181543.0,58656631100.0,433868.0,-0.8712478001271219
2022-11-22,64004.49261701347,64790.40774415219,65036.18635747238,63929.98310113726,178576.0,57702578700.0,431913.0,-0.883209898160397
2022-11-23,64787.29439519553,64616.65574475066,64790.40328013834,64346.57947355128,161098.0,52080994650.0,432769.0,-0.9881912228930078
2022-11-24,64613.43931751118,64876.635092985685,65112.66870840964,64526.077697076245,143641.0,46661668850.0,435067.0,-1.1081829110341517
2022-11-25,64881.55912989914,64923.004537017456,65553.4305958401,64836.67903529314,154005.0,50172696500.0,430459.0,-1.0278670118180742
2022-11-26,64917.345062226,64960.82893125318,64968.73830950711,64881.813558534486,4632.0,1505014150.0,430289.0,-4.5314683356867995
2022-11-28,64687.69092619714,64518.59452269946,64758.45240633284,63961.39875759386,247233.0,79550844900.0,424041.0,-0.5394989368507214
2022-11-29,64508.49156543538,64744.920028075016,65277.940872257335,64385.24184532654,176949.0,57478513900.0,430276.0,-0.8885653077868261
2022-11-30,64746.7661215165,65273.1991051969,65609.31360033734,64502.64846402031,166126.0,54092805950.0,434509.0,-0.9614701213758038
2022-12-01,65273.19824350232,65837.33571079877,65953.00031947425,65239.57830118976,142939.0,47005509300.0,436319.0,-1.115955661373788
2022-12-02,65842.62017831358,66081.65869821176,66278.8000965607,65580.8529810423,149402.0,49235552000.0,434003.0,-1.0664107870289403
2022-12-03,66077.94418536064,66527.49064934529,66602.36166452443,66072.73908024524,14468.0,4805125650.0,435531.0,-3.404626662218143
2022-12-05,66686.75190594287,65921.17441695856,66815.3740240654,65860.37238179741,125267.0,41587920050.0,437962.0,-1.2516846893242835
2022-12-06,65927.14100763778,66096.54350841501,66533.24031280447,65565.87539569665,144407.0,47618315950.0,432560.0,-1.0970853433356753
2022-12-07,66097.9090665298,65966.04926582873,66188.69620018963,65308.92404684244,151544.0,49818797000.0,425650.0,-1.0327414005040885
2022-12-08,65974.3723570207,66445.52554765144,66890.48338980337,65831.72458683561,149012.0,49486560250.0,424814.0,-1.0476245864548808
2022-12-09,66436.74348470935,66593.06706289154,67132.72586463075,66329.75796211541,159017.0,53046513200.0,417608.0,-0.9655320787291791
2022-12-10,66589.61429050333,66610.86396684025,66694.36373090018,66585.35917820029,5137.0,1712258600.0,416891.0,-4.396355545257828
2022-12-12,66363.11701237249,65675.18624662746,66382.39399193712,65646.50822166904,150951.0,49833615600.0,411041.0,-1.0017376853707909
2022-12-13,65675.1861475021,66699.87060113937,66991.05490282545,65582.2607383612,151972.0,50389326400.0,413914.0,-1.0019619294268431
2022-12-14,66699.86619189227,66227.4086015188,66756.5356411985,65966.90968541619,125512.0,41611491100.0,408486.0,-1.180056270456288
2022-12-15,66229.68247052228,65651.06820400347,66375.61795966682,65637.26458624098,140358.0,46275335250.0,402601.0,-1.0537496955178642
2022-12-16,65654.53952222093,64975.62620765367,65688.08993088925,64921.81484662005,181846.0,59344853850.0,406263.0,-0.8038405580915525
2022-12-17,64977.3180751896,64991.834971150274,65076.23136789665,64919.63573126966,5999.0,1948720850.0,405723.0,-4.214077872071554
2022-12-19,65197.987358411,65259.14668773611,65921.7807537973,65084.53055700615,136795.0,44776005650.0,405010.0,-1.0854283033468464
2022-12-20,65258.01933989521,65563.58876923191,65780.69643448887,64556.148185422,190612.0,62104111750.0,404211.0,-0.7516970705347283
2022-12-21,65559.2030767556,65821.82628674175,65955.0930730469,65343.61462876361,132967.0,43686237650.0,400430.0,-1.10243799257518
2022-12-22,65824.4751090089,65334.0569340957,66241.43955670587,65251.05146243976,132706.0,43688534100.0,401552.0,-1.1072008842356926
2022-12-23,65326.828818822745,65521.86403454228,65634.69035388484,65246.8104622356,113550.0,37169605550.0,402058.0,-1.2643530882672616
2022-12-24,65519.268702787536,65691.05420734729,65706.69674255273,65511.24621300687,4837.0,1587788900.0,401809.0,-4.419682157492713
2022-12-26,65752.0689775422,66193.52011139924,66197.41768986073,65737.52376302732,103227.0,34051192900.0,401439.0,-1.3581251448468992
2022-12-27,66191.00455858908,66643.40727964793,66765.30942216629,66188.48891490634,133837.0,44498244100.0,403536.0,-1.1036430614573682
2022-12-28,66643.40863980017,66195.56938745586,66760.20771601574,66168.58476354307,115871.0,38457572400.0,402371.0,-1.2448970452607604
2022-12-29,66198.13099533792,66018.76247660245,66440.36632406678,65935.29431891689,117543.0,38917086850.0,398546.0,-1.221018700356755
2022-12-30,66016.25450092716,66215.35360224816,66256.47689138663,65956.95966391197,66528.0,21998531900.0,397127.0,-1.7866332170990669
2023-01-03,66159.14946884263,65331.90572037745,66201.06113216284,65256.49136679489,162785.0,53387288800.0,385534.0,-0.8621990745294338
2023-01-04,65333.45904968398,63960.168492681565,65334.01158599515,63812.8470574143,211359.0,68205796150.0,405893.0,-0.6525314685705138
2023-01-05,63962.62523805888,65002.6101042246,65249.02504858293,63895.935294276496,171266.0,55288715600.0,400961.0,-0.8506462622840619
2023-01-06,65006.57214971405,65446.39790752107,65623.33860531992,64649.030326146254,164630.0,53617965250.0,398188.0,-0.8832237239058328
2023-01-07,65448.296659007865,65635.41803839598,65706.2665875714,65361.35777809006,15088.0,4949978300.0,401865.0,-3.282216485431933
2023-01-09,66023.6056011938,66721.03916728945,66739.71682827974,65827.70351859802,172288.0,57058991350.0,406768.0,-0.8590755032046465
2023-01-10,66715.50723069887,66986.53578061312,67039.29852885377,66310.87616061147,137058.0,45669900200.0,414610.0,-1.1069341254423997
2023-01-11,66985.29029581862,68707.74291256616,68888.58183576472,66967.082131731,225358.0,76556911800.0,436124.0,-0.6602363577443509
2023-01-12,68702.32253079345,68809.09239034311,69300.085878731,68327.02061881317,206599.0,71021200800.0,452320.0,-0.7836101775425114
2023-01-13,68810.94771913765,68643.18303409351,69013.77347307935,68028.25664829017,130221.0,44708591350.0,448971.0,-1.2377252905919234
2023-01-14,68643.17875646512,68666.45668817624,68754.42353140337,68629.96536740616,4319.0,1484163650.0,448792.0,-4.643535634759107
2023-01-16,68749.25865940706,68476.49337366883,68854.15731738832,68300.44897719151,99613.0,34177012950.0,440968.0,-1.4876796322941548
2023-01-17,68472.81363673475,69461.97631733416,69663.18052611021,68310.73695537685,127508.0,43927821300.0,442940.0,-1.2452552129635706
2023-01-18,69461.97568464543,70953.05269423417,71443.849221089,69447.76777610707,158243.0,55748467200.0,445210.0,-1.0344142547253667
2023-01-19,70948.84563800607,70216.2648837204,70953.75801172246,69236.34417527486,161738.0,56493866000.0,435459.0,-0.9904229051330561
2023-01-20,70215.167317659,70359.33822137909,70486.61533429763,69850.08928160841,65298.0,22934747100.0,433302.0,-1.892473536532904
2023-01-30,70166.30248778763,69564.9164248258,70229.44337456913,69156.21667288149,176016.0,61249110400.0,437271.0,-0.9099782401926046
2023-01-31,69565.27046867208,69623.99556177383,69680.98165905787,68862.45467276029,130537.0,45259988450.0,431704.0,-1.1960834567309018
2023-02-01,69631.2507818255,68964.28059176664,69888.08317525372,68825.48850296141,127503.0,44273424450.0,432265.0,-1.2208989323678265
2023-02-02,68968.8491515425,69075.98966362259,69383.49259254096,68707.07299017686,133642.0,46186033550.0,426842.0,-1.1612493383781226
2023-02-03,69073.29729311823,68688.5425839608,69102.02523313477,68308.4264194999,169997.0,58364513150.0,418350.0,-0.9005376129058805
2023-02-04,68688.53910237257,68441.00919982833,68706.48894764775,68300.1745596494,15469.0,5298250550.0,417073.0,-3.2944232451751065
2023-02-06,68307.58256353946,67623.1461902154,68413.42301996752,67517.45049646882,146219.0,49815370000.0,418147.0,-1.0507275475107998
2023-02-07,67620.00167403641,67821.3972373358,68291.55275503415,67604.58013277341,133017.0,45189556350.0,416844.0,-1.1422351114838425
2023-02-08,67842.51342492837,68231.9059888082,68897.28282917364,67840.1379204438,137400.0,47033858600.0,419950.0,-1.1172392767833872
2023-02-09,68227.81261683466,68393.33305525096,68903.49370964678,67947.35758466447,132453.0,45358720400.0,419540.0,-1.1529310074524484
2023-02-10,68394.67803445614,68097.55097044854,68600.20853323251,68003.28728307475,133275.0,45549164000.0,416663.0,-1.1398630788806923
2023-02-11,68088.32059328238,68043.92371293237,68121.07973932853,68017.64746912319,6616.0,2252754550.0,415693.0,-4.1404560493287885
2023-02-13,68035.55983534185,68552.00379463585,68602.51822112565,67793.85626318007,113358.0,38648461700.0,414269.0,-1.2959645689585555
2023-02-14,68537.33597257761,68830.10174755263,69248.54269693734,68378.13172467977,163859.0,56334156850.0,423106.0,-0.9486164367457532
2023-02-15,68820.7039576789,68073.60675322279,69146.06519191881,67832.57573736779,153088.0,52448716950.0,411833.0,-0.989605007923259
2023-02-16,68078.70566183414,69134.61438044379,69173.99304186253,68023.26685265718,139590.0,47898071550.0,413659.0,-1.0863324083993107
2023-02-17,69138.1219877698,68989.81359680963,69367.0986067511,68616.16964175618,127211.0,43885132450.0,413244.0,-1.178191092385032
2023-02-18,68974.50725360261,69054.5006514926,69118.76562741911,68958.40580481832,6545.0,2260340950.0,412898.0,-4.144499189730608
2023-02-20,69115.30406002086,69909.87029602194,70027.53807807509,69045.82864287162,124896.0,43406682450.0,424428.0,-1.2232609890601525
2023-02-21,69909.87790140239,70505.0725115133,70583.48148148149,69746.46202518365,145141.0,50867184550.0,437103.0,-1.1024631815380346
2023-02-22,70497.742355431,70180.88127172239,70731.61211276113,70101.99685093913,148454.0,52276422850.0,438775.0,-1.0837116072676376
2023-02-23,70191.53263061932,69338.46565391375,70362.85417450705,69328.84995047071,137666.0,48195656850.0,433077.0,-1.1460850796258915
2023-02-24,69347.48579755396,68530.31697201284,69631.08932932209,68427.9911898021,234947.0,81204258200.0,422908.0,-0.5877947045080554
2023-02-25,68529.80888495725,68510.6775040076,68662.6905662703,68445.43077408594,12157.0,4168040450.0,421075.0,-3.544905829510793
2023-02-27,68612.45620032474,68585.42190631114,68868.90919369657,68257.69098774738,189897.0,65131699000.0,424170.0,-0.8036524983667147
2023-02-28,68587.72088154581,69674.59980620383,69783.38280562624,68571.1610773855,171942.0,59369885450.0,424157.0,-0.9029464590697011
2023-03-01,69676.36391712716,70012.2700854701,70224.60101879435,69511.57333201643,144030.0,50339094350.0,427050.0,-1.0868794911811974
2023-03-02,70020.67041748321,69417.69795135829,70157.11565879895,69002.40396865319,153283.0,53344936450.0,424574.0,-1.0188004272355136
2023-03-03,69423.91883552773,69728.20772339216,69878.12408092538,69278.92790543615,106977.0,37237573250.0,426134.0,-1.3821399927131337
2023-03-04,69728.20760185199,69635.02648658295,69739.60311649302,69590.13992335797,4177.0,1455676650.0,425876.0,-4.624554938570174
2023-03-06,69419.69915252246,69593.65130061393,69761.68174262262,69030.62553525632,129087.0,44786396700.0,422685.0,-1.1861406251344027
2023-03-07,69587.40368259556,68784.44152199759,69733.30323547985,68773.8375258889,144002.0,49911125600.0,420500.0,-1.071617291044563
2023-03-08,68784.42179603595,69535.91604860345,69668.43807113398,68661.16781002139,172701.0,59605595100.0,418242.0,-0.8844984368439808
2023-03-09,69531.02345956207,69414.53775970897,69635.25593953786,69049.76633689145,121027.0,41979233700.0,413973.0,-1.2297870931067922
2023-03-10,69418.01182700112,69108.06004735398,69456.84803319437,68556.55383907599,204747.0,70590575550.0,416438.0,-0.7099625203712133
2023-03-11,69106.0351559686,68938.47564932724,69146.4919041171,68894.27069970356,6400.0,2210740050.0,416046.0,-4.174497840705537
2023-03-13,68902.3874273754,68701.29824098926,69301.4661099493,67365.03773396011,282743.0,96731060950.0,417280.0,-0.3892191014608027
2023-03-14,68714.39889191365,68566.95833144282,68962.43819343802,68249.32449555093,145383.0,49889432500.0,418757.0,-1.0579191599981577
2023-03-15,68571.75351206267,66807.65809014405,68790.6200207911,66697.64813190584,250145.0,84612705950.0,414115.0,-0.5041029633027327
2023-03-16,66797.95671771151,66679.79800920273,67057.63118415508,65944.64553335635,291064.0,96974964350.0,425960.0,-0.38080227088554947
2023-03-17,66683.32110354477,66798.00515765861,67209.74607582594,66450.47809711561,185716.0,62207039700.0,419958.0,-0.8159360811561384
2023-03-18,66796.27368711811,66847.21137017202,67023.91765322408,66757.18766821164,8874.0,2973503150.0,419378.0,-3.8556470082458776
2023-03-20,67152.4821502867,67278.94977223802,67560.4504919717,66484.5383164925,195596.0,65752521500.0,416224.0,-0.7551722693874658
2023-03-21,67283.16752800862,67878.08095121637,68321.89477358626,67190.66102768925,167140.0,56650477450.0,417066.0,-0.914412698082896
2023-03-22,67875.55571807778,68528.50188665855,68656.62478917353,67664.50342971469,145332.0,49548755650.0,422705.0,-1.0676537558960042
2023-03-23,68537.2936347398,68835.45072946469,68877.05581983418,68223.1681327544,160952.0,55183475000.0,430247.0,-0.983253278490108
2023-03-24,68847.44871613129,69008.62782504593,69724.75235708049,68760.27331759286,221655.0,76744602450.0,437692.0,-0.6803933476471882
2023-03-25,68993.65657899546,68995.04020160258,69021.14562414755,68835.52438533587,5911.0,2039393100.0,437296.0,-4.303795289496162
2023-03-27,69010.23242197327,69221.38859963394,69339.56000036687,68950.66716118237,121103.0,41908971250.0,435986.0,-1.2809687095746018
2023-03-28,69225.29561531474,69433.95998856165,69624.25691150663,69070.74046478461,124653.0,43305745600.0,437125.0,-1.2546853183148996
2023-03-29,69432.4209794273,69450.68807256279,69857.95345492728,69094.19640286124,120835.0,42018743500.0,441218.0,-1.2951131057363108
2023-03-30,69446.53502350314,69383.67441017566,69696.37676783155,69178.88330499834,111006.0,38596839700.0,441445.0,-1.3804691830669074
2023-03-31,69381.40120967741,69280.54670590795,69490.63936088812,68926.887547545,127966.0,44367813950.0,436615.0,-1.2272871962809164
2023-04-01,69297.7268739822,69401.09335130714,69462.22478709869,69286.51467618058,5637.0,1957946800.0,436191.0,-4.348728211717956
2023-04-03,69433.87853970683,68982.63812996841,69657.7506372522,68960.02672780295,126461.0,43834832650.0,431351.0,-1.2269881835849217
2023-04-04,68980.21125503388,68939.39562400708,69037.8658067225,68770.08383219557,81398.0,28076889700.0,428657.0,-1.6613063626487876
2023-04-06,68427.4037101195,68205.97507221017,68637.97730678054,68008.50598312308,177090.0,60631820400.0,425148.0,-0.8757792656779897
2023-04-07,68219.61367009878,68740.47949127089,68949.24304784916,68219.61367009878,100616.0,34591915450.0,426160.0,-1.4435035718638893
2023-04-08,68740.4789626699,68674.83572683128,68748.39714877652,68647.50791310146,2120.0,728992400.0,425876.0,-5.302732135401292
2023-04-10,68672.28536803613,68261.52137476548,68715.03972659243,68113.40182952977,105258.0,36086427200.0,420028.0,-1.3839068965468546
2023-04-11,68259.07581071013,68706.6039856299,69168.72650186294,68166.16117090298,155639.0,53446963050.0,425328.0,-1.0053214129608705
2023-04-12,68707.8868792217,68972.7379835115,69051.41828858826,68617.5330857045,124970.0,43062403300.0,425145.0,-1.2243565787098551
2023-04-13,68970.39465173984,69894.26421643372,70011.3057216627,68908.71184956832,171627.0,59639003450.0,441373.0,-0.9445668056098863
2023-04-14,69889.6837059038,69710.02923821754,70499.61378387862,69488.72921956064,214229.0,75058832850.0,453174.0,-0.749230621355571
2023-04-15,69707.2857533775,69726.4100033995,69759.95158389515,69665.23603531264,5550.0,1935873650.0,453006.0,-4.402107442670089
2023-04-17,69704.66075907998,69442.86793810723,70110.64737394378,69287.91168346992,144776.0,50499514750.0,439082.0,-1.1094984634294334
2023-04-18,69436.80261728473,69730.19927278403,69809.83112033767,69341.98796993852,117168.0,40763325050.0,435634.0,-1.3131936389539658
2023-04-19,69731.9699839085,69466.64790009323,69804.7968892388,69138.21387648801,116009.0,40288332650.0,425757.0,-1.3002009866777227
2023-04-20,69464.37184536934,68798.27386182181,69537.37942970516,68727.48754862137,174886.0,60557408800.0,417707.0,-0.8706458967214776
2023-04-21,68784.71966330869,68357.73688274978,68810.33202765649,68242.88054873158,197526.0,67800416100.0,411786.0,-0.7346335756835318
2023-04-22,68350.16817477549,68249.33257467442,68374.93624564429,68222.07888307664,7283.0,2487840600.0,411252.0,-4.033663300053862
2023-04-24,68266.8926115795,68132.24243891222,68579.71882098261,67915.01435185297,196286.0,67025183250.0,413135.0,-0.744201636731864
2023-04-25,68124.9988743564,66814.39772980977,68330.25604099376,66647.05970921752,270504.0,91231388550.0,425515.0,-0.4530133144281301
2023-04-26,66801.15556631424,66965.5358275503,67467.14863057168,66764.92387099199,215812.0,72520694550.0,427255.0,-0.6829733663557911
2023-04-27,66969.84761949348,66966.6683311089,67151.79332129544,66077.45425947187,275457.0,91750037350.0,428572.0,-0.4420272153709462
2023-04-28,66965.69377778296,67349.96912961743,67467.48800423337,66806.7807182305,100748.0,33847658100.0,419172.0,-1.42565898736976
2023-05-04,66768.68766893467,66212.76789166499,67244.99620941262,66164.45957462491,225943.0,75457086650.0,434504.0,-0.6539223955749496
2023-05-05,66222.30156867077,66899.64684823148,67222.34832532358,66217.00187338323,199860.0,66677010600.0,434629.0,-0.7768756721882412
2023-05-06,66894.76665485716,66907.75214173335,66957.83580697104,66869.88890371197,4100.0,1372614650.0,434111.0,-4.662313288057699
2023-05-08,66967.25828003758,67519.73193113171,67670.7032250607,66707.77490631273,141715.0,47632352850.0,430561.0,-1.1112710109931312
2023-05-09,67523.5343930582,67088.16730655021,67584.19284172771,66968.62983784896,133491.0,44885005700.0,427682.0,-1.164345868935815
2023-05-10,67090.5708186418,66327.4435704671,67435.99972411084,66290.77726311158,197805.0,66145773850.0,436828.0,-0.7922578280125442
2023-05-11,66322.59109867823,64069.4184729626,66619.66872273479,63835.32567780953,398211.0,129845005550.0,482110.0,-0.1911902882230342
2023-05-12,64070.80941150114,64851.72306841591,65161.59377014905,63976.28294544885,297372.0,96028710800.0,481043.0,-0.4809727828996251
2023-05-13,64859.27804340595,64859.14242027087,64890.50446948278,64799.1727172763,4280.0,1387993450.0,480690.0,-4.721269562094193
2023-05-15,64854.86804483272,64935.03397380998,65254.952094813794,64291.98114100034,212531.0,68833369800.0,475219.0,-0.8046878903364959
2023-05-16,64938.2715392062,64149.55099938058,65083.08063726112,63865.17191716969,245277.0,79033741100.0,489153.0,-0.6902871398436998
2023-05-17,64141.84599123771,65457.34625933182,65872.75222645776,63979.88557566039,274034.0,88920999900.0,472175.0,-0.5440974933008269
2023-05-18,65456.840890124,64962.74263511797,65708.57254525714,64854.76221520724,207708.0,67909528650.0,464298.0,-0.8043933402245691
2023-05-19,64962.70927069447,65280.89975062128,65974.79654903745,64875.73587346768,224965.0,73513360550.0,457938.0,-0.7107889692227962
2023-05-20,65281.68242849314,65320.827845205255,65365.86747438193,65231.3808209366,6432.0,2101270700.0,457199.0,-4.263833212815002
2023-05-22,65282.58419001906,64677.15019401718,65433.37333146481,64512.62605653705,228805.0,74258119150.0,465165.0,-0.709522068942948
2023-05-23,64677.39341678974,64359.27255738888,65159.19722821894,63804.19622545862,258497.0,83285697650.0,470910.0,-0.5997829044899455
2023-05-24,64355.66879589559,62855.44383750455,64404.7522752615,62674.72830337792,328955.0,104632514400.0,491903.0,-0.4023605792883748
2023-05-25,62856.45985164109,63485.58442144472,63984.360963416,62828.8668834468,301525.0,95597086600.0,487542.0,-0.4805235091037196
2023-05-26,63482.70872430363,64816.72178017188,64929.85865529576,63421.18733851458,269150.0,86480074600.0,470786.0,-0.5591347933184917
2023-05-27,64817.44686182695,64967.36313831701,64974.24930746742,64784.72715223911,8510.0,2762739650.0,469653.0,-4.010752181570388
2023-05-29,64939.62410947234,64917.8886881613,65238.165151722256,64597.04390112864,182359.0,59254729750.0,463868.0,-0.9336227573232302
2023-05-30,64918.46274403284,64773.47810525861,65262.44960374217,64340.726223602745,220067.0,71350896800.0,463810.0,-0.7455429401643227
2023-05-31,64778.77516391446,64747.8861756794,64911.87151642762,64421.67808270668,190813.0,61762994450.0,459849.0,-0.879604283859116
2023-06-01,64746.43527881801,65765.86464789801,65874.6432261736,64596.26750802371,251327.0,82227072850.0,448194.0,-0.5784712943130091
2023-06-02,65765.20484277277,65909.33348763942,66536.65797809676,65472.58571578808,219743.0,72547907500.0,445003.0,-0.705622342038602
2023-06-03,65920.1122726905,65996.89968653451,66018.91491843593,65848.90229023756,4374.0,1443153100.0,444068.0,-4.620299781604055
2023-06-05,65951.99434697417,66517.60690569886,66584.42185253196,65478.82424150378,189546.0,62546232400.0,456898.0,-0.8798284321059587
2023-06-06,66513.84582218973,66600.50304605885,66700.2933754357,66253.6951249302,165301.0,54999576250.0,459282.0,-1.0218963460764932
2023-06-07,66599.19054731353,66494.56186776227,66999.53271376772,66271.38444293433,176061.0,58726417450.0,456118.0,-0.9519210220700417
2023-06-08,66494.62480048409,66571.26430430128,66835.65870603941,66272.04193174613,158290.0,52739452750.0,454234.0,-1.0541836900634112
2023-06-09,66560.7127741333,66993.95659225529,67426.43534132646,66471.3009547018,179562.0,60176593900.0,451947.0,-0.9230443641301057
2023-06-10,66998.78980976276,67087.56924543148,67094.40072254176,66896.49592716924,7898.0,2648265950.0,451185.0,-4.045267892085923
2023-06-12,66926.56206743565,66633.31356979553,66936.51366459626,66426.46805922898,141818.0,47326849950.0,447457.0,-1.1490358983194462
2023-06-13,66636.18209695119,67748.93570498916,67820.25434326933,66565.44717503,196672.0,66240643850.0,461000.0,-0.8518606764886291
2023-06-14,67746.20113101219,67912.9668664485,67996.83089200263,67406.69534385667,178499.0,60520907750.0,471848.0,-0.9720739008600946
2023-06-15,67903.95072534411,68135.20014054606,68186.52186788303,67559.32071607134,160668.0,54558542400.0,472443.0,-1.0785769806329424
2023-06-16,68134.94266448247,68287.27279403742,68551.56157482819,68020.61716000718,165282.0,56493521600.0,476572.0,-1.0589657074876189
2023-06-17,68291.26538980512,68272.8251071135,68291.26538980512,68206.38002610911,3981.0,1359374150.0,475897.0,-4.78366840024367
2023-06-19,68153.85290981301,68291.55694443865,68479.16177321287,68058.58768482834,141940.0,48489912650.0,479362.0,-1.217051620012899
2023-06-20,68287.2340168098,68512.3353339061,68674.54408884722,68057.89050017149,153104.0,52388975800.0,485361.0,-1.1537755149213684
2023-06-21,68510.63161451282,68567.97763520444,69024.40777550124,68448.01801541944,141083.0,48536819600.0,497210.0,-1.2596641023925048
2023-06-26,67972.23532905584,67834.61640705538,68397.92710110152,67675.90725531642,222427.0,75805026350.0,492788.0,-0.7954801033880853
2023-06-27,67834.29981412791,67700.38176301186,68303.98429462446,67632.29020577835,169131.0,57554139400.0,492033.0,-1.0678722248336634
2023-06-28,67699.41186273952,67220.31932072935,67755.48909117182,67074.7495172147,164074.0,55412415350.0,484873.0,-1.0835694554097162
2023-06-29,67220.31650346883,66809.99612862282,67363.98615406241,66632.77724156085,166330.0,55820593950.0,472700.0,-1.0444871709967471
2023-06-30,66817.7683822596,67765.10929013533,67899.23185468136,66784.2227497477,183875.0,61934949450.0,474837.0,-0.9487154083261592
2023-07-01,67765.93983173101,67745.99891243866,67807.48367052479,67731.71318309812,3033.0,1027500800.0,474456.0,-5.052616655855302
2023-07-03,67768.0389610937,68227.26048386087,68323.94994268083,67749.10307700737,138827.0,47352437000.0,478402.0,-1.237222829578745
2023-07-04,68229.77339188928,67808.50009137715,68263.03078440881,67705.07783083605,100321.0,34129016750.0,476049.0,-1.5571457451728086
2023-07-05,67808.49793611949,67832.27482906089,68018.15461597036,67496.59285673687,108910.0,36940817850.0,477948.0,-1.4789800868752898
2023-07-06,67837.10747986191,67462.81713471161,67925.51801749978,67368.43293901393,140440.0,47570210100.0,480545.0,-1.2301405251703688
2023-07-07,67463.18370617,67729.28225656885,67821.81012996445,67418.9681928853,118910.0,40262362050.0,479879.0,-1.3951670843407717
2023-07-08,67725.3113779817,67761.67086459188,67778.99954545642,67700.17074294339,2271.0,770002500.0,479602.0,-5.352736330163028
2023-07-10,67706.45379434347,67812.41046515307,67965.13625553006,67470.03267179412,143675.0,48726331350.0,474145.0,-1.1939593776942077
2023-07-11,67808.28037473849,67478.73605565929,68128.82794357509,67348.73214274044,187249.0,63562090450.0,457354.0,-0.8930184261719492
2023-07-12,67470.61860155944,68361.40546056235,68518.91193812976,67442.86009734764,179425.0,60950911450.0,463542.0,-0.9491397024712248
2023-07-13,68355.2758601348,69360.26210352655,69538.1820623042,68227.22920080887,194007.0,66779239250.0,483702.0,-0.9135747737280852
2023-07-14,69365.5213062426,69119.49006104689,69491.83945480514,68997.94450883119,171427.0,59450332900.0,491098.0,-1.052486180534481
2023-07-15,69122.75216877773,69191.88960943795,69196.07091098571,69100.46687559692,4333.0,1499499150.0,491292.0,-4.7307785129543145
2023-07-17,69117.72107118636,68247.1653094375,69149.33986673175,67916.06122339913,174306.0,59752770050.0,464795.0,-0.9807840728234463
2023-07-18,68247.15755546758,68334.7073456345,68459.0691051465,68028.39749588283,114621.0,39162615400.0,453453.0,-1.3752605922496908
2023-07-19,68334.70735730634,68316.65352742861,68561.71201340397,68137.21654464387,126404.0,43195599050.0,448783.0,-1.2670563479215216
2023-07-20,68309.25079771114,68370.72647710115,68794.57527738654,68189.86754494648,143103.0,48993770250.0,454302.0,-1.155197524429708
2023-07-21,68369.54281500395,68149.9241932914,68603.46406033823,68048.30420938875,147002.0,50245653200.0,445607.0,-1.1089912055175206
2023-07-22,68149.92340561138,68181.72621762824,68190.39437974048,68125.68634272246,3139.0,1070795550.0,445025.0,-4.95422618250368
2023-07-24,68217.22009388659,68677.74278097927,68698.06345198155,68032.68299926429,152339.0,52032871550.0,447533.0,-1.077641977353836
2023-07-25,68677.74426481494,69199.65047029709,69309.98792218434,68544.65505442406,185674.0,64021811500.0,464281.0,-0.9164975245845874
2023-07-26,69199.65032329211,69016.33308281068,69203.55405935134,68760.06797370451,142765.0,49285863750.0,463032.0,-1.1765962443439464
2023-07-27,69016.43921085879,68794.85824493312,69394.64067227609,68632.48281995136,165656.0,57234108050.0,460689.0,-1.0228098459097392
2023-07-28,68793.03384981398,69297.15273251823,69298.21104933726,68620.69353694264,139819.0,48229460350.0,460308.0,-1.191547101636127
2023-07-29,69295.47230095894,69338.39646371717,69406.56184976098,69263.23835461853,11824.0,4102200000.0,461954.0,-3.665333954819193
2023-07-31,69385.72026104757,70386.54947095472,70461.00470061974,69249.62812613735,245641.0,85684579600.0,483607.0,-0.6774014729572976
2023-08-01,70387.753433495,69537.93860887224,70793.08137617403,69504.32347119272,244398.0,85894213500.0,474694.0,-0.6638723419576626
2023-08-02,69544.60651196107,68702.51131275784,69706.20820810231,68628.53241150636,184520.0,63944596100.0,460321.0,-0.9141662135130657
2023-08-03,68702.16334174068,69101.43547462032,69180.94444712986,68655.36057660979,149040.0,51362059750.0,455069.0,-1.116234329511817
2023-08-04,69096.62648219606,68986.57267440585,69499.4823639306,68641.77111805923,164782.0,56982819050.0,455002.0,-1.015678426336584
2023-08-05,68993.95134292728,68906.1904709536,68998.60538781971,68905.29532477587,2806.0,968144800.0,454652.0,-5.08777230947021
2023-08-07,68855.58431581451,68563.97876661085,69058.79402296005,68557.29082795967,130387.0,44905786700.0,449104.0,-1.236747535485005
2023-08-08,68576.59817138071,67931.49643218413,68859.86494777966,67574.11265404134,219162.0,74874572050.0,438924.0,-0.6945150949776686
2023-08-09,67928.71912293413,68195.25882897357,68533.35495636436,67924.78752295417,148676.0,50829384750.0,430033.0,-1.0620925082785562
2023-08-10,68193.49220301464,68232.3751727115,68644.16158593692,68126.52793364009,147316.0,50417529350.0,426289.0,-1.0625375805836255
2023-08-11,68223.20549391257,67802.04263207114,68244.25673172079,67639.54107037975,154733.0,52678083750.0,420247.0,-0.9991415827292274
2023-08-12,67809.9777749752,67872.87397538539,67891.55336102194,67807.36319070963,4544.0,1543304200.0,419426.0,-4.525079428451258
2023-08-14,67825.94563902654,67936.60004291641,67980.47352168808,67624.32339856274,135178.0,45879945950.0,419420.0,-1.1322803760282443
2023-08-15,67934.95912280325,67603.99688876502,68436.03186875668,67531.57090954171,179290.0,61004349500.0,419769.0,-0.8506999533645969
2023-08-16,67598.348678285,67554.40130096146,67812.6136250362,67269.76879457019,168811.0,57072452250.0,420612.0,-0.9129310476166479
2023-08-17,67558.12622144031,67870.53759996206,68243.45741539537,67279.44208106255,157706.0,53448006100.0,421410.0,-0.9828736913411611
2023-08-18,67869.03478027701,67885.81014666895,68122.43759600843,67650.18560630515,116003.0,39457330750.0,415289.0,-1.2753586105680552
2023-08-19,67881.86154253651,67905.9846173129,67973.78565098874,67859.07209220558,4141.0,1408445650.0,414882.0,-4.607056837886342
2023-08-21,68090.42003402552,68180.01622709277,68374.06759326711,68081.21021520942,133275.0,45525575800.0,415971.0,-1.1382008835840147
2023-08-22,68181.32632651883,68731.69732328488,68823.16841649376,68133.00320640704,145054.0,49710448150.0,421823.0,-1.0674797078856149
2023-08-23,68731.5271406592,69118.31370156765,69169.62094749162,68696.19824276137,159315.0,54940124100.0,429491.0,-0.9917174121647765
2023-08-24,69118.6396127482,68658.1696110938,69232.1120528048,68629.13654958225,146352.0,50530416650.0,430078.0,-1.0779519086722895
2023-08-25,68651.14140810484,68632.71350013171,68930.29179325665,68517.36684513926,131333.0,45177751900.0,428981.0,-1.1836765463474022
2023-08-26,68632.71039736673,68650.79282293971,68698.49613314026,68616.67348062688,2633.0,904596900.0,428532.0,-5.092241533848502
2023-08-28,68811.1694338046,68838.55495216172,69267.54713515022,68607.77218792732,155957.0,53791783500.0,428318.0,-1.0102855821271628
2023-08-29,68838.55323093159,69299.0480226378,69336.04774865923,68803.25528058817,157563.0,54449207000.0,435378.0,-1.0163892409869522
2023-08-30,69301.16913840268,69488.68239152199,69547.8347945519,69118.82963024259,137397.0,47654582700.0,438499.0,-1.1604829858191799
2023-08-31,69486.43303953204,69099.5583137289,69520.65426931302,69002.81061733158,134829.0,46757400300.0,434426.0,-1.1700183106275117
2023-09-01,69105.58670251456,69585.72313131792,70087.45417538202,69060.65282240616,186666.0,64986536900.0,443481.0,-0.8653340361685904
2023-09-02,69580.95947058096,69437.18987518933,69580.95947058096,69423.28103731226,5088.0,1768274500.0,442991.0,-4.466664627773853
2023-09-04,69501.10600689973,69214.8048101335,69634.85370124869,69024.70705866952,125528.0,43588661350.0,439572.0,-1.2532726849766174
2023-09-05,69218.47851259034,69562.89180410528,69598.1424523755,68908.19688405172,150122.0,52020726250.0,444259.0,-1.084959428839538
2023-09-06,69561.73616222458,68954.6714949785,69620.3216930979,68919.01360052667,129646.0,44942528750.0,435625.0,-1.2119741223006963
2023-09-07,68962.33221330176,68833.70410919949,69084.09533786592,68626.47039346874,151716.0,52301856750.0,421980.0,-1.0229475674302209
2023-09-08,68836.34859167445,68413.04006595779,68844.02218131242,68285.27041147526,137186.0,47090523050.0,411172.0,-1.0976739491683414
2023-09-09,68409.43259893038,68437.97491755284,68449.04115294495,68381.79264860076,3794.0,1295240400.0,410566.0,-4.6841158239931655
2023-09-11,68438.65864295285,69194.81614938153,69331.95254039676,68432.76798635643,148664.0,51255630850.0,408511.0,-1.0108301157507396
2023-09-12,69197.75502061119,69042.11136919989,69278.63979210399,68859.05028267924,117874.0,40774505250.0,399518.0,-1.220642563157185
2023-09-13,69044.28845686938,69086.75264104575,69188.26134098056,68832.07802619805,120197.0,41506027650.0,394730.0,-1.1890699234874251
2023-09-14,69088.12622234832,69318.72862241113,69461.70351540204,68867.67653262503,145613.0,50432682200.0,399016.0,-1.0080490988453572
2023-09-15,69326.06009648519,69086.9554514096,69754.72407533134,69046.64777798277,171226.0,59482478150.0,400933.0,-0.8508100097169363
2023-09-16,69086.9550306779,69117.90901235677,69139.94870336274,69083.21521475088,2295.0,793717300.0,400428.0,-5.161801131553494
2023-09-18,69135.14059435626,68882.90681373769,69295.86493181813,68772.18682362944,121094.0,41864556250.0,390197.0,-1.1700846362927955
2023-09-19,68886.19740652468,68466.3152578834,68988.02588422786,68436.05499653747,158492.0,54468988600.0,381180.0,-0.8775675856490955
2023-09-20,68466.31923020419,68735.5167804891,68934.64281910077,68449.76592718551,122733.0,42163990900.0,375585.0,-1.1184735462224877
2023-09-21,68739.28710641086,67774.10442975925,68796.81201718109,67288.5387106066,233585.0,79496990000.0,377402.0,-0.4797648957738671
2023-09-22,67766.67678815097,67886.27308778791,68162.15244838077,67714.243251047,155025.0,52712393550.0,368160.0,-0.8649312320511141
2023-09-23,67882.13914942509,67827.81905681154,67885.886253195,67768.25033614473,6108.0,2072754800.0,367795.0,-4.097926330376678
2023-09-25,67842.1671366916,67481.68514837387,67925.55599370158,67420.97354280323,149447.0,50646180400.0,365226.0,-0.8935745251277674
2023-09-26,67486.03650372512,67045.6171278457,67694.95165643361,67031.01395523752,167807.0,56578638200.0,366958.0,-0.7824328905967909
2023-09-27,67041.30876470142,67190.36946817335,67305.88348873532,66961.04808462104,132983.0,44672861250.0,360437.0,-0.9970958836683504
2023-09-28,67188.96886765493,67206.51082238922,67344.52194963409,66973.45587102593,90842.0,30527872850.0,355975.0,-1.3657387699393484
2023-10-09,67115.7173931348,67101.97465663374,67409.2474120577,66970.19944578139,172325.0,57959805250.0,357490.0,-0.7297251609431503
2023-10-10,67107.88266326528,66431.56184602702,67214.25286457533,66090.21903049212,208871.0,69617797350.0,378456.0,-0.5943829812486606
2023-10-11,66444.08978392788,66472.86798521945,66832.80639006205,66440.59996224479,156904.0,52313122600.0,376170.0,-0.8744070155113464
2023-10-12,66474.91830560562,66324.99430929006,66875.60324191324,66216.31458748138,151537.0,50442943150.0,379566.0,-0.9181986752041061
2023-10-13,66319.55749344644,66043.41964788373,66462.4901596169,65844.88755399533,167770.0,55577101550.0,390780.0,-0.845550748004056
2023-10-14,66043.78149174595,66107.55159573242,66118.71986335923,66019.0938318312,3620.0,1196247750.0,390197.0,-4.680177713956835
2023-10-16,66143.71648423217,66197.47178196353,66577.58338535683,66124.27324918013,118901.0,39451595850.0,389733.0,-1.1871706751926494
2023-10-17,66197.00918321003,66279.33410522154,66379.79925358576,65787.66245600964,170156.0,56213810150.0,389521.0,-0.8282021158049995
2023-10-18,66277.9426406065,66412.14263404749,66831.89869149496,66248.63893474928,141324.0,47048098750.0,381003.0,-0.9917521224640374
2023-10-19,66415.54816578173,66547.67765828907,66637.83908142358,66162.79112773553,115541.0,38379164250.0,381533.0,-1.1945719023119372
2023-10-20,66550.26908604616,66190.82628024834,66673.95155518856,65998.58262106423,146381.0,48544512250.0,385765.0,-0.9690155640915473
2023-10-21,66190.82560198253,66220.8291163877,66220.8291163877,66114.4263676214,5257.0,1739524850.0,385350.0,-4.294591490386691
2023-10-23,66118.98409199933,66220.16886037587,66224.10025879275,65638.31418036913,167827.0,55314365450.0,395297.0,-0.8567036941716262
2023-10-24,66226.36779730489,66837.56594284518,66908.66311068388,66068.42864876459,185109.0,61539233150.0,381770.0,-0.7238734922704992
2023-10-25,66834.97708212197,66680.67005229443,67072.12878942066,66575.83228387288,135336.0,45253544900.0,377478.0,-1.0257517136721563
2023-10-26,66686.17085924999,66483.81489818433,66712.14020791165,66372.90786859064,119966.0,39924363350.0,383389.0,-1.1618417702352253
2023-10-27,66479.33766162625,67219.56150895874,67317.53880891901,66375.24994391784,159647.0,53384709000.0,384318.0,-0.8785052070027158
2023-10-28,67227.64351695248,67198.75433905619,67240.79762902211,67086.97868536746,3937.0,1322213100.0,383724.0,-4.5795045322015095
2023-10-30,67213.64101066161,67410.70018934435,67803.80613877559,67106.37789915178,147127.0,49609648400.0,389766.0,-0.9742503996808622
2023-10-31,67412.94618712124,67268.25495084823,67441.3509082933,67086.86477101521,119998.0,40356895650.0,385439.0,-1.1669078684491807
2023-11-01,67261.8485088277,67405.5294863665,67657.68145296199,67039.54032788418,121419.0,40873228500.0,387942.0,-1.1616084701203648
2023-11-02,67405.52934595724,67487.36652945557,67616.40954980876,67277.5223922229,95791.0,32317692050.0,386752.0,-1.3956149258957045
2023-11-03,67483.40811835977,67449.2936667705,67834.52481272198,67293.30150932726,142486.0,48176334800.0,382001.0,-0.9861794771359422
2023-11-04,67453.23776339111,67347.57482810823,67469.61129844698,67323.82228875392,6813.0,2295280050.0,380472.0,-4.022580035417505
2023-11-06,67315.99860434124,67645.98789560948,67800.04825840994,67238.47592168854,105940.0,35765525350.0,381184.0,-1.2804093020650538
2023-11-07,67647.21879287594,67269.49914845642,67689.69546996818,67052.03721932531,120458.0,40594617350.0,375201.0,-1.136160737917727
2023-11-08,67278.14894870244,67110.26587985855,67484.3749105273,67099.77479787338,108342.0,36488464150.0,376373.0,-1.2452877824767614
2023-11-09,67110.96487266275,67295.59506235547,67340.19080330706,66907.98309824997,138722.0,46551539550.0,377994.0,-1.0024063920177182
2023-11-10,67305.4004200747,66642.46049561813,67360.92673844453,66596.71261872174,147756.0,49523161450.0,385337.0,-0.9585560114911399
2023-11-11,66630.45288463534,66682.55921770296,66709.4193253786,66629.6529519965,5819.0,1940414200.0,385020.0,-4.192166855315946
2023-11-13,66706.54532044905,67327.65734662583,67357.75297481539,66700.64642960092,129203.0,43327273400.0,378861.0,-1.0757845723009216
2023-11-14,67321.77577642047,67672.80978174708,67767.71563285391,67248.31355923152,134326.0,45364489050.0,378460.0,-1.0358407057581702
2023-11-15,67662.38019869999,67776.29251275283,67784.632130474,67405.83043065653,114914.0,38872198700.0,375799.0,-1.1848704034710549
2023-11-16,67771.55432141802,67533.76487185391,67879.12703011658,67463.10498688358,114183.0,38669726650.0,377811.0,-1.1965916460832249
2023-11-17,67531.85653483536,67576.39000890192,67756.53330301154,67373.4966073901,131762.0,44554417650.0,381940.0,-1.064266263339545
2023-11-18,67583.17260537953,67604.47655046679,67616.46313870906,67537.22806686728,3249.0,1098695650.0,381756.0,-4.766434404380604
2023-11-20,67636.42660157612,68035.39384175182,68053.6130346232,67624.58773967027,127503.0,43243318850.0,387935.0,-1.1126979060826345
2023-11-21,68034.732732934,68116.57026510427,68340.49196002842,67874.6990045781,158424.0,54005520600.0,397089.0,-0.9188854538679264
2023-11-22,68120.44149309884,67615.14727159061,68217.7048310078,67556.78747793844,138825.0,47153150700.0,391895.0,-1.0377797996398026
2023-11-23,67606.95578838853,68062.5412975943,68080.90943649203,67581.58613279158,106734.0,36214988000.0,389490.0,-1.294498433069084
2023-11-24,68060.99770518567,67997.96686001722,68117.1999989817,67733.9762935703,103119.0,35051558700.0,392034.0,-1.3354649095790685
2023-11-25,67998.66162459987,68019.91722292319,68107.77771560966,67968.51294923105,5390.0,1833232250.0,393104.0,-4.289528822982994
2023-11-27,68014.28600513049,67771.93563423332,68179.33043056096,67743.37714169505,112692.0,38335369300.0,392600.0,-1.2481328482318839
2023-11-28,67771.9272231704,68271.26693632221,68359.636133891,67653.11237824321,154404.0,52475560700.0,397297.0,-0.9451115678321501
2023-11-29,68269.32730256533,68112.08275334338,68329.94536903492,67994.71277295484,115796.0,39476454400.0,397277.0,-1.23280374815421
2023-11-30,68106.79696231337,68275.15609695601,68284.57479523798,67891.4043116824,135399.0,46122032950.0,395107.0,-1.0709306393675333
2023-12-01,68277.25553719177,68903.98511691102,68926.7871236022,68200.59947280765,156670.0,53683260300.0,415102.0,-0.974382590758107
2023-12-02,68913.57097091216,68959.91436043542,69119.3409307379,68861.37617440129,14999.0,5172321650.0,419082.0,-3.330083072618654
2023-12-04,68976.24358222616,68281.22537736507,69042.57085671397,68261.13746873965,127653.0,43822431400.0,416639.0,-1.1829044942496967
2023-12-05,68283.82931115614,67585.2176865653,68283.82931115614,67491.7594138102,158973.0,53984446650.0,400530.0,-0.9240542935902112
2023-12-06,67586.08278672355,67717.58423089999,68116.64766078167,67452.58754995259,121217.0,41133859950.0,394214.0,-1.1793115812294623
2023-12-07,67716.42661633804,67404.82183815462,67719.02204160737,67144.90169538012,151587.0,51121792850.0,391077.0,-0.9477447539908356
2023-12-08,67399.58932028161,68645.33015533154,68693.73855928455,67379.9524308841,153336.0,52242671300.0,396056.0,-0.9489240234297057
2023-12-09,68646.85324500904,68448.44581372447,68657.80517539919,68445.773928717,6288.0,2154861300.0,395017.0,-4.1402857468227925
2023-12-11,68438.24367577425,67886.40834313788,68444.27456888914,67696.64928774709,138266.0,47111365850.0,387576.0,-1.0307325925200084
2023-12-12,67887.13922639671,67851.98294049712,68059.95277197644,67621.47734304979,118613.0,40309103050.0,374923.0,-1.1508545788549966
2023-12-13,67858.57031973092,67642.01293712157,67959.88253395984,67538.7155032249,101965.0,34573930200.0,369634.0,-1.287883709734266
2023-12-14,67647.52309040833,68583.24334522053,68738.33903191822,67576.28169478872,171252.0,58521576100.0,381643.0,-0.8013494607577305
2023-12-15,68585.25392063097,68560.77007897636,68657.60194419234,68194.50355322433,125724.0,43074688900.0,379987.0,-1.106048013450094
2023-12-16,68558.84534416789,68552.22096042383,68628.65745222897,68480.42865556116,6960.0,2386531950.0,381290.0,-4.003380766104568
2023-12-18,68496.0970389992,68321.30672196757,68595.11509643002,68300.36169589023,92012.0,31510520000.0,378535.0,-1.4143895355540295
2023-12-19,68315.82197625116,68917.8272288617,69171.06019297183,68239.54310909977,146227.0,50191005200.0,392936.0,-0.9884865399477365
2023-12-20,68913.23408002361,68766.05271729664,69013.48657117393,68605.32944840597,141423.0,48681900700.0,396037.0,-1.0297522418752316
2023-12-21,68763.02143068169,68895.48454449516,69084.77972354407,68645.49329668297,141852.0,48857595500.0,397043.0,-1.0292603266081612
2023-12-22,68898.11559453257,69030.48728263374,69268.55780452584,68879.90507684015,146725.0,50699340300.0,408182.0,-1.0231530669277304
2023-12-23,69024.41562927992,69048.53528932996,69091.40191664743,68929.01986059037,8430.0,2908193050.0,406681.0,-3.8762323223259454
2023-12-25,69027.51659285233,69090.24513643594,69133.14148262073,68940.76896946425,69967.0,24162935400.0,405978.0,-1.7582752686208907
2023-12-26,69090.2449165589,69041.71336684903,69381.41924450899,68965.6693576175,132959.0,46006035150.0,405780.0,-1.115770330795014
2023-12-27,69036.04027374912,69638.64722392226,69854.10081665653,68971.42038394362,138701.0,48099744400.0,418288.0,-1.1038496533917022
2023-12-28,69641.8895535091,69025.06200468984,69721.04510150594,68944.21501981693,140702.0,48781473050.0,402147.0,-1.050173514758835
2023-12-29,69035.19418393023,68934.35821570197,69046.99866243686,68824.5096933096,93888.0,32368458850.0,389352.0,-1.4223812362556911
2024-01-02,68771.98937558393,68614.35723362723,69043.08093360832,68500.80177835892,114942.0,39517570350.0,381655.0,-1.2000894058564207
2024-01-03,68624.93343604174,68437.64157492285,68838.50776528894,68233.43996077264,128635.0,44061618800.0,378863.0,-1.080195725645035
2024-01-04,68440.67678322084,68341.9897301151,68692.9580594292,68151.05089012958,119315.0,40814928150.0,374493.0,-1.1438060565486194
2024-01-05,68337.20968362138,68353.09924997432,68579.17043303899,68147.7044321233,113893.0,38962674700.0,369854.0,-1.1778489220249788
2024-01-06,68347.80453185028,68313.54554528021,68349.16687169312,68258.5951076601,5102.0,1742403700.0,369709.0,-4.283083589989408
2024-01-08,68198.54339738861,68213.03123957694,68278.55697310381,67937.69979451629,121384.0,41357701950.0,371772.0,-1.1193216889224369
2024-01-09,68219.41656669768,67902.01499289474,68426.26489151237,67890.67708014509,122946.0,41925735800.0,375778.0,-1.1172533089054366
2024-01-10,67901.48148739482,67786.25013912811,68067.06778354055,67734.39818842773,137006.0,46518259900.0,377350.0,-1.0131484182413146
2024-01-11,67791.0368678249,67814.4395496556,68279.10149652278,67643.5032044164,130409.0,44384341600.0,372959.0,-1.0507928285153711
2024-01-12,67822.54269327607,67877.00595541297,68199.3564543436,67774.59604275839,104970.0,35721887450.0,369076.0,-1.2573279898451684
2024-01-13,67877.00625880569,67819.01601663983,67883.79633141868,67785.95695905169,7895.0,2677805400.0,370677.0,-3.8491014157440784
2024-01-15,67798.96238700057,67887.73583923507,67929.01137446468,67594.50094354058,105678.0,35813274400.0,365005.0,-1.2395143171405894
2024-01-16,67897.28020668379,67941.28742589308,68126.49593357157,67656.61379433254,92757.0,31490061650.0,362483.0,-1.3629944063055153
2024-01-17,67943.95646080589,67607.13007122355,68027.79957712273,67593.83370636488,80804.0,27391875350.0,365469.0,-1.5091549910191178
2024-01-18,67609.73770437998,67533.88967563196,67837.26119019036,67371.21170958289,125751.0,42502837700.0,372139.0,-1.0849636791606272
2024-01-19,67533.98249541156,67848.13508988175,68023.43425760527,67529.13847824158,90849.0,30811094300.0,366704.0,-1.3953561954901006
2024-01-20,67854.47661828318,67879.80648295737,67921.36810110556,67812.26032740028,3079.0,1045143500.0,366376.0,-4.779055259528844
2024-01-22,67976.71004844268,67828.69648444388,68112.54744441836,67699.76455843024,103509.0,35174154350.0,363072.0,-1.2549425962574383
2024-01-23,67827.43268849426,68081.98322945803,68191.96287685119,67711.96163321997,104341.0,35467138050.0,363256.0,-1.2474434382634187
2024-01-24,68076.0297266797,68871.52887980461,68896.75444468028,68065.96103399206,140390.0,48122384650.0,368891.0,-0.9660769434656455
2024-01-25,68866.81277989222,68954.11779899771,69073.54881713205,68756.4087912442,132517.0,45653566400.0,375538.0,-1.041648725403021
2024-01-26,68949.65895262669,69127.95383451792,69229.06245468231,68794.7114599619,103167.0,35596282050.0,379461.0,-1.3024027902873043
2024-01-27,69118.39479364041,68968.76892770997,69121.02348343299,68964.71239412528,5587.0,1928796050.0,377687.0,-4.213623339798117
2024-01-29,68932.96285593085,69046.13496310875,69056.85854771962,68711.70187396699,99052.0,34129956000.0,375021.0,-1.3313370596394496
2024-01-30,69048.84568207394,69236.74624115911,69301.9773065234,68911.1592071052,120025.0,41462230600.0,384294.0,-1.163707830229415
2024-01-31,69229.82333838155,69760.04845011723,69967.92286075628,69193.83127494913,165576.0,57526259900.0,403095.0,-0.8897419622642668
2024-02-01,69749.1454613566,68900.51256672114,69760.04763286967,68778.93113036446,135951.0,47001092650.0,390993.0,-1.0563951303149244
2024-02-02,68897.26258097682,68721.04838688463,68973.69912344874,68512.16174046008,118436.0,40712259850.0,380165.0,-1.1662326387157431
2024-02-03,68722.83431800129,68727.39671844881,68761.01577481236,68686.45347032613,2651.0,911175600.0,380247.0,-4.96588411425504
2024-02-05,68670.58191843671,68041.71996545093,68677.95244594573,68010.6730733236,121417.0,41530780650.0,373961.0,-1.1249206121317004
2024-02-06,68046.60870053536,68142.87502104045,68253.12300165747,67842.91347700912,119194.0,40580029700.0,374279.0,-1.1442490908137248
2024-02-07,68149.17965817307,67827.38439661716,68198.66366438814,67804.49506046124,89766.0,30541556750.0,374124.0,-1.4273810088056993
2024-02-08,67826.84152987937,67988.24593759346,68066.95573437476,67642.89924382862,88847.0,30139138000.0,381178.0,-1.4563506683692042
2024-02-19,68634.89170905658,68477.78063532623,68679.18218050238,68298.50578169644,111485.0,38171756750.0,364726.0,-1.1852563340436275
2024-02-20,68477.40314678701,68660.53569738289,68699.23772399979,68219.1139595654,108548.0,37144462100.0,369761.0,-1.225664379513878
2024-02-21,68663.42409073579,69092.69602603324,69441.48523268748,68630.0816604655,149993.0,51789272950.0,379822.0,-0.9291140955837202
2024-02-22,69092.92213042438,69306.95468627388,69353.92675847432,68979.48067889434,111639.0,38602803900.0,392508.0,-1.2572864679153029
2024-02-23,69310.92931953847,69133.59029200076,69473.06673401667,68994.3011852173,116227.0,40278110200.0,396951.0,-1.2282676719466044
2024-02-24,69136.10877817887,69182.18030854777,69287.36246569348,69130.91698931665,4822.0,1669635700.0,397086.0,-4.410964102153611
2024-02-26,69098.15800208494,68658.40728053373,69162.29491126288,68640.47067917087,109580.0,37788547400.0,389422.0,-1.2680087124070656
2024-02-27,68658.40701965225,68806.2307511341,68981.69118697329,68635.7482659405,97842.0,33672680500.0,391062.0,-1.385512182482566
2024-02-28,68815.44310983706,68594.47162278002,68911.01538941592,68518.97856931906,100894.0,34683815450.0,388463.0,-1.3481274664022178
2024-02-29,68595.4207231372,68929.58454429614,69064.84526716988,68541.24741601902,122553.0,42198268250.0,388465.0,-1.1536594861805987
2024-03-01,68932.25716602526,69004.76269291448,69053.04079001423,68682.41913493854,84303.0,29031395250.0,387283.0,-1.5247382403716256
2024-03-02,69004.83192691443,68980.72470846029,69142.20703659877,68975.54637374451,6871.0,2373145400.0,386997.0,-4.031107285012812
2024-03-04,69071.42915835495,69198.82994433431,69247.68098760987,68800.22278561164,100102.0,34566358300.0,399528.0,-1.3840941842182624
2024-03-05,69196.9248674706,69116.96379226775,69273.57693778924,68912.12522028244,82731.0,28570898750.0,400246.0,-1.5764849774303458
2024-03-06,69120.6566522104,69497.75264738609,69515.24531441438,68873.14761318966,128835.0,44572964950.0,417865.0,-1.1766258979663673
2024-03-07,69504.07425311343,69851.53079716202,70152.17281954348,69248.59165330356,204267.0,71205296400.0,448629.0,-0.786768303949924
2024-03-08,69846.10620987875,69402.01260800603,69921.32944653934,69265.43153945846,169432.0,59047061000.0,445114.0,-0.9658787627477853
2024-03-09,69409.09040869378,69356.70899916084,69428.46383017923,69312.46943798254,3186.0,1105365000.0,444497.0,-4.938177094286972
2024-03-11,69404.73932359324,69717.68549344555,69732.11116477285,69303.25192608338,104146.0,36197512600.0,447253.0,-1.4573306691997787
2024-03-12,69718.60901818573,69882.2793520322,69961.50840525038,69527.37905452529,134156.0,46747825950.0,457924.0,-1.2276999295558007
2024-03-13,69880.68458275017,71937.30832376415,71954.27271397943,69711.26674334017,318958.0,112726251200.0,526865.0,-0.5018849160673643
2024-03-14,71941.56098116214,71666.58738992161,72382.1625445409,71231.45867422866,298209.0,107124604100.0,541773.0,-0.5970525115604849
2024-03-15,71666.94153172594,73330.41415341718,73348.73825634211,71617.51927272591,358679.0,130450850950.0,553732.0,-0.4342529771081705
2024-03-16,73328.4909758634,73239.58821808569,73384.48656278373,73163.47250808586,13120.0,4810853350.0,553764.0,-3.7426008196908565
2024-03-18,73187.99721026709,73576.89745138088,73879.42100228518,72776.3564823603,307219.0,112573821000.0,563050.0,-0.6058075858237522
2024-03-19,73575.8725837045,72606.712455453,73596.52605798398,72367.69230352552,312714.0,114001815050.0,553629.0,-0.5712057525165819
2024-03-20,72610.8414825786,72379.64503456802,72880.06290787017,72165.48820357787,184362.0,66902349300.0,546025.0,-1.0857635461088062
2024-03-21,72383.60376100685,72447.70306230354,73525.8156093092,72342.32689964733,290829.0,106040158900.0,547529.0,-0.632679962740425
2024-03-22,72456.59399524776,72371.38296969654,72694.76889815374,72167.20800416813,195387.0,70734823900.0,542116.0,-1.0204977934794186
2024-03-23,72373.87308550063,72374.57211485163,72466.54072231488,72354.59495214514,5390.0,1950995600.0,541220.0,-4.609280465607915
2024-03-25,72349.4274598129,72351.88562369674,72649.94581198248,72202.52280530216,178231.0,64532283400.0,538066.0,-1.1049007674698226
2024-03-26,72353.13171843173,72223.00179598175,72404.72368122698,71757.97933070127,188072.0,67790823650.0,530629.0,-1.037238227081808
2024-03-27,72218.43982978658,71952.6122566371,72238.26549843384,71702.79803754491,157283.0,56616846100.0,531973.0,-1.218546005694618
2024-03-28,71949.77899929314,72344.66412889054,72697.19740644713,71943.55693708667,220809.0,79867331000.0,533538.0,-0.8822322215047599
2024-03-29,72336.33345890944,72627.39476315261,73009.54223404634,72180.60126832538,178272.0,64656189250.0,533107.0,-1.0954116806488037
2024-03-30,72630.68910277453,72666.89156576726,72674.27542826904,72616.00174093466,2793.0,1014466000.0,532461.0,-5.250393368501782
2024-04-01,72866.6287910701,73181.94157540493,73431.28843553145,72776.5398793784,175163.0,63962665950.0,545866.0,-1.1366565553942423
2024-04-02,73181.8856836139,73400.21353649751,73718.86306266687,72907.1351419172,186758.0,68427589200.0,551147.0,-1.082187900116071
2024-04-03,73394.14039168441,74073.8945970441,74133.36206881038,73323.11272868494,145919.0,53840393600.0,557195.0,-1.339863595194404
2024-04-08,75139.28766783589,76179.09373757061,76819.27102519272,74485.48289289481,455774.0,172581823800.0,580781.0,-0.2423766768547979
2024-04-09,76166.32758914627,76214.7577397927,77020.35254165666,75930.62465226243,321849.0,122938883100.0,585610.0,-0.598571547547674
2024-04-10,76222.17545063968,76143.58403324701,76788.29495910292,75739.33902762625,326242.0,124424355200.0,596264.0,-0.6030440847472958
2024-04-11,76148.66461721141,76052.7189000924,76666.98272083151,75861.7731044286,254081.0,96870762850.0,590886.0,-0.8439699915794705
2024-04-12,76051.18821918598,76997.38233154126,77936.50552587892,75936.29952911257,344344.0,132576439300.0,600607.0,-0.556299652786484
2024-04-13,77014.28636113931,76375.13370889612,77062.80566329842,76300.56885863823,35144.0,13466296400.0,600521.0,-2.8383437050927123
2024-04-15,76992.15453447195,77568.41317830226,77598.22411374237,76299.98120069137,323287.0,124346562850.0,605298.0,-0.6271804251535104
2024-04-16,77558.81489776738,76745.369300228,77659.51569942934,76418.9724934488,280556.0,108086472800.0,593379.0,-0.749059969418001
2024-04-17,76734.53118311464,77518.84205950829,77928.84059058683,76483.49369117166,237479.0,91619234500.0,600454.0,-0.9276068372422247
2024-04-18,77505.84903492073,79073.83667066983,79297.32698429246,76938.51123774302,364106.0,142288242100.0,612015.0,-0.519311757980988
2024-04-19,79077.87205193593,79945.78632404991,80193.04998529702,78435.28279881453,395939.0,157335347600.0,615109.0,-0.440539328889473
2024-04-20,79961.04121210545,80123.00297194754,80147.25404768818,79733.01900262639,15097.0,6033405600.0,613066.0,-3.703976548765355
2024-04-22,80275.93912521182,79419.44212359862,81085.93721912421,79001.77029125193,406787.0,162751468100.0,606819.0,-0.3999408518554965
2024-04-23,79419.43111216582,78500.91604694078,79704.82595432435,77725.50461152437,407405.0,159967987050.0,595559.0,-0.3796926836261823
2024-04-24,78492.31730866106,79289.7182050663,79747.13933040855,78340.88316876182,310489.0,122863546400.0,608847.0,-0.6734185306039635
2024-04-25,79294.80469545566,80020.77058930934,80811.34228373882,78922.92797570663,362974.0,144722032800.0,618877.0,-0.5335753389914542
2024-04-26,80017.8274998384,80644.73891981218,81261.22535505131,79936.58795147974,365827.0,147508583300.0,617837.0,-0.5240641245646995
2024-04-27,80638.52451984865,80653.71095345866,80703.82806437135,80551.73461043325,7199.0,2901328950.0,616828.0,-4.450648089321748
2024-04-29,80777.64503420773,81714.98062533191,81821.92013272592,80510.59206257513,282791.0,114684180450.0,621430.0,-0.7873151649703773
2024-04-30,81709.68808685872,82271.67629007772,82489.91229292055,81584.22317899905,244130.0,100084710900.0,616552.0,-0.9264417958703164
2024-05-06,80379.75407024044,81447.49366463414,81739.10837991416,80218.27452191216,235913.0,95690319100.0,603359.0,-0.9390492831314795
2024-05-07,81444.289886106,80841.30855011105,81633.70632566023,80521.16349171092,248737.0,100647852600.0,596156.0,-0.8741062644160554
2024-05-08,80848.3996933745,79868.54045266805,80895.8920909065,79524.85609815826,281631.0,112623585200.0,589306.0,-0.7383478699111656
2024-05-09,79872.34852829884,79934.88155868063,80168.37868175514,79723.47881186774,205297.0,82042242900.0,588857.0,-1.0537256586380739
2024-05-10,79946.53397367423,80598.2621161888,81167.00259666995,79919.75943517197,285275.0,114926560800.0,600230.0,-0.743859287775285
2024-05-11,80598.18762015508,80675.7246503657,80784.00145975429,80509.7056336434,12093.0,4876743850.0,599841.0,-3.9040378472943034
2024-05-13,80582.81399343326,82177.09991475398,82216.19404581698,80402.3387363878,278554.0,113224138850.0,621730.0,-0.8028939784536334
2024-05-14,82182.98764816573,81248.13015114586,82698.78071341389,81235.12124649083,323988.0,133035914950.0,621585.0,-0.6515661894187381
2024-05-15,81241.08745938296,81864.93589638307,82881.75568346353,81241.08745938296,390257.0,159836570700.0,608858.0,-0.4447795749376258
2024-05-16,81865.82140317399,83062.91106710429,83144.01678203711,81791.70566952488,293829.0,121401132300.0,619096.0,-0.7452623840408198
2024-05-17,83066.93277792762,85115.54376695277,85444.74766314094,82832.709957299,369242.0,155249209300.0,637433.0,-0.5459969178316448
2024-05-18,85119.51347654137,85265.32021825634,85322.67975486298,85096.69036036276,15157.0,6457161050.0,636316.0,-3.737232823844767
2024-05-20,85807.78332067085,87542.43987489377,88954.42041438089,85803.55270841315,558899.0,244420990450.0,626028.0,-0.1134263214891073
2024-05-21,87547.19924920127,86755.23659128352,88612.42601882824,85965.97350293519,492358.0,214757472850.0,621536.0,-0.2329877394842828
2024-05-22,86761.46175713961,84112.38308058829,86974.60337687162,84006.24847653249,495930.0,212054472250.0,612409.0,-0.21096557221945222
2024-05-23,84110.77257318654,83738.83638509568,84509.63075780579,82923.77617373448,466360.0,195184531800.0,606644.0,-0.26298426000227737
2024-05-24,83735.47067608689,83685.32212386462,84509.77016559018,83337.61822278971,281920.0,118320183500.0,606630.0,-0.7662957072679333
2024-05-25,83691.81187816842,83617.14065974733,83772.54403802418,83584.15949526521,8944.0,3740806000.0,605262.0,-4.21467850572685
2024-05-27,83759.87414919335,84966.7190193763,85173.86786144612,83682.94487315744,252011.0,106126066850.0,611366.0,-0.8862230604827934
2024-05-28,84971.68869384297,84888.31671961451,85561.44556961197,84321.15426336556,310790.0,132086324000.0,607831.0,-0.6707794398579741
2024-05-29,84889.48518040813,84825.96742861002,85914.99310594652,84278.5173935507,297902.0,126473086250.0,606913.0,-0.7116208795862335
2024-05-30,84825.73893987577,82399.6892345212,84953.99596089486,82131.91511531798,461304.0,191972565250.0,592923.0,-0.2510072806644321
2024-05-31,82398.59025866256,81605.84304444696,82904.61829007571,81382.61088993754,359022.0,147580847000.0,584382.0,-0.48717121063313235
2024-06-01,81611.46962702378,81547.43222961233,81692.35478170426,81528.27221919535,13920.0,5674172650.0,583662.0,-3.7359953932483227
2024-06-03,81848.6685769911,82143.30461708788,82643.78129547887,81490.71990244891,287587.0,117816099200.0,578070.0,-0.6981695454496398
2024-06-04,82147.35673550743,80714.79653818808,82609.85455809633,80554.20009745004,296165.0,120656670200.0,572417.0,-0.6589510153033583
2024-06-05,80707.57892217995,80754.53702535859,80942.43599019112,80205.69460839462,271218.0,109178841350.0,570852.0,-0.7442070561183866
2024-06-06,80765.16832265827,82251.90548286693,82378.01410190662,80756.36673164529,296061.0,120756570650.0,568024.0,-0.6515981571762708
2024-06-07,82254.673282002,81672.48021634837,82581.1795593045,81469.16071796915,165331.0,67654167750.0,566124.0,-1.2308636104264663
2024-06-11,80546.55806269399,79408.9402579,80868.74314040404,79307.10996656792,335857.0,134389855850.0,556107.0,-0.5042752476446322
2024-06-12,79398.39944616272,80647.08384920804,81208.73250180029,79398.39944616272,271583.0,109068701300.0,562152.0,-0.7275044742802694
2024-06-13,80653.26027675052,79488.81355600683,80667.00197628108,79382.54778534423,259729.0,103713273200.0,562378.0,-0.772535441923084
2024-06-14,79483.23882802513,79379.38030312002,80148.0273042525,78966.25045568252,226971.0,90313240450.0,557337.0,-0.8983478278859749
2024-06-15,79389.88136511765,79486.18320569501,79624.89107620268,79379.11432088663,12634.0,5021131400.0,555998.0,-3.7843731046453017
2024-06-17,79469.57236019985,78560.32660306858,79539.76710773961,78054.85688346453,257782.0,101443613250.0,531777.0,-0.7241099620314402
2024-06-18,78554.9786088111,78639.00254121155,79251.60569250966,77917.95528070476,234617.0,92235745600.0,526127.0,-0.8075882310993899
2024-06-19,78634.45379349146,79566.33781032855,79641.43563319273,78628.3775739445,200098.0,79069933100.0,527586.0,-0.9695046386998746
2024-06-20,79566.33752632068,80387.10270229384,80549.34603316389,79476.95505782183,262618.0,104952367150.0,528810.0,-0.6999286942643287
2024-06-21,80381.31875820181,79073.28805228577,80525.34760583218,78692.15956832565,257629.0,102390870200.0,524502.0,-0.7109286754509048
2024-06-22,79084.71919113312,78961.26492504502,79196.87589653594,78928.38421453068,8439.0,3335192900.0,523114.0,-4.126935595367738
2024-06-24,78762.89980757973,78764.09533827925,79149.08548173425,78486.57468415526,202479.0,79732831300.0,523798.0,-0.9504699363497918
2024-06-25,78768.45557774324,78192.86952617168,79119.66432905961,78068.51737685452,202070.0,79327822150.0,518901.0,-0.9430989415000263
2024-06-26,78189.38352428767,78061.1764717174,78597.45113477399,77619.06951546442,286524.0,111723088350.0,520939.0,-0.5978106500852604
2024-06-27,78070.75267537503,77799.74168305112,78386.39519163231,77497.49518644753,220438.0,85937775400.0,511155.0,-0.8410563948092912
2024-06-28,77796.24384489428,78491.19786563593,79077.00861138938,77706.94314988256,244608.0,95771617500.0,519499.0,-0.753207956431861
2024-06-29,78486.53939077754,78458.15373681148,78554.31173071853,78330.19671132293,6999.0,2744641950.0,517781.0,-4.303785091232672
2024-07-01,78308.64866117197,78712.97267015891,79064.8683726909,78015.27597105969,179725.0,70498512950.0,511419.0,-1.0457613102105692
2024-07-02,78708.5806721588,79028.04568880117,79498.87570884005,78637.51833051327,167602.0,66190475200.0,518858.0,-1.1300381214958777
2024-07-03,79032.92799321564,80495.45785170831,80670.69296562341,78822.9272941503,222458.0,88599807650.0,529025.0,-0.8662973699776587
2024-07-04,80493.09707565197,80229.81986523404,80570.84435240667,79870.57583497014,165950.0,66531302700.0,529659.0,-1.1605468650855941
2024-07-05,80231.37180196389,80711.54742386128,81036.34600116,80049.73657759487,212761.0,85616031050.0,534288.0,-0.9207655494243047
2024-07-06,80713.0017481732,80840.71491884779,80852.0934098162,80677.63230504288,5142.0,2075105700.0,533627.0,-4.642254984177744
2024-07-08,80810.15866651178,80301.19637576384,80858.78810800082,79959.13445337607,204131.0,82073141600.0,534623.0,-0.9627998809876958
2024-07-09,80302.3390083498,80173.00157722783,80772.35719353272,79863.1082336906,179871.0,72224610500.0,532580.0,-1.0854931937460295
2024-07-10,80177.03312365036,80267.2694979357,80522.98890615688,79694.83080638314,189161.0,75699935550.0,530928.0,-1.0320279145363849
2024-07-11,80251.46545521665,79433.55463064434,80438.58660777926,79270.90207293628,212660.0,84911294000.0,528339.0,-0.9100434769148633
2024-07-12,79430.56225074433,79867.3430580582,79920.03551149923,79058.07889823487,228342.0,90615448400.0,523888.0,-0.830433415939103
2024-07-13,79860.12426581047,79875.33687112258,79934.78317059435,79792.40768698616,8184.0,3266834600.0,522737.0,-4.156897440866213
2024-07-15,79700.61464693003,79617.99893465909,80383.6939253945,79517.57309924408,169465.0,67638701300.0,512512.0,-1.1066777095495308
2024-07-16,79621.95613701329,78779.06834880388,79653.81460482275,78457.68672940125,204396.0,80791901050.0,514742.0,-0.9236065155956754
2024-07-17,78772.38585761246,78384.89637831828,79053.64095765907,78229.32765358429,189740.0,74571305050.0,517025.0,-1.0024365152740093
2024-07-18,78386.23317015238,76702.16139726539,78587.54173769201,76625.03311118572,303508.0,117731932500.0,521533.0,-0.5413645821461871
2024-07-19,76689.65893143353,76177.62782217021,76962.39539153247,76123.71549426354,280110.0,107252340050.0,517731.0,-0.6142734191906823
2024-07-20,76180.90731226822,76128.93288111457,76206.81990812466,76097.60414754113,9340.0,3555316800.0,516859.0,-4.013463857798104
2024-07-22,76302.318533768,75369.5458101124,76566.89977859607,75195.51125106758,253701.0,96237134900.0,513904.0,-0.7058800693225313
2024-07-23,75375.16317651316,74964.06823824781,76012.10250552457,74566.42113074787,273989.0,102970077100.0,505054.0,-0.6115773946549529
2024-07-24,74968.34044684464,74334.95319780301,75121.80737712226,74322.5377294668,213244.0,79692168100.0,504143.0,-0.8604229080009667
2024-07-25,74329.023548647,74249.7365814852,74429.38155930415,72850.7490767152,408828.0,150416855600.0,492752.0,-0.18671147518333547
2024-07-26,74245.70703811485,74375.64441246685,74661.65918055679,73870.47305454945,214233.0,79618529600.0,485062.0,-0.8172125100468007
2024-07-27,74381.00018348207,74440.53043187504,74493.82007943679,74338.52990846724,4720.0,1756680800.0,484492.0,-4.63129211972913
2024-07-29,74628.33402866703,73789.01692452969,74869.45993225662,73533.05391994021,200130.0,74135275750.0,481845.0,-0.8786553301806861
2024-07-30,73783.51961730434,73415.36896859514,74045.22757739255,72895.49350527186,293677.0,107719624400.0,487345.0,-0.5064917672273576
2024-07-31,73416.40704801338,75041.55369630783,75256.43047248494,73412.67877039372,260165.0,96751735550.0,482752.0,-0.618187019114212
2024-08-01,75044.24526855705,74060.76770646112,75578.93939643631,73969.29707398768,290734.0,108686586400.0,488494.0,-0.5189184291199861
2024-08-02,74070.69372539627,73379.17360090377,74142.60896871996,73055.84158075601,296693.0,109173879950.0,493926.0,-0.5096877742325707
2024-08-03,73379.35218614142,73374.9034594542,73576.94022600082,73360.98287334564,15201.0,5577692600.0,492332.0,-3.477792070505439
2024-08-05,72933.08972350942,71462.41345376302,73696.84558600142,70742.73400224392,450921.0,162565258350.0,495891.0,-0.0950639866479164
2024-08-06,71464.46961157746,71980.07992626594,72326.96206341415,70712.2297068709,332795.0,118845041900.0,489326.0,-0.38550224922230253
2024-08-07,71985.98999429822,71169.84490895465,72034.97816424331,71049.65711179285,249432.0,89098560600.0,493710.0,-0.682761967321171
2024-08-08,71170.81938092208,71418.24468769605,71486.81358893432,70764.53636843959,246217.0,87382841650.0,497336.0,-0.703052593091765
2024-08-09,71409.57899837931,71750.93768980705,72286.37990079827,71195.65153333292,244902.0,87911795450.0,495569.0,-0.7048484668313332
2024-08-10,71743.26850588813,71678.4600380023,71766.33852238218,71501.2730070009,10902.0,3899592700.0,495233.0,-3.8160821002494867
2024-08-12,71662.60542913865,73148.34389790057,73362.63521328395,71468.8010923363,256397.0,92598163100.0,494420.0,-0.656658333889666
2024-08-13,73150.45110911562,72223.14968855264,73153.15551888166,71795.02313177715,242504.0,87734737550.0,490131.0,-0.7036544972257629
2024-08-14,72212.77748981708,72210.37417939957,72787.2478654492,71925.22276882996,211087.0,76346623150.0,486077.0,-0.8340966767953163
2024-08-15,72212.61888255033,73881.53903889857,74038.92381978483,72024.51040021713,264904.0,96664494700.0,480969.0,-0.5964353227626124
2024-08-16,73872.77130956812,73733.36184095444,74128.78733105426,73034.10675029983,230896.0,84931801350.0,474493.0,-0.7202794728765266
2024-08-17,73733.49977239582,73847.39629847114,73908.47819944586,73698.5434372049,10899.0,4021897200.0,473426.0,-3.771324575506554
2024-08-19,73980.75726204572,74161.79516057258,74296.73142849967,73597.869643443,208212.0,76992431900.0,474147.0,-0.8229606087905116
2024-08-20,74158.21410644162,73604.53974627587,74189.46533471422,73539.0303671533,176601.0,65254571500.0,468698.0,-0.976065687129746
2024-08-21,73596.27435669315,73930.38769054151,74117.3589808404,73302.24505457026,194072.0,71527840700.0,466893.0,-0.8778708851300031
2024-08-22,73934.27680998307,73478.01254394121,74355.31957340374,73399.77739469985,207516.0,76677842550.0,467955.0,-0.81316369231663
2024-08-23,73478.01364696126,74223.68452202895,74327.10786323033,73443.1398745514,195873.0,72251841200.0,468020.0,-0.8710445400167002
2024-08-24,74226.53227925856,74233.53758979375,74267.08371761595,74095.83277763528,7902.0,2930127850.0,467321.0,-4.079900495718796
2024-08-26,74261.60863940122,74753.51108106396,75184.27218952343,74258.29172948409,200363.0,74888473600.0,473330.0,-0.8596620982230451
2024-08-27,74756.39907457294,75484.10991550669,75602.64189388113,74678.85567539369,182995.0,68702342350.0,471635.0,-0.9467465512824117
2024-08-28,75478.87274639391,74272.6906623459,75504.1474970045,74216.3486622484,182504.0,68205044650.0,466584.0,-0.9386659777958747
2024-08-29,74269.11163786544,73874.42567445191,74521.1219660402,73628.93600410144,207138.0,76657120200.0,469307.0,-0.8178719007126928
2024-08-30,73874.42498487081,73821.30064722236,74549.87860115372,73731.37235744038,207636.0,76973820800.0,470781.0,-0.8186064710698286
2024-08-31,73835.98194711174,73889.37742553542,73915.28639410075,73777.81372001045,6127.0,2261533300.0,470257.0,-4.340574120025927
2024-09-02,73963.8723249477,73738.00294250024,74018.35835092438,73491.14670715344,143948.0,53027986550.0,471028.0,-1.1854654169838998
2024-09-03,73734.48284574975,72155.419257862,73917.28634270969,71758.86330247884,278045.0,101217710450.0,475006.0,-0.5355444644391931
2024-09-04,72155.82665908706,71908.75876629764,72419.57439388592,71677.79560260585,209771.0,75539628700.0,472691.0,-0.812425438532726
2024-09-05,71911.73386363157,72607.19658286056,73067.23659887137,71608.66247599092,219832.0,79382675100.0,472559.0,-0.7652989885933833
2024-09-06,72597.8685631207,71976.08105269635,73102.91003406662,71914.74289775742,219203.0,79468019250.0,471323.0,-0.7655453928155557
2024-09-07,71976.08795461392,71871.86034757012,71984.27747626948,71835.52963124897,11543.0,4147976150.0,470869.0,-3.7085007310630465
2024-09-09,71895.00043544477,72809.20651463266,72898.45287534311,71700.15315777485,228256.0,82437324800.0,463449.0,-0.7082285404938182
2024-09-10,72809.20039439817,72365.24646494233,73342.73671048977,72231.04536656631,226530.0,82435085400.0,457489.0,-0.7028754542272303
2024-09-11,72366.45633285608,73056.21939981305,73292.59876281634,72352.62314869686,186671.0,68037323300.0,453592.0,-0.8878504064963587
2024-09-12,73055.80091676975,74021.92963998247,74104.13591488969,73044.18574925991,208875.0,76971760550.0,451478.0,-0.7707906582869783
2024-09-13,74026.96971039369,73912.25057722139,74422.44745552384,73835.70425189445,129643.0,48065207900.0,443504.0,-1.2299223018632288
2024-09-18,74468.4364693072,74889.50097686189,75018.51221457978,74135.66473636363,196529.0,73271302850.0,437114.0,-0.799384027522997
2024-09-19,74881.99060633304,75590.33783528248,75975.91323380628,74326.49123649349,271109.0,101866935750.0,449509.0,-0.5056349219227091
2024-09-20,75598.16498698524,75343.36468552664,76083.97338503803,75181.42130126455,219331.0,83000488200.0,451962.0,-0.7230161011988754
2024-09-21,75337.72088659967,75451.42542965981,75468.5265547484,75303.75983676936,6279.0,2367281050.0,451520.0,-4.275408936532477
2024-09-23,75312.6240456113,75642.32695908805,75738.05261455526,75115.641714725,194172.0,73243978500.0,463532.0,-0.8701310583307935
2024-09-24,75641.0289729688,77280.93734667894,77441.95999445516,75482.53429794848,294517.0,112713264500.0,483055.0,-0.4947937924221255
2024-09-25,77276.81609476177,77414.46533392173,78059.76762235207,76974.39711865174,274574.0,106382594350.0,480412.0,-0.5594232634022593
2024-09-26,77412.76656772588,78842.62334428272,78918.55303611426,76866.54598889781,306696.0,119320161350.0,488308.0,-0.4650893253297753
2024-09-27,78845.32956288305,78343.11627964737,79161.9128326335,78174.57965150481,268477.0,105619594550.0,483137.0,-0.5875350081258635
2024-09-28,78342.20590061597,78286.20603041154,78424.0479624955,78199.87021536918,9883.0,3868872350.0,481725.0,-3.886557302417919
2024-09-30,78853.13739250314,78833.73936659568,79436.4160725186,78616.86721887128,194078.0,76621399950.0,476094.0,-0.8973551736128186
2024-10-08,78835.413135193,77481.1726837495,79113.33224188232,77212.52377489251,292175.0,114043626500.0,467253.0,-0.46951792904158623
2024-10-09,77478.23142165558,77075.99887009608,77933.61966513883,76445.83580007784,213563.0,82526633000.0,456676.0,-0.7600422967936418
2024-10-10,77071.5857530767,77312.6770485315,77432.782687786,76824.90137763122,174600.0,67389326250.0,452263.0,-0.9517662256198419
2024-10-11,77322.67604917525,77820.85449432676,77860.50841623657,77076.71079182246,157415.0,60925592950.0,447364.0,-1.0444869508652288
2024-10-12,77827.1206651033,77911.28137621006,78021.12262579588,77823.50131558652,7117.0,2773287400.0,446676.0,-4.139347211263793
2024-10-14,77645.45775555732,76988.66533942126,77742.22007579403,76694.78716674402,207424.0,80174070050.0,436493.0,-0.7440073309767742
2024-10-15,76989.49715806908,76503.13616128895,77228.81013629286,76190.81689931243,195254.0,74944575650.0,427258.0,-0.7830867711549884
2024-10-16,76497.65310994707,76704.8530814297,77144.74641464732,76450.6493321035,137319.0,52671176150.0,418361.0,-1.114038009866527
2024-10-17,76704.85293941891,76347.85897212941,77368.36127474628,76009.09485661706,188339.0,72119874700.0,419761.0,-0.8014419711680649
2024-10-18,76335.22525527341,76955.28378301431,77307.60973550593,76126.52844730674,171792.0,65999096700.0,421484.0,-0.8974973743617911
2024-10-19,76960.72768727787,77038.28318403328,77066.01453401471,76954.13337572303,3648.0,1404212400.0,421076.0,-4.7486342677433795
2024-10-21,77165.35509161321,76866.00328318655,77845.57946906982,76694.50054148832,206993.0,80143996350.0,426415.0,-0.7227280742008327
2024-10-22,76866.42810239863,76929.4834653303,77285.76759859915,76653.05409015888,134755.0,51856442000.0,420843.0,-1.138801527662525
2024-10-23,76937.67512041423,76585.94702744832,77180.70499075962,76155.05407888391,155531.0,59623065650.0,410590.0,-0.9707500810217118
2024-10-24,76592.14558295281,76265.06963259997,77057.56485805982,76182.18110259491,161487.0,61832562900.0,405988.0,-0.9218989584479309
2024-10-25,76272.26882745474,76815.82991946973,76880.7053765776,76210.97896153052,154420.0,59113416400.0,406431.0,-0.9677380100020263
2024-10-26,76818.88947393026,76708.96043325964,76836.27460918088,76684.34980185072,4124.0,1582389900.0,405669.0,-4.588713989996971
2024-10-28,76719.33284632984,76534.57981288689,76854.76322878609,76447.3942371649,135380.0,51850437500.0,403713.0,-1.0926185903902508
2024-10-29,76527.80678003887,76568.26612973433,77015.33197316549,76390.00629495959,175995.0,67425384250.0,402037.0,-0.8260885386409167
2024-10-30,76566.57412083115,76526.44723105988,76765.952052094,76259.50383523958,157012.0,60074818550.0,402320.0,-0.9409255563152442
2024-10-31,76518.31145589176,76252.59736818422,76774.05228189785,76188.90536998691,160608.0,61458259200.0,400028.0,-0.9125679311855731
2024-11-01,76263.88130844159,76634.29929956555,77159.3585852119,76136.13843410685,170099.0,65197138650.0,394755.0,-0.8418846988102262
2024-11-02,76631.6832721552,76782.48368450021,76823.8018439605,76610.11197187022,5547.0,2128130350.0,394257.0,-4.2637457398438805
2024-11-04,76831.21997971601,77529.59960112226,77661.9776013712,76675.31407079691,189668.0,73202632300.0,414162.0,-0.7809820263230715
2024-11-05,77539.72271091706,78099.61522587866,78182.5096721694,77338.19462983008,160114.0,62264241000.0,421598.0,-0.9681661918566775
2024-11-06,78102.8313483074,75843.7738802861,78139.98797709243,75587.58157512336,295162.0,113121386800.0,405617.0,-0.31788500646051426
2024-11-07,75843.867134436,77489.62765043562,77610.19147749779,75603.15101762771,215232.0,82463540350.0,395784.0,-0.6091520917767742
2024-11-08,77488.66107391029,76716.26826036064,77750.56236356357,76446.33132554761,178556.0,68832374550.0,387862.0,-0.7757473287462295
2024-11-09,76712.436274573,76487.84507987303,76716.26591040929,76452.39322895849,10620.0,4061816550.0,387490.0,-3.5969510261950037
2024-11-11,76680.95772379961,76033.91133343114,76720.28676616085,76025.50902440047,135971.0,51938094700.0,381632.0,-1.0320151657965841
2024-11-12,76044.28758604966,74826.22246107063,76110.27260254853,74766.69533826545,216627.0,81718697800.0,381460.0,-0.5658290154104099
2024-11-13,74817.7230390936,73974.75278277815,74925.21905223584,73786.90965276251,229008.0,85200675500.0,390527.0,-0.5337401715731532
2024-11-14,73971.59752168272,73667.0681646563,74104.62777283804,73098.16553974124,244659.0,89843057000.0,402584.0,-0.49803836643129773
2024-11-15,73666.5252100736,73746.65952813721,74621.56857579298,73519.04507676684,200550.0,74190572600.0,388969.0,-0.6624360567101373
2024-11-16,73730.17856821507,73578.3965732359,73738.21380368808,73337.97838892238,13006.0,4780443950.0,389522.0,-3.3995095569388467
2024-11-18,73501.21051496749,73901.01546655106,73956.70938666654,73414.42930048576,140036.0,51604541450.0,387546.0,-1.0179350190144956
2024-11-19,73893.35047622488,74143.82565024015,74532.61852878772,73886.54560843503,136067.0,50462331350.0,382897.0,-1.0346186120245522
2024-11-20,74147.95731388812,74529.25609214493,74776.35951712976,74139.13318984881,127837.0,47675439650.0,380531.0,-1.0908116308217262
2024-11-21,74536.77268630086,74014.080113575,74602.17038044054,73922.76598382168,120058.0,44607841400.0,379661.0,-1.1513037899471061
2024-11-22,74019.7794388782,73835.33550957433,74089.39222029396,73426.10219695012,158706.0,58564404850.0,386293.0,-0.8895427148753668
2024-11-23,73835.64011574935,73738.655470016,73876.64190539294,73637.02422118482,5456.0,2011167500.0,386306.0,-4.2599138809804264
2024-11-25,74020.61211965853,74044.7681893597,74418.15178265786,73914.44124229538,142701.0,52908908800.0,384538.0,-0.9912910815445491
2024-11-26,74045.74456410084,73794.90028646839,74342.87157392598,73570.69755766832,150746.0,55675546150.0,381543.0,-0.928627256089401
2024-11-27,73790.79943597595,73896.68107235673,74190.70291721309,73671.62093094646,123934.0,45798637500.0,376703.0,-1.1117079127223697
2024-11-28,73887.37925597151,73678.97101272302,74101.79707961585,73553.2040257938,133092.0,49105450450.0,384893.0,-1.0619247551717594
2024-11-29,73678.97141506101,73866.98985933921,74044.76860936596,73665.04419651208,125922.0,46497053150.0,382125.0,-1.1100851125676594
2024-11-30,73876.31969219093,73924.03697035926,73940.55895786984,73782.51413309593,4570.0,1687267450.0,381603.0,-4.424867596272335
2024-12-02,73730.31346173976,73958.3121545742,74180.81638165688,73512.7943776361,134579.0,49656667850.0,385213.0,-1.0516450408484985
2024-12-03,73964.99535287033,74938.71247194796,75163.74904158368,73862.2762889809,184473.0,68653945150.0,389009.0,-0.7460993682893836
2024-12-04,74931.94058779828,74648.242746049,75028.6057783789,74271.42251663213,123065.0,45946740750.0,382688.0,-1.134507364712747
2024-12-05,74649.99268268462,74406.2433576511,74747.2743606307,74335.50384172873,94209.0,35094517900.0,377502.0,-1.3880601482684878
2024-12-06,74404.93539346676,74711.43567385447,75054.67769093114,74355.89187368912,117095.0,43730881700.0,377537.0,-1.1706830059873148
2024-12-07,74716.86582542685,74860.59998622489,74882.84890958306,74694.40485334546,3730.0,1394859750.0,377492.0,-4.617141142755821
2024-12-09,74706.25628180664,75588.21716655458,75766.44970915982,74642.02962543989,133121.0,50042906500.0,377618.0,-1.0426246135628028
2024-12-10,75586.3114289498,75399.35647898528,75640.05026923321,75090.27151228074,126851.0,47784672800.0,374642.0,-1.0829577339783085
2024-12-11,75403.66034532466,75385.13371907845,75909.1628541786,75317.29018320404,128970.0,48739199950.0,376760.0,-1.0720285607783164
2024-12-12,75392.22135809973,74691.46987809901,75607.63933297391,74632.2862431623,138469.0,52046313750.0,373582.0,-0.9924910514628257
2024-12-13,74689.13900264996,74423.66817176978,74928.74337602712,74384.02660298855,122352.0,45686715400.0,372289.0,-1.112768298075307
2024-12-14,74425.32627411163,74433.59420912681,74536.62904360621,74380.86700219147,4247.0,1580796450.0,372310.0,-4.473513989245904
2024-12-16,74495.57659032532,74713.92660590373,74910.73820505364,74381.35075919698,94425.0,35193199350.0,367768.0,-1.359646435980233
2024-12-17,74720.84533352185,74087.72770192538,74756.17756123154,73961.17698677475,102591.0,38137738550.0,368552.0,-1.2788316047018058
2024-12-18,74086.09346509508,74437.69770917686,74574.65970972968,73924.41757321045,106647.0,39553150950.0,367990.0,-1.2385314487601673
2024-12-19,74433.55860948212,73705.06685850146,74500.01484042467,73594.65836328278,135277.0,49934832100.0,376018.0,-1.022312486467132
2024-12-20,73699.89849160168,73873.6219411391,73955.1222613746,73577.48051624661,123303.0,45456387700.0,376243.0,-1.1155904704643036
2024-12-21,73876.55237209305,73924.60352083488,73943.90400527338,73830.40956248139,4920.0,1817450650.0,376388.0,-4.337311995721115
2024-12-23,73963.22671899013,73772.63132627269,74347.57491845025,73768.0638350358,123731.0,45868332400.0,377019.0,-1.1141857297485591
2024-12-24,73774.65258696598,74013.16989608326,74085.39670482988,73738.80522561546,87527.0,32365249200.0,378861.0,-1.4652220660003206
2024-12-25,74016.82477464994,74179.86124117918,74311.77894598505,73983.89141221526,77956.0,28883674850.0,379075.0,-1.5815895097272252
2024-12-26,74182.21591433704,74496.74945670688,74709.79187009796,74064.9905092041,96848.0,35982648050.0,378709.0,-1.3636253609896214
2024-12-27,74502.6355148084,74085.69476458759,74535.36004309902,73971.70330818584,97907.0,36331877300.0,380906.0,-1.3585345770138892
2024-12-28,74084.68037962222,74092.6663757938,74161.30021255523,74060.05921716642,2456.0,909879700.0,380464.0,-5.0428575501886455
2024-12-30,74170.00418027227,73838.79207894838,74400.19158521443,73820.81390167441,122986.0,45589404850.0,381515.0,-1.1320796406751572
2024-12-31,73834.6490476228,73852.55408308528,73953.22971890912,73723.23343317304,87291.0,32223189850.0,386350.0,-1.4874963296319679
2025-01-02,73414.99723509923,73200.75010163647,73497.39447860316,72865.42324444755,177256.0,64909688200.0,408318.0,-0.8344512672522774
2025-01-03,73195.17562476594,73828.82568258706,73921.87275089361,72977.5588783443,181128.0,66406845800.0,414709.0,-0.8283731058016597
2025-01-04,73831.33091079195,73922.336247761,73935.9996765972,73825.6148667067,5902.0,2179370900.0,413689.0,-4.249823207277187
2025-01-06,73911.94815282647,74740.31833849687,74779.0476331778,73609.85373296146,205445.0,76304707250.0,412831.0,-0.6978599500352844
2025-01-07,74736.07344324874,74673.56188999339,74757.65298139639,74239.91783476173,124834.0,46504717950.0,410139.0,-1.1895112719039715
2025-01-08,74669.63952564157,74919.55824393587,74956.76361714672,74355.50591498773,114911.0,42831823500.0,408755.0,-1.2689580388580768
2025-01-09,74928.13811595124,75195.66539114606,75370.16828996154,74752.31551907622,119025.0,44624609350.0,408722.0,-1.2337016632554918
2025-01-10,75196.00025445232,75531.00298776681,75544.5186712983,75018.4102108648,152489.0,57436028050.0,414691.0,-1.0004412022829898
2025-01-11,75536.77383420938,75475.20535911444,75634.0290429043,75457.46947620006,11089.0,4193432950.0,416636.0,-3.6262593129485454
2025-01-13,75502.97795228753,75492.94654600749,75749.5682738541,75196.51303674588,139614.0,52690532850.0,418921.0,-1.0988008861598446
2025-01-14,75484.87927202764,75736.85446664724,75757.9884778099,75368.22022597573,98457.0,37151167750.0,415513.0,-1.4398939967715743
2025-01-15,75738.65388502784,75879.03057946808,76108.22641960265,75093.98030651097,158278.0,59740637500.0,420282.0,-0.9765729339393635
2025-01-16,75872.089439309,76439.80213132498,76535.8963364282,75809.36915882293,164333.0,62574337850.0,427809.0,-0.9567819773202179
2025-01-17,76446.8029901404,75770.85985259259,76665.2264093976,75605.58001041325,157863.0,60142811000.0,416804.0,-0.9708885190414906
2025-01-18,75770.86115229772,75878.34922568257,75902.78874252358,75757.83444777937,3657.0,1385973550.0,417077.0,-4.736627717863601
2025-01-20,75849.29269526966,75753.73727230095,75915.4026036408,75267.78527736249,143550.0,54230663700.0,407281.0,-1.0428199583372912
2025-01-21,75757.62901633789,75736.29775260188,75964.58455425025,75419.21210862581,120899.0,45730109550.0,406915.0,-1.2136488321346066
2025-01-22,75734.51444762826,75553.68706786048,75841.77195836924,75531.03275933351,94458.0,35724754550.0,407999.0,-1.463109432160219
2025-01-23,75559.57840272941,75423.02364982883,75593.88538891425,75021.6501332068,132401.0,49778752900.0,400764.0,-1.1075375290328078
2025-01-24,75423.97461134857,75687.48879559623,76183.58302228965,75365.90061832829,103766.0,39238871200.0,394934.0,-1.3365802982445916
2025-01-25,75681.35820037629,75562.70317008728,75711.58338335143,75549.90292172416,4544.0,1717182400.0,394374.0,-4.463492016215726
2025-01-27,75439.05498064097,75653.76559849536,75905.63184748545,75337.31154939634,60721.0,22922037300.0,390262.0,-1.860528706452354
2025-02-05,75612.64662232304,75467.67039257086,75705.31423737937,74987.98120634214,129965.0,48938709800.0,399724.0,-1.1235091255111807
2025-02-06,75463.74779845892,76333.6020648097,76677.2197416869,75441.0550106247,182692.0,69739685100.0,420184.0,-0.8328910357845485
2025-02-07,76328.36622105021,77775.05601848535,78073.13733072912,76260.73851193082,223454.0,86331588500.0,460473.0,-0.7230486457389392
2025-02-08,77764.1088069286,77519.35558290425,77790.09215639002,77344.99474941786,16441.0,6374946950.0,459904.0,-3.331239557022259
2025-02-10,77789.27604643427,77695.15364701065,77894.08842109819,77081.68393556814,176519.0,68303978650.0,468932.0,-0.9770292492904341
2025-02-11,77695.1561117189,76867.02814076151,77773.77952118366,76671.55548095182,162992.0,62835086900.0,468111.0,-1.0550043274345078
2025-02-12,76862.01209951336,77537.93461926727,77538.34038026247,76826.27490644062,126862.0,48862592200.0,478459.0,-1.3274706412992092
2025-02-13,77549.36911859666,77684.2279749563,77877.10796051074,77284.98761930535,172693.0,66973422750.0,491940.0,-1.046841306220673
2025-02-14,77687.45267120795,77303.01523093175,78706.0994187369,77132.7425160578,249438.0,97308123750.0,506535.0,-0.7083830356624192
2025-02-15,77297.7245250091,77293.93297561709,77377.29971762013,77216.15959789469,9405.0,3633800050.0,506174.0,-3.985639020941311
2025-02-17,77294.65374514504,76969.38519071284,77618.66615616265,76850.03446642039,147816.0,57063155400.0,473041.0,-1.1632138084436205
2025-02-18,76972.93815348319,77040.3395635686,77106.16355867601,76772.63091576971,127590.0,49056612550.0,465686.0,-1.2946895893309518
2025-02-19,77036.9459613258,77377.2179138117,77703.67185176151,77007.0067881585,141680.0,54755506050.0,464982.0,-1.18842770168612
2025-02-20,77372.19685303552,77762.06412200787,77903.98982314588,77264.5105812996,159202.0,61751045700.0,471445.0,-1.085628610131471
2025-02-21,77757.6245365146,77489.84710942242,77821.11057673974,77050.52145325196,166569.0,64484822350.0,472691.0,-1.0430322600689854
2025-02-22,77491.57777937617,77556.12108505615,77633.45650445024,77491.57777937617,5351.0,2075612350.0,472676.0,-4.481126705021141
2025-02-24,77455.62637055598,77260.4719609782,77543.43314588105,77142.75176500253,176456.0,68220564650.0,476247.0,-0.9928650736981853
2025-02-25,77262.15918967147,76995.1394653827,77544.666588718,76875.29682806807,195279.0,75354925650.0,469794.0,-0.8778649955316926
2025-02-26,76996.02271469557,77036.03465844665,77458.65991779603,76555.51329017864,201233.0,77598059450.0,470073.0,-0.8484245611112514
2025-02-27,77037.44434989788,77004.47456373884,77302.84403106551,76856.90891087022,156874.0,60436525250.0,470647.0,-1.098665408445784
2025-02-28,77005.11607203564,76808.61247893641,77126.18787322786,76629.56814363737,160170.0,61573880400.0,472973.0,-1.0828025532300318
2025-03-01,76806.81665595615,76817.82756730793,76870.01300725657,76737.83154451338,4653.0,1787770800.0,472567.0,-4.620667362960566
2025-03-03,76949.63334736593,77108.70890132952,77377.76928938966,76929.84724217224,139529.0,53858144750.0,475502.0,-1.2260986231145188
2025-03-04,77112.6263822234,76697.12883154243,77341.6656111463,76632.96918866906,140730.0,54177390400.0,479735.0,-1.2263907071060094
2025-03-05,76691.25516166083,77718.55841050477,77913.94735395834,76629.0201585013,220724.0,85401397250.0,493490.0,-0.8045895429907364
2025-03-06,77724.35915257501,78700.27591251471,78880.81971161657,77714.63643713866,247284.0,96919166050.0,523608.0,-0.7502058390699783
2025-03-07,78704.66882357883,78472.4282086121,79141.65848361008,78180.36513295944,234226.0,92076709750.0,523287.0,-0.8038436094957195
2025-03-08,78475.69381948943,78296.35601492965,78553.39019010446,78233.42509944837,8169.0,3205330000.0,522450.0,-4.158182783120387
2025-03-10,78294.24250374884,78021.0933132848,78493.4025199739,77912.10219668201,142525.0,55750245550.0,513421.0,-1.2815787484615877
2025-03-11,78018.60669451991,78416.4621809141,78469.75642784563,77188.43435518013,199821.0,77793243000.0,507191.0,-0.931465692689682
2025-03-12,78417.37321319427,79461.54734485077,79737.12265938285,78276.47640018734,276581.0,109486093550.0,561814.0,-0.7086671086395662
2025-03-13,79462.2075772274,79816.38230935548,80024.4384487481,79112.57621044245,234149.0,93168696350.0,576282.0,-0.900639459368578
2025-03-14,79812.92407615637,79642.67955507385,80280.86542009881,79470.3250893198,212477.0,85001880400.0,583108.0,-1.009538670695127
2025-03-15,79640.01385730407,79773.02595818516,79786.54395368414,79606.81549691453,6370.0,2543134550.0,582090.0,-4.515025605367219
2025-03-17,79864.34940444182,80151.43662197347,80345.05372278733,79679.30855214086,161751.0,64770264000.0,574584.0,-1.267588184957672
2025-03-18,80154.83723820101,80170.39290156202,80504.39410157438,79999.14548250659,159147.0,63950523450.0,569252.0,-1.2744949149234353
2025-03-19,80176.64786970722,80860.43607022277,81005.60520541779,80170.38904435908,185299.0,74822687250.0,581122.0,-1.1429899809742299
2025-03-20,80860.43637921748,81092.57522467719,81518.87159074005,80829.77346634786,224797.0,91381225800.0,586842.0,-0.9595578456148524
2025-03-21,81098.25000809427,80398.4901522949,81584.17945168576,80000.75618072573,257112.0,103958451600.0,573230.0,-0.8017752447090435
2025-03-22,80389.157535549,80431.19522510923,80436.42689502945,80333.60686613173,4617.0,1859124450.0,572411.0,-4.820112121303332
2025-03-24,80487.64192749956,81371.25212127875,81902.30561002714,80462.2291800948,230195.0,93645954800.0,582196.0,-0.9278803849880531
2025-03-25,81371.25355547921,82367.98651993995,82509.57132732646,81236.55561735164,242328.0,99133804550.0,601481.0,-0.9091027668482791
2025-03-26,82375.5887980981,81371.66035201264,83123.6401959817,81213.07089806211,378758.0,155570877650.0,597024.0,-0.4550598348768671
2025-03-27,81364.2343981093,80676.90646472907,81834.07255372331,80452.9201633256,319516.0,129725421650.0,584603.0,-0.6041256335669936
2025-03-28,80679.03695732506,80513.27714311604,81103.13670902264,80229.70063508528,267846.0,107955250350.0,573884.0,-0.7620150968202827
2025-03-29,80508.01675374057,80326.60687465807,80550.6824468113,80310.83424765845,8587.0,3455197850.0,573934.0,-4.202264975439818
2025-03-31,80237.2483046063,79523.62086928269,80371.9120857659,79339.01555316789,266921.0,106617723350.0,566306.0,-0.7521818336853038
2025-04-01,79525.47896028677,79602.55965544314,80338.8296633338,79470.08723027134,229620.0,91767400100.0,569311.0,-0.9080010890790579
2025-04-02,79601.95188527787,79674.99542421557,80090.43836417327,79545.02311592063,155174.0,61977357150.0,570394.0,-1.3017802821687676
2025-04-03,79678.40908174447,78724.13528667875,79678.40908174447,78532.27194382943,208018.0,82128546450.0,555901.0,-0.9829656064238774
2025-04-07,73499.26250571088,72994.41644813425,75327.5632990048,72479.45586041745,675309.0,249613835500.0,533483.0,0.23574315871009455
2025-04-08,73003.9902515841,72671.69549615606,73845.29710510107,72453.28889727886,374888.0,137261777450.0,540072.0,-0.36507514930958185
2025-04-09,72671.1915915538,72335.91757655273,72905.14756377929,71153.19166436653,480177.0,172986769900.0,539628.0,-0.11672522734608481
2025-04-10,72345.95315184414,74318.2094815663,75497.02872718104,72267.09465020575,451844.0,168777362400.0,537928.0,-0.1743877346927469
2025-04-11,74310.92894071978,75581.11783640653,75604.92595746943,73992.0632261259,312960.0,117142228750.0,527197.0,-0.5214989058855937
2025-04-12,75594.49354831982,75500.21826000913,75627.08154172682,75317.37058382311,15044.0,5685210300.0,525520.0,-3.5534090079761276
2025-04-14,75564.24464920221,75816.27019806893,76364.26359475429,75456.43245052255,262875.0,99938874750.0,524060.0,-0.6899275475599107
2025-04-15,75818.41784277654,75748.65839245803,76136.39894214674,75381.03369578763,201461.0,76380556700.0,512758.0,-0.9342081847093382
2025-04-16,75753.11059364097,75950.6438763618,76011.46145442437,74842.31861772295,257762.0,97360236400.0,517413.0,-0.6968047165100602
2025-04-17,75955.38943393018,75831.31280719864,76066.8247516946,75454.79282601924,192114.0,72878960750.0,519208.0,-0.9942156277636738
2025-04-18,75832.01712216636,75792.65488422169,76138.06884743975,75714.45432504213,170820.0,64953516250.0,516418.0,-1.106306144547238
2025-04-19,75799.93352400244,75772.50315509089,75850.6670333565,75755.05279011303,3597.0,1365332600.0,515833.0,-4.9656829049733915
2025-04-21,75815.87637245395,76514.51228036759,77286.31716607031,75794.82789524733,249228.0,95559497500.0,525025.0,-0.7450777403534935
2025-04-22,76516.23347186932,77377.35353927514,77429.35688264109,76405.57010536111,226426.0,87239621550.0,530603.0,-0.8515959149395803
2025-04-23,77376.37043500876,77279.64809219468,78263.99588675825,77158.69244163187,263325.0,102430667650.0,534174.0,-0.707332617859016
2025-04-24,77277.75577483614,77412.42062951098,77572.48473885654,77098.46905842706,171808.0,66583015950.0,528156.0,-1.123014120373458
2025-04-25,77414.14657606091,77203.2417027777,77733.08537590486,77020.7097585571,212447.0,82327175500.0,521078.0,-0.8972071971482817
2025-04-26,77210.86382862758,77222.45395519362,77290.59557632207,77195.15738624359,5547.0,2148044850.0,520417.0,-4.541373172210785
2025-04-28,77166.57551470038,77194.88590635339,77432.7728848868,76760.45975049652,191382.0,73977765800.0,514402.0,-0.9887336302314317
2025-04-29,77202.89940506281,77404.46762247608,77632.3611560865,76999.14281690861,151991.0,58924362150.0,512794.0,-1.2160528965030424
2025-04-30,77399.98989863534,76776.54959145191,77453.19186353701,76755.45244892205,133373.0,51530030250.0,517075.0,-1.355038217489865
2025-05-06,76753.47716962031,77768.77481524009,77903.58160294755,76692.33700314559,248070.0,96235547200.0,532989.0,-0.7647898216520085
2025-05-07,77769.52491107209,76882.9937551545,78045.59371416405,76787.52267714954,234777.0,91090708450.0,538364.0,-0.8298987838614388
2025-05-08,76876.41989962148,77347.34754135319,77425.8929792843,76683.37206253006,236290.0,91384438100.0,550018.0,-0.8448911407522417
2025-05-09,77338.70651758931,77246.34357835645,77485.98493633201,76725.83262594407,222669.0,86173369850.0,545826.0,-0.896613879780994
2025-05-10,77238.42829976439,77143.77103010558,77303.27880566823,77103.01192862999,7044.0,2733183650.0,544517.0,-4.347722972555629
2025-05-12,77401.5498186129,77274.56886467636,77718.4362236727,77135.7912777049,246177.0,95649172650.0,543704.0,-0.7923541917204754
2025-05-13,77272.38408963832,78065.24956064869,78092.5635024726,77115.31986829442,187890.0,73106320450.0,549105.0,-1.0724329948474447
2025-05-14,78073.56998496043,78116.24754709665,78491.99248536739,77788.2660778862,213221.0,83582553150.0,556993.0,-0.9602234860204703
2025-05-15,78121.19370105318,77934.7338381911,78135.70228481352,77311.51697534788,183835.0,71653922350.0,539822.0,-1.0772008394214156
2025-05-16,77930.8417088685,77037.62972120958,77992.86953606692,76961.75565252033,150763.0,58632075600.0,535456.0,-1.2674096529337138
2025-05-17,77035.28161149233,77056.47322397013,77106.99230276179,77009.02762342192,4152.0,1605636100.0,534732.0,-4.8581755409433365
2025-05-19,77130.07602806212,77418.27588633462,77495.7775839693,76907.64647271702,125773.0,48707931300.0,525789.0,-1.4304212967351488
2025-05-20,77414.42363613885,77385.2479500566,77617.40682476609,76987.24242722789,147106.0,57031567850.0,526356.0,-1.2748243745366528
2025-05-21,77389.64455615591,77438.40258798703,77857.68278376514,77371.84171079104,146184.0,56894265200.0,526896.0,-1.282137083410777
2025-05-22,77431.32868221174,77255.95837551088,77586.91329347703,77062.95115276876,132541.0,51420179400.0,525556.0,-1.3775647182916373
2025-05-23,77257.7520397601,77811.39348625537,77892.47803080502,77133.25710188034,170183.0,66115508400.0,533518.0,-1.1426184809695665
2025-05-24,77814.77521382099,77813.43148657418,77868.49552429069,77789.87742881902,5056.0,1974939650.0,533078.0,-4.6580920980778355
2025-05-26,77821.56189929652,77973.59454020119,78052.18188646293,77466.04575930708,174522.0,68040345250.0,540606.0,-1.1306399243655632
2025-05-27,77964.73254781547,77821.46025516673,77982.41587810095,77479.27666043206,183997.0,71727062350.0,537139.0,-1.0713374533235385
2025-05-28,77813.79972634107,77542.08404179159,77971.04869429869,77495.7021596167,156692.0,61063789550.0,536376.0,-1.230553312585957
2025-05-29,77538.26308086693,77540.1019705344,77932.50106081122,77489.21786324675,164696.0,64185454850.0,535743.0,-1.1795532181657074
2025-05-30,77542.51522074275,77365.96696042715,77627.04503788006,77309.94268034583,118951.0,46201760150.0,530818.0,-1.4957075693534219
2025-06-03,77682.0543758165,77936.25830373164,78095.97907778124,77152.94968442053,236932.0,92212967800.0,546140.0,-0.8351021729992861
2025-06-04,77939.68056219295,77753.8150666778,78142.55647315129,77641.52832098858,170691.0,66619908550.0,550858.0,-1.1716221583574067
2025-06-05,77750.33863380965,78383.0501177059,78940.21668528255,77750.33863380965,208143.0,81723101100.0,563693.0,-0.9962844335761599
2025-06-06,78384.60122372877,78427.57736460201,78690.86026736166,78187.73630105991,169877.0,66737073800.0,566829.0,-1.2049830251747997
2025-06-07,78428.56715601511,78351.2059610538,78444.09701820416,78320.0390538063,4593.0,1803804750.0,565806.0,-4.813717857921454
2025-06-09,78333.74503442972,79049.16450964478,79138.97407225854,78261.86600390016,151101.0,59515953400.0,574094.0,-1.3348446585875808
2025-06-10,79044.69235257745,78861.04347254602,79056.88222682408,78605.9249137188,140770.0,55621967600.0,578204.0,-1.4127993947398882
2025-06-11,78864.64097198201,78263.12859313618,79064.00708147498,78212.23727070719,169096.0,66649625800.0,571228.0,-1.2173218284492606
2025-06-12,78267.7056891668,78320.3989940173,78583.69072679168,78214.87368091145,135103.0,53093325050.0,567803.0,-1.4357370770823492
2025-06-13,78323.75609180462,78016.21704228969,78371.56945633375,77458.26023208762,205456.0,80286918700.0,548999.0,-0.9828647209253287
2025-06-14,78021.32662633726,77950.31123873015,78063.33947741322,77872.57206374219,7234.0,2828288850.0,547811.0,-4.32713820341875
2025-06-16,77867.06446611797,78322.14499867267,78345.67029890289,77753.43987770622,122109.0,47806066950.0,538667.0,-1.4841834807507057
2025-06-17,78322.95187074451,78118.33389112627,78382.6164514542,78019.59316096934,114616.0,44907799850.0,537834.0,-1.5459625517734372
2025-06-18,78123.75565459425,78228.07825606695,78531.54054267654,78121.22819999851,113688.0,44621234250.0,539562.0,-1.557299845029046
2025-06-19,78226.93174636418,77932.67812016854,78306.19216646494,77765.98124818406,121059.0,47333886700.0,536197.0,-1.4882236007962775
2025-06-20,77924.64906489418,77962.98889421724,78155.32898945354,77537.55345388546,147817.0,57649413500.0,525492.0,-1.2683599444070774
2025-06-21,77970.76740552997,78006.04899972386,78013.88619418973,77947.927501685,3048.0,1191185700.0,525105.0,-5.14911260476989
2025-06-23,77959.33390598159,78071.15999946717,78094.78665390737,77790.67997602331,126139.0,49271285100.0,525483.0,-1.4269333661463084
2025-06-24,78074.69600663784,78088.46788423714,78336.46548371416,77919.04700095642,173100.0,67761987400.0,533850.0,-1.1262454384421479
2025-06-25,78089.7794927509,78474.36518707294,78516.62943751636,78057.9937019851,168941.0,66292985750.0,548957.0,-1.178470572673055
2025-06-26,78477.22442443829,79639.37972511249,79662.61907093151,78461.46492835568,230861.0,91292498500.0,582129.0,-0.9248762748484123
2025-06-27,79638.31141100546,79680.77479108944,79828.66552559385,79282.1837254461,212917.0,84878633050.0,588649.0,-1.0169276623141095
2025-06-28,79675.87431048804,79668.52028818308,79709.40245311227,79595.92719488265,4025.0,1605299750.0,587682.0,-4.983661074407673
2025-06-30,79612.7998644084,79572.93268355918,79744.04283461536,79314.83469554066,184095.0,73368617150.0,577021.0,-1.1424267322755446
2025-07-01,79572.91088583812,80149.32504792645,80649.9424742747,79410.62277164168,231762.0,92926659750.0,595183.0,-0.9431579382423233
2025-07-02,80150.32716482913,80712.1515343466,80725.06001932416,80104.37612332134,165422.0,66622456500.0,603058.0,-1.2935135932124744
2025-07-03,80718.02227978074,80357.55746860235,80722.57598798057,80141.57026679323,148550.0,59818258750.0,604504.0,-1.4034866851632133
2025-07-04,80359.05158923156,79519.39212626028,80376.93603428795,79390.3231538369,181677.0,72573971100.0,593314.0,-1.1834933847060476
2025-07-05,79526.57965836022,79481.98950184394,79530.30276316476,79480.12450948126,2512.0,1000018900.0,592485.0,-5.463246307627171
2025-07-07,79506.78077261051,79261.40747064806,79524.89017507098,78893.6752774168,146131.0,57950533400.0,576282.0,-1.3720936445374714
2025-07-08,79264.15135071351,79240.32905245003,79433.14122917812,79087.69168567171,137743.0,54691732450.0,571611.0,-1.4230690600523794
2025-07-09,79239.7779410607,78069.30778934376,79901.4553889742,77954.91762363668,347026.0,136441057000.0,550945.0,-0.46223528056512786
2025-07-10,78069.33030204024,78446.88132834363,78617.8367092226,78008.49040374372,203266.0,79661576150.0,532031.0,-0.9621862922038569
2025-07-11,78455.26047197917,78175.76200677513,78488.94813324811,77898.23282056638,177318.0,69476693100.0,513939.0,-1.0641598505999794
2025-07-12,78181.81367465155,78217.44668955065,78279.18194923343,78139.71032966179,5346.0,2091838250.0,513314.0,-4.564539125975932
2025-07-14,78193.39540037823,77878.87521104902,78390.90804219499,77692.48015546193,173793.0,67884060300.0,512914.0,-1.082243253951188
2025-07-15,77883.60387426573,77994.11829971697,78091.99631708032,77613.35174726923,140695.0,54796435550.0,503822.0,-1.2756286042011533
2025-07-16,77990.11579578341,77853.93852073021,78042.12382354928,77735.47566491333,131971.0,51428791750.0,499030.0,-1.330084012705091
2025-07-17,77853.93834216413,78166.68455120425,78227.23430669944,77765.03187416038,102483.0,39944025850.0,499314.0,-1.5835382252037407
2025-07-18,78164.6434615423,79015.8842756535,79034.30448314839,78160.89388462192,168036.0,66004689700.0,502660.0,-1.095735755050733
2025-07-19,79019.79791972089,79070.94850619866,79114.11630769598,78992.91244897514,7592.0,3002367300.0,503012.0,-4.193518965366389
2025-07-21,78998.21133202018,79656.03376250227,79756.42682702866,78915.82882193306,223522.0,88856749950.0,513706.0,-0.8321412741600761
2025-07-22,79658.59964883182,79936.99289403795,80085.14496107229,79416.44128169658,180632.0,72002175850.0,513231.0,-1.044264223776206
2025-07-23,79932.32893554919,79788.0937762359,80051.47509664351,79477.89841528313,152600.0,60853588750.0,513371.0,-1.2131786618206524
2025-07-24,79791.15640096618,79257.58664602967,79969.53938041786,79151.69663169714,167014.0,66490589900.0,510410.0,-1.1171366830767886
2025-07-25,79261.85818064983,78789.99507869133,79475.27070367045,78729.88030946991,183759.0,72763960400.0,503931.0,-1.0088142374518299
2025-07-26,78784.10483035613,78797.98538244302,78849.03985525235,78758.81354889293,5560.0,2190876900.0,502820.0,-4.5046341449099225
2025-07-28,78862.66040224659,79022.22451112345,79199.82533680172,78791.53548798869,144715.0,57152858850.0,498541.0,-1.236919541744691
2025-07-29,79027.04984193719,79098.54243374747,79199.20693133221,78793.86434477445,111040.0,43838863800.0,495113.0,-1.4948955225859186
2025-07-30,79100.6186783002,78607.30190921301,79192.70406424231,78508.90744340002,126345.0,49838990400.0,490621.0,-1.3566556752017591
2025-07-31,78606.33314377378,78035.51170568563,78869.42886503538,77920.86443618141,222896.0,87279003350.0,490360.0,-0.7884345202629245
2025-08-01,78036.04535823461,78125.8524774868,78730.94466914269,77921.74940623392,170159.0,66590188150.0,482828.0,-1.0429271885178288
2025-08-02,78125.85297608074,78132.06284750812,78161.88915472971,78091.00708884787,2949.0,1152364950.0,482183.0,-5.096857580211577
2025-08-04,78135.65774158412,78371.73607671114,78542.75318779203,78027.57315499823,95997.0,37582341000.0,474403.0,-1.597740230461379
2025-08-05,78374.24611791094,78101.64953274008,78566.42948094891,78040.7758064825,111287.0,43569572800.0,470509.0,-1.4417026374069715
2025-08-06,78097.16056126093,78352.31249704662,78457.07627445932,78053.18871043579,93443.0,36561121100.0,465566.0,-1.6059022449669504
2025-08-07,78360.6409576239,78414.46013109713,78563.49956251687,78296.03032248889,84023.0,32941520100.0,463168.0,-1.7069992683555257
2025-08-08,78414.9463907109,78949.10877594748,79059.87581619513,78296.34461027762,118337.0,46504334400.0,468109.0,-1.3751646885394193
2025-08-09,78945.72621491544,78931.82528021764,78967.97621057807,78922.05713210277,3369.0,1330016950.0,467583.0,-4.932960908652898
2025-08-11,78906.28852531931,78785.88950408215,79157.00864762366,78772.95591762468,118668.0,46865123500.0,468868.0,-1.3739916008625805
2025-08-12,78785.50330416678,79500.83040420864,79504.12591659879,78776.02909773553,123127.0,48713905350.0,472553.0,-1.3449335669403113
2025-08-13,79497.94016826355,79122.70157295871,79538.93849258762,79086.29103429339,109267.0,43339956550.0,473439.0,-1.4662286481720004
2025-08-14,79115.62333259403,78902.00811023386,79300.39085480178,78739.33624510522,123664.0,48858597350.0,465338.0,-1.3251958128927015
2025-08-15,78902.00814889789,79132.53286206568,79242.44245344761,78859.19020849184,96086.0,37964260850.0,463148.0,-1.5728030336533194
2025-08-16,79130.77125362719,79049.0622774188,79136.97443813556,78968.06913845605,3602.0,1423649300.0,463314.0,-4.856915763213578
2025-08-18,79075.45257239755,78778.27160975439,79147.83565651313,78751.5979059042,80766.0,31883890600.0,461412.0,-1.742735268313786
2025-08-19,78781.24988892717,78495.95237523915,78951.3481315526,78454.19789924956,105437.0,41509504950.0,458417.0,-1.4696656320785912
2025-08-20,78492.95371980529,78676.88779319728,78741.77230016286,78447.6698572679,115884.0,45516107600.0,459375.0,-1.37727717919432
2025-08-21,78681.84618633182,78716.89071623581,78852.1306227582,78489.33798196843,85726.0,33711701750.0,459318.0,-1.6785866171462238
2025-08-22,78716.34661104773,79136.96803382353,79305.47790751905,78603.84145571136,125252.0,49399661200.0,465711.0,-1.3132375621644699
2025-08-23,79135.69812333591,79104.59749272876,79140.7771071791,79053.11238766702,6521.0,2579148250.0,466563.0,-4.270365320989653
2025-08-25,79145.41040724854,79638.85483195746,79810.55514562264,79130.4408058026,163770.0,65073033350.0,484907.0,-1.0854941155115116
2025-08-26,79649.02817392307,79401.72557800717,79670.4209429915,79041.00210935425,140648.0,55821243750.0,483212.0,-1.2341951656088332
2025-08-27,79407.1524388982,78782.08669493828,79477.03144466659,78664.90329718504,153450.0,60671734100.0,478690.0,-1.1376784252043477
2025-08-28,78782.93157220777,78930.54311187635,79022.72130565901,78758.96183174213,116007.0,45769797000.0,479717.0,-1.4195458125827298
2025-08-29,78932.67318580158,79571.81020853027,79690.84617473638,78926.09507905533,156094.0,61928304550.0,487651.0,-1.1391415961837568
2025-08-30,79570.54222315185,79615.51892474222,79640.76942945701,79552.46714499264,3519.0,1400816000.0,487325.0,-4.93075439329276
2025-09-01,79620.97982425192,79595.6760958539,79932.3802635776,79485.92041899395,136233.0,54312862000.0,497215.0,-1.2946558730109332
2025-09-02,79594.37405097534,80243.02075157323,80300.90636278124,79458.46346769441,156617.0,62536413700.0,508347.0,-1.1773609507603713
2025-09-03,80243.19940212797,80178.62465749208,80647.16530070595,79882.90140319422,177421.0,71205482050.0,519696.0,-1.0747185858169548
2025-09-04,80184.93486677032,79689.89220237626,80277.74498408534,79523.24901809818,132743.0,52990808550.0,508360.0,-1.342774929978932
2025-09-05,79691.5993650144,79494.19548661918,80388.77694075217,79467.11095499556,172173.0,68783229500.0,507779.0,-1.08154652827631
2025-09-06,79497.77461809774,79424.33448289454,79500.49768899164,79385.76922243391,10117.0,4018717000.0,507440.0,-3.9151613001018886
2025-09-08,79510.6221577413,79738.95192484432,79757.00235308376,79501.39763729084,113261.0,45101082850.0,495079.0,-1.4750224559050735
2025-09-09,79737.54601053514,79584.33912546602,79869.72033426183,79481.89270718933,105126.0,41881580250.0,486522.0,-1.5321224908367015
2025-09-10,79592.6155813031,80171.80870360954,80235.6355007293,79574.26358105395,127377.0,50866490100.0,491750.0,-1.350819264181247
2025-09-11,80178.2369043479,80458.39329720059,80519.6177242045,79962.99502031057,136843.0,54856380250.0,500746.0,-1.2972647032127544
2025-09-12,80459.80470903062,80818.79691418738,81154.15051643105,80451.36018567673,198994.0,80390911050.0,519539.0,-0.9596672063901194
2025-09-13,80813.75051488446,80803.71465137078,80830.4205799229,80767.82961690855,2737.0,1105795700.0,518832.0,-5.244717701283415
2025-09-15,80761.35212217564,81478.52320610687,81527.15098997623,80566.71847415368,158338.0,64119006750.0,524000.0,-1.1967596957046407
2025-09-16,81480.43169929716,80985.93889981296,81487.78337363241,80663.64783966432,195600.0,79257952300.0,521275.0,-0.9802059759928675
2025-09-17,80990.72046977487,79914.58960060944,80990.76941841748,79685.92038000631,211222.0,84774892100.0,501414.0,-0.8645223940794907
2025-09-18,79910.02887856244,79658.62289109241,79978.56652541524,79459.29441327223,172698.0,68842212350.0,483070.0,-1.0286171663781605
2025-09-19,79655.05078984574,80106.47975629626,80175.74540522182,79621.0949901976,125909.0,50325827500.0,479927.0,-1.3380745852016136
2025-09-20,80102.50743917382,80096.41481286749,80129.69652365721,80047.49898422473,2838.0,1136621650.0,479286.0,-5.129197917737627
2025-09-22,80194.80970857583,79984.28007449736,80348.20945840098,79831.18467406425,133160.0,53323466000.0,470889.0,-1.2630709847455315
2025-09-23,79986.47270572645,80025.39203512827,80183.78803561219,79827.96062931497,127510.0,50978270750.0,465494.0,-1.2949044143723296
2025-09-24,80025.39206650984,82675.20113785741,82884.09423436761,79902.34038893608,415243.0,169183780300.0,524143.0,-0.2329006568173134
2025-09-25,82678.8434295743,82485.11973094984,83058.4380042367,82074.14197109357,418375.0,172699533600.0,551570.0,-0.2763905976714884
2025-09-26,82490.81120379719,81774.70655075666,82695.978534505,81653.3492716495,266903.0,109718994050.0,528916.0,-0.6839443325675092
2025-09-27,81773.36532971333,81872.1821425801,81887.96806620613,81701.86284095445,6014.0,2460702950.0,528531.0,-4.476011375598938
2025-09-29,82011.77254850058,83463.77700572558,83782.62879862721,81981.14493438718,269246.0,111356086700.0,534794.0,-0.6862561661730715
2025-09-30,83466.24576543698,83104.48862901154,83695.75314832263,82929.82923937491,163628.0,68149577050.0,533243.0,-1.1813816715456407
2025-10-09,84748.0336702478,87328.51946633673,88117.23373311205,84628.14940821762,522009.0,225972459500.0,578717.0,-0.10312875522301075
2025-10-10,87325.38483870299,83958.80489147929,87429.91593937404,83817.56184845457,491867.0,211367071000.0,568417.0,-0.14464694954621277
2025-10-11,83962.61696104496,83065.85569609016,84031.16965443466,82547.15310768884,113449.0,47271542000.0,563325.0,-1.6025033295088893
2025-10-13,84962.81157018633,86682.7946021621,86766.21238636103,84449.98199208363,411867.0,175983146450.0,570006.0,-0.32494640538958897
2025-10-14,86682.6977973012,84610.32002359013,86788.29681730879,83834.03155671062,446998.0,190205724650.0,545991.0,-0.20004837176193832
2025-10-15,84609.329270973,85078.0506816916,85936.39492822123,84543.87700054931,267113.0,113850543900.0,547535.0,-0.7177545967467589
2025-10-16,85074.61489571535,85173.10913992842,85357.10636704258,84405.61022364217,262771.0,111572261350.0,543385.0,-0.7265351621909438
2025-10-17,85175.90327810624,84930.55853294236,85265.21217477764,84190.14202490055,256912.0,108846944950.0,528241.0,-0.7208190051560988
2025-10-18,84928.17953776137,84817.65428564932,84931.7871184001,84778.4029962774,5465.0,2319289150.0,527528.0,-4.569837822881716
2025-10-20,84960.03430057681,85523.27212316243,85913.76926697587,84797.7991161444,246652.0,105443183300.0,535423.0,-0.7750786523963724
2025-10-21,85522.48001658435,85074.88010833914,85819.63858226076,84478.11491669371,226079.0,96350483200.0,530187.0,-0.8523452787915001
2025-10-22,85072.74337985662,85337.82281494519,85680.87189951139,84725.75907176893,157485.0,67075548150.0,531783.0,-1.2169052957581012
2025-10-23,85322.0530111419,86704.92465139432,86840.72863360448,85218.66531424127,231276.0,99538877850.0,554423.0,-0.8743161308017325
2025-10-24,86699.26337832304,87836.29350252931,87910.48755214777,86220.82683679726,337669.0,147151222950.0,591661.0,-0.5608677100062366
2025-10-25,87837.13740038704,87614.11725541156,87871.4786928025,87548.04543654219,16737.0,7339551700.0,590267.0,-3.562953139374728
2025-10-27,88146.66493782046,87902.4140714535,88648.38075802897,87296.33383641011,409754.0,180599029550.0,602070.0,-0.3848167379923804
2025-10-28,87898.19333382038,87883.15434115402,88288.40989528224,86696.73239379827,340883.0,149258418700.0,596581.0,-0.5596757145358319
2025-10-29,87880.55772731695,88877.38940954824,89245.10727598486,87628.04680555602,376376.0,166598689650.0,623675.0,-0.5050407556323223
2025-10-30,88868.5830348507,87109.66459633553,89136.24120122357,86531.75101573707,517356.0,226909201450.0,599099.0,-0.146695634369844
2025-10-31,87104.75946370924,87247.78061099314,87805.18741171608,86711.7416698908,324512.0,141554724850.0,591005.0,-0.5995019621776113
2025-11-01,87241.60478097624,87128.02178828086,87285.3344535085,87084.85781677549,13583.0,5920114950.0,589583.0,-3.7705964965119
2025-11-03,87139.0560918456,86915.37312716096,87429.57701336377,86716.67928077362,221058.0,96233225450.0,583072.0,-0.9698855673430564
2025-11-04,86920.14292231803,85656.8694087037,87022.16741964212,84930.76353232734,369004.0,158512334550.0,561140.0,-0.41916294466621157
2025-11-05,85660.28130257492,85903.6434648036,85948.34644639352,85006.63640499997,235708.0,100827815350.0,558935.0,-0.8634394365073121
2025-11-06,85908.74860229253,85760.90655758105,86526.75521155905,85665.34904258802,206871.0,89064902650.0,554427.0,-0.98583973739156
2025-11-07,85757.57930581707,85837.58779344772,86201.79810577305,85598.9347709595,163735.0,70351979750.0,550098.0,-1.2118471769060934
2025-11-08,85829.63865563022,85913.41004942548,86030.11612391163,85819.98698352215,6027.0,2590209950.0,548907.0,-4.511679653751904
2025-11-10,86096.08556751326,86422.79723185892,86839.16758006014,86093.4873230617,189405.0,81950320550.0,553440.0,-1.0722657656301051
2025-11-11,86421.6187856984,86685.37196515968,87042.64042993334,86336.68627312795,173598.0,75317188000.0,549823.0,-1.1528541268275563
2025-11-12,86700.5392299521,87446.54798229948,87676.58330262502,86351.43061581404,208594.0,90770757950.0,553204.0,-0.9753370514525738
2025-11-13,87447.98618617753,87482.11719854665,87910.99479391542,86982.99021760831,220801.0,96581837300.0,558710.0,-0.928368711620127
2025-11-14,87483.78796854947,86675.95424041878,87581.15182758744,85865.59382615163,288907.0,125183147050.0,538685.0,-0.623026147471265
2025-11-15,86677.56555927018,86654.45165830979,86838.05917665645,86633.5127345308,11857.0,5142763200.0,537083.0,-3.8132342344730095
2025-11-17,86511.43586133426,86290.2804660004,86666.840962524,86101.35703112985,148374.0,64116951250.0,531330.0,-1.2756471839093955
2025-11-18,86284.07617789271,85778.05584949693,86299.47629049928,85491.01760182348,241694.0,103733147850.0,524481.0,-0.7747367389649156
2025-11-19,85766.77460196395,86200.84273599176,86549.87706844995,85625.55089650227,168996.0,72802333200.0,522370.0,-1.1285011030504941
2025-11-20,86196.87166410132,86246.99207357611,86580.95118587399,86070.73015873015,181644.0,78431834350.0,524953.0,-1.0612600072061762
2025-11-21,86239.51786619119,85788.01675928614,86243.39658342782,85571.4155204409,206457.0,88518831750.0,512671.0,-0.9095421556253368
2025-11-22,85792.05320724021,86124.97190407946,86159.50307323072,85716.15747598169,14857.0,6390582550.0,512174.0,-3.5401932764004846
2025-11-24,86122.59664462815,85971.93372719665,86300.0167133629,85896.11223770917,159112.0,68530013750.0,512699.0,-1.1700805715684497
2025-11-25,85977.33800924128,86293.68896963581,87137.0095880648,85964.60554183705,237134.0,102710282750.0,527299.0,-0.7991423678808149
2025-11-26,86297.91183928297,87032.79200260162,87253.01188940872,86207.0623397995,181191.0,78648917500.0,531973.0,-1.0770410126728576
2025-11-27,87038.55066252364,86999.20848043336,87177.89309169103,86554.70703023269,147337.0,64061675100.0,535350.0,-1.290198258626536
2025-11-28,87004.82397398324,88769.38204397568,88921.83733065336,86946.50358394468,289612.0,127148992550.0,564312.0,-0.6670651939162314
2025-11-29,88762.90819400245,88691.10439632476,88779.71363184678,88523.45657767885,10297.0,4567097800.0,564426.0,-4.00395669486243
2025-12-01,88898.99389152203,89186.3856429092,89848.50630107053,88812.54937973758,340960.0,152215851800.0,584826.0,-0.5395491987412839
2025-12-02,89186.00441217965,88593.76588707091,89357.1548350365,88286.11398571564,283358.0,125859110850.0,589237.0,-0.7321173637793418
2025-12-03,88594.26788617748,91053.9736367916,91076.5341131427,88445.5927697218,377513.0,169638654400.0,616010.0,-0.48965819198575805
2025-12-04,91051.84301808671,91009.8301966911,91359.03378598797,90353.69007066716,350034.0,159085829200.0,624075.0,-0.5782402608320628
2025-12-05,91005.32590477474,92570.96155239917,92843.98356275016,90590.43598442416,458688.0,211152328250.0,648493.0,-0.3462809691864635
2025-12-06,92574.3208545759,92343.89390037685,92729.79814133963,92240.23096575284,22952.0,10612981850.0,646958.0,-3.3388762987224956
2025-12-08,92431.80256629227,92253.49729671612,93227.7651256173,91974.58531632034,357700.0,165640095350.0,651060.0,-0.5989071575951992
2025-12-09,92234.62633473822,91108.68675396472,92654.89142832583,90683.33111724388,432945.0,198164360350.0,625138.0,-0.3673617262142218
2025-12-10,91109.48495973,91692.96478962067,92486.30338362369,90958.46073961296,312003.0,143323671350.0,626321.0,-0.6968502160784358
2025-12-11,91696.06419123894,93639.2641154584,93705.40663124368,91634.66654318188,397145.0,184197905050.0,639122.0,-0.47579390617341544
2025-12-12,93645.95964447588,91699.54790905176,94562.79032071322,91467.28756473825,511970.0,239529524150.0,633899.0,-0.2136236061801605
2025-12-13,91712.50491046002,91533.3304845794,91768.09942327872,90767.80854400244,90333.0,41279433750.0,629515.0,-1.9414468394678928
2025-12-15,91567.2732591136,92578.12008872395,93753.29250585518,91448.25281026593,355501.0,164650306800.0,623056.0,-0.5611083402093896
2025-12-16,92583.87571889244,91762.89478812944,92630.59434324176,91289.54698060808,327420.0,150464357000.0,605464.0,-0.6147513558035619
2025-12-17,91762.22312513935,92675.56055386172,93410.65034023247,91620.66612927472,338635.0,157009155150.0,620877.0,-0.6062101635211005
2025-12-18,92672.34598763296,92533.27993994857,92950.3694125982,91925.14228072012,287895.0,133141853000.0,620801.0,-0.7684147493665027
2025-12-19,92528.9256824017,93535.1028262215,94045.89190574012,92186.04424386963,319133.0,148816866800.0,633496.0,-0.6856457418191537
2025-12-20,93537.8090714202,93495.09721783116,93668.0453808394,93462.82592475496,10703.0,5009147600.0,632600.0,-4.07931423486931
2025-12-22,93508.26296897496,93829.0528684582,94654.70409499748,93483.59416959202,343600.0,161478710850.0,640344.0,-0.6225273418422338
2025-12-23,93824.7967002246,94698.14603494132,95742.09338825852,93667.55923111307,459292.0,217265130950.0,641819.0,-0.3346201591052945
2025-12-24,94702.2921452612,94746.09430202717,96711.9408612036,94239.6013091944,499016.0,237932422350.0,641386.0,-0.2509933004022203
2025-12-25,94761.3934918301,97837.6078561335,98014.63503979667,94403.3739716896,428032.0,206356471700.0,651771.0,-0.4204953140960686
2025-12-26,97834.33927582328,101510.0529851481,101549.3675244764,97622.72170681332,639012.0,316872788350.0,660185.0,-0.032596865229291304
2025-12-27,101517.612709883,101488.18399038762,102739.16459905475,100481.25953706274,114852.0,58293345200.0,658317.0,-1.7460422352309843
2025-12-29,100687.30257438064,96100.46201483448,102399.46027239544,96041.7423526661,1003537.0,497742543500.0,620716.0,0.48041238807281295
2025-12-30,96095.66461508715,98836.34119571646,99479.51506430606,96063.16647911756,570006.0,279708768850.0,622288.0,-0.08775612099639009
2025-12-31,98854.0233725286,98304.70417309464,99768.08408039456,97754.6522326341,423967.0,209194960800.0,617743.0,-0.3764168913454068
2026-01-05,99190.13751323488,102595.64021402814,102807.52367007406,99017.12577264178,593739.0,300211986150.0,660287.0,-0.10623476012467019
2026-01-06,102605.38739753912,104806.1382855127,105531.57586283013,102421.85134518922,723204.0,377512939000.0,686001.0,0.052812254585352006
2026-01-07,104820.61316333094,101599.99722731762,105075.55971806988,101451.69454696465,757739.0,390885647850.0,685257.0,0.10054504879074816
2026-01-08,101596.61914585075,100220.50390859893,103009.09335141689,98757.26923054014,876984.0,442142620950.0,673515.0,0.26397848087474624
2026-01-09,100236.88893838158,102419.29237842635,102742.88434365256,99027.13270467872,633369.0,320538120700.0,684688.0,-0.07791006935945291
2026-01-10,102412.12080405562,102323.10372759584,102478.60173631302,102015.47797992796,21657.0,11080666800.0,681458.0,-3.4489058926522356
2026-01-12,102871.17424536785,103129.0373154948,104892.11400339652,101899.783981467,669543.0,346233766150.0,687650.0,-0.026684597456856415
2026-01-13,103119.04234945464,103542.42346303703,104491.86250281484,102253.80364642091,561228.0,289817154350.0,690908.0,-0.20787943445750592
2026-01-14,103563.03246500411,103871.26978834464,105498.5163234284,103260.25324836189,679435.0,353885238700.0,695801.0,-0.02380212946825942
2026-01-15,103878.58484573245,102470.89686438504,104068.38142484309,101115.64032849066,609210.0,311909250150.0,659743.0,-0.07968732939083494
2026-01-16,102471.58069288322,99958.41811999003,103499.61857983784,99645.83892216414,667590.0,337689322300.0,631369.0,0.055783734971771366
2026-01-17,99948.63367023526,100305.485795563,100386.3983332116,99934.5598179114,18037.0,9035878000.0,628536.0,-3.550968101938124
2026-01-19,100925.19942863248,101594.76835308922,101994.0308700414,100619.67338796207,336114.0,170317399000.0,633313.0,-0.6335143825747716
2026-01-20,101583.65490681544,99786.13094729652,101750.59503361014,99292.62659537829,413040.0,208017959650.0,632178.0,-0.42562655949041617
2026-01-21,99789.95129829044,100903.50987481406,101706.17408884896,99752.19739398516,361979.0,182413974550.0,644721.0,-0.5772314659826374
2026-01-22,100889.63760135992,99956.45614073,100975.28400830016,99566.69922661102,352294.0,176643167050.0,647822.0,-0.6091499129970449
2026-01-23,99961.92523217328,103054.27761023967,103326.52119055176,99923.65119071136,518331.0,264049464500.0,658225.0,-0.23893278383672933
2026-01-24,103056.0244473144,103028.49916589126,103527.71108605676,102876.30465298895,35626.0,18380799700.0,658787.0,-2.917324556890895
2026-01-26,103531.07330668112,103628.44283426546,104237.47440355488,101996.48178039383,526577.0,271636283200.0,659416.0,-0.2249570251324855
2026-01-27,103633.73387928422,101597.3474452666,103803.3598080595,100947.0455720173,485210.0,247793452700.0,654765.0,-0.29969460571762924
2026-01-28,101601.59371148144,102638.6381638828,103766.17627035482,101601.59371148144,423454.0,217667890550.0,650416.0,-0.42916726863841953
2026-01-29,102644.586918589,107123.78422221924,114352.4753103512,102603.49010745747,1522637.0,829720229650.0,675621.0,0.8125667111834979
2026-01-30,107087.25446408748,104536.10852121572,109688.75983334218,102811.37275247752,965219.0,508507058400.0,652536.0,0.39148870850779904
2026-01-31,104532.0493317047,103431.6646955425,104586.90761876592,102951.17551445912,58255.0,30156156450.0,646839.0,-2.407267497059277
2026-02-02,102443.96013430013,100469.07405836156,102642.28686516406,98452.30993816516,838958.0,421082030800.0,589292.0,0.353238829296181
2026-02-03,100467.63814020746,105111.07809919244,106004.65978828805,100374.08489626036,655465.0,339491505400.0,612708.0,0.06745643081541158
2026-02-04,105105.46110704869,102975.26954032564,105867.18320220936,102902.43265370151,459453.0,239974547050.0,612042.0,-0.28676425613677764
2026-02-05,102961.58305517296,100547.78543159626,103537.06267723332,100028.22225934431,564629.0,286481588250.0,594039.0,-0.05077609547531059
2026-02-06,100563.83723102874,101435.26513424257,101926.0257276866,98017.88566020835,508458.0,254477629000.0,578952.0,-0.1298369563748859
2026-02-07,101438.77999993088,101621.6422729602,101714.237594411,101408.427590021,12400.0,6295142000.0,577608.0,-3.8411989652872216
2026-02-09,102166.02062730562,102337.99480897556,102697.10067262789,101512.53459242312,244619.0,124738508750.0,570215.0,-0.8463115846139838
2026-02-10,102335.16058090776,101975.57209105715,102720.83633039884,101611.787571878,194510.0,99225319900.0,563031.0,-1.062851113172187
2026-02-11,101973.28258564562,102428.13891228227,103959.57823102897,101750.98302003046,278750.0,142992489300.0,564025.0,-0.7047832539824863
2026-02-12,102437.09541758712,102360.2094500856,103031.83567602858,102132.98991104536,154523.0,79197051350.0,555741.0,-1.2799594058091155
2026-02-13,102346.05137996376,100639.86815621426,102348.33243657132,99665.7706974872,252989.0,127331871300.0,552472.0,-0.7810567438532221
2026-02-24,100907.0228977319,102290.80701857708,102608.45341708288,100530.9085083531,303427.0,154625763300.0,543358.0,-0.582627348489827
2026-02-25,102292.5215699699,102988.4684081068,103375.72272022454,102157.52272405206,267080.0,137219553900.0,558197.0,-0.7371637076803401
2026-02-26,102988.7536411028,102603.65906173582,103226.89683098526,101926.66646940996,228458.0,117046134250.0,557796.0,-0.8926409181388573
2026-02-27,102617.47829235593,103778.3697448517,104680.3452017948,102314.3990059916,340075.0,175819216850.0,579075.0,-0.5322658213434954
2026-02-28,103780.18647720756,103405.57879094388,103798.01021324508,103263.39535761008,15179.0,7850692050.0,577376.0,-3.6385808070811656
2026-03-02,103621.1599568288,102613.86684394068,104190.74679182096,102558.5000017357,310196.0,160150658650.0,578389.0,-0.6230422969302881
2026-03-03,102619.63143089804,100973.49373587684,102971.06359855374,100324.80674157303,404035.0,205432300150.0,575739.0,-0.3541529251316984
2026-03-04,100972.00054542486,101559.91263370794,102514.03912440674,100957.55648561732,239671.0,121966619250.0,575508.0,-0.8759859794639331
2026-03-05,101560.32157452844,101192.82193821212,102367.50985382908,100156.64107892258,317797.0,160517596150.0,584095.0,-0.6086508266728218
2026-03-06,101203.47739631594,100505.05925603116,101598.49575537148,100326.74534547496,250617.0,126357975450.0,589729.0,-0.8557372319933162
2026-03-07,100504.3454911424,100369.2677054329,100691.30668704624,100345.25213242318,13964.0,7017148450.0,589353.0,-3.7425427357706127
2026-03-09,99949.0604596865,101091.32796322688,101219.87838469312,98492.31800860415,366999.0,183220134700.0,588691.0,-0.4725423047395953
2026-03-10,101090.50654349758,101977.52451313483,102107.07237036747,100963.56583205296,222899.0,113285181100.0,588664.0,-0.9711368084091845
2026-03-11,101988.52032547948,101189.15454228314,102012.64372678024,100374.55990088436,180306.0,91378215400.0,584772.0,-1.1765666201465483
2026-03-12,101191.78207121104,100914.23596953112,101438.890393882,100554.85585044292,181623.0,91652268050.0,578295.0,-1.1581510089654374
2026-03-13,100924.8966300801,100131.11720736,101097.3892248945,100131.11720736,202165.0,101607125600.0,581414.0,-1.0563788719832936
2026-03-14,100134.4516334305,99846.3454053009,100196.43472609996,99820.25068994483,17759.0,8880108750.0,584467.0,-3.4938078911342747
2026-03-16,99724.8658412231,100358.54280188016,100506.69070554452,98881.79477907644,268278.0,133641122950.0,576984.0,-0.7657907801816969
2026-03-17,100361.84155749169,99119.57139648413,100644.36345464268,98952.97563227754,200686.0,100142849450.0,569874.0,-1.0436737862465524
2026-03-18,99116.2248540023,96511.37291502346,99520.30784034176,95985.58578878905,415133.0,202695478200.0,584479.0,-0.3421219013079338
2026-03-19,96506.63880096497,95111.75765731464,96699.01245982706,91821.2923416726,525651.0,248044381800.0,575169.0,-0.09002641623027689
2026-03-20,95109.73715825618,93051.31739866064,96373.09210618673,92857.32684636874,345889.0,163709675700.0,577441.0,-0.512488358335762
2026-03-21,93057.572717338,93228.76132762647,93753.33967919004,93035.25097113526,20606.0,9624979200.0,575915.0,-3.3303777848391287
2026-03-23,92274.28175653824,94634.26157777756,95827.4502719593,91528.1231333798,480849.0,224656211300.0,558786.0,-0.15021328187677724
2026-03-24,94616.88201156388,94626.8372397387,94946.69740571572,93035.10374632502,252869.0,118893798850.0,553194.0,-0.7828371856762977
2026-03-25,94617.32780641069,95867.39941847806,96568.21526982682,94465.58243265496,263414.0,126135208050.0,546497.0,-0.7298018791253285
2026-03-26,95875.069786678,95431.97743659843,96251.91713475416,94678.88795977402,188310.0,89812110600.0,538394.0,-1.050501093140114
2026-03-27,95418.95288424924,95579.44050417175,96520.0734562449,94926.8933490664,218077.0,104276430450.0,533945.0,-0.8954446259670952
2026-03-28,95567.9668816004,95406.47719835192,95567.9668816004,95304.58897871528,7779.0,3712512850.0,533229.0,-4.22752318019806
2026-03-30,94889.36035489214,95540.8014721422,96163.41555281873,94757.1175317912,179808.0,85816704700.0,525221.0,-1.0719295114671914
2026-03-31,95526.73207492568,96148.8064258403,96401.35821323624,95144.00376859316,207415.0,99261228800.0,525690.0,-0.9299900681966938
2026-04-01,96153.04995016016,96757.11134429688,97198.93097396898,96148.59041379413,197178.0,95387219650.0,523188.0,-0.9758339900212221
2026-04-02,96771.1848221658,96179.82012236307,96925.34312034889,95358.51215492534,193059.0,92745388150.0,518130.0,-0.9872303343537528
2026-04-03,96192.89300686342,96203.56146150792,96516.57897327884,96001.70777210889,78865.0,37965182200.0,510897.0,-1.86843047438947
2026-04-07,96415.27348278348,95825.78001257562,96991.33850013545,95510.450577948,155794.0,75080553300.0,510511.0,-1.186877563091366
2026-04-08,95833.99024533568,98135.25636835152,98446.91453208712,95802.02226374183,228056.0,111634827000.0,510925.0,-0.8066315955632603
2026-04-09,98132.00481479667,98112.58195071516,98314.45547637373,97374.43556514346,148065.0,72397354000.0,506768.0,-1.2304019386369178
2026-04-10,98110.1745838168,99087.25694587342,99686.66515058056,97956.85573797028,185818.0,91794747350.0,510267.0,-1.0101664180852605
2026-04-11,99092.71855867298,99265.57915653022,99343.78826032428,99058.43169649508,7430.0,3688114750.0,509301.0,-4.227513338638249
2026-04-13,98639.72950108546,100655.12451535797,101204.99254284256,98419.2031460392,238503.0,118675922600.0,521261.0,-0.7818689871422116
2026-04-14,100649.26845739305,102083.39744691252,102161.7507404841,100564.5137779246,248950.0,126164998100.0,523758.0,-0.7437776724945094
2026-04-15,102072.52283645589,101953.13351079382,103074.53459287412,101724.88262883712,236506.0,121027726050.0,519928.0,-0.7877167628612942
2026-04-16,101942.8664797098,102247.61353351695,102700.96075355636,101619.46924367468,170573.0,87273079850.0,515993.0,-1.106929841912957
2026-04-17,102245.11964819727,102747.29404435583,102913.01640938704,101577.47572777954,220348.0,112701185150.0,521690.0,-0.8618654269628109
2026-04-18,102743.05855810094,102772.7284737482,102861.132695206,102700.7055492834,6806.0,3500651900.0,521526.0,-4.338954553303419
2026-04-20,102314.09742202677,102317.06058239388,103105.17927613785,102148.68352605864,194831.0,99987065450.0,530088.0,-1.0009105143748815
2026-04-21,102311.07746057742,102077.02105115927,102676.88673176226,101843.19320291468,171444.0,87641559450.0,521919.0,-1.1132557207573397
2026-04-22,102077.53669672916,103775.37151631789,103841.33750534816,101962.46921197604,205435.0,105660044450.0,545077.0,-0.9757973868880206
2026-04-23,103780.74577769951,103116.5802586342,104010.20323065846,102083.43681251528,252637.0,130046945000.0,542465.0,-0.764169891371679
2026-04-24,103119.81740723808,102344.2170931138,103141.57819632598,102152.0601473148,132009.0,67683858250.0,535549.0,-1.4004222868893306
