date,open,close,high,low,volume,total_turnover,open_interest,speculation
2018-01-02,3917.31118326928,3935.989301179684,3944.1479647656174,3915.6471933122,59048.0,2294692290.0,145717.0,-0.9033157120327439
2018-01-03,3940.3175974782425,3895.016572041342,3948.631727540601,3892.5993833141297,67196.0,2594582890.0,152003.0,-0.816286535545645
2018-01-04,3899.895359657864,3887.952313912835,3903.548822259914,3860.6339553277294,64829.0,2479841590.0,149876.0,-0.8380552514419177
2018-01-05,3888.7156204360094,3873.029756738988,3893.984273513355,3871.241328073636,40576.0,1552717600.0,152100.0,-1.3213614404504865
2018-01-08,3866.34181607485,3797.850739578664,3886.155121584457,3795.29514700716,113466.0,4287520340.0,165094.0,-0.3750117760813744
2018-01-09,3797.808592517056,3800.229308924485,3811.4158838184367,3795.16261198922,43229.0,1631729380.0,163875.0,-1.3325923757560751
2018-01-10,3799.157857221187,3799.708462046998,3816.6885966252494,3782.75554566184,51490.0,1936350960.0,166390.0,-1.172946816369366
2018-01-11,3806.581727243216,3801.120774504377,3808.714679042477,3787.398806726588,35442.0,1330665940.0,164389.0,-1.534338012854685
2018-01-12,3798.975281157873,3800.343543616794,3813.8826832239088,3761.1406243381753,88440.0,3310382150.0,163985.0,-0.6174506042372856
2018-01-15,3794.343866227576,3780.729048908599,3805.243245848698,3777.2567195933498,55531.0,2082831090.0,165063.0,-1.0893857958332067
2018-01-16,3775.343442841234,3749.658201788607,3794.786903106584,3748.627851999784,62722.0,2336578270.0,166610.0,-0.9769434886521265
2018-01-17,3751.528450010511,3743.9429067084766,3763.11097230281,3737.481073012977,52828.0,1958590080.0,167743.0,-1.1553916930365238
2018-01-18,3736.474846384448,3763.179022802085,3771.933066825775,3727.451394310712,50242.0,1875778040.0,166476.0,-1.197999824601802
2018-01-19,3760.131580211335,3771.182426267581,3787.40670584903,3750.338506915094,56857.0,2123427360.0,168786.0,-1.088092296670499
2018-01-22,3782.681810089021,3766.020217555929,3797.252606469147,3739.3455020172846,73929.0,2751982900.0,170347.0,-0.8347323599817551
2018-01-23,3765.974886767799,3756.9600905796033,3778.627127681391,3751.92845889388,44264.0,1646157880.0,169133.0,-1.3405136820676302
2018-01-24,3764.331046696972,3783.405337311839,3803.273404419015,3756.484596267466,76434.0,2854655410.0,172259.0,-0.8125715348102537
2018-01-25,3776.048427843842,3754.751290055058,3793.2919201144177,3743.3386637521935,69750.0,2592617930.0,173636.0,-0.9120437332977994
2018-01-26,3749.9181971395255,3750.435630748788,3766.821999100336,3736.364524334408,54214.0,2002012480.0,174602.0,-1.1695699204193617
2018-01-29,3756.255808904607,3711.0213327724296,3757.3456034005017,3697.548560001312,92627.0,3398308640.0,180661.0,-0.6680416711401992
2018-01-30,3715.139539265508,3719.250097025318,3726.802616313285,3705.34783813133,43986.0,1615575300.0,175212.0,-1.3821252678379228
2018-01-31,3719.768302287358,3718.947389725375,3726.792311555495,3686.0488308499353,70579.0,2572392940.0,175403.0,-0.9103535337275276
2018-02-01,3727.292730519721,3717.5921356977647,3731.689511404357,3706.195928840232,44677.0,1642704320.0,173798.0,-1.3584348774745656
2018-02-02,3721.624442185426,3720.728670708265,3727.7991186697423,3689.472826989243,55878.0,2040637800.0,175838.0,-1.146392373846709
2018-02-05,3736.791607826166,3768.035754235275,3801.160457678015,3732.915753689869,117779.0,4378494940.0,172539.0,-0.3818133107995921
2018-02-06,3771.4485202844585,3777.800283634744,3785.29443858101,3756.0203477876,53166.0,1972760250.0,170642.0,-1.1661487003825302
2018-02-07,3784.130637745253,3762.095033071627,3788.356218309532,3749.0870079939978,70836.0,2638802900.0,169783.0,-0.8741538050329442
2018-02-08,3755.493261519061,3772.841737735121,3782.168345700567,3752.732745000944,51035.0,1896593100.0,168265.0,-1.1930284457415412
2018-02-09,3774.6516969448458,3791.0213498408993,3815.958394753467,3767.5976220236817,73232.0,2723882390.0,161219.0,-0.7891312052205527
2018-02-12,3791.72138378807,3839.5362849803137,3845.191361518701,3777.0618309327824,68932.0,2585945490.0,160769.0,-0.8468480406702606
2018-02-13,3850.91807658612,3857.932117733205,3869.0997598328186,3832.5536742942622,68574.0,2599971160.0,152956.0,-0.8022368441900266
2018-02-14,3854.273550783882,3817.072889035114,3859.863093797624,3809.129619531879,45207.0,1700907620.0,145893.0,-1.1716215342064593
2018-02-22,3793.0538030610087,3810.959051104169,3821.791940772655,3779.094854823773,59071.0,2200994210.0,149479.0,-0.9284158044936738
2018-02-23,3804.7356998811374,3888.035445017405,3890.175636514821,3801.613833353366,103132.0,3908981660.0,161151.0,-0.44633209250182715
2018-02-26,3899.275073131264,3902.533092842225,3917.721867346367,3884.193780644021,65765.0,2533973780.0,158010.0,-0.8765705402426657
2018-02-27,3904.999253117286,3883.083794495962,3906.912386859928,3865.876712672208,50330.0,1920430900.0,160464.0,-1.1594682975575838
2018-02-28,3878.377164374183,3882.1817859629127,3892.839514325407,3867.922410677567,44109.0,1681237820.0,158010.0,-1.275994478899778
2018-03-01,3883.711367032188,3867.758684497748,3904.046534028008,3866.386080421177,71838.0,2771190020.0,159422.0,-0.7971411904356772
2018-03-02,3861.91251802169,3884.721416283507,3898.9857389612566,3858.512022817026,81612.0,3151227030.0,159855.0,-0.6722908443595274
2018-03-05,3848.174812018086,3804.170400582856,3850.417973558168,3803.493995810729,100584.0,3787977980.0,153726.0,-0.42417859765027927
2018-03-06,3782.893705147951,3818.6230168875736,3830.374111235309,3766.784657731756,87723.0,3275922000.0,148630.0,-0.5272758734695112
2018-03-07,3822.5093132643465,3795.823790471708,3833.713396538064,3791.049534183175,56192.0,2093563320.0,148715.0,-0.9732573246094368
2018-03-08,3800.070089682476,3800.7331932056254,3820.84313037138,3795.998153676139,45854.0,1711431860.0,146533.0,-1.1617882231630303
2018-03-09,3805.665076765609,3804.119161762399,3818.5927103228137,3767.492896454628,79281.0,2970498680.0,146641.0,-0.6149889194660324
2018-03-12,3785.112506247303,3729.9400695264335,3788.41753216078,3721.080826957893,100747.0,3697261570.0,152460.0,-0.4142898428516073
2018-03-13,3740.021079782394,3741.036867057352,3750.533746288994,3730.818627129966,41178.0,1515575020.0,151870.0,-1.305120758587626
2018-03-14,3743.356317142293,3765.324877726372,3767.870304031725,3737.458169116194,48395.0,1786568680.0,151300.0,-1.1398681181932584
2018-03-15,3769.3018808094025,3761.3771191190535,3777.9185312906698,3744.892988277798,54588.0,2046421710.0,151655.0,-1.0217941258713186
2018-03-16,3757.39440608373,3743.001116949208,3760.0509997102295,3734.7707169414016,49380.0,1812690130.0,151305.0,-1.119752183257875
2018-03-19,3730.50576189467,3586.635694504276,3731.6180062519866,3579.8585148441,205258.0,7406374000.0,162490.0,0.23365126301576555
2018-03-20,3569.594640480603,3556.351779746153,3591.7419754600432,3537.5895629820047,150551.0,5236548620.0,152297.0,-0.011530664525357831
2018-03-21,3556.598416111606,3551.163605573392,3564.4799172354565,3536.8006134568946,65260.0,2252754100.0,152941.0,-0.8516729349413633
2018-03-22,3549.6499134698583,3574.0958209742275,3591.3468204283363,3546.251415947768,67570.0,2339079230.0,151710.0,-0.8088067061959181
2018-03-23,3567.868285813928,3602.293397799754,3640.2616538963766,3527.214807454397,116901.0,4085064850.0,136712.0,-0.15654910058324142
2018-03-26,3631.9509242909376,3578.731794342408,3642.830008132881,3564.949685145465,86213.0,3059203180.0,144337.0,-0.5153298648051274
2018-03-27,3577.2753738356514,3593.300813178815,3605.8544153074113,3550.505568249655,63883.0,2235481430.0,142896.0,-0.8050638076417189
2018-03-28,3583.708377168988,3566.292064249364,3593.644420662804,3546.155764241911,85856.0,3006574590.0,138336.0,-0.4770140342420076
2018-03-29,3553.42154423608,3453.4019650051723,3557.379005119651,3437.7257460799187,223996.0,7709045170.0,155623.0,0.36419177882197257
2018-03-30,3445.071569135164,3575.499845572688,3583.445043675212,3439.2249935266705,193976.0,6568100310.0,126273.0,0.42928821028938824
2018-04-02,3578.2010181552487,3614.509227658714,3637.8524274789656,3562.018659164013,125395.0,4372041350.0,123650.0,0.014013761028175966
2018-04-03,3601.71532161471,3614.3957884602833,3620.968052502367,3591.356659706378,58523.0,2052512560.0,122568.0,-0.739246138650561
2018-04-04,3600.629603041229,3637.662186656866,3639.9771628089584,3595.405964986702,60092.0,2135718380.0,119717.0,-0.6892539030005895
2018-04-09,3732.418382965696,3769.668802781495,3798.97375805711,3701.321155175503,112643.0,4159959770.0,117347.0,-0.040911831841970295
2018-04-10,3756.5099931670657,3754.751745566261,3761.484002391527,3725.3331371696136,70001.0,2590689560.0,114576.0,-0.4927288306029791
2018-04-11,3752.762694471741,3795.4507075307697,3800.856885750281,3749.283674374516,65937.0,2464065100.0,115048.0,-0.556649691880832
2018-04-12,3810.809580391681,3816.3684707472144,3819.340707887944,3786.543041050564,62435.0,2361765350.0,115442.0,-0.6146422237657557
2018-04-13,3817.3806052400914,3855.392911003907,3872.644452018355,3807.916139446485,103305.0,4077447340.0,113387.0,-0.09312096860941954
2018-04-16,3882.319990486173,3886.22300877036,3895.1966731641655,3854.9663647098223,77392.0,3025684260.0,111740.0,-0.3672913279503753
2018-04-17,3899.738457563392,3946.764285650098,3950.463082102443,3849.966657542229,115745.0,4552645190.0,111283.0,0.03931298921498371
2018-04-18,3948.583660637071,3903.975847995647,3993.8929986556286,3896.174552932761,130700.0,5176245330.0,110260.0,0.17006340746863868
2018-04-19,3906.561386828928,3875.921415236101,3912.921304973787,3871.811034603745,79502.0,3142419310.0,109805.0,-0.3229238868027037
2018-04-20,3869.718653879306,3866.466086591885,3894.129752036903,3856.201255750229,69314.0,2716792020.0,114468.0,-0.5016484019565268
2018-04-23,3877.764738340268,3902.537132033777,3929.858725857696,3845.804871278885,100896.0,3994702410.0,114039.0,-0.12245021179034034
2018-04-24,3886.542235292045,3826.648229617842,3893.4850851397273,3821.669766927338,103644.0,4075287360.0,117517.0,-0.12562105388386374
2018-04-25,3827.20797633358,3834.7983642863655,3855.974825257173,3822.2293579545935,73890.0,2879980840.0,120559.0,-0.4895617588582002
2018-04-26,3820.828138387696,3852.885764740172,3872.285562793516,3815.840774292297,68006.0,2646328830.0,116654.0,-0.5396163519147543
2018-04-27,3854.36294664289,3879.001592987256,3906.4915418366304,3853.6274689664624,90521.0,3553476040.0,111112.0,-0.2049568336272335
2018-05-02,3902.47092304778,4010.9109457736186,4013.442121086722,3899.90352784117,109950.0,4414036360.0,118411.0,-0.07413590653910063
2018-05-03,4015.201096413427,3981.126620122645,4029.254878110587,3971.230534480566,74971.0,3030140860.0,117738.0,-0.451360444780428
2018-05-04,3972.8460625482167,3963.949225101186,3983.682492132146,3953.9848195572304,52302.0,2103550800.0,115628.0,-0.7933435301844509
2018-05-07,3938.740205010408,3994.356031684634,4006.3741156298383,3933.592474891839,76223.0,3082590640.0,118922.0,-0.4448045615981653
2018-05-08,3985.21655003794,3978.7806224812016,3992.2662928926734,3957.868255333792,48166.0,1944750550.0,114638.0,-0.8671259594919372
2018-05-09,3979.748538317887,3967.874492894139,4030.4068584165634,3954.021357947751,95927.0,3904288620.0,117579.0,-0.20352296255241287
2018-05-10,3981.3273244135776,4008.158600348572,4008.817200697145,3959.6068053089866,59616.0,2421517680.0,119344.0,-0.6940860847936294
2018-05-11,4010.594146718017,3992.309084287832,4019.6460257927015,3977.375215250034,47072.0,1915884380.0,115331.0,-0.8961279105520609
2018-05-14,3989.815090541513,3985.42540078344,4012.728965910269,3978.270878343789,52141.0,2114138210.0,113091.0,-0.7742412169044104
2018-05-15,3985.19452726195,3915.625232714205,4000.4564858979215,3911.8536629190407,104213.0,4187465690.0,115485.0,-0.10270376978397171
2018-05-16,3904.2536516194136,3907.827078862048,3926.249423685198,3877.1857034051336,78721.0,3122615380.0,109495.0,-0.32996893019820855
2018-05-17,3885.126978025498,3889.5318474011738,3902.226679790992,3860.8172499245593,52786.0,2080961400.0,107183.0,-0.7082916499334941
2018-05-18,3886.66442632171,3992.745731605584,4011.4630724495087,3885.205343082115,123862.0,5004637620.0,107886.0,0.13809292856503258
2018-05-21,3991.0886541667833,4016.996187686038,4018.867226306844,3961.834583719689,71465.0,2908796350.0,106497.0,-0.39890899637756266
2018-05-22,4033.1977707416745,4001.489384221524,4131.455753551389,3998.705209274316,181738.0,7553308650.0,110543.0,0.4971615039407516
2018-05-23,4010.875564434471,3978.021181100835,4016.396562932037,3947.9648391224,86878.0,3528938630.0,103158.0,-0.1717569578029369
2018-05-24,3979.4686780799966,3989.138735091584,4006.724156184133,3970.5021899234257,53921.0,2184592290.0,100782.0,-0.6254397558367789
2018-05-25,3986.805561903248,3947.18229636309,4001.805850666613,3934.530677516847,75645.0,3033249900.0,99810.0,-0.2772170345016967
2018-05-28,3972.372580031633,4035.203154688849,4057.755266249194,3962.365586755951,118342.0,4842112080.0,109995.0,0.07314382734817679
2018-05-29,4040.8347875827376,4024.05316728645,4059.962365208092,4011.296117394732,81261.0,3339822310.0,109447.0,-0.2977742171555022
2018-05-30,4025.951093998066,3996.428382443551,4062.3550644730985,3987.043611682732,87180.0,3576369490.0,110364.0,-0.23580904689831428
2018-05-31,4000.049110808349,3988.8418166504944,4008.2199953640143,3960.6923302393743,76578.0,3100313270.0,109234.0,-0.3551825409325452
2018-06-01,3989.496785724056,3976.780868912653,4026.2030490118304,3975.868012675418,79720.0,3254525590.0,111933.0,-0.33937998266322933
2018-06-04,3975.450189494056,3967.304116025844,3997.8558612069046,3959.781218861929,66474.0,2709684880.0,110665.0,-0.5096967261274176
2018-06-05,3967.108883558854,3975.891071012262,3992.126285033117,3929.010477436708,80486.0,3268478820.0,107235.0,-0.28693943163051233
2018-06-06,3980.4252595091225,3978.478299640549,3998.24136790763,3964.785707802345,65760.0,2682824810.0,108777.0,-0.5032881642675864
2018-06-07,3982.484736870967,4010.2535587344382,4018.1064044904647,3948.553478984904,93320.0,3804503010.0,114226.0,-0.20214449490869255
2018-06-08,4001.8649293255226,3939.2409812931937,4023.362026688692,3937.395900423345,108545.0,4413083300.0,110548.0,-0.018284982237710957
2018-06-11,3933.750584609807,3943.140468196829,3954.292666957661,3916.9563763255687,55889.0,2240044010.0,109313.0,-0.6708477459775557
2018-06-12,3945.8356761328632,3955.645374813833,3968.352790273668,3943.263405326181,44421.0,1784810610.0,108774.0,-0.8955600046808946
2018-06-13,3956.72713477721,4016.4429975589615,4033.170459806636,3918.0685131724654,142175.0,5748231700.0,107741.0,0.2773284943796883
2018-06-14,4015.78219100445,4009.004657529038,4036.641569825596,3999.026671010986,66630.0,2722302200.0,105206.0,-0.45676540632330676
2018-06-15,4011.123844925277,4017.4625447993576,4043.93014743264,4001.973609190211,71354.0,2924432510.0,102122.0,-0.3585147729644133
2018-06-19,4042.648748371441,4069.629843978093,4120.027936997725,4022.768001605941,127524.0,5277535170.0,96589.0,0.27783971907956384
2018-06-20,4075.3310309225135,4127.858791699308,4135.635591919301,4057.2261942552864,108287.0,4524568540.0,109774.0,-0.01363859699654934
2018-06-21,4138.366412908866,4088.24451141606,4148.132312231369,4075.388199773072,75320.0,3148150940.0,102531.0,-0.308419488088439
2018-06-22,4090.516149134851,4076.098036625272,4097.665568882696,4064.076800303251,57149.0,2379139260.0,98402.0,-0.5433992367799478
2018-06-25,4066.828337653921,4107.2744970676,4116.948897516394,4066.133161860013,61241.0,2563771580.0,106227.0,-0.5507614139303848
2018-06-26,4092.646932952925,4087.193268795624,4095.053716294522,4069.2413991833855,59108.0,2460644480.0,101646.0,-0.5421299095454769
2018-06-27,4089.663754814873,4076.069089172781,4107.223369612203,4056.1171858485295,74654.0,3102439590.0,102621.0,-0.3181784842166738
2018-06-28,4079.6679218113,4071.43641270836,4098.7607230215135,4069.80624096556,58236.0,2410419910.0,98927.0,-0.5298784841924069
2018-06-29,4068.056140315468,4140.727436928275,4142.55750742877,4045.618541217265,90409.0,3720201370.0,102978.0,-0.13017155321782287
2018-07-02,4113.932090091145,4055.97185043338,4176.77408548468,4036.697495369877,138075.0,5720422340.0,99220.0,0.3304574089143485
2018-07-03,4061.104862108085,4042.22563818208,4065.6727478901366,4031.721423277986,54519.0,2230977910.0,97386.0,-0.5801331983837547
2018-07-04,4040.580467915537,3994.7417345855774,4055.337563738215,3989.181228347718,71594.0,2902266790.0,99874.0,-0.3328981199480728
2018-07-05,3995.099975933576,3996.3760775421824,4016.388577951992,3986.321176505922,46446.0,1885438940.0,97908.0,-0.7457379147840322
2018-07-06,4000.7136528269457,4001.162243889782,4018.3752218278623,3984.089571401346,58214.0,2367628150.0,100201.0,-0.5430522930027846
2018-07-09,4007.083586067,4032.962786960739,4047.689739603576,4004.3775890699726,67125.0,2758641850.0,102061.0,-0.41901412091674123
2018-07-10,4036.6053636096703,4037.263383840848,4045.618358812641,4021.015344322309,37984.0,1558897910.0,102493.0,-0.992629485136227
2018-07-11,4041.594096121482,3964.912953659796,4068.8358294986215,3962.271689946881,92508.0,3786982290.0,106495.0,-0.1408029084254382
2018-07-12,3960.886843988999,3947.628508986773,3969.77033492823,3936.318332254784,57548.0,2303264760.0,106156.0,-0.6122903281641631
2018-07-13,3951.640789659224,3949.958009418448,3972.725980072632,3937.633190716486,44141.0,1782869550.0,107024.0,-0.8856640526160487
2018-07-16,3977.919156365274,3977.839369035239,3991.990157040785,3949.010705138835,62932.0,2572001470.0,108659.0,-0.546159759684262
2018-07-17,3984.547985428652,3942.715917137204,3991.9817172646985,3929.472289244055,60587.0,2454291580.0,110158.0,-0.5978353502351701
2018-07-18,3947.8886130990127,3947.958551181683,3971.9482825270607,3942.436350944628,47551.0,1918059440.0,108447.0,-0.8244587551085016
2018-07-19,3950.481785668197,3970.90701603048,3986.911204962387,3913.306715693693,110962.0,4501461360.0,111288.0,-0.0029336353997946995
2018-07-20,3976.9381651804974,3959.105428882645,3992.0631280597777,3949.591167623735,55844.0,2269068900.0,109249.0,-0.6710675914893284
2018-07-23,3960.400709090577,3926.087466233052,3962.239368198472,3918.345828380223,77664.0,3140470990.0,114387.0,-0.3871956065807695
2018-07-24,3919.542969297631,3905.150648766089,3934.981514099859,3902.211950248928,65464.0,2623783130.0,115527.0,-0.5680038956514653
2018-07-25,3914.446486974173,3930.929062222764,3939.017696160266,3913.211553643153,54091.0,2156385370.0,114974.0,-0.7540382024271038
2018-07-26,3942.242675891876,3973.695081819005,3981.573755222609,3936.221927883023,91098.0,3695868080.0,110610.0,-0.19407465078605718
2018-07-27,3980.626308017647,3909.7056132608577,3987.953203048091,3900.577378694728,84171.0,3361128620.0,111486.0,-0.2810485786081677
2018-07-30,3907.588594977785,3898.588884679431,3928.058996001778,3895.198144791937,62424.0,2505054850.0,113501.0,-0.5978618306408716
2018-07-31,3894.224208461261,3876.2555688038574,3914.6813774306825,3873.052445215255,61780.0,2487598650.0,110706.0,-0.5832983512973647
2018-08-01,3868.6498826502975,3845.988064230402,3889.495152554612,3830.233385247785,80787.0,3175996040.0,114027.0,-0.34461920096351384
2018-08-02,3848.5434535170816,3856.108814551574,3868.1994724347146,3839.856358288724,57637.0,2298383250.0,111713.0,-0.6617683598849949
2018-08-03,3866.689091726618,3902.9648608520192,3957.92928452579,3861.9398651079136,120648.0,4818115010.0,105068.0,0.1382694554679613
2018-08-06,3932.69269947444,3923.8705333873872,3950.078166059877,3911.455739714091,75241.0,3041894640.0,103602.0,-0.31986033951107606
2018-08-07,3926.408735658736,3884.5630824950463,3928.435984060984,3880.580622528989,69082.0,2741420290.0,105473.0,-0.42316079119216754
2018-08-08,3877.6681746061727,3937.1600175822496,3955.041059490723,3872.804229156435,102212.0,3977036600.0,104651.0,-0.02358191680155005
2018-08-09,3937.1043972822354,3940.2547622157126,3972.430902557198,3901.899711949452,120575.0,4736302870.0,107198.0,0.11759437420879049
2018-08-10,3951.835493705928,3927.674157826601,3987.626989150493,3925.389529992685,125549.0,4936661560.0,107371.0,0.1564059936264736
2018-08-13,3987.816003070672,3995.9746713140216,4024.204900652568,3950.860247253484,154371.0,6213967290.0,110744.0,0.33213756472993966
2018-08-14,4021.362997700648,3946.544572215069,4033.6815988221497,3941.052009057408,114959.0,4644216970.0,112615.0,0.020600621301793187
2018-08-15,3979.735256708825,3981.6178026685934,3989.308040518612,3956.540207426533,88548.0,3554403690.0,116241.0,-0.2721208442513642
2018-08-16,3962.3278209777536,3858.104695593105,3970.7138755312735,3854.290430832853,138315.0,5445867250.0,117770.0,0.16080012280575712
2018-08-17,3858.3558649624856,3852.213606862357,3881.7703455594615,3832.567837579197,85322.0,3329196460.0,118793.0,-0.33095014814252804
2018-08-20,3860.6975985195777,3879.50471139574,3901.013326971753,3838.835028434847,111154.0,4328377770.0,119922.0,-0.07592490427337675
2018-08-21,3882.8744908307976,3868.1142199772567,3893.056982143154,3852.11207330925,70469.0,2742546690.0,113439.0,-0.4760923507096413
2018-08-22,3875.510908644487,3855.218643363184,3877.8781721882174,3836.797786934897,80148.0,3110795780.0,115462.0,-0.36506654596754656
2018-08-23,3855.222170240416,3850.648990265872,3897.315223955713,3847.557622787601,89094.0,3454289140.0,117011.0,-0.2725759553304638
2018-08-24,3852.088303594297,3804.922938870876,3858.625774780159,3792.5813702467767,99731.0,3829441170.0,118127.0,-0.16928375545090346
2018-08-27,3791.599800845562,3792.5348118601705,3817.2210932139706,3783.7475379954594,72654.0,2789932040.0,116828.0,-0.474994320691547
2018-08-28,3792.4214520832975,3845.119694502533,3865.638831480757,3787.9662779095993,122010.0,4710250610.0,120983.0,0.008452968728739211
2018-08-29,3833.5162098255846,3827.865725591024,3854.979320283416,3813.591618206678,82366.0,3189750850.0,119792.0,-0.37458417508374414
2018-08-30,3817.456912847384,3796.023966010578,3845.1322146832968,3785.4619291892977,88204.0,3408324580.0,115330.0,-0.2681452707795259
2018-08-31,3799.457215304192,3783.451003037303,3815.085988307735,3781.915146499826,54476.0,2109167480.0,109966.0,-0.7024109893981738
2018-09-03,3779.045932054884,3750.467627357578,3788.870549754686,3747.886102927349,78540.0,2988090220.0,108533.0,-0.3234462250526244
2018-09-04,3750.8337727719545,3754.812130150073,3765.673823767768,3742.45855343543,45453.0,1720803160.0,107814.0,-0.8637286951265635
2018-09-05,3756.303869439811,3756.0769378832456,3771.933761690713,3751.7555008210174,44174.0,1678781990.0,109101.0,-0.9041376779885829
2018-09-06,3770.082319452734,3775.355176808506,3789.790660895622,3765.577980808962,62982.0,2407380860.0,105142.0,-0.512462846184705
2018-09-07,3784.62419958578,3767.158607686729,3794.521401620294,3761.782932340821,54249.0,2075236900.0,103425.0,-0.6452621532765229
2018-09-10,3783.468067397679,3794.7751042061386,3813.7453734921705,3778.103728512552,81989.0,3152244940.0,105560.0,-0.25269441971075884
2018-09-11,3788.2378198900137,3756.265196985845,3794.39395746743,3744.362647300378,69363.0,2644646750.0,106962.0,-0.43312004706570384
2018-09-12,3752.439160956823,3775.250169763861,3777.501468524928,3747.03876830544,47636.0,1808272610.0,104557.0,-0.7861435993383129
2018-09-13,3766.690578697764,3786.27655962384,3805.222300773001,3764.605708094545,66574.0,2550813190.0,104849.0,-0.4542071089342308
2018-09-14,3792.631212138476,3843.732854455277,3847.721197555202,3787.544095026491,106659.0,4124774630.0,111093.0,-0.040730858817443004
2018-09-17,3871.16677057075,3884.298564134703,3911.716085475488,3860.0031035084335,126463.0,4955738270.0,108506.0,0.15314430427469888
2018-09-18,3890.4801339429455,3871.240664317148,3895.703255659917,3863.5979046829066,51178.0,2001601220.0,109526.0,-0.7608522117904856
2018-09-19,3885.029964661736,3899.4272040720352,3906.4971493623934,3857.829486285553,72798.0,2855614190.0,108447.0,-0.39857309207518893
2018-09-20,3915.655134329183,3847.7992373453535,3928.721824925679,3839.989457675808,81589.0,3191543840.0,105159.0,-0.2537790415357064
2018-09-21,3840.712744827848,3841.868877389982,3850.3373019991136,3827.1723710481738,61036.0,2360466870.0,104551.0,-0.5382111366009414
2018-09-25,3818.380839195691,3849.4166659011366,3854.789340311251,3799.375385765493,60575.0,2344625580.0,108857.0,-0.5861528275919243
2018-09-26,3850.712284522198,3868.050373117203,3882.760181786401,3845.588039380742,72424.0,2834238310.0,108947.0,-0.4083237892716052
2018-09-27,3867.43146083936,3867.447454963476,3869.231276486574,3835.7259755114287,51504.0,2004469980.0,103083.0,-0.6938750144130577
2018-09-28,3857.625609069555,3874.8341475206735,3877.7382718504527,3854.506146066323,54223.0,2117747990.0,99281.0,-0.604849040691439
2018-10-08,3889.100548227,3946.078770117704,3955.954090741633,3888.514594421865,85522.0,3382883590.0,104075.0,-0.19633814029532953
2018-10-09,3953.111319311664,3999.411689902909,4003.7157257690233,3951.887801147228,68864.0,2764251360.0,107734.0,-0.4475316809792317
2018-10-10,4016.1738418105247,4044.901524280865,4052.770006461772,3969.889707538669,81389.0,3301618040.0,108707.0,-0.28941606073605725
2018-10-11,4004.51909710854,4058.126010586469,4094.551124009037,3986.995893396694,142256.0,5833618190.0,113919.0,0.2221405818435328
2018-10-12,4058.3754662790498,4072.074901341752,4079.464922762916,4042.64986078314,67744.0,2780988580.0,114030.0,-0.5207256767168125
2018-10-15,4097.160321673681,4151.970478524095,4159.892286355293,4093.1695073607743,128099.0,5366206740.0,118761.0,0.07569033226731116
2018-10-16,4157.161119102295,4109.515205027892,4158.357584475232,4096.077579319283,87837.0,3671652140.0,110424.0,-0.22884467734874828
2018-10-17,4119.267285712998,4199.929980518186,4209.627552483437,4112.774882690419,145176.0,6144473520.0,130378.0,0.10750887587002447
2018-10-18,4197.259181741934,4179.000048788421,4201.371070876199,4161.983161172779,100672.0,4264870530.0,122980.0,-0.20015403308951102
2018-10-19,4187.013804626416,4170.144308312656,4196.731174772086,4123.1774808006285,110488.0,4668481680.0,116064.0,-0.04923484532486437
2018-10-22,4169.772181228999,4146.617776786174,4170.889549150543,4131.427344236892,79349.0,3346511890.0,116534.0,-0.38432723142215314
2018-10-23,4145.362798064985,4154.938334287397,4176.657010922072,4136.162337884251,69325.0,2931550010.0,120537.0,-0.5531511682393627
2018-10-24,4135.1773654634735,4098.633464876239,4141.222147254785,4090.0981125629855,108721.0,4528974320.0,110737.0,-0.018373052805407776
2018-10-25,4110.169148505955,4122.920769237543,4139.484379941666,4100.815897551112,71979.0,3006730170.0,113567.0,-0.45601856132165824
2018-10-26,4123.666610936098,4249.660595507028,4254.26585247239,4122.944509952306,154141.0,6538101200.0,127488.0,0.1898455254153919
2018-10-29,4246.07274590164,4224.901115614492,4268.891957681864,4218.226011783404,101930.0,4370576870.0,121637.0,-0.1767548963848848
2018-10-30,4228.41251884134,4241.862330780912,4284.210092479335,4209.165305281528,118507.0,5094893690.0,123804.0,-0.04372763934576141
2018-10-31,4244.327875092118,4202.933303449048,4252.761286978775,4181.802131343633,114397.0,4892376620.0,116003.0,-0.013941198015288083
2018-11-01,4203.981894162369,4197.638831609115,4235.024382251871,4182.082165247974,101622.0,4343626900.0,114448.0,-0.11886052422898873
2018-11-02,4159.551579318863,4206.373779749181,4208.885582776016,4145.400725486225,122778.0,5204520470.0,112272.0,0.08945334805881401
2018-11-05,4201.839436744454,4129.576571257193,4209.539458885002,4123.459902867163,115567.0,4878645520.0,106698.0,0.07984803436717414
2018-11-06,4143.464917039227,4143.522818772783,4162.813220111073,4130.032869565218,91933.0,3853405910.0,105067.0,-0.13353819103070436
2018-11-07,4126.856757793765,4163.715457018549,4163.937923582213,4095.393157626516,112324.0,4695780350.0,105499.0,0.06268607798078982
2018-11-08,4159.129710076494,4184.723187836826,4190.798533172326,4139.347463937997,108830.0,4601592910.0,112076.0,-0.02939018089020239
2018-11-09,4187.516177503534,4207.699785789557,4226.261576001864,4173.223872906076,101495.0,4343058220.0,115774.0,-0.1316304787014648
2018-11-12,4199.002518913491,4123.698715793108,4202.259023942663,4121.452008106952,106552.0,4498546080.0,110029.0,-0.03211083851136373
2018-11-13,4119.263280825638,4125.045996269172,4141.653052060829,4101.9464912435415,80404.0,3379724490.0,115792.0,-0.36473155193262213
2018-11-14,4126.187793263748,4187.976998615962,4207.9956836824085,4100.15910020806,150077.0,6413384310.0,121384.0,0.21218942149616588
2018-11-15,4184.788218573636,4159.008392271864,4186.956651571019,4138.984260088929,91471.0,3900225280.0,115940.0,-0.23705083375688357
2018-11-16,4160.4806114101175,4153.597706753498,4192.708336175729,4133.623851071182,95045.0,4074207030.0,114859.0,-0.18935482548904575
2018-11-19,4133.768486114737,4127.892068479978,4165.204644903555,4111.879850088183,93265.0,3965266740.0,116472.0,-0.22220599727449877
2018-11-20,4125.231495497344,4191.08657793819,4198.77000481642,4112.564304197331,134199.0,5753470560.0,132990.0,0.009049835519917856
2018-11-21,4157.728989994509,4060.413105041091,4222.918018151016,4055.653754527163,279225.0,11883716000.0,122533.0,0.8236375269653727
2018-11-22,4045.479189686924,4052.624287824436,4073.000128943869,4036.692375690608,91547.0,3817902770.0,123214.0,-0.29707017940202846
2018-11-23,4038.04673901625,4040.607903845674,4071.226158124752,4015.710386614192,104026.0,4348694330.0,120473.0,-0.14678479353746415
2018-11-26,4040.6309657588577,3974.8531139443294,4046.948732310835,3947.0492572819785,164151.0,6697684160.0,119848.0,0.31456246270299926
2018-11-27,3983.9914632007153,3966.104557777457,3989.9872532723,3956.9227976304223,68572.0,2800382040.0,117667.0,-0.5399743129771298
2018-11-28,3947.7093010419417,3943.563982011448,3952.6724727152464,3885.990070418969,131140.0,5235012640.0,107624.0,0.19762178365223163
2018-11-29,3944.032860392275,3903.826887258628,3951.720217924475,3898.687554474977,73670.0,2937281810.0,105232.0,-0.3565717758642729
2018-11-30,3891.4528691045,3942.052343561732,3952.404319624067,3885.8788022139183,75417.0,3020298490.0,99592.0,-0.2780491262878239
2018-12-03,3929.215865751335,3903.253140895998,3966.30347570108,3901.838338338338,82892.0,3305499200.0,97902.0,-0.1664284226617472
2018-12-04,3897.11738997555,3867.150690018568,3899.269325590872,3854.1760482088007,68486.0,2688401120.0,99635.0,-0.3748841636667605
2018-12-05,3865.512590054208,3864.878596241204,3893.6995014916,3839.793072737238,78866.0,3121158230.0,101043.0,-0.24779595905778884
2018-12-06,3865.195728301737,3830.17453352232,3884.05272660536,3825.7203544484782,70374.0,2756238890.0,103006.0,-0.38096336219279053
2018-12-07,3827.594118558398,3829.348415358986,3850.137495626093,3814.090332513508,60138.0,2383351420.0,97246.0,-0.4806019292764659
2018-12-10,3795.7086882980257,3751.948009163524,3798.798974813836,3746.8442026453713,64582.0,2474259780.0,98652.0,-0.42366277176705464
2018-12-11,3735.080818014985,3750.5538171223575,3758.925324047205,3724.800967314937,68701.0,2589847730.0,96447.0,-0.3392298795058031
2018-12-12,3751.684069542016,3753.763828830757,3773.910247858081,3746.77499712045,58892.0,2174510460.0,93428.0,-0.46148582817206824
2018-12-13,3750.611693561289,3729.554246183727,3758.2723840402728,3722.4894197733047,48232.0,1778244690.0,91647.0,-0.6419215393386434
2018-12-14,3737.5791077044014,3674.234336241553,3744.7380219252273,3672.753239671542,61238.0,2203924300.0,93528.0,-0.4234929448415388
2018-12-17,3667.642619904525,3678.862100068977,3689.2340740895374,3662.018262011812,43874.0,1562469740.0,94235.0,-0.7644697729650953
2018-12-18,3681.2704996678726,3666.9635541175503,3690.5916557360506,3664.849988858052,61949.0,2194775030.0,97048.0,-0.44889423557379143
2018-12-19,3664.731967897139,3658.677912224203,3675.372491479525,3649.84800593429,41955.0,1500559940.0,95949.0,-0.8272191849825247
2018-12-20,3660.753584964437,3655.693715324962,3669.12144769892,3633.7969575596553,57726.0,2038032810.0,97873.0,-0.5279630412676721
2018-12-21,3659.587744698206,3650.876743421401,3673.704908939632,3645.686506147864,50664.0,1811481290.0,94283.0,-0.621085298457862
2018-12-24,3641.549012370417,3658.056774165936,3664.020253057066,3607.970921934093,69972.0,2472963340.0,93458.0,-0.28941697548607737
2018-12-25,3651.8874032900176,3648.0773399123286,3672.353155134495,3637.611999397447,77777.0,2769806790.0,90794.0,-0.1547474464715757
2018-12-26,3651.983504181575,3603.012153230716,3654.7103697083294,3601.0760093217964,58325.0,2068033010.0,91992.0,-0.45567079883887
2018-12-27,3605.896344855421,3598.498588571365,3624.8270596319776,3583.77298401251,48578.0,1717462280.0,88917.0,-0.6045325968141003
2018-12-28,3600.200477674868,3568.882228768381,3607.909003078167,3565.40966723173,40007.0,1437512220.0,83849.0,-0.7399631233364417
2019-01-02,3555.2547586108203,3496.073530331131,3565.416334140896,3489.2980222330425,82892.0,2858780570.0,95974.0,-0.14653876577729122
2019-01-03,3502.569927336037,3488.367339994432,3515.369624541263,3485.1658694645894,38826.0,1333446620.0,96981.0,-0.9154249577252733
2019-01-04,3489.281724998453,3523.6395803332657,3527.960425486876,3488.1512467259263,52210.0,1801813700.0,92359.0,-0.570409109807298
2019-01-07,3541.4276934122354,3592.033896433697,3594.997791763277,3523.739302566956,64833.0,2253251080.0,90570.0,-0.33430829939785767
2019-01-08,3600.0097381423466,3596.109685128228,3615.625523996696,3582.087095564721,80289.0,2834836490.0,90386.0,-0.11845676288045598
2019-01-09,3595.8116397085646,3599.2110771572807,3609.849794035261,3581.8104953997804,42013.0,1479434270.0,89337.0,-0.7544366415762725
2019-01-10,3603.8257614523777,3607.648013227372,3615.5638698181433,3590.831073879865,55515.0,1961222580.0,93745.0,-0.523925075588685
2019-01-11,3600.6623578021604,3590.8983598436303,3607.3138921049,3573.7942976753043,53502.0,1882026890.0,92857.0,-0.5513416389908501
2019-01-14,3599.89921612542,3531.879858326928,3605.1166444138166,3528.297866594653,69666.0,2429193850.0,96278.0,-0.3235274460800336
2019-01-15,3536.164157579656,3531.929689586457,3547.1117337860223,3516.990795427605,43107.0,1495055220.0,97354.0,-0.8146684229135537
2019-01-16,3527.18017622046,3522.083961428711,3539.5640778765364,3505.412328753841,51081.0,1764819310.0,101630.0,-0.6879261590430584
2019-01-17,3521.6188321884206,3528.3391201900613,3540.469049370098,3517.7799379584835,42024.0,1449355610.0,102704.0,-0.8936101809177619
2019-01-18,3531.5641904651234,3503.6442193419,3539.375113052514,3498.6835969406698,64108.0,2207148110.0,107704.0,-0.5188175625456048
2019-01-21,3500.976030031979,3540.453411632595,3558.671872603419,3499.7305556842944,84613.0,2931936570.0,108643.0,-0.24997935845793312
2019-01-22,3537.863803422328,3450.767750675241,3544.308058415824,3449.7120673651825,133439.0,4553193000.0,119587.0,0.10960030462100336
2019-01-23,3451.246580385005,3449.1128267912623,3462.342998385459,3437.101049381188,62782.0,2121637940.0,120069.0,-0.648398169347125
2019-01-24,3444.9604880353427,3461.4700616719583,3467.805857919192,3426.3627927319,73211.0,2471812530.0,120314.0,-0.4967593090354322
2019-01-25,3457.866311491735,3438.253052845956,3462.1716614196807,3434.760659456523,56302.0,1901756200.0,123737.0,-0.7874282869321897
2019-01-28,3441.2258550902247,3441.0423860969104,3455.9131336994,3428.9694793110275,53094.0,1789097810.0,124404.0,-0.8514704066157072
2019-01-29,3438.26466610651,3456.4546057815937,3466.334019148833,3402.2360979444607,101428.0,3419693270.0,120555.0,-0.17275689317143045
2019-01-30,3450.755940524502,3452.749393549924,3471.591906507339,3447.88989105948,52298.0,1770247780.0,117487.0,-0.8093695597435807
2019-01-31,3452.401275884594,3427.1139751737246,3454.766752347747,3423.2569323039083,51951.0,1742437050.0,117859.0,-0.8191880280928525
2019-02-01,3424.0822708927885,3440.3675443500792,3443.025700416212,3417.2136251489565,48921.0,1637004310.0,112683.0,-0.8343718145746654
2019-02-11,3399.5938085154794,3477.4711354669007,3487.529165223415,3371.074191064523,93872.0,3159871270.0,114050.0,-0.1947047965468929
2019-02-12,3467.032662639607,3459.9751434669583,3476.507676474558,3451.8906179678024,53114.0,1798443410.0,120411.0,-0.8184703438462879
2019-02-13,3453.754534341242,3465.836223585437,3473.2055185537583,3437.264043775832,52217.0,1769394940.0,122423.0,-0.852074148554816
2019-02-14,3466.835784751905,3484.6259564330026,3495.6731905225583,3456.945973733885,70615.0,2414513290.0,122983.0,-0.5548035479172033
2019-02-15,3489.080888737412,3538.741154700222,3544.9075326690427,3482.1877390885884,101450.0,3504530330.0,121590.0,-0.1810886630365031
2019-02-18,3541.150337452317,3534.139872457717,3548.89897438359,3519.494380215788,65326.0,2279575040.0,122626.0,-0.6297489534316922
2019-02-19,3539.310150345256,3519.059264658245,3546.125781569802,3506.659729813838,62009.0,2130971690.0,123480.0,-0.688799663833425
2019-02-20,3515.956941279154,3504.2363001773465,3524.94128512258,3500.195834033798,48333.0,1655660470.0,123487.0,-0.9380213301926229
2019-02-21,3503.6982796932703,3547.6474427361145,3556.22448600446,3501.775552089984,82559.0,2839894690.0,127480.0,-0.4344463002923396
2019-02-22,3552.817982971917,3552.2823062881603,3568.4728285077954,3544.869117133884,56685.0,1964176300.0,127096.0,-0.8074330809481604
2019-02-25,3540.878154696219,3548.172903731051,3567.109518276598,3524.8110794439626,59452.0,2055383060.0,125139.0,-0.7442558552016163
2019-02-26,3552.472885532592,3508.846021137705,3559.1166108776683,3498.987556783024,92090.0,3123460330.0,128680.0,-0.33456234263754997
2019-02-27,3509.4371786307925,3520.410872553201,3532.0411983275544,3506.210895872493,43039.0,1471116630.0,126594.0,-1.0788784338391786
2019-02-28,3527.441952111478,3561.409654633638,3561.5820285797986,3520.94796492194,70900.0,2427421750.0,122884.0,-0.549970387414806
2019-03-01,3567.2226109881526,3548.775786741472,3575.3404097773728,3541.7637972595794,48370.0,1658587180.0,124056.0,-0.941853289726956
2019-03-04,3544.1977567076865,3579.6816868861924,3608.448479787436,3536.485640508372,102509.0,3566801940.0,128094.0,-0.22281376979635292
2019-03-05,3584.8481517312403,3597.08703382876,3598.598765994954,3574.716206094839,59900.0,2081137790.0,131604.0,-0.7871209084446685
2019-03-06,3604.393392893616,3646.680077808153,3667.296735087478,3600.3840200921395,124121.0,4403723510.0,133148.0,-0.07020439522670346
2019-03-07,3645.771734953015,3645.601064571615,3674.911813828372,3640.738656044337,71383.0,2527608840.0,129066.0,-0.5922641556734437
2019-03-08,3639.287422360248,3640.876793487024,3643.361841044657,3612.670893088435,52223.0,1833285030.0,124060.0,-0.8652423086709741
2019-03-11,3673.38648498017,3687.092073632829,3706.334036044318,3668.223746973512,91595.0,3252524170.0,122717.0,-0.2925042063896279
2019-03-12,3699.04551306446,3688.971043221085,3702.823882820661,3669.819373525163,58417.0,2073779340.0,126119.0,-0.7696189623244724
2019-03-13,3690.5869657381527,3662.829779623323,3703.676365292215,3658.7265662794,87134.0,3089014600.0,128598.0,-0.38924409598089726
2019-03-14,3667.263279230609,3669.309695014152,3675.848916004937,3648.932683979276,53319.0,1891279990.0,126137.0,-0.8610758774085736
2019-03-15,3665.041915407088,3692.466950343222,3694.30201918831,3659.8653311736784,51635.0,1833063660.0,124555.0,-0.8805476482993254
2019-03-18,3717.264203314776,3732.293894631999,3740.0625918706464,3689.079590640496,106411.0,3801620710.0,124497.0,-0.1569726642064084
2019-03-19,3729.4474335089294,3696.73830342812,3729.9004159707056,3693.6902060956063,64901.0,2328000220.0,125229.0,-0.657281029325193
2019-03-20,3689.735458621965,3701.8106165286217,3702.5646641602425,3681.929370449541,47588.0,1701079270.0,125201.0,-0.9673398172402682
2019-03-21,3705.284895081472,3712.1921766943983,3715.946317796147,3700.529286715465,52033.0,1864976170.0,125369.0,-0.879383256023383
2019-03-22,3716.01012878136,3710.1191467048425,3724.7140099044864,3695.6660585569152,72646.0,2582664750.0,120146.0,-0.5031093399087502
2019-03-25,3709.828623230592,3721.699852495152,3727.165591010352,3707.540611121277,48913.0,1755993760.0,120674.0,-0.9030494849716043
2019-03-26,3726.686609875663,3674.913050017547,3728.640557735217,3662.930087748765,103620.0,3712576320.0,119678.0,-0.14407444146994425
2019-03-27,3680.919833534115,3700.736089030207,3702.586886069807,3678.6153003715153,44310.0,1571034950.0,115107.0,-0.9546517453483262
2019-03-28,3707.431452872766,3709.382991299208,3712.9356274952265,3686.1705724066287,47741.0,1712678120.0,115047.0,-0.8795501730356607
2019-03-29,3713.8360576046666,3693.321094199487,3714.612366426792,3679.33417064248,68890.0,2441337600.0,114714.0,-0.5099310446232174
2019-04-01,3697.82693517386,3769.0796328476586,3771.033328877601,3690.993962956491,78681.0,2850807090.0,112215.0,-0.3550149708421687
2019-04-02,3773.810116034784,3783.100357973868,3784.891166594693,3765.904914255329,45342.0,1680104270.0,111740.0,-0.9019409887643649
2019-04-03,3781.0825934797904,3810.430008031007,3811.8202451202906,3777.7796023046026,46029.0,1710998170.0,114556.0,-0.9117921537704551
2019-04-04,3815.429633343128,3882.021218972843,3882.8304387076473,3812.175428284958,67386.0,2578280830.0,120741.0,-0.5832104743844287
2019-04-08,3915.80119922026,3929.957786825884,3951.862075763311,3905.285992689869,87453.0,3400603390.0,124274.0,-0.35138729908415034
2019-04-09,3940.041758860683,3960.4450071728047,4012.375613827955,3924.828764533129,97130.0,3938145030.0,126171.0,-0.26158784230837906
2019-04-10,3958.301168141593,3986.4504057816944,3988.5431286839657,3952.681202500373,52851.0,2151959000.0,126053.0,-0.8692258198169321
2019-04-11,3995.447791685328,3993.797696178582,4027.4019913545326,3963.5580196302576,93133.0,3832774420.0,125791.0,-0.3005932205264348
2019-04-12,3990.2709597100966,4041.938579204204,4042.553076514014,3985.1537926070064,60952.0,2503510900.0,127872.0,-0.740943094415325
2019-04-15,4075.6367213729136,4078.1066129177625,4089.602249992061,4059.34321779852,87125.0,3558989060.0,122049.0,-0.33707873436133967
2019-04-16,4083.96547333366,4066.974357710757,4091.667273235165,4057.0129521454014,65897.0,2709170470.0,121752.0,-0.6138932719807495
2019-04-17,4062.488565727565,4068.245664575247,4086.430439617107,4059.148009163841,48489.0,2000948880.0,122883.0,-0.9298957150680623
2019-04-18,4066.6294167713695,4108.988087741393,4116.22649770965,4057.18363772018,90879.0,3814753250.0,133392.0,-0.3837632102770824
2019-04-19,4115.708651911469,4159.174486204956,4169.460988024356,4109.472104567004,136695.0,5747946420.0,142080.0,-0.03863811262766012
2019-04-22,4174.902674591383,4122.063769596778,4188.540428782687,4113.524572055487,102720.0,4294235050.0,131144.0,-0.24428911618250418
2019-04-23,4125.707128858403,4159.448597305058,4162.410617774832,4122.076938388045,61887.0,2595185750.0,135810.0,-0.7859467086369963
2019-04-24,4157.226254786528,4145.499970352362,4168.460309485531,4137.8596936907925,65720.0,2768004250.0,134918.0,-0.7192638933153417
2019-04-25,4162.8560812502765,4142.728107323271,4166.200069230656,4132.1730259357455,53419.0,2241385480.0,132236.0,-0.90642171709549
2019-04-26,4131.198511185006,4100.68569676153,4135.513097037485,4072.767295990991,94364.0,3927976420.0,122280.0,-0.259153852538048
2019-04-29,4094.738280680732,4082.514903447756,4102.371740463435,4082.008412224092,52428.0,2166653300.0,119469.0,-0.8236161237346342
2019-04-30,4076.039212236965,4172.90157055604,4174.711160466408,4074.434542956709,96646.0,4054632240.0,126070.0,-0.2657824898912196
2019-05-06,4183.749719362775,4202.819072744906,4222.591185976654,4161.127965924951,101750.0,4346500650.0,128875.0,-0.23632411801441958
2019-05-07,4197.099200407514,4244.1589599229565,4247.48309533424,4192.762368983256,84088.0,3590176340.0,134990.0,-0.4733368320996824
2019-05-08,4248.159381729716,4233.273353078312,4253.72505590459,4221.458292203161,79033.0,3380356640.0,136406.0,-0.545770245947037
2019-05-09,4253.934519361228,4241.187662945625,4283.228765050792,4232.122798357442,110242.0,4735523870.0,138850.0,-0.23071626441690507
2019-05-10,4242.033115648391,4213.452332685365,4242.034440274327,4193.05251995111,94873.0,4034368650.0,144040.0,-0.417551883655981
2019-05-13,4212.03757460475,4230.9031661952295,4247.729475083144,4206.846159147611,76741.0,3285261920.0,149896.0,-0.6695056045484952
2019-05-14,4221.756795795133,4240.919445520226,4257.336018957346,4206.401148746578,101004.0,4330231320.0,149762.0,-0.3938872473235241
2019-05-15,4254.991363847738,4264.743091476171,4274.1682077650985,4228.963659961065,96067.0,4138201520.0,155822.0,-0.48366846543922604
2019-05-16,4269.455657414264,4306.41818719914,4354.468575564561,4259.068173334261,173158.0,7523135110.0,165567.0,0.04482852576466055
2019-05-17,4310.398314142005,4247.681452163231,4332.8400441032345,4232.12123207582,116585.0,5044591460.0,161194.0,-0.32398798783518634
2019-05-20,4239.525474655175,4200.985009191583,4256.824906447988,4187.356874535123,117063.0,5003035690.0,158297.0,-0.3017607639313835
2019-05-21,4206.171625046613,4239.554617117116,4246.011976446524,4203.293485763589,97231.0,4162999190.0,163392.0,-0.5190626309588476
2019-05-22,4226.972406153997,4207.425474617912,4233.596257834025,4164.941158592567,130744.0,5567452310.0,156705.0,-0.1811238441668241
2019-05-23,4202.008294884081,4191.408615165085,4224.051314017228,4184.777827343554,72281.0,3082176530.0,156979.0,-0.7755507377260293
2019-05-24,4191.652304047688,4269.44339848329,4282.099600571444,4176.31289609989,156377.0,6745452740.0,167204.0,-0.06694486533594401
2019-05-27,4251.880331634015,4252.748210265512,4284.537654993151,4239.549207027286,91421.0,3948454060.0,167902.0,-0.6079052644955829
2019-05-28,4244.784707219674,4280.584653222421,4287.122103782007,4231.654888639451,108746.0,4689349000.0,169143.0,-0.4417296232997375
2019-05-29,4287.461336305508,4344.804529114874,4466.949707670844,4282.835472517159,341395.0,15179511820.0,165242.0,0.7256290986138665
2019-05-30,4327.815664677058,4326.939331407346,4359.729019266686,4300.480114284266,123142.0,5400876500.0,155072.0,-0.23055136416675007
2019-05-31,4348.189069072926,4394.6980156664295,4413.579256268469,4342.723202291899,168647.0,7470451210.0,165194.0,0.02068723221572768
2019-06-03,4403.335799644803,4403.508904117504,4431.231277702038,4379.462896740731,142102.0,6328251930.0,173066.0,-0.19712791503486385
2019-06-04,4401.927040160479,4360.040445894908,4435.989245596846,4351.324728040266,164898.0,7343761160.0,163626.0,0.007743765182324349
2019-06-05,4357.658998638559,4345.648292603781,4367.693042850854,4334.176815023816,93542.0,4133345130.0,160244.0,-0.5382871203057217
2019-06-06,4332.579596071293,4327.53381107905,4344.474060048018,4283.331925376198,143424.0,6292985430.0,157685.0,-0.0947940939552419
2019-06-10,4338.9355138048495,4312.298927460812,4400.045145421263,4307.059090505712,107704.0,4749646880.0,157570.0,-0.3804830802970205
2019-06-11,4325.395044782917,4366.382099772395,4370.911427337147,4310.462368884944,103962.0,4578482600.0,155093.0,-0.3999994892344495
2019-06-12,4363.835195278776,4364.3251595650745,4393.261823003227,4342.546259590793,111049.0,4915786540.0,158556.0,-0.3561362978729125
2019-06-13,4376.114680598553,4424.461939971253,4429.117884630499,4370.973588897878,112752.0,5028747990.0,164188.0,-0.375821396155275
2019-06-14,4437.331599872103,4418.21585351491,4447.326771536825,4405.003211685923,96399.0,4313724810.0,161327.0,-0.5149375329609182
2019-06-17,4381.228400783899,4411.703016517533,4412.553362408201,4374.105793245908,74600.0,3301807310.0,159588.0,-0.7604549870093114
2019-06-18,4416.418486953914,4377.3034829410935,4420.827726681996,4360.599162761874,89650.0,3980795930.0,154582.0,-0.5448114998282677
2019-06-19,4377.284259545526,4411.916147052834,4414.260466507176,4365.282797444223,79983.0,3558162180.0,157168.0,-0.6755011848399562
2019-06-20,4409.728861398412,4447.317998351811,4449.951893015271,4397.796964743447,83185.0,3725488320.0,166243.0,-0.6923835302746479
2019-06-21,4439.488352095059,4340.282569111074,4444.894495357676,4332.504846437624,134157.0,5933053110.0,151025.0,-0.11843463011944108
2019-06-24,4340.998390803076,4266.444494069123,4360.166498662428,4260.386593204775,161258.0,7036543760.0,152254.0,0.05745538802544319
2019-06-25,4260.509601512526,4252.45814983663,4279.019657573502,4244.860012606889,99770.0,4289028530.0,154862.0,-0.43966686084063433
2019-06-26,4267.280438230893,4287.7003267889095,4293.940670624097,4265.894873392114,72874.0,3149477980.0,154228.0,-0.7497001045561409
2019-06-27,4295.3056963466615,4223.91529183603,4314.09108632364,4212.31494430815,155649.0,6721419650.0,150564.0,0.03321522923068029
2019-06-28,4208.840662265758,4284.664601051924,4290.360738865264,4202.56288596678,105372.0,4544003660.0,142976.0,-0.30517983784082203
2019-07-01,4287.443479726881,4344.444977168951,4360.984308904123,4274.716638066888,127281.0,5580512150.0,140160.0,-0.09638738649551035
2019-07-02,4334.829365672439,4377.81627048411,4385.388692115965,4328.4383500224185,91007.0,4049789850.0,143831.0,-0.4577025726087203
2019-07-03,4384.271297110532,4362.740928941676,4392.14534589845,4350.134921761466,77908.0,3469745020.0,147006.0,-0.63494475890465
2019-07-04,4365.921410811432,4367.655688089728,4383.412013725464,4342.498333443556,91638.0,4086543600.0,151659.0,-0.5037885467382611
2019-07-05,4373.897612374267,4434.829171073465,4435.957596913915,4366.957706754701,134053.0,6007926220.0,163573.0,-0.19902412973316935
2019-07-08,4451.814519495448,4450.8532409458985,4485.188488978322,4425.8721866064725,172830.0,7862449700.0,173761.0,-0.005372339381065586
2019-07-09,4472.703733221717,4549.870369060895,4566.345601421934,4459.70767801751,215359.0,9916599650.0,183845.0,0.15821339176406982
2019-07-10,4546.54850762551,4519.276657176545,4547.870077236926,4501.235822072635,138864.0,6401902220.0,173865.0,-0.22478409910692906
2019-07-11,4537.297058602966,4512.8619955246095,4560.177485620378,4477.099472323867,154381.0,7112760910.0,176074.0,-0.13148078819363845
2019-07-12,4522.19078525959,4445.608868012927,4541.969050229249,4432.143077441197,183612.0,8463080660.0,166486.0,0.097913613726527
2019-07-15,4432.049596585663,4513.66867847212,4520.482409668948,4429.708996199633,141813.0,6470763050.0,170825.0,-0.18613035235071415
2019-07-16,4513.296164436417,4536.661085603157,4558.6079449018,4495.08915655623,152575.0,6993807430.0,173802.0,-0.13026044181438443
2019-07-17,4539.062776745359,4512.612359486253,4544.874425909082,4498.604463659077,110098.0,5029528930.0,174716.0,-0.4617909202622058
2019-07-18,4516.447145811141,4641.400916968963,4648.37443810469,4504.87944068018,238771.0,11096656420.0,198480.0,0.18481659422438917
2019-07-19,4633.186691525458,4620.557341931373,4742.869361256742,4592.482348157186,380938.0,18021763370.0,182057.0,0.7383168073687713
2019-07-22,4580.045406772423,4577.766906948061,4614.711999403306,4558.360280326116,167452.0,7841358850.0,182425.0,-0.08564238661895764
2019-07-23,4559.2166538165,4577.236477638864,4613.612681802909,4554.286511045816,128970.0,6022499320.0,184047.0,-0.35561134059738475
2019-07-24,4584.364405813468,4575.212957657319,4603.470110156197,4521.311047402285,161468.0,7496600700.0,183243.0,-0.1265061602406586
2019-07-25,4594.777424197918,4563.640425005113,4601.160019365297,4551.88375482759,107931.0,5048727140.0,185786.0,-0.5431033396434044
2019-07-26,4537.082846717308,4428.678808969215,4539.562175702273,4417.536909957027,258540.0,11829262730.0,178165.0,0.37234033363951585
2019-07-29,4288.298973549151,4316.360179542386,4352.765305603724,4270.313394619593,215929.0,9436013310.0,164418.0,0.2725376842658718
2019-07-30,4322.406319222999,4304.891536795876,4353.124288481421,4286.068744970644,168653.0,7412031230.0,163945.0,0.028312343945616842
2019-07-31,4325.679301694007,4328.51660551322,4354.29241820215,4311.057173930408,98909.0,4366435100.0,159435.0,-0.47743608015420674
2019-08-01,4333.725682180968,4262.200195509586,4352.07344580052,4261.924041372351,159890.0,6978990560.0,158560.0,0.008353008215651192
2019-08-02,4262.272795950744,4280.339355852318,4301.688668614874,4231.119665984364,108029.0,4699960260.0,159125.0,-0.3872903472794775
2019-08-05,4267.356960540193,4165.713679664678,4289.996101829754,4161.354509081672,181611.0,7793596480.0,157460.0,0.14269557926364532
2019-08-06,4181.603942572531,4277.668275158087,4279.362752376282,4181.173357420471,146017.0,6237417140.0,150866.0,-0.03266897232253492
2019-08-07,4294.884858948379,4243.675178073605,4317.957824498721,4230.402421527575,137064.0,5908986920.0,153167.0,-0.1110808593731561
2019-08-08,4251.426268917308,4141.825244305819,4276.365243528005,4128.164113949311,193119.0,8220888740.0,159022.0,0.19426402177964322
2019-08-09,4140.964188514358,4133.32899605743,4169.2569198340025,4101.918717667842,155123.0,6483016230.0,148634.0,0.04273144234742384
2019-08-12,4132.881330514633,4097.550384549541,4153.334732237853,4083.756613092511,152110.0,6345465340.0,157717.0,-0.03619834445491045
2019-08-13,4096.304528024905,4085.936694256658,4118.803180261146,4062.322101071632,135021.0,5594485750.0,154283.0,-0.13335825641913387
2019-08-14,4089.601317462905,4085.500937145271,4112.280197200893,4073.538855607549,119428.0,4957628320.0,151524.0,-0.23803034891559713
2019-08-15,4091.816391854474,4133.062998150864,4150.895390070922,4077.9645481834177,174986.0,7331774560.0,156830.0,0.10954355457701008
2019-08-16,4149.074290745078,4144.701029179657,4162.8564073774,4125.727323671005,110788.0,4666615770.0,153326.0,-0.3249479083855051
2019-08-19,4173.018326453838,4090.37002928062,4182.697678823345,4087.4542931430647,154271.0,6451913220.0,164614.0,-0.06489254315949396
2019-08-20,4079.4788390316407,4073.7089865466673,4098.215980242104,4068.7491738879257,101995.0,4218112040.0,171779.0,-0.5212849744467423
2019-08-21,4071.6225795176506,4142.6400886428,4151.872141415966,4067.316655015728,174816.0,7289992360.0,157486.0,0.10439742678735973
2019-08-22,4149.2961037138175,4142.630759786682,4160.021422293602,4125.12486241745,95679.0,4021138450.0,156386.0,-0.49132847139540387
2019-08-23,4151.614862014751,4274.364896185419,4276.438532110092,4144.934171002006,275213.0,11822344110.0,165680.0,0.5074871262282562
2019-08-26,4298.280513983555,4324.65927614354,4361.607675764895,4296.413618502438,187368.0,8230382830.0,162325.0,0.14347409909154907
2019-08-27,4325.243106490504,4262.002737067357,4329.034017023831,4252.487252228568,153781.0,6681603300.0,160756.0,-0.04435817508095308
2019-08-28,4238.644736680391,4261.98643437863,4353.139692068256,4234.915713144473,272038.0,11921657410.0,172200.0,0.45728517042676187
2019-08-29,4246.52289617832,4258.167795089322,4286.542985355306,4238.199153930603,124717.0,5396539950.0,171626.0,-0.31927052014858676
2019-08-30,4245.651744629685,4292.192817642747,4302.76426491087,4240.484721483571,154692.0,6698188880.0,165099.0,-0.06510925072358019
2019-09-02,4314.098918918918,4301.217348302435,4339.2407082927175,4263.849849053044,155344.0,6780946430.0,169861.0,-0.08933844290796913
2019-09-03,4310.788459294185,4361.300208826847,4388.765943787677,4281.920665916655,287054.0,12713596880.0,185321.0,0.43758089476556294
2019-09-04,4353.705689471342,4343.103055188024,4395.59614877897,4319.173855086992,178192.0,7905481140.0,182902.0,-0.02608886962341374
2019-09-05,4362.544033796675,4351.0961972223295,4380.219451819089,4333.435966429624,159972.0,7106522400.0,183103.0,-0.13505003611605057
2019-09-06,4358.469794858676,4271.8230135650665,4402.139213468368,4271.58792351864,264830.0,11686693470.0,176409.0,0.4062829480176821
2019-09-09,4270.808391568821,4270.732019765918,4296.738471665842,4243.690669269939,157599.0,6849455960.0,176263.0,-0.11192336561159191
2019-09-10,4271.404342172216,4250.144915411266,4278.110253589306,4229.752058172553,150209.0,6513253170.0,178097.0,-0.1703006880429259
2019-09-11,4248.892837337486,4259.895186118108,4279.183792274995,4242.165727930488,118314.0,5141534880.0,178650.0,-0.4120864772918149
2019-09-12,4262.066337025537,4318.321936554695,4328.92102637129,4246.6119363482985,181823.0,7975662790.0,181952.0,-0.0007092296359415404
2019-09-16,4373.101053037822,4486.721581096877,4503.046059112151,4355.375384361506,325702.0,14660042620.0,207881.0,0.44901705228728855
2019-09-17,4518.791213110354,4479.382343679604,4539.790695445025,4455.404650561695,205689.0,9338910320.0,206419.0,-0.0035427643410460906
2019-09-18,4480.026105443816,4446.537975178344,4484.795138554101,4436.995927520544,175781.0,7960113650.0,204660.0,-0.15211116360894864
2019-09-19,4443.051241714194,4473.626760530329,4481.806263656227,4430.449448605554,165435.0,7525646370.0,213075.0,-0.25306584798214143
2019-09-20,4485.693847004848,4476.18920657974,4505.324142034388,4454.663250997246,217024.0,9895635850.0,217577.0,-0.0025448643627191685
2019-09-23,4442.052187052575,4384.152256575537,4445.204079824272,4371.499528639472,200754.0,8981260410.0,196714.0,0.020329380669102767
2019-09-24,4376.664644520964,4384.134392713776,4403.684550197832,4369.16366736686,112145.0,5005816990.0,198292.0,-0.5699480149723885
2019-09-25,4375.580532767252,4305.391380889055,4379.320231254627,4302.26685412817,190468.0,8395460710.0,183476.0,0.03740033270397184
2019-09-26,4309.279791870061,4318.946330832881,4333.297233166925,4285.676849691558,136867.0,6014655840.0,178501.0,-0.2655845520708378
2019-09-27,4315.923218029349,4335.344902583724,4360.478449999727,4303.970214996209,146949.0,6485487210.0,175638.0,-0.17833947089483268
2019-09-30,4277.154618392936,4249.688111774248,4285.42674561257,4203.710852327589,186137.0,8019022340.0,159679.0,0.15331741170793464
2019-10-08,4292.321333151073,4329.517056784731,4345.102964804672,4267.058844122528,158664.0,6962097290.0,168496.0,-0.060123251938854635
2019-10-09,4337.851904197798,4300.181967119205,4341.318083721368,4286.755328463854,103954.0,4559660980.0,174570.0,-0.518377313734524
2019-10-10,4301.00684947093,4372.468810797987,4378.819091556165,4291.391472294915,142927.0,6315447150.0,189665.0,-0.28292534766810457
2019-10-11,4364.9969862567,4340.91745779458,4401.936652874161,4330.093850485488,205340.0,9136352440.0,186232.0,0.09767393357681255
2019-10-14,4370.447014797524,4331.968516376411,4379.527228729897,4314.849281555641,132867.0,5887589400.0,186732.0,-0.34032580593720285
2019-10-15,4339.151591365649,4351.420834135906,4362.757245381765,4295.366491109565,182441.0,8080161250.0,197282.0,-0.07820734415715905
2019-10-16,4359.9959035924685,4344.049361958288,4384.3674092250285,4325.781388975335,142531.0,6325565320.0,192699.0,-0.30156986608413927
2019-10-17,4329.345180663582,4355.386975889132,4365.119170309831,4313.64019853677,154805.0,6850632750.0,198002.0,-0.24611087127801803
2019-10-18,4363.247158663443,4356.255189230481,4385.655787720531,4344.142365564029,131923.0,5887548970.0,197669.0,-0.40437549559647573
2019-10-21,4452.821004893542,4551.671908971998,4562.616310652392,4443.027803083479,310633.0,14151787380.0,228589.0,0.306686519828586
2019-10-22,4592.75202881913,4527.161381836969,4596.141087051185,4514.592777580119,257616.0,11946947510.0,212905.0,0.1906240472746007
2019-10-23,4528.713789438692,4496.614449111723,4613.817064046397,4484.959164006788,395683.0,18558148450.0,204497.0,0.6600600801801131
2019-10-24,4498.85178434429,4508.56050887528,4541.450666150857,4491.307524121406,189791.0,8844134400.0,206416.0,-0.0839700832663277
2019-10-25,4506.524273581121,4601.472772558445,4631.063167630443,4501.005384998381,325465.0,15237736560.0,228850.0,0.3521881618858228
2019-10-28,4667.083553044031,4718.127122295959,4757.3123280952295,4656.109493219742,488458.0,23249456040.0,255266.0,0.6489473515807496
2019-10-29,4706.802913750616,4729.594027502715,4738.493679444851,4679.617258819168,320303.0,15091886580.0,250448.0,0.24601610864455217
2019-10-30,4728.36563312615,4712.663387073584,4760.0174160566985,4688.517556482392,278631.0,13357838060.0,257349.0,0.07945518546197629
2019-10-31,4681.585241889452,4624.729833567406,4701.598966805637,4622.870058275624,305350.0,14529443380.0,247788.0,0.20888511779680663
2019-11-01,4599.6692622801065,4769.752041299544,4773.425533823149,4595.701544794978,414417.0,19629440910.0,278744.0,0.39657891539087686
2019-11-04,4751.696969477086,4670.020690480734,4756.529298441021,4663.143281219078,375925.0,17687271780.0,267321.0,0.34093947193755686
2019-11-05,4665.61686079212,4633.171210364971,4686.703061860882,4621.236355271262,294548.0,13882759740.0,262268.0,0.11607509620801264
2019-11-06,4634.117938553021,4558.966720405342,4677.305837025905,4557.938725570836,372901.0,17381075950.0,243152.0,0.42762620667402773
2019-11-07,4565.971403777016,4575.9278531757645,4608.119491980693,4554.55604777057,250451.0,11607650090.0,239470.0,0.04483514456376455
2019-11-08,4584.664842869664,4556.921227510711,4604.323187397908,4536.208384153779,277816.0,12803191620.0,235501.0,0.16524386432210295
2019-11-11,4502.3149034141,4378.266564758459,4504.8538715668565,4371.721094602763,407933.0,18279368940.0,213918.0,0.6455101812125409
2019-11-12,4368.133042280484,4386.478236150058,4407.194165555499,4359.837023559157,183583.0,8173357100.0,207546.0,-0.12268612054202631
2019-11-13,4386.426733909702,4348.427445506384,4402.87962358727,4341.0187568468245,207501.0,9229853450.0,210621.0,-0.01492415089212142
2019-11-14,4335.272942253775,4365.005043624999,4393.245120427618,4329.265305062826,185152.0,8260030850.0,212149.0,-0.13611174863754957
2019-11-15,4327.135837498591,4307.431811330709,4348.32053185163,4285.921382691562,244975.0,10764122850.0,212308.0,0.14311811399791113
2019-11-18,4165.262443503227,4259.931715330004,4269.43260982762,4150.3737930773095,263414.0,11305975290.0,213679.0,0.20925205010211367
2019-11-19,4274.813987342957,4262.9555002348525,4290.904760380465,4246.534633636439,187072.0,8109535300.0,212900.0,-0.12932900241065307
2019-11-20,4257.42074621054,4228.407143190408,4296.328412914506,4226.724830868287,226777.0,9806506300.0,214330.0,0.056450272427375166
2019-11-21,4206.7588788421735,4159.600638272972,4236.063729120936,4144.19138165978,257337.0,10956077530.0,222162.0,0.14697966448109043
2019-11-22,4162.713404858246,4186.640193524377,4212.673692660138,4139.981320208099,241111.0,10239241920.0,214960.0,0.1148054440614508
2019-11-25,4171.938955737697,4175.433623740438,4192.901399536779,4153.174842432638,149138.0,6329041320.0,218429.0,-0.38158896713139007
2019-11-26,4199.281019217524,4212.152777265179,4225.034368794834,4182.012614720831,201487.0,8680355140.0,216760.0,-0.07306588752146308
2019-11-27,4226.563632498578,4130.852437843074,4237.143453285949,4127.674573039297,246252.0,10479740870.0,238469.0,0.03211607900187791
2019-11-28,4132.051432512067,4138.070695338787,4155.538929324084,4105.791813409255,212792.0,8993443920.0,234188.0,-0.09580904881713796
2019-11-29,4138.251882368448,4141.508956143051,4169.398083928594,4124.858935647839,174723.0,7337582120.0,227330.0,-0.26320084357245277
2019-12-02,4173.709544530442,4255.330250467988,4265.145095355972,4168.90395727075,314891.0,13394876270.0,224899.0,0.33657513466204886
2019-12-03,4268.505475171462,4240.122116897919,4273.12271457479,4213.478849483484,230678.0,9764280770.0,221116.0,0.04233534799990525
2019-12-04,4230.733288688938,4226.402372138569,4254.215406758772,4219.640474364114,170871.0,7214672940.0,227727.0,-0.2872386572696191
2019-12-05,4220.079147267827,4179.674261302954,4230.997812983877,4177.20334671337,200172.0,8387772950.0,235956.0,-0.16446835000550153
2019-12-06,4181.662806856988,4183.44013501778,4218.399979169705,4172.849222560852,196200.0,8195076510.0,244116.0,-0.21850897502655237
2019-12-09,4176.643866530987,3998.150438747749,4180.994665835084,3997.282986550178,410796.0,16537008040.0,260970.0,0.4536912827210936
2019-12-10,3992.979053526857,3950.477861904204,3998.9495378593774,3928.318786707308,277351.0,10910558460.0,247379.0,0.11436227847257567
2019-12-11,3948.4477637818136,3919.5913701968425,3980.6037393196575,3905.486772227705,250007.0,9821258270.0,259751.0,-0.03823456235730277
2019-12-12,3922.232097628368,3917.688608169674,3947.889337506994,3916.810718463338,176231.0,6909152550.0,259888.0,-0.38845513451409214
2019-12-13,3902.888655687476,3836.921127470129,3911.403860407895,3829.6760715219098,305701.0,11769386789.999998,273923.0,0.10976045507612757
2019-12-16,3816.281227624458,3798.7456315716654,3837.9444297164105,3793.7603125909823,231030.0,8767396700.0,289120.0,-0.22429425462464989
2019-12-17,3801.488809248953,3782.170316476234,3829.48591477435,3774.915671061293,274587.0,10350043290.0,292755.0,-0.06406793112581657
2019-12-18,3767.155740295758,3795.8150611449255,3806.415184213418,3737.5510065357694,256236.0,9634094820.0,285224.0,-0.10717594165847799
2019-12-19,3787.283524662986,3779.172004208832,3802.128046346467,3747.2113761752007,247368.0,9237044090.000002,283214.0,-0.13532568922334118
2019-12-20,3789.004536150121,3718.117187500001,3824.221900475725,3714.434142114385,312350.0,11710769880.0,295424.0,0.055712741374108525
2019-12-23,3728.176912274572,3667.1956927188207,3732.3009447147047,3660.343102594267,317686.0,11602909210.0,323313.0,-0.01755742067905121
2019-12-24,3668.5160531290576,3673.7407866659846,3713.4707016524367,3614.745243265,585932.0,21415741620.0,332263.0,0.5672769178969207
2019-12-25,3667.1804546254248,3640.6070060357342,3684.171950637684,3636.147359266798,308234.0,11292315760.0,366484.0,-0.17309562938960354
2019-12-26,3630.54350569851,3621.4749682869738,3650.3232024371982,3617.487107611493,297089.0,10750163860.0,382335.0,-0.25226543043738325
2019-12-27,3615.383884613079,3549.1363853932667,3632.619299411968,3546.5849885655384,385362.0,13825714850.0,394859.0,-0.02434558688894601
2019-12-30,3530.2270531889603,3510.9429919216072,3552.6260437265137,3485.866173796824,458130.0,15993794329.999998,411468.0,0.10742173381690867
2019-12-31,3525.570623857516,3550.069853164712,3556.8933340207245,3510.272034802039,391857.0,13523749830.0,394728.0,-0.0072999427891997275
2020-01-02,3578.751974602786,3496.034721859307,3595.224749264009,3492.1383933449565,418911.0,14670859720.0,420974.0,-0.00491258719694107
2020-01-03,3496.2429004361697,3457.0806411414687,3513.578765506693,3454.6531778916124,431696.0,14723763740.0,449386.0,-0.04016056979326369
2020-01-06,3482.4868846374466,3446.132811116821,3505.0324227679075,3411.5178700988,502913.0,17149092009.999998,463154.0,0.08235758073981636
2020-01-07,3453.370458338268,3516.547892151571,3517.869148091398,3429.131357525716,615207.0,20876555260.0,444624.0,0.32472981536044326
2020-01-08,3503.462832462432,3481.966805918903,3531.945764111798,3478.324077322632,460904.0,15743165020.0,463667.0,-0.005976843801369518
2020-01-09,3454.315984363589,3379.19339670036,3458.930696701918,3374.382848410297,539345.0,18213660790.0,497630.0,0.08049861136366661
2020-01-10,3370.8428606358925,3378.675857254506,3416.242987764834,3358.666812620633,469597.0,15541974550.0,491336.0,-0.04525333139704866
2020-01-13,3388.074521852365,3415.9908915286287,3437.0798958435103,3359.260614194732,564627.0,18854711070.0,486580.0,0.1487640081585287
2020-01-14,3424.750963649871,3396.4114883378184,3431.193251994852,3389.2803959771472,381926.0,12782374780.0,491246.0,-0.25171814809320914
2020-01-15,3380.2434817139515,3407.3906824782684,3434.868806840233,3369.097600557568,399400.0,13423604050.0,493393.0,-0.21134259574091085
2020-01-16,3410.270526420467,3482.84860929582,3529.485700032164,3409.3040733201688,759197.0,25931980690.0,436110.0,0.5543667906536435
2020-01-17,3483.7445078508285,3493.864862438126,3523.5792679074293,3472.278617391036,418240.0,14402452020.0,434350.0,-0.03779523027007239
2020-01-20,3497.992953737642,3582.699967675898,3601.465718503305,3452.7204790815344,710702.0,24823810770.0,371240.0,0.649404460228615
2020-01-21,3581.9889325953263,3562.2055039567185,3593.4997580440336,3545.5455401470085,349818.0,12214805600.0,366718.0,-0.04718014108269502
2020-01-22,3510.302522019474,3456.4215492693083,3528.4626675419886,3421.9992596357843,507348.0,17333997940.0,345905.0,0.3830329877820235
2020-01-23,3430.894307166294,3469.5417082624226,3493.158361910127,3426.1671976350385,329945.0,11218134430.0,315537.0,0.04465002463024947
2020-02-03,3254.796079407793,3267.128455994623,3272.5573137846445,3242.67601171408,138312.0,4973164590.0,322881.0,-0.8477718314838404
2020-02-04,3111.755244374391,3326.2265537895087,3332.7051800800355,3061.3805711466503,652542.0,21088145780.0,308536.0,0.7490369747250643
2020-02-05,3331.926728879112,3384.623097423918,3434.193580016913,3323.4690990056265,749316.0,25146156120.0,349329.0,0.7631466188495453
2020-02-06,3393.067384440278,3450.949638963494,3459.528889345423,3379.8632477181063,545836.0,18372062890.0,358551.0,0.42024765498955646
2020-02-07,3434.836390840852,3435.405995444887,3466.879462820973,3415.3353682661927,710588.0,23954995610.0,392965.0,0.5923722469275648
2020-02-10,3404.6369677915395,3494.5147080426445,3508.434921388005,3395.457213979584,726109.0,24978255460.0,415249.0,0.5588218009936343
2020-02-11,3493.405727449751,3479.920111341428,3522.95432775024,3445.3897431938294,674833.0,23072092910.0,422125.0,0.46916377414912913
2020-02-12,3473.198441502235,3410.7568335604124,3489.333860270272,3389.986221429004,704810.0,23982254840.0,436705.0,0.47867035300992117
2020-02-13,3398.859527917762,3411.446551378635,3429.72617666268,3358.310545318042,810326.0,26953231740.0,454109.0,0.5790993785027707
2020-02-14,3428.3527341879944,3444.4322944916776,3444.820451827503,3382.987576109602,619069.0,20590703970.0,459069.0,0.29901621102536036
2020-02-17,3447.022284575922,3510.494801266864,3524.819029786129,3419.778742772417,901751.0,30423864020.0,448667.0,0.6980574642595057
2020-02-18,3506.605188749553,3513.19607804246,3537.5652035637463,3479.368881714802,689133.0,23391258160.0,453753.0,0.4178812886393731
2020-02-19,3524.9761812317724,3602.55799906701,3611.104059160888,3521.2317537687886,1044360.0,35951611720.0,452309.0,0.8367939620060035
2020-02-20,3609.490413594101,3630.17772949588,3657.288341415077,3585.2359433093543,1218458.0,42318471060.0,417916.0,1.070060948469853
2020-02-21,3636.449003209296,3694.605082023495,3696.650178739914,3619.1067941689416,955973.0,33710685680.0,416527.0,0.8307783845385853
2020-02-24,3693.9680130423367,3673.619069450408,3719.79958382135,3653.945714091629,1028807.0,36240729700.0,412251.0,0.9145227703544342
2020-02-25,3655.6679176399375,3675.2003812494577,3678.9270853900207,3619.600558481195,1165752.0,40496517270.0,403935.0,1.0598676773929894
2020-02-26,3670.4421935904593,3666.156954030231,3700.563307083966,3646.225127173784,877798.0,30591102510.0,404679.0,0.7743223385818377
2020-02-27,3656.952848002324,3537.508993917849,3666.401009854824,3533.913291155608,1020339.0,34721703970.0,425343.0,0.8749943017513963
2020-02-28,3505.639505974248,3457.514559371248,3530.407482730222,3432.6204005646173,1033776.0,34353954210.0,389852.0,0.9752062172496233
2020-03-02,3487.5986531616995,3647.409545926916,3650.837447774172,3485.458638423306,1121713.0,38446271560.0,377208.0,1.089815500693455
2020-03-03,3680.335268113522,3633.793402435975,3716.7433874301096,3593.988196542028,970985.0,33501669760.0,375866.0,0.949078323288577
2020-03-04,3651.540773403343,3656.268937188101,3661.179967576778,3572.153112897653,974623.0,33366601280.0,382937.0,0.9341802447674274
2020-03-05,3660.759373549037,3615.557023722532,3673.027654489586,3610.012726111727,807365.0,27841056040.0,398229.0,0.7067486417546465
2020-03-06,3590.745518266297,3577.509689995504,3606.4216434960135,3541.8534449806484,840443.0,28434692270.0,398091.0,0.7472485114076384
2020-03-09,3533.465261695229,3606.0173730343367,3631.594725171296,3497.823552316142,808954.0,27694261320.0,368387.0,0.7866080390927002
2020-03-10,3621.4224330036727,3579.2302045664583,3638.3390379215216,3572.502565706441,507948.0,17452730670.0,360323.0,0.34337822872527446
2020-03-11,3578.002979667344,3483.4895712016937,3588.325991646419,3482.3832085507565,624570.0,21160186620.0,396690.0,0.45390829371895075
2020-03-12,3471.4189535411188,3434.76284829563,3496.615534182401,3383.821379230521,663251.0,21729125500.0,391083.0,0.528233687071022
2020-03-13,3420.511494002181,3446.9397257338164,3463.6523977715665,3347.415548183752,626688.0,20310331300.0,363953.0,0.5434240707088407
2020-03-16,3456.2681945820937,3454.68800582579,3495.496222300691,3422.094501007315,485868.0,16059070630.0,362526.0,0.29284078621031334
2020-03-17,3447.4885419840984,3450.613771231784,3479.4534537358427,3418.010454697671,369021.0,12066600860.0,359779.0,0.02536359893595723
2020-03-18,3453.43323706151,3348.833763715098,3476.4536969564147,3323.643934109986,603356.0,19440706130.0,376410.0,0.47182842910711764
2020-03-19,3348.2515046234435,3374.9351020323666,3376.960970142853,3273.600606423078,606235.0,19321394870.0,338177.0,0.5836982726220569
2020-03-20,3372.9567739278787,3277.414162272229,3392.480798870521,3262.792752929616,581275.0,18409530250.0,383060.0,0.41703233185480315
2020-03-23,3257.27380512756,3275.9277981588243,3301.4517600226886,3219.829874888363,534139.0,16898953670.000002,377802.0,0.3462858558539495
2020-03-24,3305.2617587786585,3282.2467245343064,3315.7583296360244,3256.3033535997533,388285.0,12389092899.999998,385823.0,0.006360890989963733
2020-03-25,3290.562900795549,3252.4294210013995,3297.158808660012,3219.690390442687,448713.0,14071202860.0,422229.0,0.06083566426872064
2020-03-26,3221.5692423049,3308.178399326768,3323.62772567038,3207.3801224782324,625014.0,19935157490.0,412339.0,0.41592822292914533
2020-03-27,3302.252279591266,3237.863041176671,3330.3901134616967,3233.4778533899625,577055.0,18317147590.0,439205.0,0.2729713081236198
2020-03-30,3250.908789941514,3228.376370748292,3292.3150699394164,3216.550033069647,557928.0,17661157950.0,455317.0,0.2032360421352898
2020-03-31,3250.481455660903,3283.7714447189824,3291.624712005361,3243.339829053019,476991.0,15088523760.0,428194.0,0.10792125887225795
2020-04-01,3299.107380488342,3276.3688670034985,3318.9962651727355,3252.7793690987323,472746.0,15285773130.0,420981.0,0.1159705443484618
2020-04-02,3280.325871850333,3306.1455780259585,3316.987343283583,3230.42645413353,511650.0,16766805870.0,397560.0,0.2522949314329597
2020-04-03,3307.810201854198,3382.368747219049,3383.805542600128,3283.1528491471413,657936.0,21148878080.0,373074.0,0.5673308707693835
2020-04-07,3464.730801753272,3543.213050701452,3578.44539882711,3445.066892710502,813689.0,28414832160.0,325040.0,0.9176299774360046
2020-04-08,3549.3986674417006,3552.6835044988325,3579.100579713774,3523.528485621246,453094.0,15579495520.0,304968.0,0.3958927564051625
2020-04-09,3567.107296460192,3643.260069676276,3659.863949958045,3563.0371620656947,711640.0,24571743610.0,302542.0,0.8553520547582658
2020-04-10,3636.65535113762,3629.826303916167,3641.729489281695,3598.8159750138134,442173.0,15496163560.0,288573.0,0.4267531213449042
2020-04-13,3702.375152552384,3610.3334449828144,3717.010695567709,3601.62975275374,533621.0,18991396570.0,262727.0,0.7085703789040676
2020-04-14,3611.46125489273,3588.979003129555,3624.954089413572,3573.4500415136813,385114.0,13231677780.0,270326.0,0.35391075627812113
2020-04-15,3583.579269257519,3641.7753188508937,3659.2220749536286,3570.5316508548544,485902.0,16690895260.0,265563.0,0.6041548568074425
2020-04-16,3639.703287174501,3573.458545504445,3649.881855681343,3562.125801457594,475997.0,16551212590.000002,269633.0,0.5683497765822724
2020-04-17,3578.535170416016,3630.561035658344,3633.8308487212953,3573.476866320724,434093.0,15105769640.0,271325.0,0.46994143252670767
2020-04-20,3614.3275925919,3526.927174291459,3620.813376027292,3509.0220445115565,540484.0,18384099300.0,281494.0,0.6523539014555632
2020-04-21,3514.658683700792,3531.7266223756087,3543.16925577582,3487.27618142198,408429.0,13823487440.0,274397.0,0.39774212973703255
2020-04-22,3505.55664979992,3471.585798966553,3520.153159977963,3461.105409760836,402963.0,13351944760.0,276163.0,0.3778534752136358
2020-04-23,3443.442217807064,3509.733436670408,3523.344254359882,3440.0062141764693,466655.0,15443176050.0,280635.0,0.5085353340172435
2020-04-24,3478.210165955159,3496.738937043796,3520.132543911047,3467.6003444265366,493716.0,16467409070.0,280576.0,0.5651158200794407
2020-04-27,3495.3025934455272,3464.307318771274,3497.667606731621,3445.768441429461,377426.0,12589764710.0,284392.0,0.2830209548450805
2020-04-28,3441.709646824087,3444.601139173837,3466.3762080160027,3408.0722661365608,385825.0,12512814280.0,286699.0,0.2969510138701695
2020-04-29,3431.739369581964,3447.318733329111,3451.9921815018083,3401.5435894724324,359955.0,11568534250.0,284178.0,0.23637822124478886
2020-04-30,3427.941830450457,3556.0628371587004,3557.6179175497573,3424.7136659512084,431581.0,14435216960.0,265639.0,0.4853169660000268
2020-05-06,3412.850943481097,3373.916238301485,3440.938473514476,3355.7263539262326,548828.0,18150510730.0,301534.0,0.5989023162231984
2020-05-07,3383.0920721684192,3374.964318630261,3403.810567801477,3350.825606920488,354562.0,11316422920.0,315739.0,0.1159673019614691
2020-05-08,3380.857977570744,3347.5138838940934,3389.2516980117366,3335.9892759223058,408617.0,13069089050.0,339242.0,0.1860645699928637
2020-05-11,3396.201673256998,3355.968647146378,3403.664175076415,3337.9475815144374,444005.0,14392326170.0,333909.0,0.2849673228658293
2020-05-12,3330.2762255803195,3249.914125084948,3334.051110821166,3232.1928604107675,607777.0,18762721020.0,388472.0,0.4475869432331798
2020-05-13,3236.246303379658,3222.4408253017227,3248.145810407955,3192.7837765230424,589317.0,18666456790.0,417932.0,0.3436454993481005
2020-05-14,3210.018727543368,3271.0768476469884,3282.0197610635564,3207.578902330576,594863.0,18419211760.0,373245.0,0.46609608645041745
2020-05-15,3288.170284778063,3305.9628188368347,3309.415871848942,3267.801896862661,419634.0,12988528280.0,361823.0,0.14822776081701708
2020-05-18,3263.682532029205,3304.368891187197,3306.743976920146,3231.4571924676766,455469.0,14025852520.0,367420.0,0.214822049423102
2020-05-19,3306.501255011188,3356.509478760371,3402.691377257748,3302.971149731965,561353.0,18068244750.0,352525.0,0.46522839942658883
2020-05-20,3332.878828813617,3365.371588275392,3377.9832867432024,3320.093912172278,448712.0,14027855950.0,366750.0,0.20170083952813406
2020-05-21,3378.272760899586,3418.0634076498263,3421.3263619008662,3348.82422795851,505109.0,15989145300.0,352008.0,0.36112034495651096
2020-05-22,3424.0562257259703,3429.146880199275,3455.38222591076,3407.4419668433384,482935.0,15416689390.0,317953.0,0.41797849591238206
2020-05-25,3411.1998480076804,3385.511541098278,3433.427525998971,3371.2518368438723,454944.0,14395610910.0,344248.0,0.2788120065926998
2020-05-26,3390.639139702397,3454.7234378669173,3456.3811699262887,3375.611079339554,524469.0,16054867330.0,327901.0,0.469674588624933
2020-05-27,3453.964487763534,3476.024910421649,3477.9492342571307,3441.5822817755925,332214.0,10231495680.0,320669.0,0.03536990109996787
2020-05-28,3482.271354564074,3565.3319341758524,3566.528884768847,3454.1223922567865,839810.0,26544916330.0,308519.0,1.0013922459966538
2020-05-29,3575.963549838729,3769.702251281349,3770.4759012694544,3569.3401961133204,599093.0,19606226180.0,277442.0,0.7698049424966091
2020-06-01,3788.947681586901,3782.898713982908,3825.6563476920815,3756.795480193397,413705.0,14686048220.0,267026.0,0.4378071275105788
2020-06-02,3775.242702690685,3651.169655327628,3777.081005876381,3635.366293117481,631009.0,21976496620.0,302142.0,0.736423019972373
2020-06-03,3655.6822206837433,3647.810444428069,3668.276270068901,3631.696633408312,364325.0,12523001120.0,312109.0,0.154693840647556
2020-06-04,3639.847527503234,3611.643028450505,3657.324140245775,3588.626413872645,522033.0,17642229410.0,340240.0,0.428079553329867
2020-06-05,3608.033696954852,3652.742097720334,3661.2586742664375,3583.551876665628,578559.0,20071959840.0,337023.0,0.5403893520514124
2020-06-08,3614.1025628167386,3558.1980841592026,3628.3121928484193,3536.0005647642806,647557.0,21502696460.0,377380.0,0.5399541832276645
2020-06-09,3542.588410158448,3577.175800861307,3578.524640425742,3500.5056796538024,751100.0,24958652230.0,394981.0,0.6427011362135701
2020-06-10,3552.850297177752,3522.73515776413,3565.4274869661963,3512.2285542679483,683617.0,22193183740.0,415874.0,0.49701548950921526
2020-06-11,3527.5637330415543,3501.261649985177,3542.4399137202963,3458.755573502787,1255133.0,43037725060.0,425022.0,1.082855889755879
2020-06-12,3488.595389886678,3473.9393751817142,3531.5686373318217,3460.489779183916,968844.0,32848362440.0,426492.0,0.8205099987895641
2020-06-15,3493.263661853357,3478.713661453541,3505.977774662367,3428.4752716970083,875216.0,29909500230.0,439148.0,0.689634226936038
2020-06-16,3484.1302779661014,3496.170549965878,3527.5731822113385,3464.1163358469857,850931.0,29839933460.000004,467429.0,0.5990835786677248
2020-06-17,3480.591664387381,3431.245681335892,3483.8675363996617,3419.4650362757425,1052200.0,35927496960.0,499981.0,0.7440683915965335
2020-06-18,3460.955477777129,3582.044592493986,3613.543474713396,3436.6006410936207,1699059.0,60013254520.0,474766.0,1.2750077963056903
2020-06-19,3579.3074766197515,3586.331270020954,3614.219622042941,3553.315673428115,900821.0,32333464670.0,456709.0,0.679260143137163
2020-06-22,3622.280369957085,3586.1461669032046,3649.3284878631966,3570.6655676322216,991315.0,35984029030.0,460111.0,0.7675645798479285
2020-06-23,3589.5083328462865,3706.081007935082,3707.532644310013,3570.579537186829,1243012.0,44376722830.0,450783.0,1.0143066748087772
2020-06-24,3692.323385226896,3697.384647713901,3707.4224784590906,3671.079160576776,818047.0,29744176040.0,440182.0,0.6197315144128529
2020-06-29,3665.1474331406,3704.988102722721,3737.215891181744,3656.955632618604,829196.0,30603861170.0,435814.0,0.6432410098008821
2020-06-30,3700.28261077093,3751.210365818628,3752.060979729341,3680.421876038146,689688.0,25109565590.0,435161.0,0.46052324386123705
2020-07-01,3760.997664656634,3807.5361838268745,3814.48763415248,3758.430685998503,669955.0,25475884740.0,437281.0,0.42663453690889813
2020-07-02,3809.7048336606495,3824.9434984696127,3849.494004713058,3805.231166357576,659273.0,25085044360.000004,439758.0,0.404913137148445
2020-07-03,3826.798809064718,3809.4964781963977,3832.586670749133,3802.755226173105,522977.0,19970938220.0,436992.0,0.17962259775058845
2020-07-06,3804.7297898172887,3821.860595948965,3837.899441586616,3784.297333878869,617492.0,23489050400.0,439937.0,0.33903457810999255
2020-07-07,3826.572266610645,3871.512708946946,3882.024196909987,3826.29186599593,629834.0,24396854850.0,418288.0,0.4092861021101205
2020-07-08,3880.482864758671,3882.0532694858302,3889.153866694641,3854.129915020644,411387.0,15951747010.0,419959.0,-0.02062271016178702
2020-07-09,3896.574273463555,3826.70355241365,3906.684623630301,3811.011622726998,788848.0,30467634400.0,438941.0,0.586208645676181
2020-07-10,3822.898216551004,3828.16349006324,3841.356525817401,3800.478886989944,557979.0,21365305890.0,432485.0,0.25477368357494484
2020-07-13,3839.354076914138,3902.5719284775646,3904.960687761159,3831.3238054479207,573356.0,22280563370.0,406362.0,0.3442624272861283
2020-07-14,3900.989760097236,3874.954888636733,3942.537326052239,3849.804746707714,760020.0,29860271190.0,386887.0,0.675212087995179
2020-07-15,3880.369906650928,3902.370462294297,3913.094935093575,3857.0783322536186,481571.0,18946224630.0,392434.0,0.20468530601777163
2020-07-16,3912.314430759835,3881.976200293623,3919.006331110998,3870.889375108506,441261.0,17386747260.0,380761.0,0.14746465540929957
2020-07-17,3887.699178861895,3870.071981459402,3911.4603110665785,3862.729571725594,442285.0,17413406150.0,373235.0,0.16974622259602332
2020-07-20,3889.884579052701,3984.417834853209,3995.747801805056,3882.8507938625744,654361.0,26096391920.0,391918.0,0.5126065527005368
2020-07-21,4014.7297772492616,4054.601263166034,4072.442176097668,3994.220054852721,661906.0,26830710640.0,362106.0,0.6031865652546085
2020-07-22,4043.483274118459,4021.932147742818,4074.6766862765407,4009.8421505187007,552258.0,22521681390.0,317985.0,0.5520111165318246
2020-07-23,4050.073504171221,4084.272616669468,4088.083114895305,4042.783970452562,483897.0,20006499170.0,321378.0,0.4092540737204008
2020-07-24,4084.933026264331,4119.67387291365,4141.689726069523,4081.864196457947,531441.0,22164614760.0,311489.0,0.5342281604327952
2020-07-27,4207.959742594445,4060.062105231447,4239.490202573413,4054.981131443912,723883.0,30459777560.0,298751.0,0.8850193265962746
2020-07-28,4081.442154560513,4004.935230714897,4087.254853424097,4003.493056016791,492567.0,20203579399.999996,294476.0,0.5144329862555007
2020-07-29,4009.708858615761,3984.106749304309,4033.082887753486,3981.955543383071,384063.0,15631206680.0,295749.0,0.2612954800123175
2020-07-30,4008.892337640905,4002.898578994248,4081.676550061351,3991.832905236012,622962.0,25700321690.0,289654.0,0.7657984145248888
2020-07-31,4021.759028743585,4017.577500478807,4043.015185764595,3995.259538721405,381413.0,15606938040.0,271508.0,0.339891172665727
2020-08-03,3997.7419171510287,3956.44901244505,4000.09207491466,3940.891610744104,456754.0,18363749150.0,274567.0,0.5089496414331759
2020-08-04,3950.502864198604,3958.438341543812,3985.289105676108,3937.71746782433,312791.0,12578882650.0,275461.0,0.12708917810496095
2020-08-05,3955.660015754064,3938.1802242327294,3974.407068946126,3936.150864532724,271638.0,10866139600.0,274447.0,-0.010287866450762117
2020-08-06,3941.9799049775897,3857.836123887945,3953.151446965208,3849.37208786105,500226.0,19716774330.0,283934.0,0.5663181795137094
2020-08-07,3839.189504148447,3821.667696742621,3847.890840829437,3736.278176544497,615708.0,23607416110.0,265029.0,0.8429335712126375
2020-08-10,3731.150692263115,3748.11387611838,3791.5765967501534,3709.6693414734073,465854.0,17624973060.0,310829.0,0.40462935858052074
2020-08-11,3739.951791682464,3681.148295160237,3764.116647406489,3673.2276268044216,540483.0,20125378190.0,355224.0,0.419714607822703
2020-08-12,3669.7557753660544,3715.034930995624,3749.991613647039,3645.283298068052,680906.0,25200314470.0,341645.0,0.6896520780572842
2020-08-13,3697.9001149174487,3682.852786638629,3730.2076567900735,3676.096168888265,457456.0,16905782850.0,364274.0,0.2277743735097189
2020-08-14,3675.97829317844,3650.741710500786,3693.844541179908,3649.080137363149,447338.0,16385105230.0,376229.0,0.17311646044792214
2020-08-17,3696.223089251536,3742.1821225199305,3755.539754563871,3689.302006514551,574334.0,21309056880.0,333660.0,0.5430885981977243
2020-08-18,3758.771417193638,3718.692578450231,3768.180194260802,3708.5190459883006,394726.0,14712859390.0,348310.0,0.12509896547284882
2020-08-19,3725.2652651300727,3749.688678673391,3750.862775210224,3681.043894558385,467291.0,17298095930.0,346417.0,0.2993089382480698
2020-08-20,3747.1607689891375,3654.2092045383056,3752.6256956031816,3651.800093848961,564371.0,20780189870.0,381464.0,0.3916953547393051
2020-08-21,3650.235558414876,3629.3550881171377,3657.8453020444585,3613.201554511686,464094.0,16783898390.0,409228.0,0.12581465998137276
2020-08-24,3651.9288819663134,3633.6561835802713,3665.0614815829103,3624.074344612201,393996.0,14236970560.0,421091.0,-0.06650820538176686
2020-08-25,3649.429459846156,3623.4021949360495,3653.235464388756,3611.841362622373,339832.0,12256538170.0,453954.0,-0.2895444934752708
2020-08-26,3632.3125958432215,3661.0242457175978,3673.065609474049,3592.880099779413,704334.0,25378467580.0,443501.0,0.4625526189305084
2020-08-27,3647.378196299313,3630.8951621978713,3668.473115706071,3622.835184621732,485206.0,17566187860.0,479846.0,0.0111083239374826
2020-08-28,3614.7871594081166,3601.927620269403,3628.254189720608,3593.049878315869,565342.0,20226334640.0,506675.0,0.1095610853495348
2020-08-31,3562.5747299195978,3582.8264070348764,3598.4836798075685,3538.9497404523904,525171.0,18646714980.0,502866.0,0.04340019082588074
2020-09-01,3588.154658263774,3583.850233427833,3605.060334684403,3576.081728414724,345061.0,12301753620.0,496299.0,-0.3634573546847937
2020-09-02,3585.8465446318805,3490.792557279864,3590.578954422252,3488.941259768186,629236.0,22019264400.0,552943.0,0.12925146299035714
2020-09-03,3492.0768790959064,3434.241317476758,3500.637086881159,3422.855110317947,640322.0,22113954500.0,553209.0,0.14623530619002953
2020-09-04,3440.300381222364,3442.831152876904,3483.900301259296,3422.9104816870145,621737.0,21333044219.999996,538878.0,0.14302797353395683
2020-09-07,3442.327664636098,3471.808678547084,3486.9980924148435,3425.0727593373144,547791.0,18781603750.000004,513450.0,0.06474117369593173
2020-09-08,3481.778181316214,3554.28879836105,3570.260708425222,3472.227197273148,736944.0,25650323420.0,465664.0,0.45904756156910526
2020-09-09,3542.995328773429,3482.833733859621,3556.96930633326,3478.6455276095653,601804.0,20952639530.0,481866.0,0.22226574379996838
2020-09-10,3495.401913985118,3517.015526632624,3528.713194150854,3491.7771494837525,407898.0,14089161460.0,464299.0,-0.12951159809472051
2020-09-11,3528.748341410472,3503.6855354230047,3541.008033008284,3487.931520996751,508908.0,17550844420.0,476343.0,0.0661290706843427
2020-09-14,3507.4124405894777,3495.3604435256075,3546.358868893548,3488.9025345631453,510818.0,17666179930.000004,493861.0,0.03375926130264053
2020-09-15,3491.828106529728,3556.7224949990905,3565.728502978777,3467.678808652719,609196.0,21141203050.0,467415.0,0.26492254099527524
2020-09-16,3552.770868029542,3577.8027106869745,3588.4597085909827,3548.789879459488,476755.0,16867583820.0,452579.0,0.05204039856547118
2020-09-17,3577.09112707209,3527.336563012949,3599.7253137010766,3526.002427959146,705768.0,24899399600.0,438640.0,0.47560754049471093
2020-09-18,3531.249583525406,3550.5066999693872,3557.940884951828,3524.510255544247,375006.0,13144204560.0,431196.0,-0.13962071727150094
2020-09-21,3541.42036900539,3502.690576445624,3572.5783593135666,3486.796310904021,727399.0,25243068450.0,421306.0,0.5461157472759263
2020-09-22,3514.385675142088,3624.263492121878,3631.990675399352,3501.602476369651,757539.0,26818088630.0,380611.0,0.6882971650282182
2020-09-23,3606.716761339818,3612.603995437292,3626.5172693125296,3592.028411057361,439043.0,15664885720.0,358559.0,0.20250413704928336
2020-09-24,3615.662313163305,3624.118186407448,3650.8535404942895,3604.816755928511,426939.0,15326009550.0,340716.0,0.22559186017970234
2020-09-25,3642.433676363818,3675.566198795639,3698.1494169470993,3636.2865847743847,548663.0,19810452120.0,316184.0,0.5511600870694291
2020-09-28,3695.684751810263,3698.017164747359,3724.169526792636,3687.49886612398,388024.0,14152360190.0,298111.0,0.26360129300816587
2020-09-29,3695.159820909097,3712.648728177726,3713.461523258793,3666.926243855894,322714.0,11671661070.0,273230.0,0.16645255073355353
2020-09-30,3720.884506136056,3766.4349561631466,3767.83494934692,3693.348522386732,307103.0,11185433540.0,234734.0,0.26873023805295865
2020-10-09,3793.155178015665,3832.7886030691607,3844.244550752028,3768.360924393089,310687.0,11657872650.0,244171.0,0.24091717501355667
2020-10-12,3807.633515307824,3802.244019138755,3837.601626110199,3794.764987910862,334965.0,12543279719.999998,265430.0,0.2326748963196494
2020-10-13,3787.0545762814254,3779.649686517534,3796.604643873999,3746.6835578044,385096.0,14112275930.0,275773.0,0.33391459031428494
2020-10-14,3783.414242967418,3774.646312021768,3797.83900741631,3767.6504555623774,213927.0,7904609460.0,273795.0,-0.24674481585150493
2020-10-15,3762.822007477879,3729.178364802933,3773.097931090001,3703.413361481838,393533.0,14334597040.0,272750.0,0.3666093023980049
2020-10-16,3720.681407365481,3759.7138119921233,3762.320851464013,3710.856093775676,282550.0,10293198350.0,265074.0,0.06384649378831851
2020-10-19,3782.164929753474,3818.33132958765,3824.7864666272353,3771.714344681334,360327.0,13359061349.999998,257185.0,0.3372162822088946
2020-10-20,3818.326542518255,3809.325636214195,3830.567497028073,3805.641796539919,216870.0,8160295610.0,257932.0,-0.17339788861023528
2020-10-21,3797.358447875793,3829.869412604152,3836.22081611867,3792.45207357773,278480.0,10461228960.0,260676.0,0.06606798664038978
2020-10-22,3816.725773622659,3805.6460396601433,3824.494756186194,3798.395061407547,229078.0,8684388300.0,264346.0,-0.14319629419939348
2020-10-23,3804.171942897277,3876.097055307252,3894.585468360196,3791.823005592341,395048.0,15536570210.0,271845.0,0.37377522557870557
2020-10-26,3877.705676145398,3853.2694507641,3912.165895810868,3850.844299250096,296653.0,11708222920.0,264167.0,0.11598162666902667
2020-10-27,3853.16853302623,3862.391807218092,3870.7061093793855,3849.10279203426,183659.0,7209931790.0,267162.0,-0.37477443865321547
2020-10-28,3867.4297512911776,3895.2016648267377,3902.447510169002,3802.6542887852834,545249.0,21359303170.0,269938.0,0.7030502680591405
2020-10-29,3885.218159187244,3941.099680997069,3954.321941630123,3879.084221070967,419072.0,16794370670.0,269590.0,0.4411404565064637
2020-10-30,3946.3939062511545,3943.213054719519,3973.4841683366735,3914.5545341836896,320435.0,12867021760.0,249856.0,0.24879469576953606
2020-11-02,3945.3697729251744,3951.24555053261,3976.683528383616,3930.630062744106,256353.0,10353657110.0,256379.0,-0.00010141750474826998
2020-11-03,3956.50675751534,3876.5352148300753,3981.46631711137,3873.598074758888,452069.0,18115839060.0,272797.0,0.5051068942075291
2020-11-04,3880.021124076463,3881.7072143891023,3892.69983172296,3855.527884846808,331802.0,13131198660.0,272206.0,0.19797927287556966
2020-11-05,3883.7010656648345,3869.763562004899,3895.0483403489375,3858.748504148401,270180.0,10704630590.0,279236.0,-0.03296889886273721
2020-11-06,3878.211376973245,3858.301521478212,3901.197616465743,3850.67805394639,375704.0,14877074490.0,278282.0,0.30016661128039274
2020-11-09,3842.679201225368,3853.5467278989663,3881.129439943785,3833.547628378284,322056.0,12559005340.0,296140.0,0.08389312798619353
2020-11-10,3847.505006379693,3811.104130801138,3857.7584619004406,3809.518036893715,368847.0,14253166850.000002,330517.0,0.10972382872444761
2020-11-11,3825.620328453888,3825.300924979948,3842.062446835884,3798.7542166826006,331908.0,12757957140.0,327899.0,0.012152187945442372
2020-11-12,3825.974947273459,3787.604866240278,3831.7284461214,3774.477918765682,356056.0,13654327470.0,347414.0,0.02457086949020789
2020-11-13,3774.6112235801575,3734.957754549853,3784.9007879223577,3732.539062647821,346167.0,13139937060.0,369957.0,-0.06646546509353347
2020-11-16,3724.359569436693,3750.5191546714095,3756.452323820988,3716.65737990564,258792.0,9715634440.0,370980.0,-0.36012350255065145
2020-11-17,3746.3153415411502,3759.318436021096,3770.6257252075375,3722.8162397676942,328678.0,12413508010.0,376757.0,-0.1365218691955555
2020-11-18,3762.901140080243,3809.072912006652,3815.061671244647,3754.48609330907,332098.0,12615104820.000002,380006.0,-0.13475693598734143
2020-11-19,3805.774837799867,3772.2015699687145,3808.2400009471535,3762.039551307881,384395.0,14538468120.0,408161.0,-0.059991034682637216
2020-11-20,3767.5996702298407,3798.7908717526175,3809.0763991672097,3759.0587989882297,332769.0,12549553870.0,400515.0,-0.18530266342063062
2020-11-23,3776.891431849898,3737.778625971931,3784.493519833844,3734.579290680597,385146.0,14361523540.0,430457.0,-0.11122495184210099
2020-11-24,3735.035034496144,3727.6220183958735,3748.674129760136,3707.921784809928,396090.0,14591623550.000002,427161.0,-0.07551953318455366
2020-11-25,3726.111755792207,3714.415964821428,3752.352735488482,3711.897560122471,278049.0,10253081420.0,440268.0,-0.4595862752491666
2020-11-26,3716.291869878164,3722.60501753218,3736.500325978949,3703.597168426769,239149.0,8807753030.0,438622.0,-0.606551205683058
2020-11-27,3725.232288338477,3673.6050100761054,3735.041563122969,3668.327561346335,328930.0,12049626419.999998,457518.0,-0.3299712660338682
2020-11-30,3695.592779035229,3705.780308910276,3726.189302036279,3660.312820247176,487458.0,17927592880.000004,438056.0,0.10685737679517848
2020-12-01,3704.2797954817656,3668.335706044679,3727.368140882002,3665.808413117158,372458.0,13683472680.0,444639.0,-0.17713843719641562
2020-12-02,3672.0984362343625,3616.1356862797047,3679.89310593106,3612.348534698769,361061.0,13054203850.0,452964.0,-0.22676573299898095
2020-12-03,3613.038318232136,3636.3050101367385,3657.49945974285,3591.949496137966,399069.0,14353090830.0,463660.0,-0.15001719073712882
2020-12-04,3638.666192071168,3621.2445693647137,3646.716824371598,3616.17139504042,243838.0,8885999440.0,461272.0,-0.6374838203293545
2020-12-07,3653.166840231158,3663.2027675502914,3708.6991668648207,3645.952096960369,432940.0,16079526280.0,440534.0,-0.01738847714294074
2020-12-08,3672.411653506273,3673.017762468722,3679.353767330815,3655.794498363755,227310.0,8368881780.0,437214.0,-0.6541080531362138
2020-12-09,3675.370768073319,3625.805424000109,3703.072026949665,3619.739873790909,389034.0,14256920469.999998,439823.0,-0.12270562985370898
2020-12-10,3624.8899756778296,3824.303085794938,3861.618466675848,3609.855996575715,980772.0,36827850250.0,388263.0,0.9266570716020597
2020-12-11,3830.726076505234,3869.175498139739,3870.267486874901,3805.804793639909,435075.0,16419285780.0,358283.0,0.1941952531090116
2020-12-14,3888.447204313907,4046.346541197896,4056.691106404093,3888.4087665788734,729548.0,28712942580.0,364606.0,0.6936078457906097
2020-12-15,4044.425654549904,4028.067246583404,4061.13121448574,4002.071276914356,502938.0,20112758230.0,370398.0,0.3058887988757595
2020-12-16,4034.397192606483,4019.3817456618585,4041.958483128687,3958.036191624368,449635.0,17759441480.0,369052.0,0.19749858700339948
2020-12-17,4015.580950860828,4010.351431833653,4035.200446073135,3985.795349797616,348984.0,13825802590.0,368723.0,-0.05501960875501246
2020-12-18,4004.688066512134,3958.139401699002,4023.016145152402,3949.9339004611656,428598.0,17017348840.0,361624.0,0.16991441867607804
2020-12-21,3993.198341852812,4125.326526868697,4202.664744824669,3991.403327498074,679595.0,27834548990.000004,343448.0,0.6824613151227344
2020-12-22,4153.026166440952,4117.46957880585,4163.948727784539,4094.113413002485,384287.0,15838902139.999998,343642.0,0.11178925146272987
2020-12-23,4109.617130459937,4124.691663776159,4140.367503857218,4078.706570299568,342675.0,14067755030.0,345960.0,-0.009540685320866276
2020-12-24,4119.778950906709,4105.526103652925,4139.142232622363,4099.677597553587,285995.0,11739060210.0,346599.0,-0.19219416395756952
2020-12-25,4086.2878375694136,4098.157988602002,4162.747509223326,4073.642804708483,498857.0,20483788240.000004,349886.0,0.3547120943939695
2020-12-28,4126.246373806183,4099.642933669047,4231.480450413213,4060.250024063516,752217.0,31429196820.0,351887.0,0.7597147448210946
2020-12-29,4119.830196109539,4041.199345386534,4138.02422046316,4023.3634829402977,429512.0,17487657580.0,346464.0,0.21487076337001626
2020-12-30,4054.405713774938,4066.164552872034,4089.617322883641,4027.934441782624,391683.0,15817058180.0,343537.0,0.13115801860510645
2020-12-31,4070.478389126254,4101.02696151954,4102.582444415114,4052.443367736178,241735.0,9807143530.0,333364.0,-0.32139290124371683
2021-01-04,4125.617045693513,4058.851986099941,4168.336771111845,4047.275104499131,436522.0,17960908290.0,340718.0,0.24778361925074077
2021-01-05,4047.850908642453,4065.272428429249,4082.991483822445,4035.105879258957,231189.0,9405686290.0,341620.0,-0.39046345039822555
2021-01-06,4080.711680186009,4200.858979678925,4218.810282670434,4076.613987480612,412315.0,17035628070.0,339795.0,0.19344512573523348
2021-01-07,4212.195033391688,4244.195002731958,4316.788859088675,4197.594676000127,631190.0,26793087260.0,338585.0,0.622831757908437
2021-01-08,4251.8360458373445,4309.540220574856,4323.728909510309,4226.342861983548,342800.0,14701341520.0,340746.0,0.006009855027328359
2021-01-11,4349.595585540858,4375.756879626035,4469.203029479496,4320.678619383767,607542.0,26696175060.0,327089.0,0.6191890035082037
2021-01-12,4445.943455165451,4449.344726499483,4478.975665378176,4362.043192022698,444533.0,19476353140.0,325429.0,0.3118799810225281
2021-01-13,4507.512454667214,4439.884061735355,4573.3076584281325,4399.821628524007,642440.0,28551581850.0,338801.0,0.6398605128272925
2021-01-14,4422.581402073781,4403.330594642878,4432.069114286386,4338.376575971142,442258.0,19158150990.0,344812.0,0.24889408122412476
2021-01-15,4464.5818839871445,4622.147784518905,4624.805503109031,4445.35564373007,621904.0,27795168830.0,357507.0,0.5536307976294452
2021-01-18,4613.42605726512,4526.1218467293575,4634.839301798993,4500.936494167721,635981.0,28723150860.0,369973.0,0.5417386586774022
2021-01-19,4510.6766379196615,4423.4915978277695,4529.151386446925,4422.597029470346,475798.0,21111054380.0,374546.0,0.23927876855837577
2021-01-20,4420.746711333497,4449.84939245081,4461.160505250752,4407.457222750759,398061.0,17483042420.000004,377418.0,0.05325193332134347
2021-01-21,4459.444484501765,4397.350474097781,4494.816054104185,4362.930069948322,547713.0,24108339010.0,376821.0,0.37398115349639366
2021-01-22,4397.706266463844,4301.763958189367,4408.200778074001,4274.596439819325,467850.0,20051119000.0,367562.0,0.24125571981554433
2021-01-25,4255.870707485271,4263.983781545593,4275.695361734988,4206.734551937197,386480.0,16233177520.000002,371922.0,0.0383959653777429
2021-01-26,4259.085590633538,4318.395554058965,4334.649924047461,4249.336241675205,385210.0,16383330970.0,374184.0,0.029040985084620715
2021-01-27,4312.492780698711,4273.067564221439,4316.860447303104,4254.824335025854,284555.0,12014682160.0,379624.0,-0.2882547326849363
2021-01-28,4266.611354149361,4354.17939674767,4357.809945330096,4238.8031958173015,475853.0,20256814770.000004,387599.0,0.20513768297227933
2021-01-29,4346.641077612126,4348.4539497111255,4363.51583349724,4286.848785952861,381697.0,16246532340.000002,362267.0,0.05224559112855569
2021-02-01,4282.131792231839,4387.094604326287,4413.39625990101,4251.743423433533,466049.0,20074889690.0,369370.0,0.2324919271226154
2021-02-02,4392.586284010436,4452.332800261098,4454.35175424282,4368.286820988997,340862.0,14867312390.0,367680.0,-0.07573529136892572
2021-02-03,4449.842134742863,4444.6741971895935,4468.58988528823,4332.858979132513,519459.0,22804581860.0,372971.0,0.33128721675234274
2021-02-04,4447.042573004273,4470.3705503233305,4482.373745623649,4420.078035273998,275829.0,12150930610.0,370673.0,-0.29553916383746676
2021-02-05,4480.874655258996,4533.198775240427,4546.729654492319,4465.186350671769,347267.0,15529844760.0,376727.0,-0.08142685068280595
2021-02-08,4525.159707043271,4489.479036418484,4548.051945092824,4464.265919776784,309268.0,13754622239.999998,365968.0,-0.1683376829707823
2021-02-09,4488.65149418511,4547.41831961549,4561.552231245654,4450.655703078675,294234.0,13115936140.0,357442.0,-0.194597742078883
2021-02-10,4546.477439938045,4518.149743754942,4558.8529499245205,4486.439144587089,236131.0,10555439190.000002,341470.0,-0.36887309165258436
2021-02-18,4542.380781995285,4645.184516762279,4652.775609421512,4539.370449797347,295480.0,13413146920.0,360661.0,-0.19933730630924928
2021-02-19,4628.568151785073,4734.346128657331,4739.761865413682,4611.992606299928,306118.0,14137952060.0,386313.0,-0.23267727317282724
2021-02-22,4718.8364116301245,4587.087769796488,4748.0391750261815,4567.156156691972,464249.0,21331589960.0,350542.0,0.2809405181069253
2021-02-23,4577.168489511406,4597.4121024608685,4619.0870005129445,4526.254846686867,377596.0,17055469149.999998,349714.0,0.0767091634117925
2021-02-24,4602.9180820545525,4564.832385379948,4649.38690992364,4537.265788782235,373031.0,16881553110.000002,352338.0,0.057070583962422754
2021-02-25,4569.712072220777,4717.907111572221,4779.413828849986,4559.964457722355,502166.0,23142333710.0,339278.0,0.3921109120080433
2021-02-26,4676.70411529214,4727.742032285708,4741.228305136679,4634.952615738876,336967.0,15523267610.0,330239.0,0.02016836796115864
2021-03-01,4682.43076955838,4527.27440422114,4688.869792316281,4513.519999522007,490183.0,21961387280.0,332422.0,0.3883735446600601
2021-03-02,4511.668282881361,4551.032156961996,4566.810583097269,4502.381793803013,300702.0,13309066280.0,339802.0,-0.12224335391600821
2021-03-03,4559.4806001262505,4568.169378321692,4579.1413092331095,4446.8044482245605,522288.0,23269184130.0,343763.0,0.4182666934292561
2021-03-04,4567.173265173256,4591.605557720236,4648.82767157239,4534.291630112592,397526.0,17920052220.0,338772.0,0.1599330260258107
2021-03-05,4589.162975838899,4586.4006071204085,4605.327994788609,4537.459491854677,308740.0,13882508830.0,335683.0,-0.08366776349723774
2021-03-08,4570.704395003927,4529.806465852795,4570.854993834036,4490.017572271386,377153.0,16718033050.0,335269.0,0.11771774598314834
2021-03-09,4524.61540927739,4630.726129201043,4638.121011900417,4497.735403788372,384376.0,17048105010.0,328728.0,0.15639057908278461
2021-03-10,4628.668897072442,4636.6755323790585,4652.369772875699,4598.539964698447,365922.0,16601218130.0,332329.0,0.09629475384372525
2021-03-11,4638.047115899397,4602.789880354315,4651.395800096023,4573.577285698049,304398.0,13733321530.0,324458.0,-0.06382004221151924
2021-03-12,4600.483350079829,4656.492773328995,4691.866160990991,4591.385744595801,386378.0,17547691450.0,325807.0,0.17051098338854745
2021-03-15,4624.527374111833,4496.366785053689,4634.773825765262,4487.495199588327,472858.0,20950177960.0,338438.0,0.334454217431101
2021-03-16,4507.737262956156,4583.053717505088,4593.5917014204215,4502.348424869043,339082.0,14979501400.0,332629.0,0.019214211256042595
2021-03-17,4586.485701388786,4570.212172783454,4588.69934548081,4535.064518657886,282402.0,12478669570.0,320239.0,-0.125736004274453
2021-03-18,4558.70436444926,4534.9360840913405,4574.269117606788,4464.886936715698,391263.0,17171051360.0,332781.0,0.16189535216829778
2021-03-19,4518.494568472762,4508.956010287991,4546.720109964823,4463.72228956848,362627.0,15796189710.0,327372.0,0.10227761878298694
2021-03-22,4517.3263174249205,4602.724246455631,4608.141948929858,4457.363668274531,474038.0,20796987520.0,332993.0,0.35316601851962515
2021-03-23,4601.536525246939,4604.166152200489,4622.707276095547,4580.545927845278,253130.0,11289578490.0,327200.0,-0.25666841397645823
2021-03-24,4605.87016370411,4651.660366433938,4662.925400377183,4581.2333385084185,321780.0,14465492380.0,324697.0,-0.009024357545415543
2021-03-25,4645.464203773074,4661.5273830614415,4670.840847934347,4632.920672559403,195082.0,8774415360.0,325128.0,-0.5107989679530227
2021-03-26,4652.441206234178,4727.61223030698,4734.681988488271,4642.519164223912,315256.0,14287450130.0,331488.0,-0.050206602697900754
2021-03-29,4668.905438976366,4595.781108523521,4679.233021525629,4566.038346329263,471895.0,20825479820.0,322050.0,0.3820496902181689
2021-03-30,4592.375183919722,4576.4577717102575,4622.718251649502,4568.148555539904,282702.0,12676304070.0,323764.0,-0.13562151601008435
2021-03-31,4566.889205894871,4408.226124180778,4567.99366776265,4388.912128385703,513694.0,22550682520.000004,316764.0,0.4834707403166237
2021-04-01,4453.993840763066,4483.345545156113,4516.558801842126,4423.777478334728,300553.0,13307159060.0,302794.0,-0.007428595171957181
2021-04-02,4464.663214412613,4479.483576424799,4484.175223488756,4417.363529838552,316934.0,13822118000.0,310377.0,0.020905862681981795
2021-04-06,4517.579589711077,4492.897763724083,4548.816084852563,4486.53474825262,216023.0,9521920620.0,306760.0,-0.3506807993997626
2021-04-07,4498.94739132958,4499.33103476845,4518.751055599182,4468.508091080573,228738.0,10063871090.0,313819.0,-0.3162391428225755
2021-04-08,4495.065688767521,4528.7723616,4538.938764952105,4481.269525998526,221897.0,9798737510.0,312500.0,-0.3423911589327236
2021-04-09,4522.105166169919,4393.968565755137,4526.877684837997,4363.626725075643,485672.0,21137493320.0,359067.0,0.302024498333953
2021-04-12,4459.959465396052,4496.959855502566,4513.762374764709,4438.675371158872,401712.0,17734625610.0,316407.0,0.23870605441605347
2021-04-13,4498.2025026927695,4510.236112741235,4531.160050173489,4447.732612980992,318685.0,14202909750.0,298205.0,0.06642198464882107
2021-04-14,4494.215849608077,4551.104255901807,4569.468698009223,4485.8944001594255,237428.0,10765426970.0,284828.0,-0.18202106969368292
2021-04-15,4559.316435274683,4656.463884153796,4668.843319725303,4554.945088046114,303166.0,14179054800.0,290385.0,0.043072881553181765
2021-04-16,4666.4993106728525,4737.102866167914,4744.751368348646,4648.657919464942,281062.0,13450688200.0,300750.0,-0.06770406928919802
2021-04-19,4732.879349663561,4723.935482678425,4743.114760184295,4703.362213435565,193487.0,9306132730.0,297548.0,-0.4303652297584752
2021-04-20,4740.470968893944,4747.06587228104,4817.252206693345,4713.043091890686,329742.0,16034458460.0,298092.0,0.10090836680757256
2021-04-21,4765.733485887103,4785.210719544327,4788.430746561887,4739.005944837138,240821.0,11681325000.0,309696.0,-0.251537252236372
2021-04-22,4781.98497866601,4767.283050988346,4822.9130306660445,4727.694503631407,353675.0,17287304040.0,300755.0,0.16208243252449836
2021-04-23,4766.727650706888,4813.231495970771,4843.681816463473,4746.068224274034,262729.0,12855524610.0,307379.0,-0.15695843119081254
2021-04-26,4838.221950424532,4788.003756749604,4862.377979869042,4743.042894302354,280220.0,13747836560.0,290943.0,-0.03755236275348161
2021-04-27,4774.92247907738,4733.067460567051,4776.986779031743,4715.028513997688,265144.0,12861978080.0,286182.0,-0.07635489743636609
2021-04-28,4712.710908251166,4732.483350385181,4758.755280522843,4708.521668847664,176534.0,8535901620.0,280517.0,-0.4631208368042806
2021-04-29,4742.006244069556,4797.864293879394,4804.337853577663,4728.505843620818,210765.0,10304197250.0,283436.0,-0.29624257939704335
2021-04-30,4812.063211004639,4797.1386918009775,4819.457796953669,4774.566391701971,167360.0,8183121160.0,267788.0,-0.47004844181716304
2021-05-06,4800.073944253446,4698.198088287555,4802.466301592812,4683.584318107508,354198.0,17058214280.0,272949.0,0.26057111425901625
2021-05-07,4692.63631240843,4752.320457186399,4784.914239779341,4687.976808949223,294036.0,14297752470.000002,262475.0,0.11354636942100411
2021-05-10,4763.711888569581,4788.707902128787,4835.972265295863,4748.572449401075,263326.0,12969602960.0,283025.0,-0.07214242466024702
2021-05-11,4753.301440171322,4695.628668563364,4755.4543303292585,4666.376766125254,345419.0,16715901130.0,265022.0,0.26494533147696664
2021-05-12,4687.156972428222,4683.88632574055,4719.360930107003,4674.563232135186,215322.0,10344682340.000002,275876.0,-0.24781690724996228
2021-05-13,4657.942675571339,4650.127629512218,4701.523338182949,4626.087023031971,299179.0,14316861160.0,278854.0,0.07035370910890355
2021-05-14,4644.610922870047,4669.200840531503,4683.8409769077925,4631.180621538483,234841.0,11257601740.0,279585.0,-0.17439767144659607
2021-05-17,4686.349767574913,4630.9400783299,4697.3605628262885,4581.173256441107,369932.0,17558386470.0,284438.0,0.2628039013334452
2021-05-18,4613.402240154668,4601.666578265781,4632.998498992973,4581.426185130497,222216.0,10370456060.0,290344.0,-0.26741654507568596
2021-05-19,4598.746003247523,4580.426471129615,4610.808556402963,4568.255412701808,198689.0,9304853460.0,298801.0,-0.4080370117868707
2021-05-20,4556.9750997643,4615.284852777214,4652.129010706696,4551.258833766174,263362.0,12457956380.0,285214.0,-0.07971026406684444
2021-05-21,4621.224097660797,4564.542715287898,4641.33910697158,4557.37044769038,246206.0,11587266710.0,295070.0,-0.18104403244309283
2021-05-24,4579.955033536657,4598.747414916423,4641.237296275587,4551.256411121951,241139.0,11347207910.0,285484.0,-0.16881245478212792
2021-05-25,4599.209288802012,4613.848659112504,4623.102386956859,4566.988810663854,233636.0,10986159810.0,282052.0,-0.18832710243271678
2021-05-26,4605.557754739464,4671.363257842172,4686.288192274034,4584.258805041578,304165.0,14497442900.0,284360.0,0.0673292762601875
2021-05-27,4666.06254511396,4636.576339008235,4672.664918702171,4621.1798093121615,201447.0,9599057050.0,271899.0,-0.29990435431522644
2021-05-28,4645.772057719699,4636.238089001316,4662.338138426219,4589.508607906254,250519.0,11918186270.0,267232.0,-0.0645824290188433
2021-05-31,4651.798060794501,4593.555545395742,4683.3196063482255,4571.162009083622,339853.0,16074849090.000002,295281.0,0.14058572584544737
2021-06-01,4589.4937662915,4564.186213878982,4607.3887500239725,4537.540869716516,303477.0,14173720370.000002,310138.0,-0.02171153462377929
2021-06-02,4562.663051439879,4519.461634342421,4571.178279083514,4512.633962621133,236557.0,10989579340.0,335352.0,-0.3489915327545153
2021-06-03,4518.41926601673,4571.256511896812,4594.638822641799,4517.382041812346,246756.0,11535907300.0,307015.0,-0.21849661220106115
2021-06-04,4572.4370222320285,4598.343786559651,4635.962914963938,4536.293000093114,317307.0,14994266970.000002,294040.0,0.0761539469807958
2021-06-07,4577.379206291148,4574.32473518234,4587.336682278038,4552.395395595324,195394.0,9170290800.0,296808.0,-0.4180674322142325
2021-06-08,4587.436916021976,4578.399987841289,4644.855530175563,4558.659276731643,255150.0,12086035930.0,296084.0,-0.1487915903388621
2021-06-09,4579.600942655145,4617.912076508954,4637.243911358621,4548.088391902715,225743.0,10693404000.0,307415.0,-0.3088014422061242
2021-06-10,4608.999945276562,4602.852337269475,4624.673725582401,4587.76833213399,151660.0,7179821780.0,305121.0,-0.699067245973005
2021-06-11,4601.550200190782,4617.115440514239,4646.736836831508,4590.746005352844,213667.0,10153141320.0,307561.0,-0.36425471324304953
2021-06-15,4586.57007430182,4689.438025643748,4699.158542221183,4569.705264045509,327056.0,15642820030.0,339108.0,-0.03618723065649589
2021-06-16,4694.027789967223,4668.735239420698,4694.809879044728,4650.575302772721,169767.0,8144810530.0,329086.0,-0.661892206083306
2021-06-17,4663.996039129882,4721.296171301216,4735.686968311747,4651.064277012408,224330.0,10863690050.0,346384.0,-0.4344298042198605
2021-06-18,4691.097617448479,4613.938267537955,4695.408521569044,4589.301993183281,349621.0,16683203600.000002,315701.0,0.10205414750414453
2021-06-21,4610.859173870056,4581.5961625092805,4621.8603050100655,4575.265573495465,213515.0,10080841340.0,321877.0,-0.41046239717895916
2021-06-22,4584.189954675736,4598.867618324601,4603.053929159676,4567.819940189381,138166.0,6522383550.0,321404.0,-0.8442430379715539
2021-06-23,4602.989523211266,4582.369748817459,4614.700440749273,4578.118143696182,137508.0,6509923300.0,320285.0,-0.8455291271903433
2021-06-24,4591.316065780363,4598.398231648303,4634.634009711094,4559.280452375698,285445.0,13518525800.0,312042.0,-0.08908842807988947
2021-06-25,4595.941725546743,4573.51971764798,4612.482611134484,4571.448996334326,152751.0,7226530730.0,306426.0,-0.6961671459880826
2021-06-28,4591.082551330686,4646.608770574415,4654.717020879528,4587.139009357848,235188.0,11261187110.0,314529.0,-0.29069108743162014
2021-06-29,4647.949741320281,4624.498347382467,4650.284515989957,4615.769253500271,126951.0,6084966520.0,309509.0,-0.8911859856251574
2021-06-30,4625.817405218469,4642.2010430079845,4650.875898743189,4618.416719358918,129295.0,6195939080.0,310640.0,-0.876538070153542
2021-07-01,4655.568889046019,4659.473843419195,4669.185784019487,4629.503335331309,169247.0,8133908160.0,315045.0,-0.6213562993885835
2021-07-02,4646.477787083449,4541.801977343696,4653.428074859575,4528.5123102429,451662.0,21324805940.0,329533.0,0.3152576118162151
2021-07-05,4542.6385049586925,4518.48399990412,4556.423135510235,4515.298245981998,212926.0,9951757200.0,333748.0,-0.4494415296816505
2021-07-06,4512.950895120831,4530.944905666996,4540.824564404868,4498.771116320967,202681.0,9468124110.0,342086.0,-0.5234288529581768
2021-07-07,4527.625905591867,4487.724191507293,4543.170031469098,4467.949775148692,357476.0,16524258430.000002,364289.0,-0.018879281650907492
2021-07-08,4490.785855244303,4504.119468337678,4525.286339413843,4482.297582648317,191769.0,8850940830.0,359702.0,-0.6289843881833042
2021-07-09,4504.446379534616,4471.499938306978,4512.804647460786,4465.474678896087,208732.0,9618520260.0,364709.0,-0.5580486428592802
2021-07-12,4482.487481486129,4493.892554191505,4519.530641072075,4458.76689350735,230994.0,10631201290.0,355314.0,-0.43061016941333935
2021-07-13,4486.025374859059,4453.151390119629,4495.412514623141,4444.09205005011,260113.0,11877581560.0,361120.0,-0.3280941610869927
2021-07-14,4470.716248458564,4490.811849184756,4507.39524279024,4457.12989128784,191017.0,8765321130.0,342167.0,-0.5829364926530239
2021-07-15,4499.622433303192,4504.210742222183,4531.894361025332,4477.939389152648,189559.0,8761168670.0,332259.0,-0.5612144635516768
2021-07-16,4505.454408284111,4502.278390365464,4528.058032979941,4487.720578171583,150808.0,6985489220.0,333467.0,-0.7935364053704035
2021-07-19,4477.788132570387,4471.285020523251,4502.826963469628,4436.207552108406,255366.0,11701164720.0,320612.0,-0.22753385906805043
2021-07-20,4468.62405299792,4505.88343893936,4520.315785483697,4464.204381468137,168311.0,7783142070.0,314376.0,-0.6247762632254105
2021-07-21,4519.415426940449,4481.348106276522,4545.00302495345,4467.116513061716,182110.0,8429020700.0,315780.0,-0.5504348684860143
2021-07-22,4490.643819951416,4452.925977374092,4497.094307854144,4449.5853767634935,191925.0,8812584180.0,334749.0,-0.5562763265488995
2021-07-23,4455.9228159732165,4402.443617625173,4472.790771595961,4399.004211876198,235313.0,10682596800.0,339991.0,-0.368002603845667
2021-07-26,4425.230036665063,4480.312714627977,4488.024439447819,4421.948032427813,290087.0,13333473490.0,300520.0,-0.035333429511442166
2021-07-27,4488.137834551904,4469.982344803206,4499.787295771364,4464.850171078094,156436.0,7226367840.0,294191.0,-0.6315822356127957
2021-07-28,4470.923988073634,4424.792358340255,4485.707874050327,4408.269006553815,237249.0,10831119240.0,293732.0,-0.21355756446710156
2021-07-29,4439.13270300942,4431.169887467925,4462.614767910591,4420.07870503597,177469.0,8125057220.0,289162.0,-0.4881911389187217
2021-07-30,4438.517010581276,4404.329207423961,4442.486072152637,4401.1434986099175,159151.0,7218898240.0,298924.0,-0.6303359233904954
2021-08-02,4412.472801032638,4415.727622024021,4437.47190585553,4380.127957764183,214399.0,9754449500.0,295659.0,-0.32136799819714823
2021-08-03,4420.886018536778,4411.8730087691565,4437.643050697817,4409.430551693873,177236.0,8126103320.0,297178.0,-0.5168491080699578
2021-08-04,4413.732694891913,4409.412922675958,4450.631858600078,4408.484764084697,220912.0,10151581780.0,296208.0,-0.2932974780730242
2021-08-05,4401.842010996053,4372.046515851448,4405.413232367525,4367.137488884239,185061.0,8408289520.0,302843.0,-0.49252901894799256
2021-08-06,4372.336937802876,4369.896277418647,4391.5846015726165,4364.573858355639,143547.0,6497013760.0,300571.0,-0.7390214912386524
2021-08-09,4382.704559865877,4351.702945588125,4389.084501103863,4345.929822544676,208481.0,9467096610.0,307341.0,-0.38810997035920025
2021-08-10,4348.502576787627,4323.3797385983735,4353.1198222371295,4320.06469016718,135269.0,6040038500.0,324252.0,-0.8742556028061018
2021-08-11,4320.674952671756,4292.317744467659,4329.567401526718,4283.564259372342,241653.0,10712422530.0,346508.0,-0.36040309352320354
2021-08-12,4290.956195441911,4260.79422967895,4304.806360239463,4250.049984367673,218013.0,9562660820.0,351003.0,-0.47624007639925375
2021-08-13,4252.015402397187,4259.914960141158,4281.965794284614,4238.675014235248,140298.0,6127772580.0,347978.0,-0.9083705275459919
2021-08-16,4248.811817732631,4245.595867293762,4277.988100487335,4236.050234987245,151087.0,6598371310.0,346359.0,-0.8296199795665279
2021-08-17,4242.396961090925,4226.800001167093,4256.940562893118,4221.165589949218,144067.0,6244223370.0,342732.0,-0.8666703315063738
2021-08-18,4241.457040408624,4242.992215604705,4250.845798170552,4226.277814934065,128490.0,5562370590.0,334130.0,-0.9556790585111362
2021-08-19,4237.806862205873,4257.126711677736,4272.624725685485,4216.209469796016,201390.0,8733224900.0,326142.0,-0.48208954273136534
2021-08-20,4254.547278997959,4227.507081565356,4264.665275282841,4226.089868517653,141564.0,6126422540.0,327823.0,-0.8397219169351879
2021-08-23,4210.983688962774,4231.391471460945,4263.40990683594,4158.207692528158,388171.0,16658797430.0,319492.0,0.19471372980302235
2021-08-24,4223.977075577008,4248.116964129858,4259.415243837284,4219.0219698786,236518.0,10315562030.0,303623.0,-0.24976248525542383
2021-08-25,4248.866111609687,4220.231030988799,4264.975976075101,4216.318025099509,190543.0,8300320070.0,289169.0,-0.4171334014044108
2021-08-26,4224.926029595047,4201.7280783306,4237.177825060078,4198.765104443127,136349.0,5931467880.0,287193.0,-0.7449366884200203
2021-08-27,4194.156065639997,4205.780879652074,4237.241657437783,4187.908682811988,134078.0,5807914690.0,282589.0,-0.7455718250635238
2021-08-30,4212.800305125115,4182.598238776834,4236.464961905354,4176.680013063128,201944.0,8747506860.0,280714.0,-0.32934592619210185
2021-08-31,4194.085199487977,4198.82472767578,4212.389998542062,4173.953680531584,130621.0,5617396150.0,267053.0,-0.715147140333376
2021-09-01,4206.68940139218,4202.371383403269,4228.5865211467735,4196.625219288708,144839.0,6295053430.0,272632.0,-0.6325001197839523
2021-09-02,4209.879009033312,4206.4045894254905,4229.251442949128,4193.7505548804,145942.0,6318456150.0,270840.0,-0.6183189581118477
2021-09-03,4214.359516925144,4207.252135255976,4239.660831947231,4199.50808319078,160033.0,6960502690.0,274206.0,-0.5384996047596646
2021-09-06,4208.923657572334,4188.310386223004,4219.723453636463,4177.096525888691,191244.0,8293077160.0,274893.0,-0.362831831376475
2021-09-07,4186.482884813102,4191.137655237457,4208.554932873507,4181.648939153192,105261.0,4549145580.0,271439.0,-0.9472944562482664
2021-09-08,4193.439924659434,4169.340750653112,4195.354834352962,4157.168084492827,137337.0,5920292760.0,281728.0,-0.7185043071098116
2021-09-09,4176.372892909383,4212.282549231155,4214.766515725282,4170.7995954300695,155452.0,6744818970.0,275283.0,-0.5714626571293419
2021-09-10,4204.790778256419,4190.425265942988,4207.630074111047,4187.7554072288285,99839.0,4347849870.0,275905.0,-1.016497715021869
2021-09-13,4190.483515967213,4149.711301937347,4204.581480490943,4140.899685555034,186401.0,8051162520.0,291481.0,-0.44707455651934863
2021-09-14,4149.73633735666,4150.018468532462,4164.250239827871,4147.244543847871,73393.0,3143809540.0,288599.0,-1.3692096181050462
2021-09-15,4152.8483804630805,4182.935370026829,4193.384835401464,4148.9152004924135,142148.0,6153540570.0,270602.0,-0.6437803383390863
2021-09-16,4192.827217548012,4180.253568987846,4197.151267565148,4168.5567919887935,100735.0,4368760270.0,264851.0,-0.9666740973376418
2021-09-17,4182.435201704268,4232.468059557238,4257.753149042289,4177.952086297359,221653.0,9715717810.0,273149.0,-0.20890433789118454
2021-09-22,4235.03971145572,4256.564762653704,4273.714088442146,4222.414423552244,148410.0,6555739110.0,279760.0,-0.6339533788473936
2021-09-23,4256.511079637452,4254.029479612282,4266.363806096695,4245.871456453056,83178.0,3672868330.0,277005.0,-1.2030526667816517
2021-09-24,4250.851132686084,4243.767267322643,4284.490501343713,4234.791689668196,161550.0,7153296440.0,271148.0,-0.5178501049982108
2021-09-27,4232.085242500216,4153.543783292729,4234.532042053668,4152.735375975555,206172.0,8942767440.0,242170.0,-0.1609291870045801
2021-09-28,4149.052297203387,4145.166971306246,4167.406232589387,4142.124197634097,98648.0,4240939590.0,242910.0,-0.9011330457979033
2021-09-29,4145.076778225475,4162.4790836219,4176.553598801113,4134.598347175396,99435.0,4281763210.0,229294.0,-0.8355008585660613
2021-09-30,4166.140481450312,4159.199941950999,4173.928763615946,4142.096004558704,90241.0,3904656240.0,217058.0,-0.8776807296845867
2021-10-08,4120.671109285721,4187.539770352121,4219.6083302918505,4091.925927263208,218356.0,9396116900.0,224866.0,-0.02937791086276649
2021-10-11,4189.627599738972,4324.085456145497,4327.649523809524,4188.5832915303445,210642.0,9271490610.0,255675.0,-0.19374709667632986
2021-10-12,4315.763934865011,4309.230753757959,4337.354882604056,4287.500695911958,142185.0,6317252220.0,258518.0,-0.597836297446304
2021-10-13,4323.290986664179,4288.80626708992,4344.381704953379,4272.756028302402,148856.0,6605213390.0,254536.0,-0.5364628841326285
2021-10-14,4294.395325123538,4313.451571491312,4350.992070729823,4288.272295866343,189287.0,8432672790.0,266403.0,-0.341745818069317
2021-10-15,4327.415150162931,4337.966863191998,4376.728321526881,4315.488493684923,180844.0,8110201140.0,265445.0,-0.3837728817313063
2021-10-18,4378.08453507769,4395.314572342944,4424.424365355455,4365.580874880172,212774.0,9624482500.0,273724.0,-0.25188972989942177
2021-10-19,4395.457280200742,4381.233949611751,4432.509246643391,4372.598411659052,150012.0,6795896240.0,273794.0,-0.6016607079121137
2021-10-20,4362.046791556862,4402.453465565959,4420.442248511394,4347.678766093671,157578.0,7136227780.0,270735.0,-0.5412199089133086
2021-10-21,4408.709901976278,4412.362155881637,4438.272117656024,4397.553119484193,147994.0,6743812860.0,266805.0,-0.5893463220937658
2021-10-22,4420.949310926129,4497.393214030974,4509.147456250213,4415.553726544979,329148.0,15207446630.0,283202.0,0.15034707369687897
2021-10-25,4556.548407148952,4504.35845110154,4600.194775721928,4493.913704242557,313916.0,14766490230.0,290684.0,0.07688866770550441
2021-10-26,4521.704203759336,4546.12379517436,4548.746841449671,4463.005501810853,206728.0,9640558700.0,284066.0,-0.3178026859921897
2021-10-27,4533.298772997522,4352.134966702921,4541.571170355395,4308.54453159215,334307.0,15257674060.0,262035.0,0.24358164985762606
2021-10-28,4355.43223478231,4333.386615173375,4363.472588469611,4306.348327575195,162158.0,7268406370.0,252719.0,-0.4437070309676932
2021-10-29,4323.395096204975,4277.086078554639,4330.012489549721,4274.865739544022,157917.0,7011528240.0,249737.0,-0.45833878557761515
2021-11-01,4299.411243364967,4302.987568025154,4319.329351992868,4293.766708219398,114313.0,5078724080.0,248070.0,-0.7747706642858166
2021-11-02,4325.121116391951,4397.367904152574,4404.88431623671,4295.311136973748,234005.0,10497073920.0,245390.0,-0.04750629899947785
2021-11-03,4409.255786196798,4412.998660272451,4426.716808297975,4371.57989677029,156932.0,7163963620.0,248558.0,-0.4598636282002626
2021-11-04,4410.419054532184,4313.560803271172,4431.872180835782,4304.362603498132,240995.0,10860941790.0,261680.0,-0.08234619684265992
2021-11-05,4316.817744444402,4312.335726618262,4335.590415896031,4294.272210498298,127793.0,5703521870.0,259476.0,-0.7082524454193659
2021-11-08,4325.181722986468,4322.573249445314,4339.942671506999,4286.782059035389,141357.0,6282613480.0,257804.0,-0.6009110009131415
2021-11-09,4331.968241345404,4331.182646684642,4357.80356619042,4322.898279853801,132351.0,5886590490.0,249958.0,-0.6358354193806393
2021-11-10,4334.94282654479,4352.575698074318,4381.620075915382,4323.614027376865,189685.0,8517570610.0,256169.0,-0.3004725813269758
2021-11-11,4347.83552984791,4322.193009818162,4351.972705220298,4318.075119048087,119115.0,5307483820.0,251982.0,-0.7492682433735688
2021-11-12,4318.054045900817,4415.996380879624,4416.965379139514,4314.722557846157,213277.0,9630613810.0,259179.0,-0.1949271523624566
2021-11-15,4408.508939111856,4397.260655379915,4421.175092152757,4386.654379350461,117666.0,5327540780.0,256584.0,-0.7796059938525512
2021-11-16,4397.195218704335,4428.787378013139,4432.801433841604,4392.946521188504,125316.0,5704163910.0,258327.0,-0.723387676970268
2021-11-17,4425.760337832116,4432.031523782398,4459.121332789419,4414.379068714388,141115.0,6436041630.0,263325.0,-0.6238138499308137
2021-11-18,4442.439942342233,4476.252069441675,4481.804629843702,4439.944349689825,131048.0,6017538310.0,270846.0,-0.7259867253705755
2021-11-19,4471.726144924516,4438.585321839882,4473.735122681119,4412.331344136127,135189.0,6132202040.0,258234.0,-0.6471923512587855
2021-11-22,4413.112930154721,4392.124854338607,4415.33531051687,4371.831096665557,137734.0,6176877030.0,249723.0,-0.5950280147397371
2021-11-23,4404.72265876335,4376.289834952955,4422.955556902194,4373.497118620812,102364.0,4622343750.0,246354.0,-0.8782344376264204
2021-11-24,4380.380538958174,4388.446200402173,4396.022425730284,4372.0072543011065,77982.0,3501502610.0,254119.0,-1.1813246304143348
2021-11-25,4372.931005649988,4380.412454075991,4390.469601693804,4346.19732750417,96090.0,4317678040.0,252319.0,-0.9654089076963919
2021-11-26,4377.247796857441,4359.149063316129,4409.4904489313385,4346.3781089992535,161136.0,7237389920.0,243145.0,-0.4114092442943688
2021-11-29,4360.098081751945,4289.370355707028,4364.708339850986,4281.390036938023,146004.0,6454971630.0,245005.0,-0.5176445999064362
2021-11-30,4280.091811323219,4265.6362951557885,4288.236323523458,4260.695664050859,126178.0,5487975630.0,241608.0,-0.6496229696506707
2021-12-01,4267.738342367039,4232.553503326391,4271.44756505306,4229.615922188746,104717.0,4515230100.0,247265.0,-0.8591991626348587
2021-12-02,4227.789246489922,4255.65011127048,4258.712382786436,4217.390839988453,109049.0,4685181630.0,250291.0,-0.8308269184393513
2021-12-03,4254.558084405867,4240.986089975271,4270.178818361973,4230.959120022943,111872.0,4802087080.0,252336.0,-0.8134061721521864
2021-12-06,4249.622196394668,4253.691678557897,4278.147800251125,4244.340041090878,101127.0,4342114580.0,248082.0,-0.8973821839890338
2021-12-07,4263.3611984843965,4263.913044530982,4280.002119751904,4249.473563556911,82670.0,3566670970.0,247805.0,-1.097785367289444
2021-12-08,4262.440831213165,4213.401069498217,4263.576772889762,4196.897237136594,135768.0,5781887310.0,260870.0,-0.6530746522373558
2021-12-09,4214.227543758415,4143.650203239882,4219.106947489902,4140.648958139188,174930.0,7334420430.0,267664.0,-0.4253465686867507
2021-12-10,4142.836306698854,4120.31954665772,4156.278996853489,4117.701890597058,158844.0,6601969160.0,268230.0,-0.5239222328957023
2021-12-13,4107.155605475817,4136.468350351289,4157.267842650229,4102.8807404112895,151313.0,6313904870.0,266875.0,-0.56742984487041
2021-12-14,4124.985167858079,4088.571345880745,4131.086844567537,4070.958204917773,161282.0,6644345120.0,278145.0,-0.5449881748476907
2021-12-15,4081.719028847877,4090.7382913454426,4117.930387033277,4072.692037269306,100390.0,4133911540.0,273174.0,-1.0010463540895858
2021-12-16,4088.833242180948,4084.355950671632,4108.448780044362,4081.896631907859,95516.0,3935790440.0,274406.0,-1.0553149887813233
2021-12-17,4092.778002938345,4069.321518319079,4116.891048390011,4059.64227234579,145027.0,5967898810.0,284130.0,-0.6725119479233459
2021-12-20,4057.041298347368,4012.385472005165,4084.24570736424,4005.4842339922648,165157.0,6726023620.0,297412.0,-0.5882218462608944
2021-12-21,4022.74146752806,4031.700654795067,4041.4184917558064,4016.531250946668,87067.0,3527303570.0,290778.0,-1.205882152216732
2021-12-22,4033.268098448902,4060.920918790522,4064.4411460386286,4018.038988350726,118653.0,4810366740.0,283329.0,-0.8704054995694597
2021-12-23,4059.8106895318233,4054.7847586615553,4073.621949275901,4039.496794066991,76473.0,3106104200.0,280146.0,-1.298373158486415
2021-12-24,4054.8835348385887,4086.467297286256,4119.010091652053,4051.0765482132097,142982.0,5872337380.0,269259.0,-0.6329549934504789
2021-12-27,4066.5549647895177,4081.631395514604,4084.302130149989,4028.092605075698,127475.0,5174713200.0,266554.0,-0.7376565827803255
2021-12-28,4080.076912952573,4049.409693314865,4087.303383160498,4043.5989098014256,90626.0,3693739590.0,269299.0,-1.089081138883083
2021-12-29,4043.1819150137376,4071.761282914064,4085.85978024786,4042.567725544808,109749.0,4489765740.0,262122.0,-0.8706141039388167
2021-12-30,4082.8984986497,4096.799453018014,4111.026241803012,4070.4910632342144,125647.0,5164542590.0,254853.0,-0.7072105204881707
2021-12-31,4085.149631721528,4087.156659002291,4099.0415508290735,4072.812590468935,84089.0,3445184150.0,238767.0,-1.0436124192607816
2022-01-04,4083.867128413344,4116.753579125457,4138.6681662373485,4033.7756377424416,209034.0,8546508360.0,241749.0,-0.14540307966040933
2022-01-05,4118.181542742818,4083.996534311945,4122.230818630155,4078.917301993261,103363.0,4249574110.0,244973.0,-0.8629009360092952
2022-01-06,4091.377304446608,4076.226281279811,4101.143659833563,4062.922498505343,91172.0,3727104690.0,248443.0,-1.0024656105714898
2022-01-07,4078.34980906232,4100.621326683292,4116.107504050079,4075.340225249946,94281.0,3859614880.0,250625.0,-0.9776781133457174
2022-01-10,4067.5923594719816,4098.992507984312,4115.201846680663,4039.403066860581,158311.0,6473945600.0,241724.0,-0.42323512664249496
2022-01-11,4094.131020112792,4084.490178385796,4109.584903949961,4074.5526891865607,94739.0,3877240330.0,240490.0,-0.9315527664035782
2022-01-12,4089.5190155370337,4121.290014874079,4123.975760760401,4084.600651669534,102359.0,4205954750.0,235981.0,-0.8352650515073738
2022-01-13,4126.967293543924,4122.794966993194,4144.271916355314,4114.439854671164,118964.0,4924418950.0,235406.0,-0.6824907566970958
2022-01-14,4121.988600983595,4072.07812429332,4129.848182490231,4070.87916036076,154830.0,6338354610.0,243215.0,-0.4516180849928585
2022-01-17,4061.324788222716,4031.719104162722,4075.2160580639847,4018.748200475673,170589.0,6864967110.0,258797.0,-0.41678681592972994
2022-01-18,4035.1298702799295,4021.1037921938914,4051.927832879368,4014.5266702391673,111726.0,4495965200.0,261590.0,-0.8507289472250256
2022-01-19,4043.379934028638,4036.742727167586,4050.645203729479,4021.265964243723,88915.0,3576954790.0,259390.0,-1.0706518634424733
2022-01-20,4040.624776782307,4050.204825852673,4070.081632964752,4033.1024470686352,110906.0,4475870460.0,260182.0,-0.8526983904416721
2022-01-21,4057.750828695446,4066.753338483176,4082.4222613057527,4052.7936441651977,103709.0,4199048670.0,252435.0,-0.8895648895497097
2022-01-24,4071.059593063602,4143.651553933583,4151.171872641607,4054.779753252668,191102.0,7821797590.0,239489.0,-0.2257001698611976
2022-01-25,4137.720951725826,4130.760949063242,4171.828920253998,4128.669056447222,128612.0,5321895490.0,230796.0,-0.5847340834138601
2022-01-26,4131.982124353456,4156.794394135022,4164.809280988014,4129.648171030441,83408.0,3444730220.0,226156.0,-0.9974807986096131
2022-01-27,4177.623716936004,4214.147320641437,4221.399069508756,4173.885241469781,131839.0,5500712090.0,221191.0,-0.5174451004785551
2022-01-28,4220.186027724227,4233.16378637584,4258.17063883462,4208.484843876023,104096.0,4344370710.0,203741.0,-0.6715360290752884
2022-02-07,4241.511772907201,4281.462617309698,4293.170578295156,4235.127954126163,112062.0,4733860230.0,210980.0,-0.6327110526941377
2022-02-08,4297.504101029101,4321.81001006951,4329.034465247725,4286.104320775533,107482.0,4599281840.0,225433.0,-0.74069960559065
2022-02-09,4326.069090141662,4311.306189597611,4334.486770816895,4290.115545721421,95552.0,4086415500.0,227640.0,-0.868094831818198
2022-02-10,4318.090677785184,4352.735200043942,4360.016898165654,4307.64718384239,104230.0,4463902780.0,236673.0,-0.8200794458213432
2022-02-11,4341.012216539779,4345.794878690998,4352.850563195356,4318.039634805001,96642.0,4145377180.0,230527.0,-0.8693545628995794
2022-02-14,4327.166009087598,4356.896815053324,4365.625432628184,4313.5966814658095,85892.0,3683975940.0,234792.0,-1.0056093227183518
2022-02-15,4354.90576866288,4330.033444174725,4355.826417985184,4321.21192126849,86072.0,3665880990.0,229457.0,-0.9805314928197731
2022-02-16,4331.66499494987,4324.705198928243,4339.601446392108,4311.3410632459445,73191.0,3105218760.0,222065.0,-1.1098976692211053
2022-02-17,4327.683743326609,4352.507833517259,4366.22391720797,4327.025926377212,95010.0,4064306030.0,225633.0,-0.8649276363036124
2022-02-18,4354.051735237055,4339.753797369605,4357.87420866636,4327.33310509795,76583.0,3266702570.0,217914.0,-1.045725369541372
2022-02-21,4336.416787025956,4326.41922091566,4350.695376995047,4301.898463566527,128442.0,5441001980.0,217024.0,-0.524530505930033
2022-02-22,4328.875238117096,4325.783168566644,4344.691652532161,4322.089270409871,63161.0,2683346710.0,217985.0,-1.238739231014629
2022-02-23,4328.7714204252825,4366.45106886604,4396.682249971026,4325.442572290488,165047.0,7104276570.0,229823.0,-0.3310791656146825
2022-02-24,4380.683964495758,4403.018477307394,4403.549466552012,4368.284281602356,83653.0,3620629470.0,231419.0,-1.017552629783541
2022-02-25,4387.447835979018,4410.94459156393,4414.045394348375,4364.306024148904,118536.0,5118420610.0,236769.0,-0.69186827037151
2022-02-28,4387.458620674441,4402.348919578014,4410.508318207978,4367.209668960262,115586.0,5013545330.0,223894.0,-0.6611578839303464
2022-03-01,4404.898870261532,4392.544418595855,4421.071621735824,4387.33190757269,90833.0,3932931380.0,211488.0,-0.8451456035843573
2022-03-02,4404.179585182149,4426.929872451209,4452.927982795134,4400.253078916925,123700.0,5422146690.0,205882.0,-0.509443909735663
2022-03-03,4422.054857961088,4417.244554659364,4426.616469061835,4389.657888101459,113700.0,4950165040.0,179649.0,-0.4574415464084747
2022-03-04,4419.261509983407,4406.8630687722525,4448.187797765617,4399.772276399646,113240.0,4940853210.0,176103.0,-0.44155959088848223
2022-03-07,4430.481468249918,4456.031757758966,4468.229594901883,4428.744598686673,111178.0,4912535840.0,177311.0,-0.46677273237621464
2022-03-08,4452.303952227094,4459.936132163843,4470.900971597261,4433.8784455490295,85137.0,3766753540.0,176145.0,-0.7270457957877009
2022-03-09,4467.998339256464,4449.489959443228,4479.824771718615,4446.061038434823,68733.0,3041680910.0,172351.0,-0.9193036618503698
2022-03-10,4448.211770673602,4444.212544761464,4466.8102131758205,4415.515826973196,85715.0,3777934720.0,173140.0,-0.7030726763281834
2022-03-11,4459.298757639228,4507.80176302266,4511.039746540952,4448.867908542573,137154.0,6083206310.0,203741.0,-0.3957451972602631
2022-03-14,4478.702113327435,4515.955613216944,4534.504707300223,4458.003739747122,155059.0,6937881090.0,195779.0,-0.23318078239266113
2022-03-15,4509.716219113742,4400.871459895074,4527.789609069189,4382.851253197469,218610.0,9589951150.0,174218.0,0.22698193176370918
2022-03-16,4423.396437128507,4426.10742205841,4436.535636534632,4410.565060149896,97769.0,4245585600.0,170384.0,-0.5554471598940803
2022-03-17,4414.157398647465,4392.014138278709,4420.471693705689,4362.957682625386,119825.0,5169437900.0,176542.0,-0.38752646335952884
2022-03-18,4406.672994136949,4417.028443105358,4426.56485137701,4386.63159498327,68569.0,2959376370.0,177899.0,-0.9533754359677497
2022-03-21,4428.006990297804,4458.776017152142,4469.078765291797,4414.876158858833,71979.0,3152367320.0,179103.0,-0.9115866495387459
2022-03-22,4466.705807407573,4487.275459271499,4514.857891165237,4465.329962002368,106133.0,4706014990.0,173699.0,-0.4926308915844296
2022-03-23,4489.417477296593,4565.637668702979,4572.1073582368,4469.7670757661335,101824.0,4538545290.0,183829.0,-0.590760144956144
2022-03-24,4574.268570190172,4619.912138865132,4626.250060367355,4571.889017716855,135752.0,6133634230.0,185907.0,-0.3144168570009939
2022-03-25,4611.628131759071,4593.654538175833,4614.809313966094,4568.074530412053,103647.0,4658012640.0,179852.0,-0.5511433955550371
2022-03-28,4589.393111950331,4588.946459287391,4615.220086395489,4562.382643631091,96916.0,4347294190.0,179060.0,-0.6138763212608276
2022-03-29,4593.599350645723,4607.065236620966,4612.767044712439,4579.488044566499,75261.0,3401145050.0,180880.0,-0.8768717556219037
2022-03-30,4598.797864658835,4583.025620761168,4627.669777516745,4547.910215109632,107049.0,4826325790.0,178410.0,-0.5107975988237903
2022-03-31,4596.87875926403,4620.152622901413,4623.528178613396,4585.41352912718,68916.0,3101915990.0,169221.0,-0.8983171812757003
2022-04-01,4610.052419328653,4618.880556651482,4644.668015668473,4593.749378202338,110365.0,5032170590.0,139405.0,-0.23359031109574574
2022-04-06,4668.753361247137,4748.453364137099,4752.565959144482,4655.86503578569,140832.0,6583886010.0,147601.0,-0.04694499658249117
2022-04-07,4744.478550285861,4698.667407692417,4753.652046981227,4644.9131237417205,120100.0,5670950150.0,140346.0,-0.15578607313768975
2022-04-08,4709.120061746041,4735.24494844489,4741.15346149878,4701.135582349923,63469.0,3006841690.0,141887.0,-0.8044793684374189
2022-04-11,4778.5729703902525,4710.87831396437,4793.226134431343,4704.564536852341,113304.0,5378681210.0,138882.0,-0.20355017981791146
2022-04-12,4712.548406173374,4669.943801592785,4722.533491994808,4651.017412577349,108397.0,5119034000.0,137495.0,-0.23778713946326382
2022-04-13,4658.152850800325,4644.398343323771,4676.225549310169,4641.970366185609,58127.0,2732190520.0,136297.0,-0.8522060562710887
2022-04-14,4657.959050497088,4663.869138717624,4680.141992263334,4656.215594388238,52057.0,2444970990.0,137214.0,-0.969202478812679
2022-04-15,4660.099044074722,4644.609259098284,4665.303034852547,4632.063069176883,58483.0,2752912630.0,138048.0,-0.8588653370513438
2022-04-18,4683.649396496162,4696.085667532228,4747.007800940508,4671.593539765222,133805.0,6349863760.0,130166.0,0.02757295724409858
2022-04-19,4719.2777511924805,4699.859207187595,4730.831211517635,4697.080425071277,75199.0,3574246320.0,130447.0,-0.5508290810062791
2022-04-20,4718.527457303605,4697.817036528636,4723.7436753919455,4682.929751880036,60249.0,2854215300.0,131130.0,-0.777703222820682
2022-04-21,4689.934098574857,4701.804587332793,4718.818511946831,4684.547249604478,53243.0,2517696180.0,129705.0,-0.890396300531048
2022-04-22,4703.030127782295,4718.588157175813,4732.3360203838365,4667.132696799945,90919.0,4311210450.0,131776.0,-0.3711345111616261
2022-04-25,4738.929170493271,4752.505939598848,4795.398498367791,4714.177480483791,144380.0,6895298880.0,131322.0,0.09479639022101184
2022-04-26,4762.826371663856,4712.663800973828,4773.882253276043,4707.60680241497,109757.0,5221558770.0,131440.0,-0.18028164248648934
2022-04-27,4720.355158186414,4708.666661567526,4729.248028379161,4702.764868550934,58865.0,2778209370.0,130741.0,-0.79797158039372
2022-04-28,4708.321345326435,4721.069085703616,4746.17763341347,4705.443039135519,87279.0,4157665720.0,128536.0,-0.3870991366604067
2022-04-29,4726.304288303425,4724.578941833186,4739.582694414018,4715.457228629871,52517.0,2500211850.0,123610.0,-0.8559945211933333
2022-05-05,4721.7634166424505,4761.1605598765145,4770.324791847164,4671.335439700963,112775.0,5402466820.0,133458.0,-0.16839213830518854
2022-05-06,4743.306168013531,4658.823518178779,4743.936124788573,4657.769605870677,144200.0,6828004350.0,146627.0,-0.0166907222684678
2022-05-09,4660.335785330171,4646.248309082453,4668.093962241062,4636.0106930068,73182.0,3399883540.0,150510.0,-0.721080038075115
2022-05-10,4636.979826263192,4643.298870130137,4666.869442866032,4633.891104488757,67520.0,3152834090.0,145769.0,-0.7695993266525788
2022-05-11,4657.198128011011,4660.073441356222,4666.290084072482,4637.991412562427,50411.0,2356167980.0,145463.0,-1.0597123535086652
2022-05-12,4666.940599630808,4684.4884152119885,4686.080043897019,4653.955681486954,73186.0,3441019870.0,145622.0,-0.6880100774046505
2022-05-13,4684.896004157919,4673.12088854407,4692.083055796808,4667.526168801525,51602.0,2427489160.0,146937.0,-1.0464434920608805
2022-05-16,4681.959955612138,4707.382230422595,4716.19999725956,4679.978990652679,83175.0,3919787820.0,140915.0,-0.5272100498149844
2022-05-17,4717.995732272653,4730.695573087881,4750.044465386635,4704.736792037597,76060.0,3613429670.0,136890.0,-0.5876551811073073
2022-05-18,4729.641879041461,4741.817057749051,4742.064412119239,4726.78841141093,43805.0,2084008360.0,135223.0,-1.1271773013652475
2022-05-19,4736.655659677946,4703.492219189649,4743.75235758133,4687.767918599432,84478.0,4007607540.0,132634.0,-0.451102309705393
2022-05-20,4710.948210367007,4747.214190741894,4748.244456741448,4707.6690828964365,70475.0,3355299800.0,130113.0,-0.6131452666623485
2022-05-23,4717.915204003079,4759.296535761021,4791.8889455539465,4708.89169361047,119577.0,5716835320.0,142138.0,-0.17283790133444268
2022-05-24,4754.763286698449,4748.288543964354,4754.877700131559,4727.369858909798,61803.0,2946675630.0,135553.0,-0.7854108007795979
2022-05-25,4741.427943735287,4769.568716802392,4776.774882394868,4740.110833296779,56087.0,2681700060.0,139129.0,-0.908497503685428
2022-05-26,4763.464902161685,4776.2610670818,4781.89395912678,4753.524306601811,42723.0,2046359820.0,141320.0,-1.1962894055855442
2022-05-27,4776.190544058815,4722.8106306425625,4785.552913618051,4705.492318060265,117578.0,5596576260.0,135909.0,-0.14488360099595554
2022-05-30,4714.674750451214,4698.372823525273,4721.9672105786585,4689.842558574181,72307.0,3414401540.0,142145.0,-0.6759267200779392
2022-05-31,4699.43844972547,4712.009215709851,4717.503231666841,4690.386467704951,48989.0,2299118680.0,141389.0,-1.0599191738296643
2022-06-01,4709.515431290226,4713.722979921559,4736.350228132848,4699.916135061846,52330.0,2478838430.0,140997.0,-0.9911687931719573
2022-06-02,4714.081162820277,4687.907304820562,4721.233161273199,4687.865161889687,52491.0,2478099460.0,145315.0,-1.0182620736041659
2022-06-06,4688.71227740053,4756.33255547453,4782.855586985336,4683.509306225968,121595.0,5787586100.0,143985.0,-0.16901327721798134
2022-06-07,4749.421657942245,4675.15587394275,4755.207957230582,4668.99324277908,136168.0,6418502900.0,166115.0,-0.1987909020800911
2022-06-08,4676.244181347744,4686.34624212502,4701.593422022949,4674.417025023674,63707.0,2993902770.0,167302.0,-0.965506115843415
2022-06-09,4675.863712653255,4676.644873892217,4698.966750280509,4656.231859302464,56480.0,2651862170.0,169934.0,-1.1015235331883242
2022-06-10,4674.102517561642,4656.482286293076,4693.619407694894,4648.615255594322,67319.0,3150361020.0,169812.0,-0.9252494279725766
2022-06-13,4677.607608034797,4676.049559040686,4703.3036333909695,4663.417785585084,64968.0,3049765830.0,171331.0,-0.9697025170371678
2022-06-14,4678.120665742026,4683.322260025007,4692.928207971058,4662.22518548574,47168.0,2209700340.0,171945.0,-1.2934589616682113
2022-06-15,4683.679984252788,4640.876671447252,4683.995848988878,4617.844473087554,112728.0,5236626850.0,189656.0,-0.5202340674681275
2022-06-16,4647.418342034136,4644.62294447264,4650.937888873373,4624.533577293083,48786.0,2265187020.0,191131.0,-1.365515670370083
2022-06-17,4646.836342016511,4687.400409557052,4699.89470360346,4616.681624722428,102474.0,4783919910.0,185078.0,-0.5911682499774162
2022-06-20,4678.055263836092,4719.340111492235,4724.160691913517,4670.712577583059,92164.0,4343205640.0,182793.0,-0.6847847662867299
2022-06-21,4719.278575859212,4664.26895983089,4733.0777435502505,4661.716591685066,90064.0,4236687150.0,180711.0,-0.6963785414011634
2022-06-22,4660.3986758462925,4624.389494284094,4664.421551591404,4621.766289527434,75395.0,3501058570.0,187022.0,-0.9084852971757787
2022-06-23,4619.8001480109015,4635.454576630837,4641.676696740893,4581.901968889949,94217.0,4348854550.0,186622.0,-0.6834845483220193
2022-06-24,4638.520224893743,4606.612441713752,4639.054502966604,4589.055221838626,61750.0,2846675860.0,182290.0,-1.0825048500367436
2022-06-27,4578.982895026409,4575.587021807185,4622.90477405901,4556.855048471053,94033.0,4320326960.0,188470.0,-0.6952930585372329
2022-06-28,4583.991031603678,4569.20110463558,4585.642205960942,4551.634194727766,70536.0,3223419300.0,190289.0,-0.992420751378485
2022-06-29,4575.3815371841765,4570.308305693607,4595.370507405116,4561.941550443664,58565.0,2683571730.0,188738.0,-1.170222561427306
2022-06-30,4578.28064965344,4533.358037016729,4582.199711991897,4527.65068454416,82694.0,3759693290.0,193318.0,-0.8491894533751982
2022-07-01,4529.584475761519,4467.621142471475,4531.505234907706,4453.009883876239,117749.0,5295795880.0,188171.0,-0.4687958835943819
2022-07-04,4466.640258673238,4470.5301269998,4483.81694442428,4421.074019039017,95712.0,4263410490.0,190394.0,-0.6877519268081529
2022-07-05,4469.798446381403,4406.17593606914,4471.123018250592,4400.631514266287,84042.0,3737811070.0,198089.0,-0.8573997507664733
2022-07-06,4387.261347775957,4370.120258061762,4390.942433506572,4325.106964674626,112918.0,4924501040.0,187397.0,-0.5065674695641301
2022-07-07,4363.408701338749,4389.014888964991,4393.74940230042,4353.204749814873,66947.0,2934051090.0,189805.0,-1.0420959677745067
2022-07-08,4403.934251689057,4414.401653781654,4419.500754488814,4390.067592770571,62300.0,2743258640.0,189626.0,-1.1130922854276328
2022-07-11,4433.687198162833,4408.87206231022,4452.841439254203,4404.24870439523,69123.0,3061655190.0,192328.0,-1.0233147214877631
2022-07-12,4394.524230289162,4377.884190470175,4428.733768365754,4371.43658643692,71387.0,3141060170.0,189993.0,-0.9788714494373987
2022-07-13,4362.8469896452425,4376.224490987453,4385.239037738121,4341.94688009252,63987.0,2791514450.0,188404.0,-1.0799086556123896
2022-07-14,4380.98322060007,4404.118597034671,4417.105703733663,4377.75752389408,61977.0,2724929270.0,185949.0,-1.098709094089289
2022-07-15,4397.499621515121,4355.901442082849,4405.0727475497015,4349.520905514748,77239.0,3379694450.0,181751.0,-0.8557331076450231
2022-07-18,4377.989122644525,4396.408704941684,4409.911926212161,4375.295579592692,68996.0,3035203450.0,181598.0,-0.9677469209883055
2022-07-19,4397.015576697653,4350.509354658732,4410.135033599375,4344.168512959283,76247.0,3332425610.0,188195.0,-0.9035005888657346
2022-07-20,4352.142602026033,4327.57359508596,4401.93090955656,4302.23451567755,133579.0,5797778880.0,186079.0,-0.33147825160439287
2022-07-21,4324.563597080543,4324.398686326348,4338.508011355695,4310.878791277459,50253.0,2171195670.0,183455.0,-1.2948991591631487
2022-07-22,4318.63690793409,4307.573270638692,4324.693122898362,4273.99546256075,93361.0,4008915550.0,179069.0,-0.6512975072784435
2022-07-25,4305.678079783939,4293.167349672946,4313.501563023334,4275.710184409052,62839.0,2694183680.0,177646.0,-1.0392169062001713
2022-07-26,4287.399904628331,4234.583489414682,4296.958030489812,4233.538024692707,110307.0,4689767930.0,183131.0,-0.5069343562120002
2022-07-27,4224.219116806791,4232.101118311322,4252.345260392068,4208.434368674607,100638.0,4249826990.0,182865.0,-0.5972182557445462
2022-07-28,4248.14260047177,4274.560939973213,4292.869651242256,4245.959827825664,104057.0,4433837120.0,180686.0,-0.5518218921912221
2022-07-29,4285.418968509246,4279.532486645284,4296.509228519919,4262.937998802599,87090.0,3725890090.0,178027.0,-0.7149931574776293
2022-08-01,4274.62733888606,4186.815538523599,4275.361328179627,4182.339916633052,100914.0,4262038710.0,185925.0,-0.6110746976160132
2022-08-02,4197.598958109096,4158.660452658933,4203.987840782272,4157.596959245817,98734.0,4124563210.0,188177.0,-0.6449536439312693
2022-08-03,4164.981675544999,4134.325163382187,4168.92798235266,4131.383955214555,82083.0,3397110350.0,198002.0,-0.880546201191484
2022-08-04,4127.242936407601,4118.077226316079,4145.559379821812,4107.500253228666,94292.0,3883586210.0,199893.0,-0.7513858729747717
2022-08-05,4120.26186175427,4122.44762960251,4164.97876606531,4109.02578710497,107771.0,4437941560.0,202118.0,-0.6288430796771101
2022-08-08,4098.549797633948,4059.151674910543,4100.27709294227,4051.777751768265,140046.0,5670441050.0,214907.0,-0.42823443633776387
2022-08-09,4057.0101284756047,4015.547573464338,4061.750610089571,4014.064682548576,148210.0,5958139240.0,221468.0,-0.4016479225536802
2022-08-10,4027.847796407024,4077.125212081685,4088.8188466845486,4021.5683111569706,199363.0,8074402140.0,211593.0,-0.05953733451154325
2022-08-11,4077.5243619270113,4055.305503676488,4089.077826697626,4043.955400561314,147956.0,6005952830.0,212567.0,-0.3623423005221582
2022-08-12,4069.635832914885,4084.708970599509,4096.193747390445,4061.266991726462,120081.0,4900628570.0,208704.0,-0.5527504650948443
2022-08-15,4081.500792483816,4121.048356461643,4126.885205768832,4061.7593474898313,157587.0,6447153410.0,199539.0,-0.23603201923442357
2022-08-16,4107.397482157809,4113.326024194726,4141.654414864858,4098.4190672222,103608.0,4262119300.0,198473.0,-0.6500385238032459
2022-08-17,4127.2490240777925,4171.502775286091,4200.356298533447,4120.605332487066,150832.0,6267912910.0,183945.0,-0.1984701652283045
2022-08-18,4179.686233163332,4173.953704863286,4209.181450022047,4158.455529011176,139676.0,5844599560.0,167685.0,-0.1827617645934571
2022-08-19,4193.784263065881,4184.063403327788,4208.520199832683,4164.790652075052,84519.0,3528341870.0,166537.0,-0.6782411457963242
2022-08-22,4168.072628293705,4157.793389056864,4202.340311817163,4139.979904873097,116948.0,4857252170.0,171322.0,-0.38181543518066113
2022-08-23,4166.382023450703,4181.057584716588,4186.561748357175,4157.056698666016,99587.0,4146253860.0,172841.0,-0.5513404627613003
2022-08-24,4200.197911943543,4225.097843731071,4237.546422975281,4198.18146121586,105173.0,4421485950.0,165100.0,-0.4509447375561406
2022-08-25,4240.677322158553,4191.964438488591,4244.264354420902,4178.014941599856,90491.0,3785858110.0,170887.0,-0.6357521211054502
2022-08-26,4188.72002025128,4153.327692989534,4189.092259705193,4148.799360851007,85402.0,3548181460.0,175994.0,-0.7230803838239066
2022-08-29,4167.587875798651,4195.062035867345,4214.41804373854,4159.6431960814325,108984.0,4559194560.0,169402.0,-0.44107350605994233
2022-08-30,4220.130827853711,4247.27703324808,4287.49449353866,4208.588187774352,186517.0,7925310330.0,166175.0,0.11548093781707276
2022-08-31,4270.635923351019,4251.279588357306,4286.591603007591,4241.081398573341,102235.0,4356821530.0,162471.0,-0.46322543941015787
2022-09-01,4264.977703804515,4223.489293868522,4269.277847255429,4207.617386790004,120320.0,5066028700.0,169062.0,-0.3401106513487609
2022-09-02,4215.135407477575,4213.194728758707,4237.502087198517,4196.886237825996,108264.0,4555533610.0,182310.0,-0.5211358460411691
2022-09-05,4238.261628002836,4272.304516715568,4279.566877763545,4228.480624641677,106130.0,4505662480.0,193592.0,-0.6010880939009056
2022-09-06,4280.229300983172,4286.151512074253,4322.674744621855,4278.487899947148,128123.0,5487802920.0,196948.0,-0.4299489944889724
2022-09-07,4288.520875287321,4305.36590552502,4315.107612036729,4263.033949675556,98405.0,4216507760.0,202678.0,-0.7225268970117644
2022-09-08,4282.339819509425,4267.837281244475,4285.931188885661,4244.909359403332,117388.0,4987372870.0,214966.0,-0.6049951885684482
2022-09-09,4253.395320328078,4288.586758672137,4289.945458595078,4251.278768000962,78092.0,3338003700.0,214480.0,-1.010328875107148
2022-09-13,4295.586185155997,4254.733358298115,4321.215905614018,4251.4612007216,108924.0,4663130040.0,224316.0,-0.7224053806857045
2022-09-14,4262.210424367358,4250.525355070336,4273.381559670274,4229.371407036744,97300.0,4133709910.0,221435.0,-0.8223301035026562
2022-09-15,4266.636238328951,4264.323822071533,4293.2098295744845,4260.790363743574,85233.0,3636650000.0,217076.0,-0.9348588398504741
2022-09-16,4269.899406238187,4287.386265933458,4288.359248789315,4249.415635035085,93047.0,3968036810.0,213309.0,-0.82963707684226
2022-09-19,4290.934759770927,4342.76898089172,4355.09447514307,4290.844729649325,136072.0,5915815040.0,219800.0,-0.47953388455773044
2022-09-20,4339.515996291509,4322.042952550595,4341.058632516887,4308.62137816597,71071.0,3063796270.0,217263.0,-1.117429223876109
2022-09-21,4317.424718756961,4319.904256048875,4326.146480861624,4300.85775846328,62911.0,2704965470.0,218677.0,-1.2458747260773533
2022-09-22,4336.43189350546,4351.862549827472,4360.946153743357,4328.788159200793,75548.0,3282065670.0,224023.0,-1.0869805093217852
2022-09-23,4352.083564165341,4352.661187976026,4382.182904713691,4343.633904756798,79866.0,3473251470.0,221890.0,-1.021831533285388
2022-09-26,4352.286214145188,4348.390667716763,4361.328772717074,4317.251118182226,76721.0,3325757090.0,220932.0,-1.0576794969619896
2022-09-27,4350.263442873709,4393.146452250838,4399.769032341975,4340.065786404981,93573.0,4089525480.0,226538.0,-0.8841708209385792
2022-09-28,4391.021451081823,4410.354170539343,4411.458088092333,4373.535083032715,61328.0,2698969640.0,225942.0,-1.3040418205289916
2022-09-29,4405.70581984814,4398.243590092913,4412.611687595114,4390.573498080744,50971.0,2245791860.0,220206.0,-1.46330662833032
2022-09-30,4398.332504652776,4323.798926331716,4400.237940255525,4306.217119804701,136232.0,5906790020.0,204905.0,-0.408187142370212
2022-10-10,4436.58453665229,4524.016806355434,4541.503519635233,4425.023278423168,171329.0,7722889600.0,205934.0,-0.1839700444663362
2022-10-11,4525.592459535299,4499.669339678202,4525.942684312221,4490.596453205683,86668.0,3923057060.0,212245.0,-0.895656540943492
2022-10-12,4498.993649671169,4495.569186279061,4517.405979598687,4474.732662059104,84917.0,3832360270.0,217507.0,-0.9405567250747983
2022-10-13,4506.742382527394,4564.475302266778,4584.571854729613,4500.190787893345,164155.0,7488315800.0,224636.0,-0.3136702109822274
2022-10-14,4564.362131731197,4588.934323951889,4592.549209095733,4544.197316926905,103789.0,4763063420.0,224237.0,-0.7703435361528261
2022-10-17,4555.38145499186,4561.176385113169,4576.208283909289,4538.06868215255,106695.0,4874582330.0,229169.0,-0.764485425785376
2022-10-18,4560.434229483005,4469.623265845234,4565.250232824081,4446.562713608467,181878.0,8198038570.0,216532.0,-0.1744022098898529
2022-10-19,4474.3558905546815,4473.952188444282,4486.189175694556,4456.769549477437,79098.0,3552501550.0,218420.0,-1.0157322247656946
2022-10-20,4484.932749690607,4474.550528404634,4508.179888165312,4461.981503560873,99952.0,4508307520.0,216690.0,-0.773777689979651
2022-10-21,4490.601613229586,4498.593619623075,4503.840669131018,4471.471077188606,99325.0,4483538010.0,222432.0,-0.8062241352174128
2022-10-24,4534.188704807792,4468.657120206988,4568.776734891876,4441.7773146563495,174209.0,7919819440.0,229579.0,-0.27599146901076177
2022-10-25,4469.238887707591,4464.146405073292,4471.309608015866,4429.369396268216,123467.0,5523305910.0,235429.0,-0.6454354679165089
2022-10-26,4467.16699061264,4378.240513271373,4470.0773396255245,4371.5940055393,171781.0,7607829850.0,238860.0,-0.32965719651968195
2022-10-27,4376.645273116729,4363.892626213962,4400.952473282759,4357.143780229426,119151.0,5305735360.0,236622.0,-0.6860723348689465
2022-10-28,4364.74073980526,4356.6437799910245,4372.30340741115,4342.91220073201,112391.0,4937173680.0,231736.0,-0.723614929617378
2022-10-31,4404.360741480083,4359.757385871136,4426.373215710032,4349.096367393187,171222.0,7648872750.0,221504.0,-0.25747968788835834
2022-11-01,4362.155065841306,4363.093765542516,4393.786980063444,4346.70574676421,116683.0,5085106430.0,229210.0,-0.6751777578900107
2022-11-02,4369.178237781278,4353.19552691662,4388.1838231124575,4345.461411806071,117161.0,5093848730.0,231697.0,-0.6818814263178098
2022-11-03,4351.606750831602,4356.990894956047,4362.345867664551,4319.841332506078,114730.0,4965207360.0,232179.0,-0.7049270840863757
2022-11-04,4356.0883681328405,4308.02288497679,4364.411184537522,4293.984118275534,177810.0,7654604600.0,249028.0,-0.3368497754740432
2022-11-07,4310.6394654982505,4327.753217317351,4351.213338174776,4302.937835122671,123748.0,5336680710.0,249276.0,-0.7003134766385102
2022-11-08,4327.278639293655,4309.566683446365,4344.86097570689,4304.698075980197,105635.0,4543160290.0,252289.0,-0.8705855000541448
2022-11-09,4314.276633353458,4328.500049475363,4339.738000780051,4296.701528814713,103632.0,4456839260.0,252651.0,-0.8911629273342492
2022-11-10,4317.5385005407,4314.544740960872,4328.692324451083,4298.725784108678,94022.0,4033396190.0,252375.0,-0.9873872791934919
2022-11-11,4316.700969993297,4307.924680518259,4323.6463391769,4290.452693474527,114700.0,4912269000.0,259561.0,-0.8166717182839768
2022-11-14,4292.930051573455,4357.77147312813,4360.447517495468,4270.590647293167,145341.0,6224663860.0,256495.0,-0.5680264656602926
2022-11-15,4355.022134700865,4364.419348170058,4367.232497674308,4330.0111660245575,122136.0,5288682200.0,251538.0,-0.7224588936110524
2022-11-16,4366.256362651197,4375.346982870724,4390.874144504889,4360.233594589217,112476.0,4906050380.0,249923.0,-0.7984130048681557
2022-11-17,4376.615569755827,4358.218319642185,4385.672507850551,4348.443198433943,74425.0,3243894630.0,249066.0,-1.2079260146815718
2022-11-18,4353.967706499993,4293.21205541526,4358.881823029214,4284.235596874783,153487.0,6591505830.0,254226.0,-0.5046077623058599
2022-11-21,4307.600588111573,4388.912700883382,4403.141431444706,4300.100288500077,198768.0,8631715100.0,247345.0,-0.21864580772680975
2022-11-22,4392.549540015974,4389.355851643436,4412.891399631822,4371.588245779638,131912.0,5787885350.0,245948.0,-0.6229850978755267
2022-11-23,4383.890271827898,4385.380746101728,4394.686137315928,4366.0428658885485,77628.0,3398667430.0,246776.0,-1.1565528557202316
2022-11-24,4382.943108357935,4427.324886077563,4433.661961614384,4374.328888158711,123165.0,5424831840.0,251048.0,-0.7121192360795899
2022-11-25,4419.514862718403,4417.222722236224,4441.414736251225,4397.753779002805,110258.0,4879726810.0,249993.0,-0.8186098434175276
2022-11-28,4402.947871886915,4409.314247820074,4425.160847696865,4384.780344224693,101549.0,4480535380.0,248059.0,-0.8931251804842253
2022-11-29,4408.096126618329,4351.464323185416,4419.237176908481,4339.501197420162,177366.0,7772878980.0,232560.0,-0.2709328620154456
2022-11-30,4350.255485941121,4335.25494736842,4364.05146867914,4327.30866879899,115072.0,5003894400.0,223250.0,-0.662734200347508
2022-12-01,4339.797049020404,4356.500784190018,4386.118324250987,4336.934964637021,121151.0,5282678400.0,225073.0,-0.6193870925693854
2022-12-02,4357.126277252123,4359.70782250382,4370.034658738896,4343.280379361117,80800.0,3515541670.0,225695.0,-1.0272075647502106
2022-12-05,4383.885035604115,4458.433879026031,4472.743982881645,4376.260675193812,176990.0,7854297900.0,234381.0,-0.2808547625943384
2022-12-06,4455.3553716885735,4450.5021064903485,4473.18830091019,4441.374607808306,83010.0,3707078120.0,237599.0,-1.05162329625848
2022-12-07,4456.64982717808,4441.271000779156,4469.55695864903,4433.145246533866,89204.0,3973782130.0,240003.0,-0.9897255416339954
2022-12-08,4451.115049095693,4425.584432717677,4458.995435545688,4410.239126720537,95771.0,4243069340.0,238770.0,-0.9135408203236545
2022-12-09,4416.223112152248,4413.009879800022,4447.905961243774,4394.061330788568,124210.0,5473910950.0,235025.0,-0.6377182099085122
2022-12-12,4386.360195313168,4290.483008077646,4389.764789708827,4278.969956128666,209718.0,9040484900.0,221723.0,-0.055665083905206456
2022-12-13,4297.050597184928,4257.79319721725,4312.454276813854,4255.677867162184,151560.0,6478188860.0,220645.0,-0.3755734889866306
2022-12-14,4270.931842221841,4260.31192490664,4278.530894053131,4242.456363517433,105454.0,4488073430.0,226811.0,-0.7658422326844319
2022-12-15,4257.705024346958,4208.472652916228,4270.620414877009,4205.471366249474,123007.0,5197829330.0,230829.0,-0.6294359123318221
2022-12-16,4202.669690487738,4178.558121962091,4228.815798429376,4174.453080890624,130453.0,5452705710.0,235565.0,-0.590973875230422
2022-12-19,4154.155983067503,4169.955628493986,4186.770372521294,4135.415723872637,114150.0,4737090140.0,236120.0,-0.7268267773966841
2022-12-20,4171.205614879261,4156.055315018779,4185.426164930725,4126.759699274486,102519.0,4263577870.0,236970.0,-0.8378854035904431
2022-12-21,4155.5707832979815,4207.208998696161,4219.019435925664,4137.236147941382,113990.0,4744716150.0,226255.0,-0.685551956534673
2022-12-22,4204.681348242784,4184.940270330158,4208.272157545136,4181.724369384477,81014.0,3384912200.0,225650.0,-1.0243631470294252
2022-12-23,4181.885869924213,4153.366908905077,4194.009111776666,4147.916488380351,109049.0,4528826650.0,230902.0,-0.7501960555811377
2022-12-26,4111.826726870893,4164.261665567151,4179.993161707305,4093.451998806295,137890.0,5701050080.0,225857.0,-0.49344578978924
2022-12-27,4175.902977209561,4212.206738217978,4226.178061552932,4171.454576987216,121207.0,5129518760.0,212994.0,-0.5637641685555955
2022-12-28,4214.967050899899,4203.891842087945,4216.852766667925,4182.243932281612,101263.0,4229363220.0,212726.0,-0.7422838598230596
2022-12-29,4213.881458132183,4222.945398743354,4240.021242861688,4191.5052664363775,103471.0,4352512600.0,206900.0,-0.6929442045442477
2022-12-30,4227.794098120577,4237.859734494611,4240.428874233366,4215.572514314948,102711.0,4264160110.0,189676.0,-0.6133981341056882
2023-01-03,4239.078829030676,4238.873781947066,4279.80417133038,4213.047577483848,133664.0,5698152420.0,198062.0,-0.3932509246775239
2023-01-04,4246.179376549985,4251.137105538354,4257.870556006801,4220.039934713843,89000.0,3778285250.0,195076.0,-0.784752856491046
2023-01-05,4256.720051739748,4305.62510610112,4326.30791053186,4253.563802871556,138805.0,5978726920.0,203815.0,-0.384142649171684
2023-01-06,4306.146563818368,4318.418930541549,4323.896549178997,4276.822193762764,98030.0,4193431600.0,202308.0,-0.7245177343480297
2023-01-09,4314.874345188522,4309.571995478843,4319.487805599223,4283.794131927248,80944.0,3462020570.0,202603.0,-0.9174908416578406
2023-01-10,4310.72667890703,4339.820902186261,4349.077909148707,4299.516809515137,119090.0,5132340560.0,201577.0,-0.5262919326072706
2023-01-11,4357.292034521367,4355.482747465498,4364.800174390377,4337.047659612184,71567.0,3091914640.0,200927.0,-1.0323075841445308
2023-01-12,4358.460793616883,4358.542211006027,4375.49601856531,4342.567799077894,91862.0,3977215810.0,204070.0,-0.7981756213182213
2023-01-13,4365.287907382753,4391.942037786113,4397.782305751377,4353.541825031111,98893.0,4314287000.0,204202.0,-0.7250712424423567
2023-01-16,4394.091447896644,4397.161913188812,4412.314023561836,4381.8264126015765,78354.0,3425147450.0,203430.0,-0.9540849448975353
2023-01-17,4402.674761027153,4408.581996137898,4414.372620466543,4391.625614602111,44373.0,1945099640.0,204034.0,-1.5256554702661944
2023-01-18,4405.9364963969765,4424.849106928353,4430.995483924631,4401.602477931841,56673.0,2493482080.0,203959.0,-1.280621086409969
2023-01-19,4423.05042865092,4409.405868404253,4446.15893570194,4403.47041353665,67505.0,2972709550.0,197362.0,-1.0728379367262528
2023-01-20,4399.923389706144,4407.151899469362,4408.686057719567,4375.472874042719,65369.0,2864457510.0,189395.0,-1.063786641277754
2023-01-30,4450.239874191306,4436.286317000671,4473.193448030091,4405.620756431224,114326.0,5056866990.0,187722.0,-0.4959081285361553
2023-01-31,4433.304542607514,4446.172334348026,4451.384934131613,4423.432120622773,69454.0,3058265520.0,191848.0,-1.016038728893402
2023-02-01,4441.997374859555,4477.003756818799,4487.859555838257,4438.972173511283,94864.0,4223141280.0,202565.0,-0.7586165357303873
2023-02-02,4466.138375855877,4460.334423722124,4470.927056577406,4449.616442246486,64153.0,2851274870.0,202680.0,-1.1503575252459217
2023-02-03,4466.343213952842,4479.799251917853,4486.210028038606,4445.806876528415,84918.0,3783971710.0,209870.0,-0.904802206429573
2023-02-06,4463.951440900278,4444.453540863349,4475.736231008492,4430.97808710033,97225.0,4317176260.0,212660.0,-0.7826667661811292
2023-02-07,4437.707748564124,4392.822055007539,4443.389181785775,4371.465982460988,132157.0,5793321420.0,211571.0,-0.4705700297949396
2023-02-08,4394.262176033088,4352.765243322985,4399.584776875497,4347.190653537391,96032.0,4184359980.0,220982.0,-0.8333997809789299
2023-02-09,4349.966254218223,4350.424352490975,4357.433848214246,4325.361190017474,92317.0,3986153200.0,221078.0,-0.873287273860588
2023-02-10,4355.33927722409,4379.756098444705,4384.959730670543,4352.978864972399,88487.0,3850506580.0,220794.0,-0.9143744915519454
2023-02-13,4376.299560130601,4343.806785811405,4376.698449120261,4331.438112187429,87857.0,3806308060.0,224321.0,-0.9373675690199275
2023-02-14,4347.579108693425,4340.121815167256,4359.833865157894,4324.44712219023,69479.0,3007888780.0,226778.0,-1.182947016746597
2023-02-15,4331.648380723911,4389.686422167305,4421.40997785743,4315.678931029242,166998.0,7290818890.0,222959.0,-0.28900606175706045
2023-02-16,4372.490897219407,4381.12129435856,4389.148664593906,4358.060990721839,92347.0,4019147450.0,222195.0,-0.8780021536955196
2023-02-17,4389.005467830632,4367.176819256238,4397.461517121648,4343.745903137918,80802.0,3512781870.0,221684.0,-1.0092512267233986
2023-02-20,4371.380994968247,4389.002251950225,4404.297421559773,4365.588511883791,69755.0,3047820830.0,216257.0,-1.1314784125102186
2023-02-21,4394.5436961393625,4389.942834936635,4404.481290191909,4381.804935343037,56655.0,2476108550.0,214869.0,-1.3330482952694542
2023-02-22,4384.361116675129,4377.8888321517325,4394.351827453726,4365.01815365383,72348.0,3147892000.0,219335.0,-1.1091124321172625
2023-02-23,4376.54592871764,4437.942445730573,4441.911667126848,4373.957837808132,149911.0,6604554710.0,230148.0,-0.4286807955696571
2023-02-24,4433.065605546,4441.240742531181,4451.923355469568,4423.900954310111,76681.0,3389606720.0,227546.0,-1.0876984564513503
2023-02-27,4449.752319572819,4443.157844520593,4453.747099152622,4431.591743180574,69346.0,3067579170.0,223245.0,-1.1691613564345384
2023-02-28,4448.70037956916,4431.006379340071,4451.873338538681,4419.709761086489,78462.0,3463793770.0,214599.0,-1.0061567392010748
2023-03-01,4426.346262420429,4429.590085212345,4442.483249362036,4413.104644864876,82838.0,3682104710.0,218865.0,-0.9715682080742798
2023-03-02,4423.068343651134,4381.950612198392,4433.946362335614,4364.84707512663,141999.0,6215198190.0,228194.0,-0.4743761290336934
2023-03-03,4394.9808424045,4431.920261305111,4448.05124014148,4393.178439318096,127542.0,5626134980.0,226402.0,-0.573866458093227
2023-03-06,4437.958223424044,4388.042407624438,4438.397462918041,4369.233440173261,136573.0,5984130740.0,226115.0,-0.5041844492037317
2023-03-07,4397.847174018077,4403.235585707825,4428.875918641036,4375.578957483228,136360.0,5969866500.0,221100.0,-0.4833166405936982
2023-03-08,4402.772829304057,4413.827316362466,4421.699324549071,4392.866137776854,83953.0,3693110460.0,223756.0,-0.9802990539959608
2023-03-09,4410.761811577692,4406.044814975517,4424.191807919538,4394.443335262346,83945.0,3690711550.0,225862.0,-0.989762370810904
2023-03-10,4405.800352535286,4402.718133846676,4411.513540380423,4376.866476641084,96211.0,4220184840.0,220775.0,-0.8306003871057643
2023-03-13,4407.372405438633,4387.785868857188,4408.532757467273,4361.486636848124,105749.0,4622319600.0,228743.0,-0.7715307409776103
2023-03-14,4401.3677030987365,4429.359406809186,4456.675984624276,4398.480066357469,171822.0,7606190550.0,238237.0,-0.3268069192819299
2023-03-15,4430.0517788471625,4439.127088252238,4463.792398934883,4415.108258788745,119993.0,5332822870.0,246498.0,-0.7199204721123083
2023-03-16,4436.782916277609,4435.03710234309,4450.268685102286,4421.817393249288,96967.0,4303285330.0,243866.0,-0.9222481796760202
2023-03-17,4438.653182950172,4436.789233350532,4457.822415157076,4421.106723220509,125241.0,5564716970.0,246149.0,-0.6756971625367174
2023-03-20,4443.415470298525,4360.849890825196,4454.495151747125,4357.056111729081,191454.0,8434849830.0,242730.0,-0.2373021435992152
2023-03-21,4364.53646742891,4355.227187145417,4381.767017334428,4341.584674553052,107535.0,4703024760.0,240599.0,-0.8053152712830193
2023-03-22,4353.791862754915,4336.145672349647,4363.222805194154,4328.648316038446,88310.0,3837492510.0,244590.0,-1.0187299878622182
2023-03-23,4328.510185910824,4264.603360651631,4335.35984473923,4258.980942693222,157947.0,6796632070.0,259533.0,-0.496624328435492
2023-03-24,4257.277674213534,4255.216034578594,4278.017292817037,4233.747921272664,128375.0,5467698560.0,257269.0,-0.6951665618527348
2023-03-27,4278.41169327059,4252.727061753551,4293.820779553609,4240.166090315805,101296.0,4322697320.0,265005.0,-0.9617017699309828
2023-03-28,4254.507053204911,4291.311505147159,4298.110925485255,4235.597269378026,139222.0,5941922540.0,264612.0,-0.64219482073705
2023-03-29,4294.247820383643,4287.330098721113,4294.39033478451,4266.2484318021525,103298.0,4413248350.0,267420.0,-0.9512024413325755
2023-03-30,4281.3646145013945,4277.642217141445,4308.80120006256,4264.93036207495,122544.0,5267496970.0,258928.0,-0.7480798816072919
2023-03-31,4272.3186492517525,4295.329663676576,4312.137501555856,4266.120503877783,108790.0,4695021550.0,242802.0,-0.8028268779507161
2023-04-03,4288.986161662741,4290.732021284292,4304.90695477478,4271.509991910358,109218.0,4703715500.0,248822.0,-0.8233918965012965
2023-04-04,4283.657694892608,4262.165672506379,4292.416197486347,4252.188389957778,85562.0,3661614330.0,255492.0,-1.093949838648882
2023-04-06,4253.124174957939,4242.7110734245525,4261.149713419469,4238.646972973181,92736.0,3948766430.0,259450.0,-1.0288072591155315
2023-04-07,4244.259232684596,4254.8649397552845,4268.978860422249,4243.892589805844,80522.0,3440782960.0,256952.0,-1.1603588580108881
2023-04-10,4264.019540579779,4261.464943890447,4291.137254747148,4255.000351112514,114974.0,4939638020.0,252809.0,-0.7879282470595955
2023-04-11,4264.728890339633,4276.602320973677,4283.132291511713,4258.136048437176,73567.0,3156411700.0,247310.0,-1.2124460548044436
2023-04-12,4275.470944843341,4227.564086231111,4279.980752284595,4216.131200359368,167142.0,7128245390.0,260602.0,-0.44415058874016783
2023-04-13,4228.419624956227,4212.501827937293,4237.357085906414,4198.150880937669,136909.0,5813740120.0,262044.0,-0.6491959570416072
2023-04-14,4215.499417122458,4231.317648541028,4231.996544778373,4206.537539224792,117001.0,4966608090.0,261931.0,-0.8058986285276802
2023-04-17,4232.248529027699,4331.513727495275,4339.9395281368,4228.893256571366,237002.0,10257548760.0,258168.0,-0.08554195587972403
2023-04-18,4325.299754701554,4323.203364795442,4332.9636179574045,4302.870883468663,120829.0,5256197800.0,246434.0,-0.7127178862384247
2023-04-19,4310.244752283587,4304.03713619553,4317.882293872119,4293.927958641441,109121.0,4719430310.0,248760.0,-0.8240312179596538
2023-04-20,4288.287350323738,4240.155261393831,4310.881939675874,4234.513158001215,140242.0,6024034020.0,247634.0,-0.5685823478607142
2023-04-21,4238.651064069724,4226.208832284076,4242.442543456898,4210.216919255353,91415.0,3881374460.0,248271.0,-0.9991113127121152
2023-04-24,4226.011278165052,4222.6381769359405,4247.051275724825,4201.704430103392,112342.0,4778835040.0,248768.0,-0.7949729451862055
2023-04-25,4228.329646328588,4178.064137599095,4234.377853079219,4175.2969406953935,110727.0,4667831660.0,251397.0,-0.8199656504964705
2023-04-26,4176.773936180805,4172.003801557131,4187.8795075107,4157.768983661036,93861.0,3930327220.0,252002.0,-0.9876220595125706
2023-04-27,4170.25447078291,4175.269316283386,4202.80191898253,4126.170988257343,110344.0,4627028250.0,242425.0,-0.7870896254173912
2023-04-28,4177.326993470826,4162.753516404041,4180.1568328324165,4156.307052945133,96855.0,4050539120.0,228145.0,-0.8567663769801948
2023-05-04,4158.061389956291,4139.823125664399,4169.805593015517,4133.445852362934,111201.0,4622019960.0,238938.0,-0.7648647294700762
2023-05-05,4137.429863573783,4121.386887670756,4146.601443531229,4114.798204111216,104044.0,4324109030.0,252846.0,-0.8879667211522946
2023-05-08,4113.29079553962,4107.552789849301,4116.5241067136985,4066.500298667716,181467.0,7461438040.0,263706.0,-0.3737610272367897
2023-05-09,4102.026801814627,4083.939189114564,4108.391602604255,4077.9995879080448,103198.0,4264651650.0,271629.0,-0.9677876916384527
2023-05-10,4078.637290585714,4100.943282321286,4124.119363569381,4075.1973458368016,137238.0,5685968350.0,274641.0,-0.693748145399737
2023-05-11,4108.6337677669,4106.07566639889,4124.547476729577,4097.34645093303,95699.0,3960666600.0,273860.0,-1.0514091778205676
2023-05-12,4110.117714578155,4099.194522889145,4115.2130282205,4071.246871941906,112519.0,4648561300.0,272662.0,-0.8851108366005093
2023-05-15,4084.074259202297,4089.5493071403794,4112.416743705673,4058.229110423748,145460.0,5989299520.0,273865.0,-0.6327341495148608
2023-05-16,4088.319972836008,4110.252177445326,4123.209245996417,4084.6177617455055,120666.0,4979121330.0,273256.0,-0.8173826864490538
2023-05-17,4108.72205161163,4112.518108416465,4128.397331345885,4099.762403169109,111412.0,4620518730.0,273464.0,-0.8979349445217664
2023-05-18,4115.018154029536,4104.590264694972,4125.235932093426,4087.482934602382,115241.0,4763884590.0,274958.0,-0.8695927710086484
2023-05-19,4108.01585888944,4082.869033181465,4114.512149484987,4079.730176207452,96854.0,3992182040.0,274581.0,-1.0420416094076363
2023-05-22,4094.695005949644,4050.344801822457,4110.671663637094,4040.89791413352,199483.0,8133127280.0,273038.0,-0.3138819599710485
2023-05-23,4057.58576121789,4054.398543868429,4065.947444541025,4050.283877553986,80602.0,3281121920.0,273739.0,-1.2226516345744598
2023-05-24,4048.643786063997,4054.760730176514,4101.767764592086,4033.5401075362815,202447.0,8331121140.0,280261.0,-0.3252431879563492
2023-05-25,4054.1189517782336,4049.663841797855,4061.28387115139,4043.5153807148,84370.0,3440797210.0,280957.0,-1.202989744535672
2023-05-26,4048.7683075881487,4057.832443434597,4070.849293949492,4028.106946745773,136405.0,5574267610.0,282991.0,-0.7297866933883882
2023-05-29,4085.850640027648,4112.281933937748,4119.740226203511,4071.81739964476,167692.0,6953016910.0,277072.0,-0.5021484367522657
2023-05-30,4114.643716282111,4113.360683427776,4129.510716117666,4087.413703601788,148005.0,6143461180.0,267007.0,-0.5900288183078088
2023-05-31,4106.443218508456,4077.794650667176,4109.574464322001,4069.497378092067,164266.0,6777068230.0,251508.0,-0.42598773307761667
2023-06-01,4085.990397424512,4101.615084124448,4104.718611565555,4067.3647167856952,135313.0,5578410720.0,265975.0,-0.6758117060623322
2023-06-02,4083.84592861546,4108.541409449078,4117.921763069517,4078.094000420971,158585.0,6567875000.0,274249.0,-0.5477457256661639
2023-06-05,4105.352230287058,4083.349095165343,4144.117219081199,4074.285639167402,261071.0,10860504100.0,274249.0,-0.0492440518601733
2023-06-06,4080.231610073396,4059.687711103127,4098.637593780132,4054.0263985387865,140367.0,5809668810.0,278300.0,-0.6844392473020497
2023-06-07,4064.9891491869976,4057.9329639889193,4074.1072220484975,4049.2596673567296,116536.0,4780126560.0,281580.0,-0.8822163608877347
2023-06-08,4065.9639453287714,4062.009091491589,4071.991203981655,4054.666674927949,77836.0,3194976900.0,280922.0,-1.2834730016341833
2023-06-09,4055.551781737194,4048.372960463008,4068.7086934310414,4026.263996724972,160483.0,6557227010.0,284746.0,-0.5734095368614754
2023-06-12,4053.491764003302,4034.043245097871,4059.520114519599,4026.840467687658,113386.0,4640523530.0,291455.0,-0.9440876930635955
2023-06-13,4029.013957098407,4011.835319194005,4033.5719388140574,4008.7878273360334,116144.0,4716719100.0,302136.0,-0.956046446589583
2023-06-14,4009.514773843507,4008.262988899032,4024.762724644968,4000.516224198514,135107.0,5480386450.0,313306.0,-0.8411132916528921
2023-06-15,4006.468240457125,4014.305004981261,4030.512844152564,4003.973780450801,112211.0,4559246550.0,316185.0,-1.0359464578212152
2023-06-16,4023.337985427303,4042.806730490097,4063.0656874964407,4021.138519654175,170220.0,6939364810.0,313469.0,-0.6106087535622898
2023-06-19,4049.99282295889,4085.040873508576,4100.345048067909,4040.321107314915,209805.0,8601592640.0,301222.0,-0.36166900652764394
2023-06-20,4081.801045486981,4085.8971340615226,4091.769805885407,4042.9657078172863,160049.0,6574188810.0,296901.0,-0.6179187315525942
2023-06-21,4087.1933668199695,4100.509005330342,4114.338255105529,4082.416777410315,154731.0,6402508750.0,295103.0,-0.6456363225911239
2023-06-26,4105.598726505247,4114.231027150801,4124.753786693159,4090.3176729737743,129497.0,5371401200.0,293472.0,-0.8181245195284438
2023-06-27,4111.475498894379,4107.537484188991,4132.264921472962,4102.55056363562,141907.0,5891265320.0,299633.0,-0.7473864789760936
2023-06-28,4108.277222279605,4124.532877819898,4131.389828652944,4105.624180774395,99598.0,4119265090.0,301784.0,-1.108569445618854
2023-06-29,4120.537435208613,4090.3387893103913,4123.510195396528,4080.823177324181,164927.0,6807028310.0,305231.0,-0.6155659152316528
2023-06-30,4088.942882647536,4097.981643639468,4113.136120930794,4087.1323833465694,140281.0,5776621190.0,290526.0,-0.7280455193010761
2023-07-03,4112.806107403921,4183.672617114952,4205.754551905043,4106.641948859232,271814.0,11388921600.0,307988.0,-0.12494281232297984
2023-07-04,4162.100928459734,4154.679893216843,4167.687816002085,4138.006786753408,127141.0,5307587810.0,304917.0,-0.8747429016028513
2023-07-05,4142.99305984818,4210.480902215718,4222.145625160438,4140.001344204712,207640.0,8756735040.0,308884.0,-0.39715999092605186
2023-07-06,4203.823991299901,4217.541085093211,4224.737098006751,4192.627247402767,136909.0,5788130670.0,313374.0,-0.8280808938577243
2023-07-07,4224.95289794662,4212.656313662297,4233.898270466468,4191.855323032708,147412.0,6212915850.0,305322.0,-0.7281355698454864
2023-07-10,4216.179410152108,4177.106960148588,4232.468683824326,4174.05568750349,130345.0,5502212820.0,306890.0,-0.8563045958136646
2023-07-11,4180.751759318113,4169.562867586084,4190.539273938115,4164.458460283877,110807.0,4643107110.0,313532.0,-1.040111479016161
2023-07-12,4166.321391504779,4120.627297129878,4189.951428419762,4110.509267340342,234190.0,9789025530.0,324481.0,-0.32609423110829944
2023-07-13,4116.469919893356,4108.041098709388,4122.768668658484,4090.049569843368,138176.0,5703419280.0,325582.0,-0.8570861151526237
2023-07-14,4111.974222823829,4081.989066521616,4122.277102246676,4077.9190781042175,191312.0,7877905950.0,329081.0,-0.5423983178936543
2023-07-17,4101.956941807386,4109.509811934146,4114.381191872143,4091.428941152745,173274.0,7145419880.0,330363.0,-0.6453178932894227
2023-07-18,4112.858704649643,4120.888550725499,4138.665825535658,4103.533907675569,172764.0,7159195640.0,336458.0,-0.6665468256981283
2023-07-19,4125.624368488696,4113.260619091818,4133.381492054656,4108.751137641513,112208.0,4638393830.0,343697.0,-1.1194061634808061
2023-07-20,4120.618681565812,4105.879437935243,4136.608497302791,4094.243781995839,149971.0,6192982750.0,339178.0,-0.8160831012521548
2023-07-21,4110.2814724173,4150.233205971608,4165.174636357247,4105.564907427112,275729.0,11520188610.0,335789.0,-0.19706448721784173
2023-07-24,4190.983357943767,4209.788385264844,4213.788661330092,4173.21046850918,212954.0,9032499030.0,331045.0,-0.4411781378532402
2023-07-25,4213.165993988316,4192.92856820595,4239.453705117945,4188.622267479297,216812.0,9236776260.0,332471.0,-0.42752201965986986
2023-07-26,4192.870614008545,4185.238703774397,4208.804800116632,4180.890010607778,171912.0,7282882280.0,330066.0,-0.6523099164829324
2023-07-27,4181.817105663359,4197.171306642539,4203.525863785943,4175.6199555934045,152907.0,6477441310.0,331575.0,-0.7740241349367706
2023-07-28,4188.853693433693,4228.668433361729,4230.120227049119,4183.598879832709,198604.0,8439353110.0,322825.0,-0.48579748833756164
2023-07-31,4231.190160294091,4213.9328778023055,4238.629404666382,4205.512769896262,191522.0,8128040920.0,322993.0,-0.5226279666324555
2023-08-01,4216.519504066207,4250.895431429276,4262.637402181438,4201.29567725682,208620.0,8920828440.0,308324.0,-0.3906367628680663
2023-08-02,4265.996219872021,4296.503986865237,4333.98284255308,4264.614452971238,261267.0,11357877900.0,301490.0,-0.1431939751890527
2023-08-03,4304.119132122138,4261.929558226397,4308.14521604783,4251.63902961185,172979.0,7461628780.0,295038.0,-0.5339339617568782
2023-08-04,4270.841201471409,4299.558485913082,4315.841437715155,4266.449711165357,177369.0,7674066330.0,306561.0,-0.5471844485117555
2023-08-07,4278.398419857108,4216.024474710926,4282.862303720235,4202.504795782253,234536.0,10015100120.0,296551.0,-0.2346101161643785
2023-08-08,4231.271072855408,4249.627463268101,4257.989918898178,4220.077405602511,126197.0,5392101650.0,293614.0,-0.844421801493473
2023-08-09,4260.149444781906,4302.324099321427,4315.250738490646,4257.368634784569,163091.0,7057113030.0,289726.0,-0.5746273215295642
2023-08-10,4314.3652800637565,4263.452563056573,4319.9234428870905,4252.655104845015,153204.0,6596895550.0,288035.0,-0.6313116339036074
2023-08-11,4258.867348644752,4231.032666739416,4263.205462013892,4222.818104702315,164090.0,6997623780.0,284081.0,-0.5488443509767511
2023-08-14,4232.901653365754,4203.101996355029,4257.568965639114,4182.76167756314,180354.0,7644710680.0,286422.0,-0.462544661578981
2023-08-15,4216.81632796371,4213.120600960364,4228.6401029451,4202.607495041387,114752.0,4859524680.0,286142.0,-0.9137149131166108
2023-08-16,4213.297110420952,4198.410173231975,4218.729206983518,4194.19339335368,103036.0,4345889670.0,286379.0,-1.0222376666490505
2023-08-17,4201.747764546191,4183.036048087648,4204.180031140521,4167.57802361117,138466.0,5781376270.0,283316.0,-0.7159380743484908
2023-08-18,4188.200217973272,4249.476788092607,4260.223517937854,4182.756536552848,193539.0,8177994970.0,282312.0,-0.3775337997773672
2023-08-21,4258.068568081784,4284.956970447887,4296.748464734998,4243.571979754693,170147.0,7277771090.0,276833.0,-0.4867516670007339
2023-08-22,4274.823341813752,4250.644838677255,4277.395240394663,4243.541083236442,110137.0,4671777250.0,278572.0,-0.927951508379704
2023-08-23,4249.463234843543,4253.094697940701,4298.564686009888,4204.0483954106185,170388.0,7253966400.0,280872.0,-0.49982086016035393
2023-08-24,4243.705654965799,4207.002613045232,4253.816234022086,4202.34633936085,158229.0,6673913610.0,290083.0,-0.6061237381308189
2023-08-25,4214.341889865599,4261.1383146779,4285.274544166059,4211.883798990275,198646.0,8446269670.0,281062.0,-0.34705093942515536
2023-08-28,4283.351873988919,4265.537708913146,4303.836881361756,4262.462318788574,143288.0,6130867460.0,277388.0,-0.6605606571900721
2023-08-29,4273.787328516983,4352.312022026179,4364.032905217398,4264.803481194373,282550.0,12226536230.0,279304.0,0.01155473170919219
2023-08-30,4343.178237430648,4347.127349620725,4364.771272829249,4325.783982471515,208560.0,9099543360.0,281854.0,-0.3011624367477036
2023-08-31,4344.174627804871,4334.166521429437,4349.649389350798,4327.160276537622,139781.0,6082442830.0,263936.0,-0.6356297373916939
2023-09-01,4336.625154253185,4329.920527411094,4376.763294969082,4322.026450580383,192108.0,8358953630.0,260442.0,-0.3043224737671515
2023-09-04,4358.55397528381,4324.868388998798,4370.532629674072,4287.734395241908,197451.0,8586707100.0,257790.0,-0.26665484770009806
2023-09-05,4338.89321847607,4338.650803320469,4356.841309349589,4322.054294470207,118228.0,5157300160.0,259361.0,-0.7856059500729814
2023-09-06,4345.271960818879,4338.974258935379,4377.0214362991965,4332.301151640836,164438.0,7211658980.0,267588.0,-0.4869148847344307
2023-09-07,4337.792680544075,4338.322137515208,4341.673639546389,4299.558906723921,135016.0,5871453960.0,262211.0,-0.6637562332232825
2023-09-08,4333.6010794410695,4330.204435443658,4350.449216808738,4320.4282340503205,140793.0,6154025590.0,260718.0,-0.6161486368561652
2023-09-11,4338.501697887545,4337.829051440007,4356.713479157384,4322.300717336988,112301.0,4917602200.0,261839.0,-0.8465470446351961
2023-09-12,4338.426843954032,4328.696968762647,4346.828301567262,4304.5501381151535,118989.0,5166048190.0,259465.0,-0.7795907668861939
2023-09-13,4318.279238186076,4291.602110572774,4325.068889393141,4279.741901612805,138285.0,6006042040.0,256139.0,-0.6164034929567
2023-09-14,4295.694343183086,4294.362141168131,4309.113835444411,4289.141957492493,78977.0,3424544680.0,256701.0,-1.1787553126302224
2023-09-15,4299.324701862,4504.419257769782,4525.907077091163,4298.404774878565,579441.0,26322750190.0,283470.0,0.714957548227162
2023-09-18,4464.419321645395,4431.547833380764,4489.558732529226,4426.780275002619,217147.0,9889384630.0,267052.0,-0.20686885244158448
2023-09-19,4430.407820138322,4433.151673001482,4443.282347993903,4399.861398929379,151796.0,6831314880.0,262044.0,-0.5459749144390139
2023-09-20,4440.774513999267,4473.1712506930935,4524.111845540843,4429.584362391492,287021.0,13190290100.0,268723.0,0.06587427453584536
2023-09-21,4472.53579091378,4457.786336069035,4487.378058807263,4453.357051431669,132594.0,6053643380.0,265136.0,-0.692951074028215
2023-09-22,4460.619437679042,4470.454111619976,4519.401865169515,4444.744171338004,206882.0,9470637110.0,265078.0,-0.2478755398825754
2023-09-25,4449.888735722725,4440.893139428267,4469.173447440512,4430.78400055181,137785.0,6223741780.0,258477.0,-0.6291122158911987
2023-09-26,4444.60234781386,4441.945117798712,4463.524712796164,4418.856416597966,141637.0,6408862070.0,246692.0,-0.5548731483973509
2023-09-27,4442.534017750531,4469.437036945109,4478.929328906978,4436.881158421244,113097.0,5123349270.0,241737.0,-0.7596045007556673
2023-09-28,4471.611979841372,4473.395987179431,4477.946508741296,4455.359397245236,110664.0,5028717080.0,226823.0,-0.717671394074086
2023-10-09,4416.903641059267,4328.065760422529,4431.074012123484,4309.749357265956,214202.0,9413420410.0,207891.0,0.0299055911545826
2023-10-10,4324.877590412353,4297.899114658859,4331.983710467942,4291.868365854912,110731.0,4791986270.0,215849.0,-0.6674752524983841
2023-10-11,4306.555684475871,4303.613847804294,4329.592091731565,4293.287831244445,109049.0,4718901840.0,227444.0,-0.7351067317438845
2023-10-12,4305.328212333294,4271.9537172792825,4308.23280416333,4253.306888350868,126330.0,5450308460.0,233262.0,-0.6132647545074961
2023-10-13,4270.738404190669,4259.456239986508,4275.260693987438,4243.511830305575,81227.0,3503385760.0,237180.0,-1.071571642323714
2023-10-16,4248.723559068108,4224.057437949054,4257.801059657275,4218.489245438024,101971.0,4361167640.0,244960.0,-0.8764064727754024
2023-10-17,4229.501725715833,4214.837495478874,4248.995646214957,4213.88234144912,77269.0,3296073980.0,246067.0,-1.1583110163447936
2023-10-18,4221.736337178408,4230.845070655454,4246.066478530099,4216.926718891675,79683.0,3428320400.0,241878.0,-1.1103772036379174
2023-10-19,4228.745551150869,4234.776376113302,4248.112827934092,4203.578477696817,83573.0,3585396420.0,239715.0,-1.0537302162866173
2023-10-20,4229.65255095872,4215.02748328343,4256.834110768844,4209.341407077229,93736.0,4029887780.0,233451.0,-0.9124898846144165
2023-10-23,4200.113086404926,4198.043457320529,4217.625342559606,4184.757653608282,81298.0,3444822680.0,234621.0,-1.0598500302745548
2023-10-24,4198.755256815336,4153.1055154203805,4202.7152334801,4148.16182265402,113610.0,4804378680.0,243898.0,-0.7639785745244397
2023-10-25,4161.280467411361,4180.445443020026,4201.756121576236,4157.059456142085,103369.0,4391049910.0,239786.0,-0.8414417483571818
2023-10-26,4175.699602763962,4169.444789007202,4176.176365290249,4155.65626157104,62662.0,2655405410.0,240885.0,-1.3465644378777164
2023-10-27,4166.060470586273,4167.133535698584,4175.971906522148,4147.669870911193,82610.0,3492362420.0,236536.0,-1.0519696776464544
2023-10-30,4147.11661222153,4167.6972771425935,4181.300599936849,4108.890022227086,115401.0,4866567450.0,238426.0,-0.7256459700995068
2023-10-31,4152.878868472984,4170.061966455761,4190.947475133083,4146.999060773481,135995.0,5788430020.0,229011.0,-0.5211519169807657
2023-11-01,4171.877785854314,4138.391407710801,4195.67491113157,4135.586099543658,101686.0,4291804740.0,224620.0,-0.7925204517400309
2023-11-02,4137.576317279443,4138.37991877276,4153.029568396092,4128.475656131998,65383.0,2740697080.0,228741.0,-1.2523280732840527
2023-11-03,4138.0066461786655,4148.919172291096,4166.585996495073,4131.634701294601,92451.0,3906205860.0,231579.0,-0.9182422935803265
2023-11-06,4141.9193913818,4143.019185635935,4148.7261174688165,4106.442124870705,126861.0,5332652800.0,236479.0,-0.6227674101834533
2023-11-07,4134.886603517115,4110.514614906495,4155.047104224602,4108.298992735028,120060.0,5071989650.0,239721.0,-0.6914841292910424
2023-11-08,4107.500349539773,4105.394842195752,4124.60410546264,4092.130486917571,103892.0,4340376780.0,244290.0,-0.8550041461190061
2023-11-09,4108.633783894153,4044.173897181886,4115.638201441194,4040.680132964071,171920.0,7128712130.0,265887.0,-0.4360421541591756
2023-11-10,4036.046350182906,4035.198038346279,4059.494588879684,4028.3149271042303,113112.0,4631105070.0,261616.0,-0.8384993015026913
2023-11-13,4045.178416164601,4052.645253992089,4066.464076209576,4040.439073804966,84539.0,3482967880.0,255067.0,-1.1043132893964656
2023-11-14,4066.691673856432,4099.621161662846,4102.354155958664,4059.1123186517593,145148.0,6032154180.0,236919.0,-0.4899643990395763
2023-11-15,4111.386854504094,4139.185483384596,4144.461992858065,4104.798644823302,142873.0,6010021990.0,232134.0,-0.48535866736771455
2023-11-16,4138.69938890226,4164.133734841072,4182.092792182377,4126.520227728827,179109.0,7594452440.0,231959.0,-0.258566072850433
2023-11-17,4155.496528167616,4151.538105818696,4180.564007114023,4144.167996902735,111280.0,4716453030.0,232681.0,-0.737618869166118
2023-11-20,4170.55312452716,4134.028158544199,4178.530860514883,4125.087351694915,109227.0,4598176620.0,235417.0,-0.7679301242246077
2023-11-21,4140.871407756062,4140.308533870001,4146.527509562261,4108.296750589953,101298.0,4264552120.0,233540.0,-0.8352867009244572
2023-11-22,4141.800672103427,4138.643017030802,4167.006511766839,4136.1544304767085,100092.0,4196752750.0,234986.0,-0.8534361748539696
2023-11-23,4141.180826589669,4139.719196864566,4163.565912657954,4114.573305035891,119633.0,4994744780.0,234481.0,-0.6729458379594748
2023-11-24,4133.223112766342,4089.9798950585655,4134.557259287584,4083.3204504385394,126773.0,5319324300.0,226412.0,-0.5799582628823873
2023-11-27,4095.072401927656,4138.632254669824,4150.226264022821,4090.267967966641,141900.0,5966569970.0,228060.0,-0.47448616806321536
2023-11-28,4131.138700510956,4105.778696105016,4134.667269970161,4099.186771738697,115492.0,4811759760.0,222748.0,-0.656839824141247
2023-11-29,4090.209942125036,4001.9009259050654,4092.829153474806,3997.4992066693553,195284.0,7990697240.0,221945.0,-0.127974694146627
2023-11-30,3996.512982253617,3965.6839768427767,4006.918019774724,3960.214327993954,106864.0,4304116240.0,219370.0,-0.719202803954316
2023-12-01,3969.978533380844,3949.661094755305,3994.364778492025,3910.566153819072,154958.0,6141554200.0,223502.0,-0.36626625010052744
2023-12-04,3949.8879171212434,3889.997700988662,3955.500770902272,3886.690511988951,126520.0,5027960100.0,228794.0,-0.5924216369481218
2023-12-05,3883.5830761585935,3850.130584728433,3887.456570554047,3839.064248882778,166451.0,6518953120.0,230808.0,-0.32688522426515
2023-12-06,3846.677402149121,3854.128542679499,3862.9501594328585,3831.904368751675,103219.0,3990597310.0,233051.0,-0.814404369105539
2023-12-07,3848.164265711439,3856.619708597771,3865.977690288713,3819.7089697211854,120299.0,4671025540.0,234933.0,-0.6693200567164984
2023-12-08,3857.329249472728,3872.2212383294063,3887.6532818829473,3846.496660662562,133483.0,5200823580.0,232636.0,-0.5555008713418035
2023-12-11,3857.891207472792,3831.071626472145,3858.4654383409033,3825.230984012981,120841.0,4687047990.0,241824.0,-0.6937345569485843
2023-12-12,3820.792524320704,3836.847710128201,3853.905801277728,3798.006247062591,161321.0,6239328790.0,242590.0,-0.4079766066995968
2023-12-13,3826.7580766496376,3813.4968106857336,3843.0063414854953,3811.8770300401343,119670.0,4611625840.0,245037.0,-0.7166712649650314
2023-12-14,3804.870042758755,3779.9724264122174,3807.961753761792,3764.462284166205,116266.0,4409028300.0,251944.0,-0.7733261711888629
2023-12-15,3778.0429704706994,3760.898215340885,3801.510583478675,3753.500155106449,131503.0,4928170780.0,258929.0,-0.6775242277987567
2023-12-18,3718.098085985223,3655.4563429833256,3723.0968914228088,3653.109451106145,247088.0,9028194760.0,267185.0,-0.07819675388151358
2023-12-19,3657.285016072829,3664.607791766549,3684.707855367691,3656.068878727977,146377.0,5342811290.0,264895.0,-0.5931480356927246
2023-12-20,3670.333636851372,3663.052346151832,3683.75893963168,3659.054228136006,112242.0,4080806560.0,267374.0,-0.867991172735302
2023-12-21,3669.5730400577854,3700.761791507234,3712.459839310847,3653.667630653276,156775.0,5705018580.0,256901.0,-0.49387914024437785
2023-12-22,3705.4135007235327,3691.612188916121,3714.4075668265937,3684.3183344966815,132275.0,4847939410.0,256643.0,-0.6628029253458168
2023-12-25,3686.8601042953424,3715.132234290296,3722.570127296723,3647.405887917689,162672.0,5956930800.0,260651.0,-0.47144644423639015
2023-12-26,3715.572127308859,3709.0196189825465,3730.319677876543,3702.22744754781,117329.0,4314147700.0,260513.0,-0.7976708095491579
2023-12-27,3715.233133600951,3714.22934480365,3730.366075317551,3709.859710313044,112744.0,4151734340.0,249223.0,-0.7932283161102391
2023-12-28,3709.634895971039,3712.737653627568,3746.008887713803,3701.157985722712,119393.0,4405658670.0,240354.0,-0.6996922638237499
2023-12-29,3716.830661140615,3702.028733730172,3717.116875161071,3682.489694163351,156299.0,5725848330.0,220577.0,-0.34447600082345203
2024-01-02,3683.561909468453,3638.530528198282,3714.873828095452,3635.321549415212,139699.0,5103015250.0,238206.0,-0.5336457374796792
2024-01-03,3636.836272356177,3610.217320335153,3643.8267374684337,3600.265688885248,129716.0,4668640990.0,243829.0,-0.6311197146144863
2024-01-04,3614.663929565632,3616.153221231767,3629.727915556048,3606.096253256023,86897.0,3124099720.0,246800.0,-1.0438547827953852
2024-01-05,3619.2203465108178,3560.376879365944,3621.2506350761264,3556.096370463079,147156.0,5217660490.0,242502.0,-0.49951670919831914
2024-01-08,3540.0114391328234,3496.2910437207843,3542.917257771783,3485.304877812144,159654.0,5568623610.0,254570.0,-0.46656687363310173
2024-01-09,3493.699751051385,3503.40087926599,3523.7224579061426,3487.898043986221,127394.0,4421226320.0,248389.0,-0.6677114193972944
2024-01-10,3503.5881484139327,3453.51853052312,3514.191072536681,3442.5733884717847,183688.0,6316513180.0,234478.0,-0.24412310066442652
2024-01-11,3440.3079660951616,3485.0770643467463,3492.71504991224,3430.727518070316,191255.0,6535230960.0,231962.0,-0.19296594899155445
2024-01-12,3470.6925899451994,3468.042499251254,3499.815856853512,3429.370888296836,154868.0,5318962300.0,237063.0,-0.4257527874075799
2024-01-15,3472.471002217764,3465.951751562513,3492.658670614508,3461.6214451928963,110882.0,3791138390.0,245438.0,-0.7945777967177046
2024-01-16,3480.770604850411,3483.9624862717023,3486.6142457883384,3447.8240861020568,112529.0,3835556950.0,243111.0,-0.7703071629638869
2024-01-17,3487.6939433411985,3444.355839543144,3511.8169930078543,3438.584588837044,182182.0,6225897690.0,258462.0,-0.3497424937985257
2024-01-18,3422.088923623336,3393.6086788222287,3427.3049727433463,3376.188391415803,224660.0,7539654650.0,273839.0,-0.1979521942343835
2024-01-19,3392.2591723285973,3354.4143631114807,3405.342995830122,3353.01973016438,191017.0,6352616810.0,303444.0,-0.46283465014995406
2024-01-22,3350.789960027676,3329.1231820297508,3379.556693883586,3323.387404212897,239859.0,7905287690.0,313674.0,-0.2683029793313675
2024-01-23,3335.5888320673125,3364.3418828880776,3374.4140443469187,3315.677123121436,247202.0,8154200740.0,312180.0,-0.2333741283645736
2024-01-24,3361.0894502295228,3363.736902145963,3384.626481416188,3345.526454053326,190833.0,6323493930.0,320835.0,-0.5195282722516628
2024-01-25,3369.4244952651547,3342.607721321081,3383.0555638600013,3336.530520593449,202746.0,6687914550.0,339631.0,-0.5159057700634971
2024-01-26,3329.483053120955,3355.644999818527,3374.299328156512,3306.9355938998897,212804.0,6988207600.0,330628.0,-0.44062232201209617
2024-01-29,3377.3190250578104,3390.238792311802,3411.075987352288,3359.653040407042,253015.0,8444111450.0,312531.0,-0.21125488874888781
2024-01-30,3389.466301756808,3337.632504005277,3393.257414827738,3334.8174024379987,238943.0,7901522570.0,318330.0,-0.2868635507900981
2024-01-31,3361.482082882723,3380.1790015035995,3391.339779837812,3349.112288424518,206277.0,6851855750.0,300612.0,-0.37660047094391425
2024-02-01,3384.0268392411426,3442.91639519916,3452.707219762423,3383.430624193973,277251.0,9372935070.0,278118.0,-0.0031222509874533565
2024-02-02,3441.9659969476606,3418.9399031300686,3470.436029299394,3411.2067719432453,243972.0,8224846180.0,271911.0,-0.10842134226003364
2024-02-05,3417.365469743736,3414.174536341576,3434.830484609763,3403.163257581272,162644.0,5438981340.0,276928.0,-0.5321937813889909
2024-02-06,3414.03859059192,3436.752852721015,3440.6408154709634,3410.5751030068627,123328.0,4127820570.0,271057.0,-0.787481658074425
2024-02-07,3438.749635023008,3430.921164296587,3450.960715539704,3408.9744595147195,109256.0,3658232330.0,253578.0,-0.8419777156352366
2024-02-08,3430.391637401924,3472.969350324008,3476.8631985317384,3429.0821231966584,105327.0,3543553310.0,234717.0,-0.801310736598049
2024-02-19,3435.623061068605,3391.2833515362904,3444.4525248594723,3377.9562966665508,197298.0,6592793300.0,255453.0,-0.2583231635593055
2024-02-20,3392.353430256863,3406.533057659911,3414.9828924424783,3377.8141074557684,195849.0,6577977250.0,280767.0,-0.36018118972758273
2024-02-21,3408.979893560404,3418.83167895043,3421.550189309039,3394.197910164107,166750.0,5602460340.0,288728.0,-0.548989383661438
2024-02-22,3415.022788078485,3449.182193226193,3451.0716532161346,3394.5342074406435,226753.0,7634881060.0,294753.0,-0.26227639814501835
2024-02-23,3445.5620594555257,3510.247992512436,3518.5405878475144,3441.007881156625,318454.0,11077819360.0,302368.0,0.051833218979849036
2024-02-26,3508.0966133751576,3500.9940452858777,3540.6953312840983,3493.1868627508115,265298.0,9285819400.0,306144.0,-0.14320185701598545
2024-02-27,3501.162266461284,3518.130181172883,3526.059152025024,3500.383780192725,158908.0,5552382250.0,312188.0,-0.675280152038204
2024-02-28,3520.023070584123,3542.040421644868,3547.9621836426463,3510.08010404366,186457.0,6510909540.0,309265.0,-0.5059978650450816
2024-02-29,3546.979102054544,3547.628344580401,3576.354813798646,3525.347329447489,286229.0,10055657940.0,304672.0,-0.062443598371402106
2024-03-01,3563.4976412915826,3570.4403267525427,3586.2086666820755,3555.6603765754494,179962.0,6419684310.0,310449.0,-0.5452739191830852
2024-03-04,3572.7388762387345,3575.87537577436,3583.4138076747013,3559.5093916616647,151957.0,5411566800.0,312355.0,-0.7205427754079755
2024-03-05,3571.0598164316098,3594.0778968809022,3613.9534731987887,3570.220806549617,182877.0,6526460730.0,310282.0,-0.5286677656803204
2024-03-06,3603.160769042465,3633.504087592668,3634.5917323514,3594.122309371716,170774.0,6106194150.0,307149.0,-0.5869919269236588
2024-03-07,3640.7511132103127,3626.2310161969913,3662.115902671126,3618.907870674109,215336.0,7768383910.0,312095.0,-0.3711080297034149
2024-03-08,3627.5588603821466,3668.999000740435,3672.5654254698266,3614.717628961912,226978.0,8193810410.0,305226.0,-0.296199389336
2024-03-11,3669.7427256239407,3595.868412379974,3670.621814585551,3593.137281942105,286109.0,10293957790.0,312537.0,-0.08835000507411121
2024-03-12,3598.3415995753903,3636.740944163224,3643.759834849364,3597.156232614353,208239.0,7527172420.0,308972.0,-0.3945641993818214
2024-03-13,3637.9151027530047,3644.726567327032,3672.4802880511634,3614.8866410481023,248254.0,9031744260.0,304276.0,-0.2034827686709194
2024-03-14,3640.972454363714,3605.270746076538,3642.239986235375,3585.697434124481,220307.0,7911249350.0,302985.0,-0.31866127117750215
2024-03-15,3596.147163044589,3617.68312742208,3634.0549490812377,3571.5682892079653,232766.0,8275031680.0,301910.0,-0.26009530263381164
2024-03-18,3603.823945417568,3557.411574325477,3604.5889490257823,3548.2156101394444,292103.0,10408826950.0,322265.0,-0.09826770865111176
2024-03-19,3545.5186864335874,3558.899356176866,3569.68144357502,3534.044326823554,170803.0,6039571110.0,333632.0,-0.6695277435426132
2024-03-20,3548.505985732311,3582.19032323748,3586.391244549958,3537.952359311372,198055.0,6996864340.0,348691.0,-0.5656413732973155
2024-03-21,3588.7484233581263,3608.796935692101,3623.0116303344607,3586.8866712403883,215116.0,7755117720.0,357079.0,-0.5067796282995836
2024-03-22,3610.551025436423,3583.655938009742,3624.770558216264,3580.988167601793,185258.0,6652741500.0,361089.0,-0.6673750172146067
2024-03-25,3539.5396614006763,3496.349770208596,3556.334430167459,3488.811024495357,343732.0,12009127400.0,375558.0,-0.08855063602200769
2024-03-26,3499.5185711968984,3520.4832059884934,3524.6297785822967,3484.0440120993,256319.0,8933529540.0,380463.0,-0.3949661696014168
2024-03-27,3519.7259196207583,3528.9856458829377,3534.2712495240767,3507.3834108141373,175673.0,6071357550.0,382190.0,-0.7772935547977186
2024-03-28,3535.575339708891,3500.9927779814225,3539.655672792185,3492.1357155687847,193458.0,6746456660.0,384657.0,-0.6872915934549181
2024-03-29,3504.887851170612,3461.00031154172,3519.144795853744,3457.8227543915714,291869.0,9967130380.0,388391.0,-0.2857074926943666
2024-04-01,3438.9922719022416,3432.8528346809417,3450.6900375795685,3410.487662112388,291822.0,9840665970.0,404049.0,-0.3253921303829296
2024-04-02,3432.730419028724,3416.446582878758,3446.865540592099,3414.708903008818,211530.0,7221626410.0,429338.0,-0.7078776551032745
2024-04-03,3414.744227592792,3415.136935643485,3429.166002840024,3396.483592120664,284991.0,9540186600.0,441587.0,-0.43791745530111337
2024-04-08,3389.285925689367,3421.37426069106,3428.446479306728,3367.63676129604,320233.0,10791319200.0,475444.0,-0.3952002484429407
2024-04-09,3418.212085580741,3484.624212321458,3488.257862202772,3416.9248846132923,348364.0,11897878230.0,482589.0,-0.32591744959450936
2024-04-10,3497.806664781376,3460.8190439275445,3519.648622333919,3458.1792332720333,356089.0,12268047510.0,492766.0,-0.3248537167254173
2024-04-11,3455.2494002710414,3483.4550041665584,3501.472618069241,3448.143273528996,268424.0,9376988310.0,500413.0,-0.6228659375940793
2024-04-12,3482.4772917924465,3442.2494830785204,3494.9398837371346,3433.603227231717,366074.0,12650505740.0,527643.0,-0.3655844199024242
2024-04-15,3432.204034177349,3464.2203925086496,3482.206199019994,3423.833824127491,359758.0,12812069670.0,546230.0,-0.41760854928193736
2024-04-16,3465.910814283732,3415.992481430791,3472.1313653569546,3381.646413645073,493533.0,17438459580.0,561144.0,-0.12838783113805088
2024-04-17,3400.890976102723,3424.395203394457,3444.4562627962587,3381.3260605234746,387641.0,13507900100.0,578826.0,-0.40092226069749903
2024-04-18,3426.341275343868,3427.645734716996,3467.5056095974905,3417.71601006746,442390.0,15468796490.0,593208.0,-0.2933532503751572
2024-04-19,3422.49874822497,3441.919274734072,3458.412637068579,3395.7009979746504,535396.0,18200277400.0,592169.0,-0.10078540710866152
2024-04-22,3475.450928128325,3446.6755002963064,3497.672203619623,3443.872722964028,391426.0,13675634740.0,605791.0,-0.436738561132374
2024-04-23,3441.315731558704,3420.6470111976287,3448.448254001623,3407.508289625197,342718.0,12030786230.0,626204.0,-0.6027682450326957
2024-04-24,3422.2152230262013,3457.414085170039,3459.6772477947675,3408.5541901289207,314552.0,11083421330.0,633063.0,-0.6994205389726916
2024-04-25,3458.165384463893,3452.2763665249754,3474.5575566819484,3444.054272204552,318029.0,11539035630.0,638243.0,-0.6965765149814995
2024-04-26,3464.3546117339897,3636.7973995221823,3680.558036726543,3458.085284882451,1192137.0,43900177640.0,614041.0,0.6634410727448482
2024-04-29,3632.5956562260594,3573.11457751354,3656.77016393707,3569.199793464129,564905.0,21145773220.0,613925.0,-0.08321519543297178
2024-04-30,3567.851984590943,3529.195899907664,3581.59237512953,3524.7272971720886,454252.0,16529634960.0,605401.0,-0.2872389382582683
2024-05-06,3544.688082398974,3572.635326141558,3602.3504547810708,3537.107822312827,389593.0,14383780130.0,637024.0,-0.49170472701034446
2024-05-07,3622.05019713082,3804.6309888866617,3805.388058825544,3618.266916880352,1021214.0,38564503330.0,613407.0,0.5097187312167899
2024-05-08,3829.4866410908057,3836.065829391742,3952.909745497928,3767.366746830856,1694985.0,64091943760.0,518826.0,1.183860603379826
2024-05-09,3826.03345361788,3817.4948886052766,3883.116692801088,3809.862270726438,802003.0,29456187080.0,549263.0,0.37853496888422233
2024-05-10,3810.0709327651343,3853.407634779813,3877.3816567451418,3803.274422190745,724803.0,26980506860.0,522556.0,0.3271677386636403
2024-05-13,3943.533349203132,3866.08758227122,3953.914000114105,3857.318463234998,787556.0,29716070460.0,514305.0,0.4261180045968434
2024-05-14,3878.29878597385,3823.5130591933257,3895.698471356688,3803.165284084465,521969.0,19856132040.0,502979.0,0.03705977942076015
2024-05-15,3836.0208685430207,3862.2008678469647,3866.727706897993,3820.7106035863294,333286.0,12451107030.0,503545.0,-0.41267210231323675
2024-05-16,3888.6131900353753,3863.531429516466,3906.053567801399,3843.105613244964,466790.0,17417277410.0,501869.0,-0.07245965172923444
2024-05-17,3883.441457926264,3901.974994925168,3913.1470022244266,3871.65465133892,427890.0,16375087940.0,487701.0,-0.130836359951309
2024-05-20,3921.0879295150567,3898.626878252057,3957.202642800629,3890.227981121408,531260.0,20300343160.0,486423.0,0.08817292787266647
2024-05-21,3884.230853378337,3828.093030499873,3888.429135275113,3808.283087021825,650023.0,24523906610.0,526494.0,0.2107678113813475
2024-05-22,3823.620555930656,3867.387084973864,3879.216381928056,3812.447542246356,474265.0,17585024790.0,519395.0,-0.09089843548754856
2024-05-23,3867.9155008631415,3877.6411281794185,3887.939744017384,3840.581966961258,440920.0,16817752690.0,510628.0,-0.14677788765489275
2024-05-24,3885.947468559479,3903.6880945209946,3922.1430064125457,3883.85545312638,417065.0,15890874710.0,478116.0,-0.13661129592295426
2024-05-27,3904.7636830084793,3895.2444578251775,3936.247350273501,3873.7036813469344,402168.0,15428881880.0,489925.0,-0.1973824063985851
2024-05-28,3881.727739514626,3878.155418586728,3909.527279403436,3868.0380456990574,365791.0,13963677400.0,498248.0,-0.3090358129901133
2024-05-29,3855.768589215785,3845.5480672061617,3859.972776383172,3817.646891416802,303326.0,11515934520.0,502692.0,-0.5051695217814751
2024-05-30,3835.614579483083,3846.616687968936,3862.73787541669,3827.683875780452,263783.0,9997324930.0,512465.0,-0.6641056205505609
2024-05-31,3852.7929932506304,3893.651748788311,3914.0982373350207,3846.511290550015,447759.0,17139869500.0,497859.0,-0.106061763163629
2024-06-03,3884.2619033641768,3918.203427251961,3944.50855075292,3853.6615883008194,557278.0,21646988370.0,484178.0,0.14061161004969364
2024-06-04,3934.3097164777273,3934.904623531751,3956.820264714832,3909.275694986416,395506.0,15471086520.0,472842.0,-0.17859533687115334
2024-06-05,3951.441602315577,3948.632558334677,3991.9143932009706,3936.625560485779,428297.0,16991334730.0,452861.0,-0.05576835496924702
2024-06-06,3952.233167884503,3934.5918632728567,3956.177957351787,3911.59371266444,290037.0,11393277820.0,451410.0,-0.442367516389908
2024-06-07,3945.758565908783,3931.142998267288,3967.38783865088,3912.6866867064814,297514.0,11723435650.0,444390.0,-0.40124127256008835
2024-06-11,3939.539140779728,3990.2325440097934,3993.11763679026,3931.5151536317567,356596.0,14088472800.0,441095.0,-0.21265678343231809
2024-06-12,3996.3229984699374,3967.873938737847,4003.983750701372,3961.661659756835,279586.0,11069371650.0,428617.0,-0.4272538087000025
2024-06-13,3959.50401159347,3957.0938415168544,3963.91459332604,3934.678042989485,272250.0,10680150590.0,421029.0,-0.4359809531073959
2024-06-14,3955.468424581747,3965.0634412962254,3976.425766693656,3949.734421980178,205049.0,8036647480.0,416779.0,-0.7093071303258139
2024-06-17,3947.2907370673593,3864.5195203346416,3950.643731140524,3853.078689027018,435037.0,16925022200.0,412621.0,0.05290158884850861
2024-06-18,3848.2182494938106,3861.1878986253614,3866.8743665375287,3828.994608214629,270097.0,10352782560.0,403888.0,-0.4023564580641907
2024-06-19,3867.5616034099135,3858.659531234882,3872.188318182829,3845.792085590333,164419.0,6314346360.0,403059.0,-0.8966649054957379
2024-06-20,3866.353816239168,3852.973397763467,3876.077605886984,3842.9965763104274,163064.0,6295401790.0,403124.0,-0.9051014451453759
2024-06-21,3854.5944915338446,3878.857742089509,3882.130964360695,3842.2657015005257,185856.0,7195253820.0,389546.0,-0.74000977814368
2024-06-24,3899.23611891962,3941.0685004137176,3942.8193245019993,3886.782090186007,325221.0,12741712150.0,373443.0,-0.13826043125045184
2024-06-25,3935.297268405059,3931.640729616759,3940.997714370959,3923.5903912643007,146621.0,5781076870.0,368906.0,-0.9226908429165953
2024-06-26,3939.290516118129,3984.966769274018,4001.3717209468846,3936.151289620968,296127.0,11857051760.0,355725.0,-0.18336954407101191
2024-06-27,3992.1040520189727,4028.8832242001527,4036.304589229422,3988.266867461401,276343.0,11177220400.0,353849.0,-0.2472274207003185
2024-06-28,4029.379560566143,4011.996809208215,4035.406285284155,3999.701108343675,195199.0,7920247690.0,341608.0,-0.5596443298288866
2024-07-01,4019.487404335799,4072.966808994023,4077.7089718766497,4016.721506311048,277763.0,11403221540.0,350366.0,-0.23221009028595804
2024-07-02,4084.519251470449,4052.382755405327,4086.253212884261,4036.218471239841,216699.0,8922683170.0,343180.0,-0.45974579700047474
2024-07-03,4057.184360101072,4058.765639642851,4069.591876022443,4035.222384627828,175816.0,7255912840.0,347866.0,-0.6823793545256359
2024-07-04,4065.686976232408,4065.9025988745952,4110.03611733749,4060.719044820528,311382.0,12901983360.0,348497.0,-0.11260916758114439
2024-07-05,4074.9873056400247,4083.290543940712,4107.71643817972,4056.1829737793328,242684.0,10039599210.0,349744.0,-0.36544127273854066
2024-07-08,4111.919883301501,4038.4236368710535,4125.918373486283,4015.8622109840967,322059.0,13272809790.0,343988.0,-0.06587201447047616
2024-07-09,4031.086979980867,4054.4479222261216,4070.469119905631,4009.449357290299,280502.0,11492494180.0,339137.0,-0.1898233004734009
2024-07-10,4047.952137263144,4000.29230076166,4051.159958799747,3971.243475594621,335911.0,13615682570.0,335189.0,0.0021516920833209337
2024-07-11,4013.096548522827,3947.985597898279,4018.083090007936,3935.311919597169,293475.0,11819719780.0,338770.0,-0.14352895427690363
2024-07-12,3953.5882356392144,3903.065090319418,3957.065644699057,3896.947376449485,351789.0,14022936210.0,344721.0,0.020296169840377742
2024-07-15,3894.2795297956336,3938.731791169973,3949.4537880142193,3891.128592445849,303445.0,12160804360.0,338572.0,-0.10953639786914532
2024-07-16,3941.7751047744273,3879.5698548316914,3946.153220126082,3875.437123870552,272307.0,10832304370.0,353934.0,-0.26218034878341445
2024-07-17,3890.366477111336,3887.6125200624106,3916.2726349621694,3876.7425193236977,210146.0,8342217560.0,357634.0,-0.5317075898328205
2024-07-18,3870.558355296659,3879.581672859532,3882.6540559067503,3848.565053523639,193870.0,7624248970.0,356324.0,-0.6086525979593235
2024-07-19,3877.30250038608,3890.828839282476,3896.2868640666734,3863.2890269310906,184047.0,7264178930.0,358511.0,-0.6667681831983329
2024-07-22,3888.778527925576,3894.342151068318,3912.2243594194847,3882.297585583776,155949.0,6168459800.0,363094.0,-0.8451327231886954
2024-07-23,3884.0133813080456,3852.129342701454,3888.7777979942266,3843.802024955131,214652.0,8408513430.0,370334.0,-0.5453871890291617
2024-07-24,3839.7311808594127,3844.7059270699774,3869.784426395614,3835.5344775686167,179938.0,7007669670.0,373591.0,-0.7305492690176073
2024-07-25,3834.841077761812,3849.735713329125,3854.915058911763,3809.6884921707,263384.0,10238082440.0,365883.0,-0.3287005668154229
2024-07-26,3850.019935808713,3831.78995366408,3862.653666973674,3828.125972101715,174066.0,6772963740.0,372713.0,-0.7613741488385444
2024-07-29,3826.554057070925,3807.4465439626806,3835.723838906029,3801.478838518966,205057.0,7930746670.0,373419.0,-0.5994131243133446
2024-07-30,3813.1250637985177,3783.560477524656,3820.031656654652,3775.068317529488,188212.0,7233017240.0,384399.0,-0.714112088561999
2024-07-31,3786.835694300746,3793.411146540896,3812.910203101271,3780.1528444406417,218248.0,8483341380.0,382917.0,-0.5621862246380882
2024-08-01,3805.4765150563294,3819.514303557273,3824.674721573031,3798.321103991289,167283.0,6481712370.0,374697.0,-0.8064307104000308
2024-08-02,3826.911852677734,3864.093622914423,3871.030334405666,3808.83508118768,293500.0,11470494830.0,363928.0,-0.21507840660535246
2024-08-05,3884.4025449809305,3823.831462448054,3887.331432795137,3816.5645765967793,195242.0,7625619020.0,373709.0,-0.6492376049218869
2024-08-06,3826.853483146069,3787.242863598016,3829.590791867309,3779.0572371870408,196291.0,7590989600.0,382861.0,-0.6680737469858946
2024-08-07,3800.544229556828,3780.47688657644,3810.138811354367,3772.1290603255743,192249.0,7421916240.0,386507.0,-0.6983585723065641
2024-08-08,3787.6834088999103,3747.341529784801,3792.6766679211496,3722.142602654316,275467.0,10525419760.0,384760.0,-0.3341519240800641
2024-08-09,3742.065710772565,3739.072370977591,3775.235152772421,3722.8260243211134,275576.0,10589982180.0,378287.0,-0.31678971416836
2024-08-12,3718.6105110639305,3690.031755262256,3732.140139669527,3683.168679584468,181541.0,6815498960.0,385196.0,-0.7522707721428579
2024-08-13,3686.063057032326,3616.5300121746745,3697.2103429789418,3604.129629580664,268609.0,10028991390.0,374548.0,-0.33246317503710954
2024-08-14,3614.276147241369,3638.666262627368,3650.672114946024,3581.722846783205,213035.0,7846592550.0,365476.0,-0.5397441420998782
2024-08-15,3652.0912045155633,3670.418938044256,3678.846190504884,3641.9972079131967,282367.0,10722831370.0,360354.0,-0.2438792383611071
2024-08-16,3670.56510899107,3620.768709486504,3673.8233419957546,3613.0452838932674,226050.0,8515479590.0,356517.0,-0.4556257108113052
2024-08-19,3617.914014275633,3620.6183597907057,3660.540863061826,3612.996387857624,197243.0,7331272010.0,360832.0,-0.6039760049147639
2024-08-20,3623.690843748353,3640.858033542515,3658.887623842735,3622.523727389447,191816.0,7117626130.0,344518.0,-0.5856097595264341
2024-08-21,3647.685493543241,3640.571762652809,3657.900106545256,3626.023823651404,154869.0,5755499630.0,340379.0,-0.7874801043905112
2024-08-22,3639.661215350937,3614.772608899077,3645.801129194129,3600.142599636612,163444.0,5982875190.0,339833.0,-0.7319838964500344
2024-08-23,3605.830925841006,3604.1460525278935,3646.2587984808383,3595.1285994802884,229914.0,8396519070.0,342637.0,-0.39896625176680245
2024-08-26,3592.389140087292,3629.9484554676073,3632.467551583805,3561.040429637617,301347.0,10883424870.0,343761.0,-0.13168422379088507
2024-08-27,3629.7936435677448,3616.382904076724,3636.872053676797,3610.517492723861,162510.0,5915984100.0,343462.0,-0.7483369412952371
2024-08-28,3623.280356716532,3618.700248331844,3648.955808880856,3609.748111599692,199815.0,7300764020.0,337049.0,-0.522836381904656
2024-08-29,3620.2386781522337,3594.136534451789,3625.0298410112473,3590.3742482165608,153973.0,5599902920.0,332363.0,-0.7694504827458686
2024-08-30,3591.766300630172,3587.951422715096,3611.824441676145,3584.7879303098616,198448.0,7248374200.0,301993.0,-0.41987673722531615
2024-09-02,3587.335216591204,3601.935851571041,3635.326699725528,3586.375340906083,233272.0,8492959350.0,309158.0,-0.2816473183961095
2024-09-03,3608.455763443082,3616.379208031589,3617.969144073392,3579.558769887281,198826.0,7201889930.0,312765.0,-0.4530220394484448
2024-09-04,3611.590226459314,3586.268877229535,3612.576383574,3570.1514077549623,195798.0,7089867160.0,315817.0,-0.4780794163719801
2024-09-05,3591.894400611968,3586.53119571152,3611.162428409239,3581.7416920625587,153390.0,5559263760.0,322352.0,-0.742660418413536
2024-09-06,3595.496394085744,3626.650988901389,3641.403533968624,3590.761409137182,246324.0,9021400850.0,336889.0,-0.31310575671824986
2024-09-09,3635.233548616461,3576.257470969436,3644.14685666884,3561.818871365511,261823.0,9450270120.0,335164.0,-0.24695126133219988
2024-09-10,3584.212619200406,3597.4010415311263,3653.0872400438434,3582.674691459357,345529.0,12548451560.0,345837.0,-0.0008909897807407346
2024-09-11,3602.575796545659,3607.418064649291,3614.991356693929,3578.313807483674,201499.0,7237369040.0,348836.0,-0.5488174791228424
2024-09-12,3612.2575641324056,3628.768481044256,3661.5603618005903,3607.845819533492,267695.0,9791539730.0,356541.0,-0.28660096752650227
2024-09-13,3624.8677224411263,3650.6368668278974,3658.7263420820686,3616.6557012112894,196053.0,7157496980.0,358078.0,-0.6023658089238205
2024-09-18,3651.45550667204,3638.2362097666096,3665.6103237506713,3618.7556086026857,189929.0,6911691250.0,350828.0,-0.6136457567600226
2024-09-19,3638.692697546286,3652.468269471007,3656.277679775864,3627.661797217781,152861.0,5542788410.0,352216.0,-0.8347156120367908
2024-09-20,3645.176848435151,3696.5225185578815,3704.284687446215,3635.185720468316,277849.0,10163006290.0,361302.0,-0.2626363730490747
2024-09-23,3688.30047410273,3638.798802036208,3720.679383712399,3622.09215479841,378315.0,13773693840.0,363617.0,0.03962606603765411
2024-09-24,3648.825481863628,3656.046853528868,3664.2758026417946,3613.894936164494,279448.0,10081568780.0,355128.0,-0.239662059093616
2024-09-25,3667.8066242247182,3622.476531415084,3704.210199548984,3600.256002143919,333687.0,12176396940.0,355880.0,-0.06439016752522579
2024-09-26,3615.204687597105,3584.242531322086,3621.388405626078,3563.997463777009,285481.0,10228270830.0,353744.0,-0.21439801071377682
2024-09-27,3586.4037960296364,3586.643906592729,3604.352026680496,3573.963532120601,195778.0,7027051200.0,332351.0,-0.529210275126208
2024-09-30,3594.076284727591,3593.1558237180548,3617.845564282004,3563.904246791152,261390.0,9386743750.0,302470.0,-0.14596855408784992
2024-10-08,3575.078208160852,3526.5356701468904,3588.9664955985254,3518.142072046632,271449.0,9579441930.0,310708.0,-0.13507928795280286
2024-10-09,3529.30147507711,3534.426470452212,3550.180861307253,3517.339657797478,165178.0,5820480830.0,324339.0,-0.6747655847962843
2024-10-10,3542.133216930989,3540.913922856932,3563.1703182136,3531.1794979987826,146924.0,5196710800.0,324488.0,-0.7923331092092697
2024-10-11,3538.191389546867,3509.291316241263,3549.3894914941407,3501.9220012384485,180175.0,6321733530.0,333761.0,-0.6164965671623234
2024-10-14,3520.4448900919374,3539.121089235875,3551.185649516108,3508.7075800890657,176833.0,6296126900.0,331425.0,-0.6281957553148996
2024-10-15,3533.420319312953,3542.743199158585,3556.670921210089,3521.505645618009,155493.0,5535805910.0,336576.0,-0.7722232634380146
2024-10-16,3544.881600189933,3586.655631090501,3606.877530707021,3542.658155270655,271710.0,9745993020.0,335974.0,-0.21229845496179608
2024-10-17,3592.9921705076163,3530.7231193862267,3601.1122581455734,3529.778296440522,228588.0,8204406210.0,320640.0,-0.33839774191188393
2024-10-18,3537.572653689002,3579.811426381544,3590.918815068117,3532.510914257886,260789.0,9324247500.0,326175.0,-0.22372239590293752
2024-10-21,3599.262443327344,3585.463902824496,3611.228120733177,3566.6877892477664,195942.0,7048137840.0,330289.0,-0.5221493317136678
2024-10-22,3582.3759726508147,3572.4298623284385,3593.4898478067325,3561.292474812116,132121.0,4746946960.0,331441.0,-0.9197316455312111
2024-10-23,3578.173084020546,3604.4898088061054,3608.1205371454353,3576.40697062294,169987.0,6157665620.0,332542.0,-0.6710442043702131
2024-10-24,3595.793625287004,3563.972894963736,3601.436534231282,3551.643428063943,167226.0,6028664960.0,323593.0,-0.6601403623526624
2024-10-25,3563.26480757574,3565.2381201289554,3571.359843887653,3552.2238145592164,111520.0,3980291010.0,319490.0,-1.0525220274110165
2024-10-28,3561.0596515836537,3536.2050887197724,3569.740714223185,3522.2588275361286,188733.0,6726976350.0,301962.0,-0.469967863795554
2024-10-29,3535.56956221718,3496.297634636466,3536.714170548191,3492.2604725942056,151650.0,5362553380.0,300123.0,-0.6826171564945775
2024-10-30,3499.008064596622,3499.4559325307405,3512.696379199459,3485.218790072665,184935.0,6559120100.0,295127.0,-0.46740136018358486
2024-10-31,3503.468999808367,3484.015979538439,3507.5142630311,3479.632767124788,100310.0,3554192670.0,288932.0,-1.0579259754133874
2024-11-01,3479.299890658196,3480.84007625942,3495.178985390968,3470.535631645639,121092.0,4262579710.0,289538.0,-0.8717359619231868
2024-11-04,3488.1552387449315,3538.0292413151483,3587.7006785832505,3487.09290084874,477552.0,17137858620.0,309562.0,0.4335146593506792
2024-11-05,3538.5370451570466,3535.5879859798747,3554.800510614155,3526.5610485242364,155612.0,5560187390.0,309555.0,-0.6877700527209412
2024-11-06,3540.2203692731746,3501.170845759668,3558.024193109715,3499.1774958395813,164567.0,5862751650.0,303455.0,-0.611915547208996
2024-11-07,3517.3065664569995,3548.0849406311468,3557.123467977762,3516.7218423905338,174151.0,6241031160.0,308074.0,-0.5704172748842762
2024-11-08,3566.0541093270936,3584.333514551391,3598.995683385284,3556.5248750575283,243265.0,8836893330.0,318217.0,-0.2685821558764755
2024-11-11,3558.2143330974,3554.674180756907,3564.853603731725,3519.281793002451,165899.0,5975012000.0,315230.0,-0.641923361668907
2024-11-12,3544.6776230811465,3532.841670919718,3558.183530380896,3521.627558347727,127261.0,4575867220.0,311541.0,-0.8952908550515776
2024-11-13,3539.544433065482,3531.88262963666,3548.223958316613,3526.610248660092,98341.0,3543547370.0,310811.0,-1.1507439796683774
2024-11-14,3534.408977668484,3488.348053018793,3537.1547015919814,3483.5345081102464,162320.0,5753290870.0,300799.0,-0.6168725720845144
2024-11-15,3488.6009365693167,3448.921144389808,3490.1723831444056,3445.394272680864,149694.0,5231249400.0,301995.0,-0.701817250484391
2024-11-18,3438.1287697684497,3430.711979669533,3444.65131481059,3418.6525506022235,119310.0,4130403760.0,309683.0,-0.9538240457540325
2024-11-19,3431.635064222552,3442.718448421548,3447.5808390047764,3428.1418069437973,98261.0,3411093010.0,314802.0,-1.1643166659932898
2024-11-20,3430.77704894148,3432.439577367679,3435.186974763915,3417.2729222404287,103043.0,3567097480.0,321982.0,-1.1393492665217473
2024-11-21,3437.636176539975,3449.123085111947,3453.630056817316,3426.7343345749464,110241.0,3845170710.0,325019.0,-1.0812147638176222
2024-11-22,3443.253063230483,3418.256835597876,3447.7059298736,3413.126137382674,128626.0,4420564170.0,333548.0,-0.9528778143726355
2024-11-25,3420.656628343781,3446.057064965302,3455.2368686572413,3419.266156625353,186384.0,6507729380.0,334163.0,-0.5838198362264158
2024-11-26,3455.955675972331,3462.663592614957,3477.9005048190006,3452.6356407519315,142726.0,5008811450.0,327906.0,-0.831800273638084
2024-11-27,3468.223435615705,3466.2948956509044,3476.1262348799537,3451.558817221516,104608.0,3672412190.0,328896.0,-1.1455215608279643
2024-11-28,3463.1080829320545,3439.3627634952445,3472.764417985806,3428.1783469971915,157221.0,5481933390.0,328801.0,-0.7378002456806183
2024-11-29,3446.8210600268244,3488.500910072953,3493.5750715840795,3441.88264097347,225338.0,7927595980.0,337885.0,-0.4051041036834191
2024-12-02,3497.251051822514,3500.810441359724,3534.5594572680534,3477.457808315862,216125.0,7621786990.0,345070.0,-0.4678903509975028
2024-12-03,3496.433582180036,3495.722084772263,3506.0779574365533,3473.5620561659584,131984.0,4650216170.0,349218.0,-0.9730156659103543
2024-12-04,3500.818250493605,3477.349161138625,3507.182270295019,3460.158260864637,141091.0,4962939580.0,352144.0,-0.9146351105778334
2024-12-05,3470.8826117609083,3439.605953669057,3471.7348203642828,3414.2069861785258,213708.0,7387384190.0,342881.0,-0.4727728509113802
2024-12-06,3430.720895204967,3426.1683789937565,3442.749754550915,3421.488628730166,125517.0,4316308600.0,340375.0,-0.9976067434283835
2024-12-09,3434.356919103828,3517.4860976334844,3518.8844087076995,3430.8836163410097,298089.0,10533145180.0,356558.0,-0.17910481983424278
2024-12-10,3527.6078434128485,3504.24786472611,3544.059684374455,3495.326988051092,258167.0,9206165500.0,346911.0,-0.2954616005557541
2024-12-11,3507.7618201639275,3522.7120725567243,3530.8875933546715,3493.342546347975,184953.0,6548637070.0,350953.0,-0.640550572619065
2024-12-12,3511.1999351316595,3500.129143581832,3512.96467832766,3491.7496225581094,158341.0,5614581460.0,342216.0,-0.770691181401026
2024-12-13,3492.19697093546,3492.3198652812603,3510.753366444977,3479.969681525712,166604.0,5893468490.0,348875.0,-0.7390939528081283
2024-12-16,3481.6693444211214,3526.052151491005,3528.503024603073,3470.33131877004,187335.0,6576262010.0,356404.0,-0.6431664608950716
2024-12-17,3519.02272319627,3505.5275429091485,3533.981804138425,3499.18007893825,153319.0,5380185010.0,351615.0,-0.8300161088322642
2024-12-18,3496.0377168712976,3468.4371000663145,3496.5824388742776,3460.586728294301,173916.0,5993058450.0,348339.0,-0.6946037195126842
2024-12-19,3470.717136099763,3457.7511136963767,3480.765226064777,3447.6631704028696,143522.0,4935354590.0,347267.0,-0.8836056029662442
2024-12-20,3457.625643298755,3497.518347706853,3501.623562801393,3454.902716534073,167920.0,5832929550.0,355167.0,-0.7491004258842575
2024-12-23,3487.386231382934,3474.866541353384,3493.708584231507,3464.633860180311,160293.0,5546394070.0,354312.0,-0.7931744903601401
2024-12-24,3469.522201835897,3462.2246584498266,3478.098302184493,3461.1098483132064,113837.0,3932714030.0,353096.0,-1.1319723739760177
2024-12-25,3455.659716342981,3476.435649282957,3503.220619937107,3453.200502303404,214217.0,7418881300.0,354930.0,-0.5049310669899089
2024-12-26,3477.6330931201446,3458.614590322716,3484.193277784034,3455.5910667605067,136872.0,4747466760.0,356195.0,-0.9564321511768608
2024-12-27,3466.4493840808595,3476.6809368734566,3488.130929086341,3461.8487811343743,141621.0,4903764480.0,345148.0,-0.8908188352023769
2024-12-30,3470.2085160019133,3386.9858277825474,3476.4405864711766,3385.7350885094647,304805.0,10313255860.0,359859.0,-0.16604006018464773
2024-12-31,3384.9967566928403,3370.7668510142003,3394.853232136121,3362.8065453768563,193972.0,6540362330.0,345543.0,-0.5774032740219461
2025-01-02,3368.434778545794,3361.1735306882297,3373.8569032051378,3352.693629550625,135729.0,4535291770.0,350232.0,-0.947935541318787
2025-01-03,3352.3453566252456,3303.338682037261,3354.408952006884,3285.744927995024,248533.0,8172133180.0,354790.0,-0.35595043164466983
2025-01-06,3287.2907173043272,3295.8977159221395,3315.4440058584973,3273.672630498552,170375.0,5555346910.0,361415.0,-0.7520249925374447
2025-01-07,3300.889232976657,3290.944605275998,3309.778479803001,3270.8495467119496,164045.0,5342190170.0,368916.0,-0.8104281954196858
2025-01-08,3295.1277762715545,3294.2964007506457,3303.9235793297908,3264.447616240944,195763.0,6353667760.0,374078.0,-0.6475595879148452
2025-01-09,3297.8125148939016,3285.033335932019,3315.57434606948,3278.3742304596008,188554.0,6183165690.0,384810.0,-0.7133652679685736
2025-01-10,3286.0633615546785,3284.0824767448435,3291.51476325002,3273.253681681099,112947.0,3685280520.0,388946.0,-1.236521834365377
2025-01-13,3284.769176317354,3309.8457894440667,3316.7892817016696,3277.725542665636,168344.0,5520866220.0,390946.0,-0.8425599380944562
2025-01-14,3314.128280755968,3316.8156713663734,3331.982139387431,3308.79174761113,154581.0,5073290610.0,387471.0,-0.9189227764831764
2025-01-15,3314.2654705518944,3326.4923932414567,3333.958805557783,3299.3500703029563,137472.0,4492368990.0,382686.0,-1.0237945495769696
2025-01-16,3325.353363666247,3310.2355744715737,3332.542279977667,3295.853787236197,145474.0,4727760950.0,390263.0,-0.9868234943344417
2025-01-17,3309.841436875228,3332.5762382423377,3363.661557554912,3302.487805688888,281810.0,9264968010.0,374543.0,-0.2844735311303113
2025-01-20,3318.2521595963617,3329.301629973171,3336.986238179645,3309.74324902078,171678.0,5602190520.0,370865.0,-0.7702174857509995
2025-01-21,3329.212369905094,3336.6793347858456,3344.5108723389244,3318.698083403257,125451.0,4099318650.0,362590.0,-1.0613574752574784
2025-01-22,3340.043873378377,3329.340941154166,3349.4198752502707,3323.13701810916,119104.0,3894666470.0,358666.0,-1.1023945322960476
2025-01-23,3324.646166352091,3329.194233774591,3340.1173921401232,3316.1913143709908,118071.0,3848097470.0,348096.0,-1.081192165365383
2025-01-24,3331.841841687642,3354.408653381736,3363.7498802535947,3330.2816505548544,151895.0,4983387640.0,320915.0,-0.74798679788957
2025-01-27,3366.342772959472,3381.0199683709016,3388.6556941231056,3357.809637518357,137437.0,4533093640.0,299724.0,-0.7796964209053774
2025-02-05,3352.172080524413,3369.9783262086007,3393.7896890797715,3342.3962631244617,145159.0,4832575510.0,310421.0,-0.7600997472887504
2025-02-06,3363.088502422935,3325.97254259792,3367.401813896654,3313.442118370016,226286.0,7393785050.0,338925.0,-0.4039791580209297
2025-02-07,3329.4026609158827,3350.643392584347,3355.6993596531624,3325.146008626175,122893.0,4035990950.0,337772.0,-1.0110570535802172
2025-02-10,3352.114900852544,3371.680007757815,3388.6559538149654,3349.767991397544,150141.0,4969442650.0,340302.0,-0.8182586060838729
2025-02-11,3374.511682140057,3373.2081054237883,3386.817350364342,3358.533861081111,91546.0,3018943090.0,345349.0,-1.327713921723246
2025-02-12,3367.5991571762524,3364.7290959755305,3373.4369148040614,3353.5974159752104,105873.0,3479744480.0,352767.0,-1.2035675197496853
2025-02-13,3362.72607569862,3381.425529772427,3383.177894766085,3357.3695214552577,130529.0,4300554200.0,357512.0,-1.007573503707019
2025-02-14,3382.358230482525,3383.742167477952,3399.638279471499,3375.9475920992395,118458.0,3937516630.0,364442.0,-1.123808949332256
2025-02-17,3361.660576462228,3302.468654439967,3362.865271786736,3290.95361660883,369669.0,11920044150.0,401253.0,-0.08198414039666661
2025-02-18,3299.159012251205,3318.272617028758,3319.879836639663,3289.9283412548352,186583.0,6070347950.0,418081.0,-0.806799013358839
2025-02-19,3328.005139823894,3325.293627931929,3337.522714569506,3323.3228194500803,120960.0,3904738880.0,413806.0,-1.2299373525334367
2025-02-20,3329.2714445331976,3337.4560622562026,3343.0754342491755,3325.159941406864,109722.0,3533643570.0,410433.0,-1.319262805860075
2025-02-21,3344.5689035321234,3330.3907123164736,3359.08494475814,3329.5432032075287,140163.0,4547919550.0,416767.0,-1.089721281571965
2025-02-24,3340.533061475576,3354.244945519609,3361.5089671768405,3321.97755669986,182899.0,5919037920.0,404641.0,-0.7940661663378324
2025-02-25,3356.899633518836,3351.014256619145,3358.178117249294,3344.993307423395,97695.0,3176169510.0,400656.0,-1.4112528231100159
2025-02-26,3359.5021941929444,3353.154665321922,3366.126768654386,3334.388403376164,122724.0,3984132710.0,404538.0,-1.1928077436139686
2025-02-27,3357.5990298652696,3348.5154794578284,3357.940754773688,3342.4449543076803,92738.0,3002924370.0,403341.0,-1.4700040449431702
2025-02-28,3347.807149149472,3354.5875573464327,3358.179848578044,3336.3655335061508,129444.0,4177404350.0,394096.0,-1.1133461792599613
2025-03-03,3355.168822309124,3389.1253194517417,3395.751633937429,3354.5732461946573,193425.0,6357597670.0,392078.0,-0.7065709591529677
2025-03-04,3384.3432081827714,3383.65108382529,3387.985389983307,3374.4565121625183,107768.0,3565546860.0,394344.0,-1.2972428564213727
2025-03-05,3373.8562107279786,3350.487629089702,3374.1099019485778,3340.568897313543,160996.0,5304472350.0,391685.0,-0.889078425369973
2025-03-06,3347.351718649567,3343.7661605575468,3352.82604249546,3332.500715357943,107001.0,3516025900.0,399321.0,-1.3169274245096991
2025-03-07,3345.322991080337,3310.5190306147183,3357.162445508611,3306.271412240692,275200.0,8855959900.0,433223.0,-0.45375450091771424
2025-03-10,3320.8442342304834,3296.3054788949567,3333.037059305062,3291.979306868795,237299.0,7709204870.0,459819.0,-0.6615119844315593
2025-03-11,3285.0118898473293,3296.5537205857154,3304.6137732289167,3282.951959090384,137414.0,4485762550.0,461043.0,-1.210493047251949
2025-03-12,3294.739665060596,3267.991788211661,3296.834163040752,3261.463638989444,189089.0,6130728830.0,474927.0,-0.9209433043213061
2025-03-13,3268.40299236091,3240.5165551029195,3273.058624365293,3235.685549865789,256322.0,8221612230.0,501507.0,-0.6711830988340797
2025-03-14,3237.2670499808805,3247.5303285884806,3251.466122249697,3226.653167622541,251580.0,8026576930.0,506865.0,-0.7004836655343741
2025-03-17,3253.375721606276,3243.585696365242,3263.335906457281,3238.20544958394,211590.0,6728086680.0,516568.0,-0.8925564953783885
2025-03-18,3245.0799691774223,3234.8335091619974,3253.128813909135,3224.80620345625,179357.0,5653523790.0,528924.0,-1.0814665211937893
2025-03-19,3237.971216120785,3210.69249391126,3244.581427184942,3206.3422115666435,207196.0,6647303340.0,546090.0,-0.9691185921462384
2025-03-20,3207.850289102823,3232.997988845887,3237.426586806117,3185.4452434402465,312292.0,9838994640.0,538994.0,-0.5457657915551866
2025-03-21,3232.6507943268457,3237.4530645020373,3255.166775432181,3220.6884429841434,269790.0,8573703420.0,537983.0,-0.690183082554996
2025-03-24,3211.3603136103643,3230.3302618400344,3235.364684404295,3200.938187478509,233284.0,7409708710.0,559120.0,-0.8741075237191785
2025-03-25,3227.507445422513,3221.952493027403,3239.56985150774,3220.352619611183,188563.0,5887642790.0,578694.0,-1.1213416719032216
2025-03-26,3214.7347414881287,3220.467209550944,3226.511104756458,3207.672583288293,140706.0,4452034200.0,586497.0,-1.4274949458565758
2025-03-27,3223.3253193343685,3257.857025601953,3263.7170717992417,3202.240751848971,349787.0,10972807750.0,577495.0,-0.5013753865496781
2025-03-28,3255.0222976524783,3231.721832263383,3260.363167286863,3227.827274926536,256609.0,8087388530.0,587099.0,-0.8276399341696825
2025-03-31,3214.2383468050866,3196.9680038771025,3219.9785788365016,3191.608244176135,288399.0,8928787360.0,598385.0,-0.7298894215027666
2025-04-01,3195.792389809528,3202.987391845096,3211.5246127498503,3192.861518961654,179610.0,5540700860.0,596598.0,-1.2004556861397895
2025-04-02,3211.238527662116,3216.510932601882,3219.308217175163,3202.7294142781084,148626.0,4589916210.0,586960.0,-1.3735235910742825
2025-04-03,3214.753753216739,3191.2841019020743,3221.436616479494,3184.889963649703,206001.0,6384483980.0,599556.0,-1.068308358134266
2025-04-07,3233.496007615072,3232.572196441029,3281.230490695376,3219.55863002142,413449.0,12950955610.0,543247.0,-0.27302992730881503
2025-04-08,3253.8497627765214,3345.43832486595,3362.3984914603348,3242.6250205715664,564315.0,17868368500.0,497202.0,0.1266162240727266
2025-04-09,3350.498862183921,3359.5269994978544,3375.467502047535,3329.272165165171,445238.0,14408281380.0,489898.0,-0.09558823551484302
2025-04-10,3346.468735086464,3341.9447595850384,3352.0899983819127,3311.298348721989,346947.0,11073245930.0,494312.0,-0.3539948662441456
2025-04-11,3336.052264941919,3368.444682053929,3373.152518000101,3332.666082963812,340236.0,11007403110.0,488196.0,-0.3610774700928892
2025-04-14,3389.0861732713247,3360.2405411009668,3402.7089011325497,3356.0329628568347,292552.0,9501723460.0,487081.0,-0.5097880050384401
2025-04-15,3364.600864751333,3356.5785114023583,3367.347100437094,3335.5141295459266,209408.0,6716218060.0,490381.0,-0.8508981378887207
2025-04-16,3368.7872178188427,3395.197365176435,3401.977333168847,3364.502913821641,502156.0,16142999060.0,486636.0,0.031394418038698066
2025-04-17,3396.3119696394374,3385.198101534654,3400.3602864164127,3377.640663541554,352534.0,11269905170.0,487341.0,-0.3238170118903604
2025-04-18,3382.8374959288976,3388.208666081795,3388.998284329802,3366.7039747794306,236861.0,7529957360.0,487856.0,-0.7225468091530131
2025-04-21,3386.3874538140426,3347.4269893934834,3393.3401438194333,3338.2831904682967,338595.0,10892050310.0,502427.0,-0.3946456528445031
2025-04-22,3343.443930580624,3339.2466084772227,3346.234802381185,3326.954028750953,228232.0,7275129650.0,504788.0,-0.793775883686386
2025-04-23,3327.186005505926,3340.8422727011275,3349.692768443545,3321.631303254368,201906.0,6409590710.0,504193.0,-0.915156888718582
2025-04-24,3337.74416577519,3321.160645177996,3344.473601345003,3312.2712373324207,271992.0,8503111300.0,502063.0,-0.6129529557267241
2025-04-25,3317.3601950618754,3343.736105956719,3345.076585812003,3316.9250878970265,211760.0,6637173050.0,493107.0,-0.8452726311139416
2025-04-28,3332.142976851153,3335.2695746263043,3352.783890446454,3319.4808594880915,208664.0,6591553600.0,478732.0,-0.8304156390791954
2025-04-29,3335.861360265852,3351.287893589185,3352.6574025404707,3329.176446950412,192481.0,6010708790.0,458600.0,-0.8681809228659602
2025-04-30,3351.023189187293,3343.292164594264,3356.259679880053,3321.5299667551144,252924.0,7902660870.0,429614.0,-0.5297980827751285
2025-05-06,3325.5017048154045,3294.471952915522,3327.5471223088607,3288.5027725327777,217504.0,6808429940.0,449405.0,-0.7257072444708137
2025-05-07,3295.9024035105213,3302.589790080611,3306.432466230918,3293.9590790484813,147884.0,4664707890.0,468799.0,-1.153745922493496
2025-05-08,3304.4474083152545,3309.807242163643,3311.0119760228213,3285.942019840338,186969.0,5808869690.0,477454.0,-0.9375249924904727
2025-05-09,3310.4429130269896,3322.861655318769,3325.471862223131,3306.747462091132,158403.0,4946584470.0,481587.0,-1.1119444816798856
2025-05-12,3333.9755711147377,3357.037572272195,3360.59795066554,3314.379890628782,227958.0,7275484480.0,485491.0,-0.755999348510161
2025-05-13,3358.460963697782,3339.875633744565,3363.6511953553304,3333.1482037527026,153124.0,4898492260.0,495665.0,-1.174652244646189
2025-05-14,3337.0922537294514,3346.0387365390434,3348.1186531309195,3325.927302757564,164415.0,5167263570.0,502936.0,-1.1180692060881656
2025-05-15,3341.350567720603,3328.722350908263,3346.611426260056,3326.6537987141824,173365.0,5367931230.0,511581.0,-1.0821067320968256
2025-05-16,3327.882581856434,3327.770478604207,3329.943277692232,3310.726579260098,167546.0,5209670870.0,504258.0,-1.10183010142699
2025-05-19,3312.8929321383857,3302.6834584978706,3317.167916686477,3291.950146514572,198263.0,6161574110.0,515588.0,-0.9557135648029065
2025-05-20,3304.6208219942782,3318.377410313685,3330.073637931034,3290.628899792263,260366.0,8311488200.0,516634.0,-0.6852463599866458
2025-05-21,3315.321485173997,3308.6231672615486,3320.4746333411385,3292.0366278292413,217595.0,6941926510.0,525034.0,-0.8808274856228099
2025-05-22,3301.9495850839835,3306.995836575579,3311.292659019261,3294.686374939264,208399.0,6590293820.0,524328.0,-0.9226629312886935
2025-05-23,3304.2008898263066,3323.525112714596,3331.0036560080653,3303.551858222789,260749.0,8208040120.0,513465.0,-0.6776236085747785
2025-05-26,3333.268795970798,3326.619866910651,3346.219411136798,3318.303342808371,277244.0,8652554410.0,520252.0,-0.6294153246937972
2025-05-27,3323.126042536046,3297.1202951168234,3329.859391218426,3281.995392775844,389216.0,12330497550.0,548393.0,-0.34285772376512436
2025-05-28,3295.7032209246145,3317.9952946848525,3336.5781888950905,3283.269486642839,282721.0,9023371420.0,543428.0,-0.6534366774510956
2025-05-29,3320.923404050662,3371.5111051218123,3385.5745377562525,3315.9642158848537,405112.0,13039422000.0,519445.0,-0.24859736181932227
2025-05-30,3374.960062973661,3434.244149242577,3436.795430473285,3372.3250190241024,302613.0,9712168350.0,484339.0,-0.47033031332882186
2025-06-03,3427.138607154476,3414.9818253820627,3432.0527382114224,3398.800999550182,270039.0,8813107690.0,499983.0,-0.6160077048324538
2025-06-04,3412.799533976396,3418.194020534784,3427.038452338002,3387.9719719739223,292308.0,9386826100.0,509477.0,-0.5555766684635012
2025-06-05,3414.941704529159,3415.1173173402503,3422.447501207638,3406.1866605045734,153334.0,4943844600.0,515056.0,-1.2116570839846146
2025-06-06,3419.0892019870425,3399.107923933525,3428.115365952207,3392.5122898735435,258689.0,8210347380.0,535479.0,-0.7275351054383803
2025-06-09,3391.957276949065,3384.903481128619,3392.935848523648,3351.3072932961686,363596.0,11882117600.0,545800.0,-0.40620924713153683
2025-06-10,3374.3462649411504,3393.032266546261,3401.9288205714247,3369.8247542268264,242091.0,8012012440.0,551469.0,-0.8232719382464221
2025-06-11,3386.645291434327,3395.5973928753947,3397.9379221631884,3380.557700407006,205870.0,6894555040.0,555708.0,-0.9929980748180067
2025-06-12,3392.249426092405,3388.0582254077067,3393.2221251955784,3360.313442819143,380365.0,12646655670.0,569528.0,-0.4036766295876587
2025-06-13,3393.918777778558,3450.374525870542,3453.049109255444,3391.634142787932,428125.0,14472416130.0,549428.0,-0.24946252803477945
2025-06-16,3462.5429450262022,3486.26953329646,3498.8880011993747,3454.7760198797405,418634.0,14406625200.0,547821.0,-0.26895156141484017
2025-06-17,3479.344676864864,3466.156737001031,3484.4338324601963,3459.80360035839,304463.0,10552723100.0,543120.0,-0.5787807208996947
2025-06-18,3467.7927710621866,3529.615282419076,3539.0363341487728,3459.9159331050605,454658.0,15793908220.0,540438.0,-0.17283443392653705
2025-06-19,3522.5055701673564,3527.9379862009323,3531.933283581262,3509.634195812472,289320.0,10168933720.0,536558.0,-0.617641322354521
2025-06-20,3523.0536660966623,3527.661531807169,3550.68584416702,3520.2686620544746,288208.0,10193134110.0,534062.0,-0.6168294954082575
2025-06-23,3510.0185579344734,3496.22303403262,3515.3874994664,3487.8277453816645,301887.0,10595530420.0,546652.0,-0.5937596273523702
2025-06-24,3480.5714785706305,3493.116818388298,3503.11888658403,3469.5808606197647,218559.0,7611020460.0,550350.0,-0.9234984385000781
2025-06-25,3496.806945707117,3508.776109558513,3519.011053167548,3493.8907682424933,256355.0,8987262030.0,556415.0,-0.7749512160851112
2025-06-26,3500.1260758583508,3505.0082159117874,3517.507093782419,3491.92975013482,226828.0,7944105910.0,556116.0,-0.8967848845596922
2025-06-27,3500.418271275637,3515.9418820786814,3519.1797127813384,3493.2185560321523,278130.0,9730481770.0,548213.0,-0.6785752672735155
2025-06-30,3498.498486688361,3568.6067742227824,3569.1692822972045,3486.8637927808613,399264.0,13864701560.0,518613.0,-0.2615350880511634
2025-07-01,3568.8449784935474,3569.7346825885625,3584.664551641543,3561.566598825801,257697.0,9236272340.0,526068.0,-0.7136460058016071
2025-07-02,3567.009279289537,3552.430562699506,3584.1797804019066,3546.537985309352,309431.0,11076625620.0,528808.0,-0.5358902899724682
2025-07-03,3558.528646005543,3570.322151214681,3575.767882964621,3553.534478750765,204229.0,7308575970.0,531086.0,-0.9556820534200129
2025-07-04,3578.1611096548872,3575.179564503635,3592.6282736643825,3566.2072803642795,262269.0,9439573650.0,530567.0,-0.7045755514222247
2025-07-07,3537.576753039883,3481.259093322008,3552.249903317833,3476.415458996072,658251.0,23216046700.0,565140.0,0.152512829492127
2025-07-08,3481.6894107456937,3484.345045972586,3500.706826585542,3472.579659742954,337074.0,11776889110.0,558485.0,-0.504925269677219
2025-07-09,3486.9786037772387,3502.916702115176,3506.9620672567394,3484.294968604573,318551.0,11153059650.0,545392.0,-0.5377222143882487
2025-07-10,3504.90242015531,3486.0015883162605,3510.911024128376,3459.7585656428296,465923.0,16273498730.0,561601.0,-0.18677124891563332
2025-07-11,3488.432938221801,3491.6243774598315,3504.3552470189547,3483.7429470362863,304929.0,10654708310.0,539925.0,-0.5713512784003831
2025-07-14,3496.461696834044,3511.183818293661,3527.089622065823,3487.3755499175822,277110.0,9747481870.0,536470.0,-0.6605961032477033
2025-07-15,3513.2128997889654,3523.3697495716256,3524.9796985628386,3509.097303682284,237965.0,8399370910.0,527576.0,-0.7961693267679436
2025-07-16,3527.8784198912017,3510.944100098909,3535.646347819988,3507.643054552512,253823.0,8983022590.0,534831.0,-0.7453136354307185
2025-07-17,3519.4057259360825,3495.4172969292217,3525.6773472330883,3487.97697749963,259646.0,9104104150.0,549242.0,-0.7492199810239999
2025-07-18,3506.241934924284,3501.4163575806065,3538.7137261974863,3493.8792214336995,582328.0,20610302930.0,576161.0,0.010646727338429043
2025-07-21,3518.296836392825,3538.391018526578,3540.408450120242,3511.9074569993945,367833.0,13050436620.0,551424.0,-0.40487499239301006
2025-07-22,3537.8158299272977,3524.686810793706,3544.1704362136943,3514.9324216520235,317823.0,11278332280.0,562513.0,-0.5709196208774213
2025-07-23,3529.312719757695,3538.8428294598148,3576.5445916453727,3522.626800118024,431803.0,15452476010.0,553717.0,-0.2486842601865871
2025-07-24,3537.852518609838,3533.8042192288503,3543.391200682572,3519.598454967382,237195.0,8445583510.0,547209.0,-0.8359482258981157
2025-07-25,3534.240591196668,3532.6426788875933,3539.1962696343426,3525.3857873528714,213390.0,7588784510.0,546167.0,-0.9398033123713518
2025-07-28,3506.1815418944966,3492.8131926966144,3535.809288702322,3469.079197056735,502855.0,17703403750.0,562205.0,-0.11156469390092928
2025-07-29,3487.5557437235225,3491.561813913416,3497.0617692221,3483.2542062352504,198815.0,6963820240.0,565253.0,-1.044898674437749
2025-07-30,3492.4911609361234,3472.595078029374,3501.5924199350347,3469.045172755129,257318.0,8936243500.0,587407.0,-0.8254052615263905
2025-07-31,3469.028487693713,3423.1409324078645,3469.55907633559,3417.544061956948,421221.0,14491437830.0,591844.0,-0.340085450077874
2025-08-01,3420.187065772653,3409.2494933137787,3431.331665719159,3401.836522339234,250699.0,8615195580.0,589122.0,-0.8543802766080099
2025-08-04,3382.4172407975984,3338.827229165276,3386.8899068794494,3333.074621322401,530971.0,17851124290.0,629406.0,-0.17006911165876037
2025-08-05,3339.9330232617144,3337.95673762913,3357.617021276596,3326.833003255076,408984.0,13647808760.0,630756.0,-0.4332430644878592
2025-08-06,3328.97465319729,3365.0778543115325,3371.371503551221,3323.0535480463286,396277.0,13252073020.0,610769.0,-0.43260535727441063
2025-08-07,3365.576958490677,3363.772415596068,3370.660752379128,3343.2837427969657,374848.0,12638200660.0,619669.0,-0.5026648540442319
2025-08-08,3364.920010059194,3338.4432978401824,3370.1672115397014,3330.848964095689,335271.0,11248922380.0,648388.0,-0.6595501225748512
2025-08-11,3330.5557523782604,3269.541683922189,3334.4692377891392,3267.8463568352363,549649.0,18087474450.0,707503.0,-0.25246197710745016
2025-08-12,3270.2078782705617,3291.371172985645,3307.755284970397,3263.584288585175,451394.0,14798767940.0,696104.0,-0.43315850214433865
2025-08-13,3295.904923526318,3276.472519174752,3307.8062363497093,3275.444141728343,389012.0,12748442850.0,697923.0,-0.5844985900192631
2025-08-14,3278.548818226732,3266.3804749415585,3287.991067401815,3229.086003714146,668724.0,21538483030.0,701560.0,-0.04793500794018238
2025-08-15,3273.657482059006,3257.0730929496567,3284.4103561456213,3253.101848016772,406709.0,13110940520.0,700519.0,-0.5437235468904631
2025-08-18,3244.927349139304,3181.984316995341,3247.0314110047475,3175.5514081364595,732737.0,23276892090.0,790346.0,-0.07568398621326612
2025-08-19,3168.891441009156,3128.5727770422413,3172.0674103601737,3127.37431748118,710113.0,22122438870.0,827816.0,-0.15336679516688445
2025-08-20,3122.1629843805526,3142.4671698447696,3178.8383315643155,3110.614038565933,830594.0,25882127960.0,834827.0,-0.005083410279358789
2025-08-21,3139.503173333015,3081.5624529104657,3143.239687563449,3079.683313285044,945304.0,29004193910.0,902536.0,0.04629799027513885
2025-08-22,3076.258524019125,3111.295592336404,3121.390374045802,3070.94914064466,843404.0,25824100410.0,894306.0,-0.05860191447833059
2025-08-25,3118.2511667702925,3093.5851614558533,3136.824259827461,3085.9894153615,673509.0,20727810790.0,947101.0,-0.34090438129612527
2025-08-26,3092.734734992792,3087.029669458932,3101.238658344711,3063.1241796787176,651852.0,19879797540.0,966718.0,-0.3940892870501778
2025-08-27,3077.189046523373,3057.1225929889865,3096.1684733482,3055.222686013011,826664.0,25270877890.0,1047409.0,-0.23667644983495412
2025-08-28,3048.3058424065025,3018.7041483248167,3057.585669164751,3012.429711101231,969561.0,29363103690.0,1130384.0,-0.15346928525465936
2025-08-29,3013.6566689857623,3046.064718045164,3055.256161551777,3005.3089810707165,950707.0,29014674830.0,1117679.0,-0.16180357429779413
2025-09-01,3058.473307034609,3046.6133154807,3091.1813667157367,3041.530020718444,1100186.0,33348687600.0,1135220.0,-0.03134720833021457
2025-09-02,3046.45551168185,3105.012457031441,3107.1877799940844,3028.186717694574,1021191.0,31119825250.0,1103714.0,-0.07771126313720808
2025-09-03,3113.7429033527987,3161.359927927574,3164.176884639811,3099.0066825904246,1338718.0,41178598880.0,1015645.0,0.276188560949885
2025-09-04,3166.6147724727625,3150.6813186164622,3185.295409776464,3123.811413962366,1296574.0,39936810540.0,1016611.0,0.24325085475905991
2025-09-05,3151.391348133317,3097.1912532252327,3154.6728360193383,3094.725080856614,1019550.0,31133852670.0,1051862.0,-0.031200573524994762
2025-09-08,3119.98013539613,3122.277953080242,3140.9531229475115,3111.5317911769603,788111.0,24071088870.0,1065777.0,-0.3018204467142635
2025-09-09,3120.481454844152,3178.197302268921,3187.764573091753,3109.6917786189897,1141540.0,35185211080.0,981788.0,0.15075810786712796
2025-09-10,3171.827805758521,3123.557622011912,3173.862964345429,3121.72809776917,776104.0,23854026830.0,1039837.0,-0.29253271726082236
2025-09-11,3127.2804718079224,3143.97275786725,3157.675299242321,3115.476201003461,847816.0,26045445440.0,1006419.0,-0.17149013382524161
2025-09-12,3147.832164791728,3135.995182035778,3157.2346556464013,3132.620730684665,661884.0,20411548770.0,1003951.0,-0.4166081802828724
2025-09-15,3175.7947507084573,3219.202850875961,3258.380241589268,3164.4281357808586,1831747.0,57906570880.0,889481.0,0.7223872886976794
2025-09-16,3223.3615379354496,3197.277944395773,3235.434957135075,3189.98386083672,893619.0,28268066550.0,938274.0,-0.048762507385640814
2025-09-17,3186.3646148190287,3193.7082880423422,3200.6855647471093,3175.710017470423,632894.0,19798877590.0,956776.0,-0.41326634770404863
2025-09-18,3187.1842350502075,3217.166797064484,3223.013217851676,3182.885683172256,769353.0,24210730750.0,894698.0,-0.1509363292735107
2025-09-19,3214.5352817881508,3209.2805460594504,3233.3196188826328,3201.0300075478767,600220.0,18967756380.0,873165.0,-0.3748282867401107
2025-09-22,3216.107871740177,3172.7725224148644,3223.485161395422,3163.7458102937785,679411.0,21316335690.0,878658.0,-0.25716949712424114
2025-09-23,3166.517154610628,3165.788752438911,3187.685173624568,3149.8606167045355,539462.0,16813426130.0,852327.0,-0.4573979093837769
2025-09-24,3165.4414309640097,3163.687478142083,3181.5322429362755,3144.842843229349,516371.0,16017102590.0,852094.0,-0.5008713500035308
2025-09-25,3162.176029523066,3183.9328152083963,3195.111090965263,3158.219437583239,391505.0,12202428430.0,830173.0,-0.7516358260649043
2025-09-26,3177.952162965802,3162.503609152933,3181.118967818659,3156.8750992345376,450177.0,13959587240.0,793538.0,-0.5668605891563248
2025-09-29,3158.912304858708,3166.126735073208,3172.9385538471583,3147.725483514646,402746.0,12419120450.0,735992.0,-0.6029131588162497
2025-09-30,3163.123546882788,3199.6342854815625,3200.145400078739,3159.0681478345773,358672.0,11026201540.0,662957.0,-0.6143018095391193
2025-10-09,3108.5439162270163,3100.8481648289844,3134.269600149702,3063.138818793866,686780.0,20634733110.0,670319.0,0.02426028956107597
2025-10-10,3097.333110752014,3032.8241380297154,3100.858730603893,3028.4708566778218,727471.0,21621384030.0,768762.0,-0.05520729304683426
2025-10-13,3019.54843951918,3059.276895130265,3065.043938558368,3010.132644119888,583864.0,17338429670.0,785012.0,-0.2960309252938667
2025-10-14,3070.6196965761296,3094.470132095396,3102.040547805407,3068.855449310622,639300.0,19094564780.0,752865.0,-0.16351210108559197
2025-10-15,3102.6320305052427,3086.30125791404,3112.1194330931226,3068.1524539865222,421632.0,12610494700.0,756093.0,-0.5840314888116511
2025-10-16,3085.4895341646093,3056.5157980346867,3089.73632173458,3053.076355881339,386451.0,11518712100.0,775856.0,-0.6969618547468128
2025-10-17,3050.755443823504,3041.716012003644,3068.519716171397,3032.396525398105,419320.0,12426645470.0,783762.0,-0.625471051250331
2025-10-20,3006.806929391488,3028.491999235868,3039.980287804566,2989.63809564938,658682.0,19252886990.0,795674.0,-0.18894868549713945
2025-10-21,3027.646442633849,3054.945273010921,3055.6929797191888,3018.041779745573,529576.0,15575982430.0,785225.0,-0.3938936145419619
2025-10-22,3060.342917387185,3035.404922713152,3062.803490923395,3034.573590558386,318733.0,9458052330.0,795090.0,-0.9141015540769811
2025-10-23,3037.4718389749296,3114.931143171405,3119.189578256364,3036.74927745483,858547.0,25985992410.0,764601.0,0.11588729635526773
2025-10-24,3116.204652361282,3183.166480026324,3183.9767311173914,3098.0307437345245,924369.0,28494858990.0,738497.0,0.22449430289702654
2025-10-27,3190.803569297371,3215.0702297411285,3220.508367824852,3178.942394339772,895053.0,28050237250.0,724337.0,0.21162618069704076
2025-10-28,3206.0955949206173,3200.362325016752,3208.1995536886325,3189.704504751008,542551.0,16981471110.0,713354.0,-0.27369570067811005
2025-10-29,3195.603530913355,3258.854946233381,3268.1429750790403,3194.226760517994,970111.0,30871510910.0,710571.0,0.31134162576861807
2025-10-30,3251.8098660803853,3245.880185810884,3262.0205625107665,3233.756648757793,520329.0,16593262770.0,691671.0,-0.2846491052195352
2025-10-31,3247.4529992958205,3251.127709938868,3255.0505869123017,3218.9748015455484,540467.0,17129052330.0,652690.0,-0.18866870391312762
2025-11-03,3235.23372410087,3273.816319119932,3290.593691711879,3227.398209318099,522932.0,16764063240.0,671948.0,-0.25072952008546284
2025-11-04,3273.6682262228364,3263.426274027617,3294.38466393966,3254.8907424426907,436556.0,14024351800.0,678282.0,-0.4406464703768835
2025-11-05,3269.262653987401,3303.657346987311,3314.5198230339897,3268.2268838516065,728503.0,23588033850.0,710611.0,0.024866580334293998
2025-11-06,3305.660918267297,3304.354131584266,3313.4564270350425,3284.0354032731016,523903.0,17066307830.0,712608.0,-0.30762492692182536
2025-11-07,3295.4383546535714,3302.49139656772,3304.52293617893,3269.8564405778466,472122.0,15381012690.0,703847.0,-0.39932357623007175
2025-11-10,3292.0462568593443,3297.9032648142897,3305.640883303592,3280.4718203732955,445899.0,14466508120.0,705400.0,-0.45867254882633934
2025-11-11,3294.7530138365064,3328.761098862396,3342.009694092872,3290.369064919056,526349.0,17227034420.0,709825.0,-0.29905396996219097
2025-11-12,3324.4525577912623,3289.613696844545,3327.47437837289,3275.743138153161,668925.0,21490379250.0,719611.0,-0.07303884200931357
2025-11-13,3286.890201297389,3266.5550081342512,3300.195842120282,3239.8180393415105,592434.0,18825648720.0,713649.0,-0.18615177042805758
2025-11-14,3269.2937283844176,3249.197006109599,3279.598327308136,3242.3612802932093,455023.0,14562376670.0,694481.0,-0.42281683688487226
2025-11-17,3237.342597318707,3252.1009851623976,3253.262984140287,3222.641576628836,409778.0,12988632120.0,706381.0,-0.5445392023463115
2025-11-18,3249.2630462398192,3210.675806367992,3256.584879688099,3203.865384828672,433914.0,13656816080.0,713663.0,-0.49756450433954547
2025-11-19,3207.4186365001274,3214.2098011164408,3219.1388738627293,3186.6689679180945,312423.0,9818320470.0,712980.0,-0.8250953307150013
2025-11-20,3211.1443732955536,3253.6767891183645,3259.252324321947,3197.431734678744,544868.0,17278720400.0,720774.0,-0.279782071118586
2025-11-21,3252.028865827588,3219.100514082195,3258.3584732684462,3209.638111400377,455079.0,14427340940.0,721869.0,-0.46137265173404196
2025-11-24,3222.5592157524857,3242.0124545063604,3243.91952931366,3212.441675654746,409751.0,13064721670.0,727849.0,-0.574543950966798
2025-11-25,3245.5083231886824,3250.3843096707046,3272.446548497342,3240.3365819333035,421109.0,13478654320.0,730195.0,-0.5504199142239604
2025-11-26,3249.0296052406507,3290.663064959733,3293.346940597756,3240.215816433916,398031.0,12810679570.0,728636.0,-0.6046444014824554
2025-11-27,3291.886860892807,3321.357098011957,3340.3974528816047,3288.2074093356305,602872.0,19613664780.0,713566.0,-0.16857003216995972
2025-11-28,3321.7947424960503,3361.013984411141,3366.17729319416,3314.4673547481134,424140.0,13989258140.0,715511.0,-0.5229333833318418
2025-12-01,3381.2511667609715,3348.247269941038,3396.022843073604,3322.9662388817605,707591.0,23798993640.0,745222.0,-0.05181591741312712
2025-12-02,3349.748113709212,3380.601827362677,3453.3163545218863,3338.4174432170544,852846.0,28452018630.0,728591.0,0.15746645987794436
2025-12-03,3374.633922028182,3341.039996728942,3393.174399825106,3324.814040924092,630013.0,20727887900.0,745936.0,-0.1688993515454777
2025-12-04,3333.271347965911,3344.555058376933,3347.005336307998,3299.203724460012,599638.0,19516504970.0,748669.0,-0.2219708234732298
2025-12-05,3340.7646978789694,3323.7026549071734,3354.739279656683,3316.906918315993,388080.0,12474514640.0,753774.0,-0.6638810843935466
2025-12-08,3354.96612569772,3361.872134589309,3372.336184831652,3333.2341641623943,466691.0,15094620160.0,754473.0,-0.48035212384633286
2025-12-09,3363.131907523177,3309.825516899577,3371.4711317804,3306.0660417393474,476032.0,15224319860.0,758658.0,-0.4660660041002246
2025-12-10,3305.6881233513795,3305.5787309459115,3319.500448225069,3286.513765273213,527074.0,17041782340.0,757777.0,-0.3630481909667403
2025-12-11,3304.351291020541,3314.639027529419,3329.820689156975,3291.737576654963,377368.0,12002728610.0,744331.0,-0.6792649897044049
2025-12-12,3308.2031185482706,3293.2423379958573,3310.5864203323667,3262.751514352743,527167.0,16584297510.0,744518.0,-0.34521964274350786
2025-12-15,3289.47450168159,3312.49116454523,3321.473826536865,3280.2310817064376,370428.0,11603760190.0,740143.0,-0.6921843169049591
2025-12-16,3312.44413225486,3277.4062169518565,3316.6072871265715,3276.2880764629863,307156.0,9692116080.0,749853.0,-0.8925214254712721
2025-12-17,3276.8263922476226,3278.257569289654,3286.280153723062,3259.382723459239,291499.0,9296621960.0,761333.0,-0.9600342690263937
2025-12-18,3277.0481308454105,3248.465369314961,3279.524252266049,3244.1311161868944,414054.0,12812563300.0,776248.0,-0.6284756566527898
2025-12-19,3245.1555955596327,3240.5244014104355,3258.902400915754,3215.717616017964,450932.0,13984074350.0,798335.0,-0.5712117567757875
2025-12-22,3243.39173604043,3258.279823757068,3283.145215338359,3238.952959618745,372330.0,11692812370.0,800486.0,-0.7654384854049626
2025-12-23,3257.246116135471,3266.430349699006,3272.116734595608,3240.19197958774,297596.0,9296440400.0,813471.0,-1.0055734155825813
2025-12-24,3267.591824366354,3327.182173909712,3329.725692217677,3267.1373726744578,433560.0,13558939660.0,782774.0,-0.5908138259195522
2025-12-25,3325.675995070148,3316.0025167496,3332.080256965331,3295.973103566668,406787.0,12470455510.0,783153.0,-0.65503837227283
2025-12-26,3314.8755269823905,3338.2056482035373,3340.890946657563,3298.928844758073,308541.0,9758441900.0,780673.0,-0.9283016325314213
2025-12-29,3331.2568111664573,3319.4845058773044,3333.850385398024,3308.135122376306,311163.0,9790645920.0,771357.0,-0.9078344107809797
2025-12-30,3316.460693414724,3315.8017980618124,3320.9476142912818,3286.5787200714026,340478.0,10555301380.0,763600.0,-0.8076935792157705
2025-12-31,3313.016861776817,3315.6493537481497,3317.4354046409167,3289.718813251949,308854.0,9626567670.0,720849.0,-0.8475610106769041
2026-01-05,3339.9254231001964,3350.742538864295,3369.8024684021034,3334.966217516306,461903.0,14696464130.0,716982.0,-0.4396958233541975
2026-01-06,3350.94794722328,3347.320394893293,3363.871824800913,3334.24101558905,344101.0,11094396200.0,735895.0,-0.7601522265769077
2026-01-07,3345.9879863414526,3354.7679674751107,3362.430968704856,3321.558450859264,403608.0,13050408820.0,748227.0,-0.6172622979822401
2026-01-08,3358.6467895435903,3366.05380299034,3390.1237389018725,3356.352863676774,387289.0,12325324130.0,743862.0,-0.6526843493962393
2026-01-09,3367.427068860467,3393.4787210132736,3400.0964053432617,3356.0122328915154,321612.0,10251219510.0,751939.0,-0.8493093535968814
2026-01-12,3401.7474668279824,3367.304179549634,3407.715248647516,3360.4747516471075,334400.0,10729086290.0,777189.0,-0.8433456828215029
2026-01-13,3373.450071349621,3351.408624581257,3399.2680626508004,3345.3291418045446,467344.0,14823735860.0,783296.0,-0.5164450545575467
2026-01-14,3356.355545229006,3360.716174637467,3371.8482071677463,3339.0527749334938,374476.0,11784031850.0,772549.0,-0.7241677217245374
2026-01-15,3375.944691584618,3415.5652319003693,3430.510066353821,3367.6939838650305,828857.0,26432552560.0,740167.0,0.11317180685869427
2026-01-16,3416.542480349698,3413.1251187065254,3425.5584161216666,3394.326779681854,317290.0,10132231820.0,739218.0,-0.8457766885033772
2026-01-19,3397.837332240632,3365.17369508114,3399.194345271904,3359.467640054541,422756.0,13419900420.0,744644.0,-0.5661110713594409
2026-01-20,3364.216039879086,3360.7161359007587,3376.255796992302,3351.28966375306,347143.0,11218796860.0,756140.0,-0.7784897454182286
2026-01-21,3377.2043422851266,3370.573341711555,3387.158553029923,3366.114899224744,334871.0,10688925150.0,759111.0,-0.8184026287242244
2026-01-22,3376.8174925052663,3423.420368925986,3424.393712917584,3369.5927909668035,417767.0,13365460800.0,773109.0,-0.6154961868595974
2026-01-23,3423.0547222680066,3383.3530634431263,3430.208909366244,3375.8937973997126,447268.0,14362763210.0,762557.0,-0.5335192922595401
2026-01-26,3405.5352479529224,3401.4692837474654,3425.5605467424607,3390.7332417452885,428365.0,13754937250.0,757205.0,-0.5696583866989757
2026-01-27,3413.530819532504,3365.264626111856,3421.9687565919617,3356.2066872176533,459819.0,15033749230.0,754370.0,-0.4950500300371291
2026-01-28,3365.8757500732668,3382.486945536216,3390.262511964905,3352.738626402844,292352.0,9526379740.0,762268.0,-0.9583396441759405
2026-01-29,3386.965024298908,3369.7150323029227,3402.00611191014,3363.990111396676,371715.0,11874588940.0,749313.0,-0.7010293551319271
2026-01-30,3371.1212197794075,3361.244938338223,3382.677603866804,3343.595975519036,498014.0,15931983180.0,711624.0,-0.3569214929564555
2026-02-02,3333.940390070422,3376.072740748284,3379.5874189782703,3325.830186708816,394735.0,12800940730.0,707004.0,-0.5828216699087903
2026-02-03,3371.674013804968,3368.190042774765,3388.732652569397,3352.8699580518823,328847.0,10507418120.0,713271.0,-0.7742688353466564
2026-02-04,3362.8654455232054,3359.5688383798138,3369.5478021377944,3348.69883912216,252280.0,7972310500.0,727966.0,-1.0597147620138991
2026-02-05,3352.14613059242,3334.305585261421,3360.175738430034,3327.732405536085,433235.0,13570009670.0,735919.0,-0.5298397523709679
2026-02-06,3341.781893290441,3372.3694663895235,3388.323989315573,3336.5360497443858,390054.0,12291589520.0,717321.0,-0.6092382480799688
2026-02-09,3367.125945479112,3364.208309849474,3373.4337509080187,3357.368775425683,265129.0,8416422840.0,727450.0,-1.0093287681673542
2026-02-10,3368.336481089454,3348.85767256906,3374.6062655996607,3335.9787832843867,332870.0,10733939020.0,737328.0,-0.7952808173070127
2026-02-11,3347.375755574264,3361.96298768362,3366.7020914242275,3332.994016897731,299314.0,9694796810.0,728136.0,-0.8889946543611656
2026-02-12,3363.980788011101,3439.0385115564663,3442.378904908649,3362.862142822708,427443.0,13900270050.0,666683.0,-0.44449372442005003
2026-02-13,3435.638197272116,3483.339532939932,3484.7064797821663,3430.9600204869093,340015.0,11166717550.0,617351.0,-0.5964480095550082
2026-02-24,3484.3655509650766,3466.5575618111206,3493.2341294945454,3460.2508367692635,319399.0,10634186390.0,611864.0,-0.6500689306894583
2026-02-25,3466.55852534861,3465.5657957386966,3477.3405406681627,3437.00636341839,439216.0,15357448310.0,634266.0,-0.36747710540258466
2026-02-26,3466.222438282442,3460.316836500941,3469.4100747743305,3438.6657867943736,339488.0,11432275620.0,632970.0,-0.6229844273792852
2026-02-27,3459.570044560711,3508.909231837459,3510.5056255546874,3456.7764046758657,287530.0,9629118200.0,600563.0,-0.7365403459703187
2026-03-02,3511.414050321755,3497.5877627225536,3513.69047856962,3476.3836964171865,305470.0,10347258640.0,599349.0,-0.6739924920604579
2026-03-03,3491.1265158800115,3462.890599711007,3494.199341560488,3452.4281100660824,329984.0,11087763490.0,599322.0,-0.5967548478481598
2026-03-04,3460.9854861659023,3481.1634059209514,3486.3095603703373,3458.1979392724243,197992.0,6624329020.0,596796.0,-1.1033487206163552
2026-03-05,3484.6984942278727,3513.932710377165,3520.4643329401206,3482.178002342311,286919.0,9822975150.0,598651.0,-0.735478844626488
2026-03-06,3508.788675991824,3521.880603620391,3525.410098219311,3496.0734487945306,210818.0,7226370760.0,601040.0,-1.0476662860448231
2026-03-09,3555.3664831239403,3548.9876247847915,3626.027647114123,3539.1997372211586,615121.0,21581026360.0,547142.0,0.11711062988313764
2026-03-10,3537.878237185702,3534.2632832204813,3547.208589155885,3518.8472012075854,224464.0,7721742990.0,553085.0,-0.9017963587866409
2026-03-11,3535.358244044073,3557.204813119058,3559.2433691048577,3532.7414150497093,210475.0,7256759080.0,557601.0,-0.9742767716212652
2026-03-12,3564.186592592193,3573.299831903036,3577.4314879880144,3555.1624241077902,238026.0,8213769710.0,553847.0,-0.8445085639169251
2026-03-13,3584.5351283198584,3539.4127750001308,3595.916453962636,3532.0848867365667,299818.0,10371007640.0,572227.0,-0.6463601419084171
2026-03-16,3545.038151062651,3536.7649783561715,3546.6004789466674,3514.664674699466,259539.0,8886120540.0,580304.0,-0.804645123828171
2026-03-17,3522.0763404929635,3503.8104808989683,3527.128520247343,3491.971893936801,272108.0,9250770800.0,584759.0,-0.7650007502261306
2026-03-18,3507.4486316419443,3505.2599289542104,3514.5837874333374,3488.84584910033,232883.0,7977380670.0,590042.0,-0.9296575392813401
2026-03-19,3512.34435235518,3473.127730336927,3523.585601109903,3464.1916815391983,296731.0,10135883900.0,591731.0,-0.6902261352435897
2026-03-20,3475.464190463033,3505.096424237245,3518.7021525202795,3463.04329256684,299360.0,10238014330.0,585050.0,-0.6700504511391874
2026-03-23,3508.473634784161,3526.705844803025,3532.036092648331,3504.899647528731,230542.0,7939364550.0,574921.0,-0.9137995816346008
2026-03-24,3522.2403097268925,3498.046597593824,3523.9519265729464,3490.272317308036,222585.0,7622470350.0,583249.0,-0.9633051452432229
2026-03-25,3500.5314308928323,3505.6412861673384,3513.3821026700866,3490.81798966888,191585.0,6577179350.0,592489.0,-1.129000733064225
2026-03-26,3509.9078523342723,3552.069628545127,3576.4283339562426,3507.527159223203,662010.0,22939282280.0,636578.0,0.039173705904791134
2026-03-27,3550.3950578871863,3548.499212184464,3571.523228632452,3532.4445884489783,440166.0,15342874330.0,639109.0,-0.37292309037020155
2026-03-30,3528.681623089249,3527.368342999213,3531.082729798815,3504.82503841446,314273.0,10818593370.0,596083.0,-0.6401178841869674
2026-03-31,3527.227681968472,3523.9571843818467,3547.613845440736,3517.803452368692,287684.0,9879636640.0,575561.0,-0.6934825618072838
2026-04-01,3531.1450858413,3501.7981622366938,3539.275510310081,3485.945669154364,355098.0,12240145280.0,578747.0,-0.48847161408479167
2026-04-02,3506.2687988736207,3516.3082494537616,3520.406059795561,3493.5643929943617,255711.0,8942293560.0,595894.0,-0.8460148983638269
2026-04-03,3518.591121460025,3512.638467643408,3531.1288198216344,3507.9946012814617,255944.0,8849567420.0,607326.0,-0.8641070438853542
2026-04-07,3518.302938790749,3485.796870745653,3521.828874787922,3457.101683624906,372004.0,12685455100.0,617016.0,-0.5059903485943396
2026-04-08,3474.233767032697,3497.133212741054,3505.560451204922,3445.940855210177,518755.0,17692169350.0,639068.0,-0.20857915493848067
2026-04-09,3496.980410712298,3497.1957075957007,3513.4562256839586,3463.296639684295,467894.0,15816218370.0,658978.0,-0.34244837549310897
2026-04-10,3510.6029988994856,3507.179577363365,3529.955635546589,3492.170115234092,422908.0,14395231580.0,659621.0,-0.4445107663547272
2026-04-13,3531.8611145812706,3521.0252008634216,3552.935970992855,3502.573511053486,568505.0,19506690930.0,695373.0,-0.20143828401868435
2026-04-14,3522.4305765322097,3507.2226391149225,3530.911932674679,3499.9127220897244,428404.0,14619063740.0,706017.0,-0.49957264092528914
2026-04-15,3511.176662305054,3548.2104033910227,3554.366218393931,3505.1738331506167,513534.0,17789746750.0,742431.0,-0.3686136976203099
2026-04-16,3545.517086734116,3537.041044659871,3582.281182028674,3529.83527028702,739881.0,25541689390.0,770356.0,-0.04036338320898145
2026-04-17,3549.6214835021447,3573.5603268794403,3581.4870299514523,3548.8461355689687,785026.0,27125590610.0,769458.0,0.020030467360371427
2026-04-20,3551.928425341849,3541.400188667605,3560.77398653529,3529.1587287087805,573092.0,19784469560.0,778088.0,-0.3057933660308903
2026-04-21,3543.1849933938265,3562.144212235672,3568.7117826789085,3537.8327984319267,406580.0,14044923240.0,783921.0,-0.6565275383742027
2026-04-22,3574.3953659536646,3631.1290469374,3642.8332301204455,3572.7538653131605,754554.0,26697618730.0,784513.0,-0.038936296876768126
2026-04-23,3637.9194754407417,3631.030007951917,3650.636314900212,3620.920462664841,543851.0,19174033920.0,783459.0,-0.36504341885474123
2026-04-24,3633.230822557912,3644.620702577198,3649.549697270396,3619.7559446130495,460967.0,16318722970.0,776541.0,-0.5215229853047537
